0xff813a2c,malloc
0xff813b00,free
0xff813be0,realloc
0xff813ca8,GetMemInfo
0xff814e84,drysh_FW
0xff814f00,err_init_task
0xff81511c,task_ClockSave
0xff815218,printclock_FW
0xff815218,SetMClk18MHz_FW
0xff815218,SetMClk36MHz_FW
0xff815218,SetMClk72MHz_FW
0xff8152a8,j_SetMClk18MHz_FW
0xff8152ac,j_SetMClk36MHz_FW
0xff8152b0,j_SetMClk72MHz_FW
0xff8152b4,SetHClk18MHz_FW
0xff8153a0,SetHClk36MHz_FW
0xff8153b4,SetHClk72MHz_FW
0xff8153ec,SetLClk18MHz_FW
0xff8153fc,SetLClk36MHz_FW
0xff81540c,SetLClk72MHz_FW
0xff81541c,StopClockSaver_FW
0xff819f68,open
0xff81a018,close
0xff825d6c,Read,(stubs_entry_2.s)
0xff81a200,read
0xff81a200,Read_FW
0xff81b5c4,RegisterInterruptHandler
0xff81b5e8,UnregisterInterruptHandler
0xff81b600,GetSRAndDisableInterrupt
0xff81b604,SetSR
0xff81b624,EnableInterrupt
0xff81b62c,CreateBinarySemaphore
0xff81b694,CreateCountingSemaphore
0xff81b694,CreateCountingSemaphore_FW
0xff81b6ec,DeleteSemaphore
0xff81b6ec,DeleteSemaphore_FW
0xff81b744,TryTakeSemaphore
0xff81b798,TakeSemaphore
0xff81b798,TakeSemaphore_FW
0xff81b868,GiveSemaphore
0xff81b868,GiveSemaphore_FW
0xff81b8a0,GetSemaphoreValue
0xff81b8fc,CreateTask
0xff81b8fc,CreateTask_FW
0xff81bb8c,ExitTask
0xff81bb8c,ExitTask_FW
0xff81bbd4,CreateTaskStrictly
0xff81bc08,CreateMessageQueueStrictly
0xff81bc2c,CreateEventFlagStrictly
0xff81bc50,CreateBinarySemaphoreStrictly
0xff81bc74,CreateCountingSemaphoreStrictly
0xff81bc98,CreateRecursiveLockStrictly
0xff81bccc,DebugAssert
0xff81bd70,RegisterEventProcedure
0xff81be9c,ExecuteEventProcedure
0xff81be9c,ExecuteEventProcedure_FW
0xff81c83c,ExportToEventProcedure_FW
0xff81c848,CreateProxyOfEventProcedure_FW
0xff81c8a0,DeleteProxyOfEventProcedure_FW
0xff81cc8c,RotateConsoleZOder_FW
0xff81d3ec,CPrintf_FW
0xff81d448,CPutChar_FW
0xff81d474,GetCh_FW
0xff81d4c4,GetStringWithPrompt_FW
0xff81d554,OpenConsole_FW
0xff81d64c,CloseConsole_FW
0xff81d950,task_Startup
0xff81dae8,_uartr_req
0xff81db78,task_UartLog
0xff81dda4,StopRedirectUART_FW
0xff81ddcc,StartRedirectUART_FW
0xff81dddc,j_StopRedirectUART_FW
0xff81e4e4,sprintf_FW
0xff81e528,vsprintf
0xff81e5a8,strcpy
0xff81e5a8,strcpy_FW
0xff81e5c0,strncpy
0xff81e5fc,j_strcmp_FW
0xff81e5fc,strcmp
0xff81e624,strcmp_FW
0xff81e640,strlen
0xff81e640,strlen_FW
0xff81e664,memcmp
0xff81e664,memcmp_FW
0xff81bcec,srand,(stubs_entry_2.s)
0xff81e76c,rand
0xff820978,RegComEventProc_FW
0xff82128c,GetAdChValue_FW
0xff821320,GetAdVBattBottom_FW
0xff821704,SetBattCheckMode_FW
0xff821770,ShowBattCheckMode_FW
0xff8217a0,ShowBattChkAdj_FW
0xff821a38,GetLBOffset_FW
0xff821a44,LowBat_Result_Print_On_FW
0xff821a58,LowBat_Result_Print_Off_FW
0xff822204,VbattGet
0xff822204,VbattGet_FW
0xff82241c,task_TempCheck
0xff823070,ExecuteLoadTest_FW
0xff823078,TurnOn_LoadTest_DebugMode_FW
0xff823088,TurnOff_LoadTest_DebugMode_FW
0xff823098,LoadTest_Result_Print_On_FW
0xff8230a8,LoadTest_Result_Print_Off_FW
0xff823244,kbd_p2_f
0xff8235a0,task_PhySw
0xff82363c,ShowPhySwStatus_FW
0xff8236f0,SetRawSWCheckMode_FW
0xff823704,OnPrintPhySw_FW
0xff823718,OffPrintPhySw_FW
0xff823728,GetSwitchStatus_FW
0xff823758,ShowSDStatus_FW
0xff8238a0,GetSDDetect_FW
0xff8238b4,GetSDProtect
0xff8238b4,GetSDProtect_FW
0xff8238c8,kbd_read_keys
0xff8239a4,kbd_p1_f
0xff8239b0,kbd_p1_f_cont
0xff824784,EngDrvOut
0xff82479c,EngDrvIn
0xff8247a4,EngDrvRead
0xff8247b8,EngDrvBits
0xff824988,DisplayFactoryMode_FW
0xff824994,UndisplayFactoryMode_FW
0xff824b40,ClearFactoryMode_FW
0xff824b6c,SetFactoryMode_FW
0xff824c30,ClearDUIDFixFlag_FW
0xff824c68,SetDUIDFixFlag_FW
0xff824cac,IsDUIDFixFlag_FW
0xff824cd8,IsFactoryMode_FW
0xff824d18,StartFactoryModeController_FW
0xff8254d8,RenameFile_Fut
0xff82552c,DeleteFile_Fut
0xff8255a0,MakeDirectory_Fut
0xff825610,DeleteDirectory_Fut
0xff825668,Fopen_Fut
0xff825668,Fopen_Fut_FW
0xff8256a8,Fclose_Fut
0xff8256a8,Fclose_Fut_FW
0xff825754,Fread_Fut
0xff825754,Fread_Fut_FW
0xff8257a8,Fwrite_Fut
0xff8257a8,Fwrite_Fut_FW
0xff8257fc,Fgets_Fut
0xff825848,Fseek_Fut
0xff825848,Fseek_Fut_FW
0xff825894,Feof_Fut
0xff8258d0,Fflush_Fut
0xff825914,Fut.Save_FW
0xff825c9c,Open
0xff825c9c,Open_FW
0xff825cc4,Close
0xff825cc4,Close_FW
0xff825d6c,j_Read_FW
0xff825d70,Write
0xff81a260,write,(stubs_entry_2.s)
0xff825d70,Write_FW
0xff825ecc,Lseek,(stubs_entry_2.s)
0xff825e04,lseek
0xff825e04,Lseek_FW
0xff825ecc,j_Lseek_FW
0xff825ed0,stat
0xff825fa0,SetFileTimeStamp
0xff825ff0,SetFileAttributes
0xff826068,mkdir
0xff8264dc,task_ShutdownRecTask
0xff827bc8,DoAFLock
0xff827c34,UnlockAF
0xff827fa8,EnterToCompensationEVF
0xff82809c,ExitFromCompensationEVF
0xff82814c,DoAELock
0xff828188,UnlockAE
0xff829fd0,CreateEventFlag
0xff82a028,DeleteEventFlag
0xff82a078,CheckAnyEventFlag
0xff82a0c0,CheckAllEventFlag
0xff82a108,WaitForAnyEventFlag
0xff82a1ac,WaitForAllEventFlag
0xff82a274,SetEventFlag
0xff82a2a8,ClearEventFlag
0xff82a2e0,GetEventFlagValue
0xff82a3e4,CreateMessageQueue
0xff82a468,DeleteMessageQueue
0xff82a4f8,ReceiveMessageQueue
0xff82a5a4,TryReceiveMessageQueue
0xff82a620,PostMessageQueue
0xff82a6bc,TryPostMessageQueue
0xff82a6fc,GetNumberOfPostedMessages
0xff82a76c,CreateRecursiveLock
0xff82a7bc,DeleteRecursiveLock
0xff82a80c,AcquireRecursiveLock
0xff82a910,ReleaseRecursiveLock
0xff82ab58,SleepTask
0xff82ab58,SleepTask_FW
0xff82acd4,AllocateUncacheableMemory
0xff82ad08,FreeUncacheableMemory
0xff82af74,_GetSystemTime
0xff82b0ac,SetTimerAfter
0xff82b12c,SetTimerWhen
0xff82b190,CancelTimer
0xff82cba4,task_Bye
0xff82cd1c,Restart
0xff82d1e4,UI_ShowStateOfRecMode_FW
0xff82d2e0,UIFS_OpenPopupStrobe_FW
0xff82d310,UIFS_ClosePopupStrobe_FW
0xff82d340,UIFS_MountExtFlash_FW
0xff82d370,UIFS_UnmountExtFlash_FW
0xff82d3a0,UIFS_PressTeleButton_FW
0xff82d3d0,UIFS_PressWideButton_FW
0xff82d3fc,j_ModeLevelStillRecForScript_FW
0xff82d400,j_ModeLevelMovieRecForScript_FW
0xff82d404,j_ModeLevelPlayForScript_FW
0xff82d408,j_UIFS_StopPostingUIEvent_FW
0xff82d40c,j_UIFS_RestartPostingUIEvent_FW
0xff82d410,UIFS_SetCaptureModeToP_FW
0xff82d444,UIFS_SetCaptureModeToM_FW
0xff82d478,UIFS_SetCaptureModeToMacro_FW
0xff82d480,j_UIFS_Capture_FW
0xff82d484,j_UIFS_CaptureNoneStop_FW
0xff82d488,j_UIFS_StartMovieRecord_FW
0xff82d48c,j_UIFS_StopMovieRecord_FW
0xff82d490,UIFS_SetCradleSetting_FW
0xff82d494,UI_RegistDebugEventProc_FW
0xff82db20,ModeLevelStillRecForScript_FW
0xff82db20,UIFS_SetDialStillRec_FW
0xff82db60,ModeLevelMovieRecForScript_FW
0xff82db60,UIFS_SetDialMovieRec_FW
0xff82db88,ModeLevelPlayForScript_FW
0xff82db88,UIFS_SetDialPlay_FW
0xff82de50,task_StartupImage
0xff831ae8,strtolx
0xff831ce4,strtol
0xff831dc0,task_AFTask
0xff83357c,StopFocusScan_FW
0xff8336c8,ReloadAFAdjustment_FW
0xff833aac,CancelBPFForBestPintCorrect_FW
0xff833ab0,ReloadBPCoeffAdjustment_FW
0xff838dd8,ExpCtrlTool_StartContiAE
0xff838e80,ExpCtrlTool_StopContiAE
0xff83ad1c,task_FramePosition
0xff83d380,task_ImageSensorTask
0xff83da68,SetMontblancVSize_FW
0xff83da7c,GetMontblancVSize_FW
0xff83e124,VirtualHeadError_FW
0xff841228,GetVRAMHPixelsSize
0xff841228,GetVRAMHPixelsSize_FW
0xff841234,GetVRAMVPixelsSize
0xff841234,GetVRAMVPixelsSize_FW
0xff841240,GetMovieJpegVRAMHPixelsSize_FW
0xff84124c,GetMovieJpegVRAMVPixelsSize_FW
0xff8412f4,StopContinuousVRAMData_FW
0xff841f80,DisableNotificationPTP_FW
0xff841f90,EnableNotificationPTP_FW
0xff841fa4,SetUSBToPTPMode_FW
0xff841fb4,SetUSBToDCPMode_FW
0xff842134,RefreshUSBMode_FW
0xff842194,NotifyConnectPictBridge_FW
0xff8421a8,NotifyDisconnectPictBridge_FW
0xff8432d4,PTPRspnd.StartUpPTPFrameworkClient_FW
0xff843354,PTPRspnd.ShutDownPTPFrameworkClient_FW
0xff844a78,task_TrnsCtrlTask
0xff8462c8,j_InitializeDCPClassFunctions_FW
0xff8462d8,task_FuUSB20Hal
0xff84802c,task_VcomUart
0xff848218,CreateVcomUart_FW
0xff8482d8,DeleteVcomUart_FW
0xff848cf4,CreateDPSwitchTask_FW
0xff848fc0,StartDPService_FW
0xff849060,StopDPService_FW
0xff84923c,DispDev_EnableEventProc_FW
0xff849e28,DispCon_ShowColorBar_FW
0xff849e84,DispCon_ShowFiveStep_FW
0xff849f64,DispCon_ShowWhiteChart_FW
0xff849f9c,DispCon_ShowBlackChart_FW
0xff849fb8,DispCon_ShowBitmapColorBar
0xff849fb8,DispCon_ShowBitmapColorBar_FW
0xff84a018,DispCon_ShowCustomColorBar_FW
0xff84a07c,DispCon_SetDisplayType_FW
0xff84a09c,DispCon_TurnOnDisplay_FW
0xff84a09c,TurnOnDisplay
0xff84a0ac,DispCon_TurnOffDisplay_FW
0xff84a0ac,TurnOffDisplay
0xff84a0bc,DispCon_SetMaxBackLightBrightness_FW
0xff84a148,DispCon_SetVideoAdjParameter_FW
0xff84a1a8,DispCon_GetVideoAdjParameter_FW
0xff84a1f0,DispCon_ShowVideoAdjParameter_FW
0xff84a208,DispCon_SaveVideoAdjParameter_FW
0xff84a8a4,LcdCon_SetLcdType_FW
0xff84c424,Bat_Calc_FW
0xff84c424,CalculateBatSenseOffset_FW
0xff84c630,task_BeepTask
0xff84c9f4,BeepDrive_FW
0xff84ca08,BeepDriveComp_FW
0xff84ca50,task_LEDCon
0xff84cf24,LEDDrive
0xff84cf24,LEDDrive_FW
0xff84cf6c,AFAssistBeam_FW
0xff84cf8c,PostLEDMessage_FW
0xff84d3e4,kbd_read_keys_r2
0xff84da24,GetKbdState
0xff84ea54,TurnOnVideoOutMode_FW
0xff84eaa8,TurnOffVideoOutMode_FW
0xff84fb80,task_ASIF
0xff8502dc,task_Thermometer
0xff8504f4,GetCCDTemperature
0xff8504f4,GetCCDTemperature_FW
0xff850564,GetBatteryTemperature
0xff850564,GetBatteryTemperature_FW
0xff8505d4,GetOpticalTemperature
0xff8505d4,GetOpticalTemperature_FW
0xff850684,j_GetOpticalTemperature_FW
0xff850688,j_GetCCDTemperature_FW
0xff85068c,j_GetBatteryTemperature_FW
0xff85108c,InitializeAdjustmentSystem_FW
0xff8510c4,TerminateAdjustmentSystem_FW
0xff8510fc,InitializeAdjustmentFunction_FW
0xff851ee0,EraseAdjustmentArea_FW
0xff851eec,DumpAdjMirror_FW
0xff851f10,GetAdjTableVersion_FW
0xff851f44,GetAdjTableMapVersion_FW
0xff851f54,GetAdjTableValueVersion_FW
0xff851f68,ShowDefaultAdjTableVersion_FW
0xff852024,LoadAdjustmentTable_FW
0xff852034,CreateAdjustmentTableMirror_FW
0xff852208,SaveAdjustmentTable_FW
0xff852220,SaveAdjustmentValue_FW
0xff852244,LoadAdjustmentValue_FW
0xff852268,PrintAdjTableMap_FW
0xff852460,RefreshAdjustmentTableMirror_FW
0xff852548,WRITEADJTABLETOFROM_FW
0xff852564,AddAdjDataToFRom_FW
0xff856ad0,UpdateMBROnFlash
0xff856d08,GetDrive_ClusterSize
0xff856d3c,GetDrive_TotalClusters
0xff856da8,GetDrive_FreeClusters
0xff857100,task_FsIoNotifyTask
0xff85987c,task_SD1stInit
0xff85c0ac,task_ImgPlayDrv
0xff85d100,task_RedEyeCapt
0xff85d4b0,MechaRegisterEventProcedure_FW
0xff85d508,MechaUnRegisterEventProcedure_FW
0xff85d548,MechaReset_FW
0xff85d554,MechaTerminate_FW
0xff85d560,ShowMechaMacro_FW
0xff85d8f8,task_LensController
0xff85e8d8,IsLensOutside_FW
0xff85e8fc,GetLensErrorStatus_FW
0xff85e97c,MoveLensToFirstPoint_FW
0xff85e97c,MoveLensToFirstPointEvent_FW
0xff85e9c0,MoveLensToTerminatePoint_FW
0xff85e9c0,MoveLensToTerminatePointEvent_FW
0xff85e9f8,j_IsLensOutside_FW
0xff85e9fc,j_GetLensErrorStatus_FW
0xff85eabc,task_OptZoomSenderTask
0xff85eb64,StartHeartBeatbyEventProc_FW
0xff85eda4,task_ISSlantChekTask
0xff85ef50,StopISSlant_FW
0xff85f334,task_HeartBeatTask
0xff85f598,StartISSlant_FW
0xff85f600,task_ISCPUInitTask
0xff85f6b8,TransferISAdjData_FW
0xff85fd2c,StartBDrive_FW
0xff85fd2c,StartISAdjustmentDrive_FW
0xff85fd2c,StartISDrive_FW
0xff85fd34,StopBDrive_FW
0xff85fd34,StopISAdjustmentDrive_FW
0xff85fd34,StopISDrive_FW
0xff85fd3c,StartBPanDrive_FW
0xff85fd3c,StartISPanDrive_FW
0xff85fd44,StopBPanDrive_FW
0xff85fd44,StopISPanDrive_FW
0xff85fd4c,StartISLocalAutoCenter_FW
0xff85fd8c,StartISLocalHallAdjust_FW
0xff85fdf8,ISAutoCenter_FW
0xff85fdf8,SearchBCentralPosition_FW
0xff85fdf8,SearchISLensCentralPosition_FW
0xff85fe3c,MoveISLensToCentralPosition_FW
0xff85fed4,GetISHallDevicePitchOffset_FW
0xff85fedc,GetISHallDeviceYawOffset_FW
0xff85fee4,GetISHallDevicePitchGain_FW
0xff85feec,GetISHallDeviceYawGain_FW
0xff85fef4,GetISGyroPitchGain_FW
0xff85fefc,GetISGyroYawGain_FW
0xff85ff04,GetISPitchPWM_FW
0xff85ff0c,GetISYawPWM_FW
0xff85ff14,GetISShiftLensPitchPosition_FW
0xff85ff1c,GetISShiftLensYawPosition_FW
0xff860100,GetISLensDampAaxis_FW
0xff860108,GetISLensDampBaxis_FW
0xff860140,CommunicateISCPU_FW
0xff860180,j_ReceiveFromSrpv_FW
0xff860184,j_GetCheckSum_FW
0xff860188,DMASioSet_FW
0xff860190,j_JumpToProgFirst_FW
0xff860194,DelaySet_FW
0xff86019c,ISCPUMemoryDump_FW
0xff8601ac,ISDataWatch_FW
0xff8601c0,j_TransferISAdjData_FW
0xff8601c4,j_StartHeartBeatbyEventProc_FW
0xff8601c8,j_StopHeartBeatbyEventProc_FW
0xff8601cc,j_StartISSlant_FW
0xff8601d0,j_StopISSlant_FW
0xff8601d4,SetISSlant_FW
0xff8601ec,SetISSlantInterval_FW
0xff8601fc,SrpvResetHigh_FW
0xff860224,SrpvResetLow_FW
0xff86024c,SrpvClockStart_FW
0xff860288,SrpvClockStop_FW
0xff8602cc,ISInitMotion_FW
0xff8602d4,j_ISAutoCenter_FW
0xff8602d8,j_StartISLocalAdjust_FW
0xff8602dc,j_StartISLocalHallAdjust_FW
0xff8602e0,j_StartISLocalAutoCenter_FW
0xff8602e4,SetISDriveAaxis_FW
0xff8602f0,SetISDriveBaxis_FW
0xff8602fc,SetISHallOffsetAaxis_FW
0xff86030c,SetISHallOffsetBaxis_FW
0xff86031c,SetISHallGainAaxis_FW
0xff86032c,SetISHallGainBaxis_FW
0xff86033c,SetISGyroGainAaxis_FW
0xff86034c,SetISGyroGainBaxis_FW
0xff86035c,GetISDriveAaxis_FW
0xff860380,GetISDriveBaxis_FW
0xff8603a4,GetISPositionAaxis_FW
0xff8603c8,GetISPositionBaxis_FW
0xff8604e8,GetISHallOffsetAaxis_FW
0xff86050c,GetISHallOffsetBaxis_FW
0xff860530,GetISHallGainAaxis_FW
0xff860554,GetISHallGainBaxis_FW
0xff860578,GetISGyroGainAaxis_FW
0xff86059c,GetISGyroGainBaxis_FW
0xff8605c0,SetISTuningFlag_FW
0xff8605d0,SetSlantAdjLensFree_FW
0xff8605d8,SetSlantAdjLensDrive_FW
0xff8605e0,SetGyroFilterChargeStart_FW
0xff8605e8,SetGyroFilterChargeStop_FW
0xff8605f0,ISControlStart_FW
0xff8605f8,ISControlStop_FW
0xff860600,ISPanModeStart_FW
0xff860608,ISPanModeStop_FW
0xff860610,SetISHeartBeatInt_FW
0xff860620,GetISDbgData_FW
0xff860694,GetISADData_FW
0xff8606b8,GetISFirmVersion_FW
0xff8607b8,GetISParamVersion_FW
0xff8607dc,GetISHallOut1Amp_FW
0xff8607fc,ISMDStart_FW
0xff860804,ISMDStop_FW
0xff86080c,GetISDampAaxis_FW
0xff860828,GetISDampBaxis_FW
0xff860844,GetISEViAaxis_FW
0xff860868,GetISEViBaxis_FW
0xff86088c,SelectPositionSignal_FW
0xff860894,ClearISIComponent_FW
0xff86089c,SetISHPFCutoff_FW
0xff8608a8,ClearISZData_FW
0xff8608b0,SetZoomPosition_FW
0xff8608b8,GetISPLFAaxis_FW
0xff8608d4,GetISPLFBaxis_FW
0xff8608f0,SetISPLFAaxis_FW
0xff8608fc,SetISPLFBaxis_FW
0xff860908,GetISLPFAaxis_FW
0xff860924,GetISLPFBaxis_FW
0xff860940,SetISLPFAaxis_FW
0xff86094c,SetISLPFBaxis_FW
0xff860958,SetISCoefficientP_A_FW
0xff860964,SetISCoefficientP_B_FW
0xff860970,SetISCoefficientI_A_FW
0xff86097c,SetISCoefficientI_B_FW
0xff860988,SetISCoefficientD_A_FW
0xff860994,SetISCoefficientD_B_FW
0xff8609a0,GetISCoefficientP_A_FW
0xff860ab0,GetISCoefficientP_B_FW
0xff860acc,GetISCoefficientI_A_FW
0xff860ae8,GetISCoefficientI_B_FW
0xff860b04,GetISCoefficientD_A_FW
0xff860b20,GetISCoefficientD_B_FW
0xff860b44,StartImStEventProc_FW
0xff86175c,StopHeartBeatbyEventProc_FW
0xff862e48,task_MovieRecord
0xff865c24,task_ShootSeqTask
0xff8660a0,task_SsStartupTask
0xff866c80,task_CaptSeq
0xff866c80,task_CaptSeqTask
0xff867518,SS_DumpImgPrcssBuf_FW
0xff867b90,task_MovieCtrlTask
0xff86b1b4,PT_CompletePreCapt_FW
0xff86b1bc,PT_RecreviewAvailable_FW
0xff86b1c4,PT_NextShootAvailable_FW
0xff86b1cc,PT_CompleteStopZoom_FW
0xff86b1d4,PT_CompleteStopDigZoom_FW
0xff86b1dc,PT_CompleteStoreLens_FW
0xff86b1e4,PT_CompletePrepareLens_FW
0xff86b1ec,PT_MovieRecordStopped_FW
0xff86b1f4,PT_CompleteCaptModeChange_FW
0xff86b1fc,PT_CompleteSynchroWrite_FW
0xff86b204,PT_CompleteCharge_FW
0xff86b20c,PT_EraseAllFile_FW
0xff86b230,PT_mod_FW
0xff86b24c,j_PT_atoi_FW
0xff86b250,PT_GetSystemTime_FW
0xff86b264,j_PT_SetPropertyCaseString_FW
0xff86b268,PT_SetPropertyCaseInt_FW
0xff86b278,j_PT_GetPropertyCaseString_FW
0xff86b27c,PT_GetPropertyCaseInt_FW
0xff86b2e8,PT_GetLocalTimeString_FW
0xff86b328,PT_GetLocalDateString_FW
0xff86b368,PT_GetLocalDateAndTimeString_FW
0xff86b3a8,PT_GetLocalYearString_FW
0xff86b3e8,PT_GetLocalMonthString_FW
0xff86b428,PT_GetLocalDayString_FW
0xff86b468,PT_GetLocalHourMinSecString_FW
0xff86b4dc,PT_PlaySound
0xff86b4dc,PT_PlaySound_FW
0xff86b530,PT_SetMessage_FW
0xff86b554,PT_UndispMessage_FW
0xff86b56c,PT_LCD_BkColor_FW
0xff86b5e4,PT_LCD_BkColorDef_FW
0xff86b608,PT_BatLvChange_PreWeak_FW
0xff86b610,PT_BatLvChange_Weak_FW
0xff86b618,PT_BatLvChange_Low_FW
0xff86b620,PT_BatLvChange_SysLow_FW
0xff86b628,task_PT_BatTestTask
0xff86b6a4,PT_StartBatteryTest_FW
0xff86b6e0,PT_FinishBatteryTest_FW
0xff86b714,PT_GetBatteryLevel_FW
0xff86b728,PT_GetPreWeakBatLv_FW
0xff86b780,PT_GetWeakBatLv_FW
0xff86b7d8,PT_GetLowBatLv_FW
0xff86b8b0,PT_GetSysLowBatLv_FW
0xff86b908,PT_MoveOpticalZoomToTele_FW
0xff86b91c,PT_MoveOpticalZoomToWide_FW
0xff86b930,PT_MoveOpticalZoomAt
0xff86b930,PT_MoveOpticalZoomAt_FW
0xff86b944,PT_ChangeZoomSpeed_FW
0xff86b954,PT_MoveDigitalZoomToTele_FW
0xff86b964,PT_MoveDigitalZoomToWide
0xff86b964,PT_MoveDigitalZoomToWide_FW
0xff86b974,PT_MoveDigitalZoomAt_FW
0xff86b984,PT_DoAFLock_FW
0xff86b994,PT_UnlockAF_FW
0xff86b9a4,PT_DoAELock_FW
0xff86b9b4,PT_UnlockAE_FW
0xff86b9c4,PT_MFOn_FW
0xff86b9d4,PT_MFOff_FW
0xff86ba04,RegisterProductTestEvent_FW
0xff86bfb8,MoveOpticalZoomToTele_FW
0xff86bfd0,MoveOpticalZoomToWide_FW
0xff86bfe8,MoveOpticalZoomAt_FW
0xff86c000,ChangeZoomSpeed_FW
0xff86c014,MoveDigitalZoomToTele_FW
0xff86c024,MoveDigitalZoomToWide_FW
0xff86c034,MoveDigitalZoomAt_FW
0xff86c048,DoAFLock_FW
0xff86c058,UnlockAF_FW
0xff86c068,DoAELock_FW
0xff86c078,UnlockAE_FW
0xff86c088,MFOn_FW
0xff86c098,MFOff_FW
0xff86c0c0,ShowAllTaskInfo_FW
0xff86d360,GetLogToFile_FW
0xff86d5a4,EraseLogSector_FW
0xff86fa54,ScriptEnabled_FW
0xff86fa68,ScriptDisEnabled_FW
0xff86fa78,Printf_FW
0xff86fa90,UnLoadScript_FW
0xff86ff6c,LoadScript_FW
0xff870604,LocalTime
0xff870b08,time
0xff870bb8,GetTimeOfSystem_FW
0xff871398,exmem_free
0xff871424,exmem_alloc
0xff871534,ExMem.AllocCacheable_FW
0xff871598,ExMem.FreeUncacheable_FW
0xff871718,ExMem.AllocUncacheable_FW
0xff87231c,SetHPTimerAfterNow
0xff87239c,SetHPTimerAfterTimeout
0xff872424,CancelHPTimer
0xff87272c,PutsCameraLogEvent_FW
0xff87277c,ShowCameraLogInfo_FW
0xff8727e8,ShowCameraLog_FW
0xff872830,StartCameraLog_FW
0xff8729f8,StopCameraLog_FW
0xff872a58,LogCameraEvent
0xff87325c,task_WdtPrint
0xff873310,task_WdtReset
0xff8733d0,StartWDT_FW
0xff87342c,StopWDT_FW
0xff873528,CheckSumAll_FW
0xff873678,GetFirmwareVersion_FW
0xff873680,GetBuildTime_FW
0xff873688,GetBuildDate_FW
0xff8738c4,RomCheckSum_FW
0xff8741a0,task_EvShel
0xff874268,NewTaskShell
0xff874268,NewTaskShell_FW
0xff8746ac,PT_SetPropertyCaseString_FW
0xff8746ac,SetPropertyCase
0xff87479c,GetPropertyCase
0xff87479c,PT_GetPropertyCaseString_FW
0xff875208,task_CtrlSrv
0xff875938,CreateController_FW
0xff8759ec,DeleteController_FW
0xff875b64,MoveControllerToTopOfZOrder_FW
0xff875c98,GetSelfControllerHandle_FW
0xff8760b4,PostLogicalEventForNotPowerType
0xff8760b4,PostLogicalEventForNotPowerType_FW
0xff876100,PostLogicalEventToUI
0xff876100,PostLogicalEventToUI_FW
0xff876154,PostEventShootSeqToUI_FW
0xff8761a8,ShowLogicalEventName_FW
0xff8771f4,UIFS_StopPostingUIEvent_FW
0xff877208,UIFS_RestartPostingUIEvent_FW
0xff8778c0,set_control_event
0xff877a7c,IsControlEventActive_FW
0xff877aec,SetLogicalEventActive
0xff877b3c,SetScriptMode
0xff877b3c,SetScriptMode_FW
0xff877b48,UiEvnt_ShowBitMaps_FW
0xff877b64,UiEvnt_StartDisguiseCradleStatus_FW
0xff877b74,UiEvnt_StopDisguiseCradleStatus_FW
0xff877be0,IsDisableAutoShutdown_FW
0xff877c50,ShowAutoShutdownTime_FW
0xff877c78,DisableAutoShutdown_FW
0xff877c8c,UnlockMainPower
0xff877c8c,UnlockMainPower_FW
0xff877d30,LockMainPower
0xff877d30,LockMainPower_FW
0xff877d9c,EnableAutoShutdown_FW
0xff877e7c,GetMainPowerLockCounter_FW
0xff877e90,SetAutoShutdownTime
0xff877e90,SetAutoShutdownTime_FW
0xff8780d4,HardwareDefectWithRestart_FW
0xff878128,HardwareDefect_FW
0xff8781fc,ShowErrorNumberList_FW
0xff878418,PTM_AllResetToFactorySetting_FW
0xff878428,j_PTM_AllResetProperty_FW
0xff8789cc,j_PTM_GetWorkingCaptureMode_FW
0xff878a84,PTM_RestoreUIProperty_FW
0xff878aa0,PTM_NotifyStartRemoteCapture_FW
0xff878c14,PTM_NotifyEndRemoteCapture_FW
0xff878cd0,PTM_SetCurrentCaptureMode_FW
0xff878cd8,PTM_SetCurrentItem_FW
0xff878ce8,PTM_GetCurrentItem_FW
0xff878cf0,PTM_NextItem_FW
0xff878cf8,PTM_PrevItem_FW
0xff878d00,PTM_BackupUIProperty_FW
0xff878d18,PTM_SetProprietyEnable_FW
0xff879348,UiMemory_Show_FW
0xff87b318,PB2Rec
0xff87b358,Rec2PB
0xff87bf28,task_InitFileModules
0xff87bf60,task_CommonDrivers
0xff87c4d4,ExecuteResetFactoryWithRomWrite_FW
0xff87f884,SetCurrentCaptureModeType
0xff87f884,SetCurrentCaptureModeType_FW
0xff87f8c0,GetCurrentCaptureModeType_FW
0xff882df4,UIFS_Capture_FW
0xff882efc,UIFS_CaptureNoneStop_FW
0xff883ebc,UIFS_StartMovieRecord_FW
0xff883ee0,UIFS_StopMovieRecord_FW
0xff886308,ZoomCon_ShowState_FW
0xff8868a0,task_FaceFrame
0xff886bf8,task_DSITask
0xff88807c,SwitchViewFinder_FW
0xff8880a0,StopSwitchViewFinder_FW
0xff8880c4,StartSwitchViewFinder_FW
0xff888388,TurnOnBackLight
0xff8883a0,TurnOffBackLight
0xff8886b8,UiComIF_SendEventToUI_FW
0xff8940ec,CreatePlayMyColController_FW
0xff8942ac,DeletePlayMyColController_FW
0xff896e34,StartDpofPlayLoading_FW
0xff896e44,SyncStopDpofPlayLoading_FW
0xff896e78,StopDpofPlayLoading_FW
0xff897000,StartPlayModeMenu_FW
0xff897010,StartRecModeMenu
0xff897010,StartRecModeMenu_FW
0xff8970bc,ShutdownRecModeMenu_FW
0xff897184,ShutdownPlayModeMenu_FW
0xff897218,ShutdownPlayModeMenuWithoutPbRedraw_FW
0xff897440,ShutdownPlayAllMenu_FW
0xff897490,ShutdownRecAllMenu_FW
0xff89ab18,StartFirmInfoMenu_FW
0xff89c26c,FmtMenu_ExecuteQuickFormat_FW
0xff89c4d4,StartDirectTransferManager_FW
0xff89ece8,StopDpConnect_FW
0xff89edcc,DeleteDpConnectController_FW
0xff89ef88,StartDpConnect_FW
0xff89f068,CreateDpConnectController_FW
0xff8a0140,StartDpDpofMenu_FW
0xff8a2bb0,StartDpMainMenu_FW
0xff8a389c,StartDpPrinting_FW
0xff8a6c3c,StartDpsMainMenu_FW
0xff8a8108,StartDpStopReconfirm_FW
0xff8a9160,StartDpStyleMenu_FW
0xff8ab9d4,StartDpTrimming_FW
0xff8acedc,DBG_changeTraceLevel_FW
0xff8ad000,StartDpMovieMenu_FW
0xff8ad3fc,EndClockMode_FW
0xff8af6b0,StartClockMode_FW
0xff8b08ac,LCDMsg_Move_FW
0xff8b08ec,LCDMsg_Delete_FW
0xff8b0bf0,LCDMsg_Create_FW
0xff8b0ca0,LCDMsg_SwDisp_FW
0xff8b0cf0,LCDMsg_SetNum_FW
0xff8b0d00,LCDMsg_SetStr_FW
0xff8b0dd4,LCDMsg_ChangeColor_FW
0xff8b0eb4,StartGUISystem_FW
0xff8b0f94,RegisterDialogAPIForEventProcedure_FW
0xff8b1a64,ShutdownGUISystem_FW
0xff8b2d48,LockPhysicalScreen_FW
0xff8b2d90,RefreshPhysicalScreen
0xff8b2d90,RefreshPhysicalScreen_FW
0xff8b2e04,EnableRefreshPhysicalScreen_FW
0xff8b2e14,DisableRefreshPhysicalScreen_FW
0xff8b2e24,IsEnableRefreshPhysicalScreen_FW
0xff8b3000,PrintBmpVramInfo_FW
0xff8b300c,PrintCurrPalette_FW
0xff8b3120,PT_atoi_FW
0xff8b312c,strcat
0xff8b3168,strncmp
0xff8b31b4,strchr
0xff8b31d8,strrchr
0xff8b3200,memcpy
0xff8b3200,memcpy_FW
0xff8b3474,strftime
0xff8b3a6c,mktime_ext
0xff8b3ab8,OutPort_FW
0xff8b3ad0,InPort_FW
0xff8b3adc,Capture.Delete_FW
0xff8b3b44,Capture.Create_FW
0xff8b4680,GetCurrentShutterSpeed_FW
0xff8b495c,GetCurrentExposureTime_FW
0xff8b7b2c,task_WBIntegTask
0xff8bad4c,task_AfIntSrvTask
0xff8c8f84,task_BrtMsrTask
0xff8d37c0,task_ExpDrv
0xff8d37c0,task_ExpDrvTask
0xff8d6844,task_WBCtrl
0xff8d7624,task_OBCtrlTask
0xff8d9324,task_DevelopModule
0xff8db0c4,task_EFChargeT
0xff8db534,EF.IsChargeFull_FW
0xff8db534,IsStrobeChargeCompleted
0xff8dd02c,ReloadCdsAdjustment_FW
0xff8de660,task_SsgMainTask
0xff8de904,task_SsgPeriodTask
0xff8df774,EnableOBClampField_FW
0xff8df788,DisableOBClampField_FW
0xff8e2b5c,task_TgTask
0xff8e6ea8,ReloadColorAdjustment_FW
0xff8e78f0,task_SyncPeriod
0xff8e7978,task_SynchTask
0xff8ea9dc,task_SesnMngr
0xff8eb6c8,task_TimerUtility
0xff8ebdbc,COMFACHK_StartService_FW
0xff8ebe0c,COMFACHK_StopService_FW
0xff8ebeac,COMFACHK_StartSendData_FW
0xff8ebee8,COMFACHK_StartSendLargeData_FW
0xff8ebf4c,COMFACHK_GetTransferTime_FW
0xff8ebfac,COMFACHK_SetSendDataSize_FW
0xff8f03c4,add_ptp_handler
0xff8f4b04,PTPRspnd.ResetTable_FW
0xff8f72c0,task_PreLoadTask
0xff8fb100,j_PTPRspnd.ResetTable_FW
0xff8fb104,PTPRspnd.EnableGetTreeInfo_FW
0xff8fb124,PTPRspnd.EnableStorage_FW
0xff8fb894,task_RCTaskResume
0xff8fc558,PTPRspnd.AddChangedReleaseParamList_FW
0xff901988,task_RapiRevr
0xff904820,InitializeDCPClassFunctions_FW
0xff9048d4,TerminateDCPClassFunctions_FW
0xff9130e0,LcdCon_SetLcdDriver_FW
0xff913134,LcdCon_SetLcdAdjParameter_FW
0xff9131d4,LcdCon_GetLcdAdjParameter_FW
0xff91321c,LcdCon_ShowLcdAdjParameter_FW
0xff91325c,LcdCon_SaveLcdAdjParameter_FW
0xff913588,LcdCon_SetLcdBackLightBrightness_FW
0xff9135b8,LcdCon_SetLcdBackLightParameter_FW
0xff913610,LcdCon_GetLcdBackLightParameter_FW
0xff913654,LcdCon_ShowLcdBackLightParameter_FW
0xff913694,LcdCon_SaveLcdBackLightParameter_FW
0xff913a58,SetSDPwrPort_FW
0xff913a88,Driver_EnableEventProc_FW
0xff913e6c,GetHVSw_FW
0xff913e78,OnPrintHVStatus_FW
0xff913ea8,OffPrintHVStatus_FW
0xff913f00,task_AudioLvl
0xff919a88,PrePro.GetDarkSetUp_FW
0xff919a94,PrePro.SetDarkSetUp_FW
0xff919ab4,PrePro.GetDarkSubSetUp_FW
0xff919ac0,PrePro.SetDarkSubSetUp_FW
0xff91a4d4,PrePro.LiveImage_FW
0xff91aabc,PrePro.Capture_FW
0xff91ac40,PrePro.MemoryCrw_FW
0xff91ad48,PrePro.HybridCrw_FW
0xff91d324,task_Fencing
0xff925c20,EngineDriver.Delete_FW
0xff925c3c,EngineDriver.Create_FW
0xff9263f8,FA.Delete_FW
0xff92640c,FA.Create_FW
0xff92a7cc,task_FolderCreateCheckTask
0xff92afc0,task_MetaCtg
0xff938780,task_FORMAT_TASK_PROGRESS
0xff938880,task_FORMAT_TASK_NAME
0xff939294,task_ReadAsyncTask
0xff944124,WriteSDCard
0xff948afc,task_ImgEdt
0xff949fd4,task_RedEyePly
0xff94e91c,TurnOnAFLamp_FW
0xff94e938,TurnOffAFLamp_FW
0xff950198,MoveCZToPoint_FW
0xff9501c8,MoveCZToWide_FW
0xff9501f0,MoveCZToTele_FW
0xff9501f0,MoveCZToTeleEvent_FW
0xff950218,MoveCZToPointByOVF_FW
0xff950240,StartCzTuning_FW
0xff950248,MoveCzPeakPositon_FW
0xff950250,CzDebugPrint_FW
0xff950258,CzDebugPrintToFile_FW
0xff950eec,GetFocusLensPullInMaxSpeed_FW
0xff950f10,GetFocusLensPullOutMaxSpeed_FW
0xff9511a4,GetCurrentTargetDistance_FW
0xff9511a4,GetFocusLensSubjectDistance
0xff95120c,GetCurrentFocusLensPosition_FW
0xff9514a0,GetFocusLensSubjectDistanceFromLens
0xff95152c,GetFocusResetPosition_FW
0xff951598,GetFocusDefaultResetPosition_FW
0xff9515e4,ReloadFocusLensAdjustment_FW
0xff951cc4,ResetFocusLens
0xff951cc4,ResetFocusLens_FW
0xff951d20,EscapeFocusLens_FW
0xff951d98,MoveFocusLensToTerminate_FW
0xff951df4,MoveFocusLensWithDistance_FW
0xff951eb4,MoveFocusLensWithPosition_FW
0xff951f7c,MoveFocusLensWithPositionWithoutBacklash_FW
0xff952044,MoveFocusActuator_FW
0xff952108,SetFocusLensSpeed_FW
0xff952134,SetFocusLensSpeedTable_FW
0xff9521f0,SetFocusLensCondition_FW
0xff9522e8,SetFocusLensDefaultPullOutTable_FW
0xff9522fc,j_GetFocusLensPullInMaxSpeed_FW
0xff952300,j_GetFocusLensPullOutMaxSpeed_FW
0xff952304,ShowFocusLensCurrentSpeedTable_FW
0xff952378,SetFocusLensMaxSpeedLimit_FW
0xff952388,CancelFocusLensMaxSpeedLimit_FW
0xff952398,EnableFocusLens_FW
0xff9523e4,DisableFocusLens_FW
0xff952430,j_GetFocusLensCurrentPosition_FW
0xff952434,j_GetFocusLensResetPosition_FW
0xff952438,j_GetFocusLensResetPositionForInside_FW
0xff95243c,j_GetFocusLensResetPositionForOutside_FW
0xff952440,j_GetFocusLensResetDefaultPosition_FW
0xff952444,GetFocusLensSubjectDistance_FW
0xff952460,GetFocusLensSubjectDistanceFromLens_FW
0xff95247c,GetFocusLensSubjectDistanceNumber_FW
0xff952484,GetFocusLensPositionRatio_FW
0xff95248c,GetFocusLensLoadSubjectDistance_FW
0xff9524b0,ChangeFocusDistanceToPosition_FW
0xff952534,GetFocusLensLoadCamTable_FW
0xff952d94,GetCurrentAvValue
0xff952d94,GetCurrentAvValue_FW
0xff952d94,GetIrisAv_FW
0xff95331c,GetCurrentIrisPosition_FW
0xff95331c,GetIrisCurrentPosition_FW
0xff9536c8,ResetIris_FW
0xff9536c8,ResetIrisEvent_FW
0xff9536f0,MoveIrisWithAv
0xff9536f0,MoveIrisWithAv_FW
0xff95371c,MoveIrisWithAvAndSpeed_FW
0xff953750,MoveIrisToPositionWithBacklash_FW
0xff95377c,MoveIrisToTerminatePosition_FW
0xff95388c,MoveIrisToFullOpen_FW
0xff95388c,MoveIrisToFullOpenEvent_FW
0xff9538b4,MoveIrisToFullClose_FW
0xff9538b4,MoveIrisToFullCloseEvent_FW
0xff9538dc,j_GetIrisAv_FW
0xff9538e0,j_GetIrisCurrentPosition_FW
0xff9538e4,MoveIrisWithAvWithoutBacklash_FW
0xff953910,MoveIrisToPositionWithoutBacklash_FW
0xff95393c,MoveIrisWithAvAndSpeedWithoutBacklash_FW
0xff953970,EnableIris_FW
0xff953994,DisableIris_FW
0xff9541b0,EnableMechaCircuit_FW
0xff9541c0,DisableMechaCircuit_FW
0xff9541d0,EnableFocusPiCircuit_FW
0xff9541e0,DisableFocusPiCircuit_FW
0xff9541f0,GetFocusPiSensorLevel_FW
0xff9541f8,EnableZoomPiCircuit_FW
0xff954208,DisableZoomPiCircuit_FW
0xff954218,GetZoomPiSensorLevel_FW
0xff954220,EnableZoomEncoderCircuit_FW
0xff954230,DisableZoomEncoderCircuit_FW
0xff954240,SendMechaCircuitData_FW
0xff954260,ReceiveMechaCircuitDataAll_FW
0xff95456c,CloseMechaShutter_FW
0xff95456c,CloseMechaShutterEvent_FW
0xff954590,OpenMechaShutter_FW
0xff954590,OpenMechaShutterEvent_FW
0xff9545dc,CloseMechaShutterWithTiming_FW
0xff954614,SetMechaShutterCloseDacSetting_FW
0xff954630,SetMechaShutterOpenDacSetting_FW
0xff95464c,SetMechaShutterWaitTimeSetting_FW
0xff954660,j_GetMechaShutterStatus_FW
0xff956af4,SendToUsm_FW
0xff956b30,ReceiveFromUsm_FW
0xff956b64,ShowUsmLog_FW
0xff9575f0,GetCurrentZoomLensPosition_FW
0xff957cc0,GetZoomLensCurrentPosition,(stubs_entry_2.s)
0xff9575f0,GetZoomLensCurrentPosition_FW
0xff957678,GetZoomLensTelePoint_FW
0xff957774,GetCurrentZoomLensPoint_FW
0xff957cbc,GetZoomLensCurrentPoint,(stubs_entry_2.s)
0xff957774,GetZoomLensCurrentPoint_FW
0xff957948,ReloadZoomAdjustment_FW
0xff957a98,ResetZoomLens
0xff957a98,ResetZoomLens_FW
0xff957ac0,ResetZoomLensToFirst_FW
0xff957ac0,ResetZoomLensToFirstPoint_FW
0xff957ae8,ResetZoomLensToTerminate_FW
0xff957ae8,ResetZoomLensToTerminatePoint_FW
0xff957b10,MoveZoomLensToTerminatePosition_FW
0xff957b34,MoveZoomLensWithPoint
0xff957b34,MoveZoomLensWithPoint_FW
0xff957b5c,MoveZoomLensWithPosition_FW
0xff957b84,MoveZoomActuator_FW
0xff957bdc,MoveZoomActuatorWithTime_FW
0xff957c68,SetZoomLensSpeedMode_FW
0xff957c70,SetZoomActuatorSpeedPercent_FW
0xff957c9c,SetZoomActuatorSpeedPPS_FW
0xff957cb8,j_GetZoomLensTelePoint_FW
0xff957cbc,j_GetZoomLensCurrentPoint_FW
0xff957cc0,j_GetZoomLensCurrentPosition_FW
0xff957cc4,j_GetZoomLensAbsolutePosition_FW
0xff957cc8,j_GetZoomLensInsidePosition_FW
0xff957ccc,RegisterZoomSetting_FW
0xff957d3c,ShowZoomSetting_FW
0xff957e60,ShowZoomLensEncoderDaThreshold_FW
0xff957e70,SetZoomLensEncoderDaThreshold_FW
0xff957e94,SaveZoomLensEncoderDaThresholdToFlashROM_FW
0xff957f08,ShowZoomLensEncoderDaLed_FW
0xff957f18,SetZoomLensEncoderDaLed_FW
0xff957f38,SaveZoomLensEncoderDaLedToFlashROM_FW
0xff957f94,EnableZoomLensSilentDrive_FW
0xff957fa8,DisableZoomLensSilentDrive_FW
0xff958a6c,task_AsynchroComTask
0xff958cfc,GetCheckSum_FW
0xff958fa8,JumpToProgFirst_FW
0xff9594b0,ReceiveFromSrpv_FW
0xff959510,StartISLocalAdjust_FW
0xff95aaec,task_MoviePlay
0xff95c970,task_AviWrite
0xff961980,task_DvlpSeqTask
0xff962240,task_FlushWriteCacheTask
0xff963444,task_SoundRecord
0xff963d90,task_SoundPlay
0xff964390,task_WavRead
0xff964d34,task_WavWrite
0xff965adc,WriteToRom_FW
0xff965b8c,EraseSectorOfRom_FW
0xff969dc4,SystemEventDelete_FW
0xff969de0,SystemEventInit_FW
0xff971f4c,PTM_AllResetProperty_FW
0xff9723c4,PTM_GetWorkingCaptureMode_FW
0xff972ed4,SetParameterData,(stubs_entry_2.s)
0xff972f60,GetParameterData
0xff977824,task_RealTimeHist
0xff9a774c,TerminateDpofUI_FW
0xff9a8a14,StartPrintOrderMenu_FW
0xff9ad6c8,ShowLanguageNameList_FW
0xff9ad6f4,SaveLanguageNameList_FW
0xff9ad6f8,RegisterLanguageName_FW
0xff9ad7b8,DeleteLanguageMenu_FW
0xff9adbcc,CreateLanguageMenu_FW
0xff9b382c,StoptDtConfirmMenu_FW
0xff9b3934,StartDtConfirmMenu_FW
0xff9b3e1c,StartDtExecuteMenu_FW
0xff9b5110,StartDpDpofPrinting_FW
0xff9b589c,StartDpDpofStopReconfirm_FW
0xff9b986c,StartDpsStop_FW
0xff9bab18,StartDpsIdPhotoMenu_FW
0xff9c380c,RegisterRefreshToDialog_FW
0xff9c4074,RefreshRegistedRectangleToDialog_FW
0xff9c4148,DeleteDialogBox_FW
0xff9c4394,GetItemHandleOfDialogBox_FW
0xff9c44a4,CreateDialogBox_FW
0xff9c4674,MoveViewPortPosition_FW
0xff9c46cc,ResizeVirtualWindow_FW
0xff9c46f4,MoveDialogBoxPosition_FW
0xff9c4780,ResizeDialogBox_FW
0xff9c47cc,DeleteDialogBoxAfterGetTopOfControl_FW
0xff9c47f0,SetPropertyToDialogItemWithID_FW
0xff9c481c,GetPropertyFromDialogItemWithID_FW
0xff9c48a0,AddItemToDialogBox_FW
0xff9c4958,RefreshRectangleToDialog_FW
0xff9c49b4,DeleteItemFromDialogBox_FW
0xff9c4ad4,SetFocusDirectionToDialogItem_FW
0xff9c4adc,SetFocusItemToDialogItem_FW
0xff9c4bc8,GetFocusedItemIDOfDialogItem_FW
0xff9c4c00,DisplayDialogBox_FW
0xff9c4c28,UndisplayDialogBox_FW
0xff9c4c50,SetBackgroundColorToDialogBox_FW
0xff9c4cc0,FillRectangleToDialog_FW
0xff9c4d0c,DrawStringToDialog_FW
0xff9c4d58,TransferRectangleToDialog_FW
0xff9c4db0,TransferBitmapToDialog_FW
0xff9c4e10,DrawBinaryBitmapToDialog_FW
0xff9c4e60,GetDialogBoxWindow_FW
0xff9c4e98,SetFocusScopeToDialog_FW
0xff9c4f18,GetFocusScopeToDialog_FW
0xff9c4f68,MoveDialogControllerToTopOfZOrder_FW
0xff9c4f8c,MoveDialogItemPositionToDialog_FW
0xff9c4fbc,ResizeDialogItemToDialog_FW
0xff9c4fec,GetDialogItemPositionToDialog_FW
0xff9c501c,GetDialogItemResolutionToDialog_FW
0xff9c504c,SetOriginTypeToDialog_FW
0xff9c506c,SetDefaultMovingFocusToDialog_FW
0xff9c508c,LockRefreshDialog_FW
0xff9c50d4,UnlockRefreshDialog_FW
0xff9c5198,KeepDefaultMoveFocusEventToDialog_FW
0xff9c5650,InstallDialogItem_FW
0xff9c56f8,CreateDialogItem_FW
0xff9c57cc,DeleteDialogItem_FW
0xff9c5838,DrawDialogItem_FW
0xff9c58a8,ControlEventHandler_FW
0xff9c5910,SetPropertyToDialogItem_FW
0xff9c5970,GetPropertyFromDialogItem_FW
0xff9c59e8,SetAttributeToDialogItem_FW
0xff9c5a48,GetAttributeFromDialogItem_FW
0xff9c5aa0,MoveDialogItemPosition_FW
0xff9c5b00,ResizeDialogItem_FW
0xff9c5b64,GetDialogItemPosition_FW
0xff9c5bc8,GetDialogItemResolution_FW
0xff9c61fc,DeletePalette_FW
0xff9c6278,SetYUVPaletteIndex_FW
0xff9c6398,SetPaletteToPhysicalScreen_FW
0xff9c63f8,GetPaletteFromPhysicalScreen_FW
0xff9c722c,SetCurrentPalette_FW
0xff9c7238,SetSystemColorMode_FW
0xff9ca224,qsort
0xff9ca260,sscanf_FW
0xff9cae4c,apex2us
0xff9cf648,StartContiMovieFrame_FW
0xff9cf6d8,StopContiMovieFrame_FW
0xff9e4d38,ReloadWBAdjustment_FW
0xff9e5208,ChangeGradeTable_FW
0xff9e521c,RenewThermoLogNo_FW
0xff9e5234,PointDefDetect_FW
0xff9e53f0,PointKizuCheck_FW
0xff9e549c,ClearDefectCount_FW
0xff9e54ac,GetDefectCount_FW
0xff9ea984,ReloadEfAdjustment_FW
0xff9eb380,task_CntFlashTask
0xff9ece40,EF.StartEFCharge_FW
0xff9ece90,EF.StopEFCharge_FW
0xff9ecea0,EF.SetEFChargeTimeOut_FW
0xff9eceb4,EF.StartInternalPreFlash_FW
0xff9ecef0,EF.StartInternalMainFlash_FW
0xff9ecf6c,EF.SetMainFlashTime_FW
0xff9ecf80,j_EF.IsChargeFull_FW
0xff9ecf84,EF.AdjPreFlash_FW
0xff9ecfc8,EF.SetChargeMode_FW
0xff9ee68c,ActivateImager_FW
0xff9ee720,QuietImager_FW
0xff9ee924,CancelImager_FW
0xff9ee948,ChangeImagerToWholeSerial_FW
0xff9ee960,ChangeImagerToWholeSerialLineDef_FW
0xff9ee978,ChangeImagerToWholeParallel_FW
0xff9ee994,ChangeImagerToWholeParallelHalf_FW
0xff9ee99c,ChangeImagerToSuperWideDraft_FW
0xff9ee9a4,ChangeImagerToWideDraft_FW
0xff9ee9ac,ChangeImagerToNarrowDraft_FW
0xff9ee9b4,ChangeImagerToAlternateDraft_FW
0xff9ee9bc,ChangeImagerToJetDraft_FW
0xff9ee9c4,ChangeImagerToPetitNarrow_FW
0xff9ee9cc,ChangeImagerToFocusJet_FW
0xff9ee9d4,ChangeImagerToJumboDraft_FW
0xff9ee9dc,ChangeImagerToMillefeAdjust_FW
0xff9ee9e4,ChangeImagerToHoneyFlash_FW
0xff9ee9ec,ChangeImagerToMangoPudding_FW
0xff9ee9f4,ChangeImagerToMontblancWhole_FW
0xff9ee9fc,ChangeImagerToMontblancMillefe_FW
0xff9eea04,ChangeImagerToDigiconMode_FW
0xff9eea04,ChangeImagerToOITA_XAVIER_FW
0xff9eea0c,ChangeImagerToUltraGhostQ_FW
0xff9eea14,ChangeImagerToSmearCorrectWide_FW
0xff9eea1c,ChangeImagerToSmearCorrectSuper_FW
0xff9eea24,ChangeImagerToSmearCorrectAlternate_FW
0xff9eea2c,ChangeImagerToXXX_FW
0xff9eea34,SetStartLineForNarrowDraft_FW
0xff9eea48,WithdrawalImagerForEmergency_FW
0xff9eea58,StillOnMovieTest_FW
0xff9eeb10,SetSmearOn_FW
0xff9eeb24,SetSmearOff_FW
0xff9eeb38,ChangeUseAf_FW
0xff9fd4dc,task_DCPClassTask
0xffa04a14,PrePro.Unpack_FW
0xffa0a008,PrintAllAEIntegData_FW
0xffa0a95c,GetAEIntegralValue_FW
0xffa0a9ec,AbortAEIntegralValue_FW
0xffa0aa40,SetAEIntegStrobeProperty_FW
0xffa0aaa4,SetAEIntegralValueProperty_FW
0xffa0ab34,GetAEIntegralValueWithFix_FW
0xffa0ac58,GetAllAEIntegralAllValueWithFix_FW
0xffa0acc8,SetWhiteCoefficient_FW
0xffa0ad40,SetAEIntegWindowsMode_FW
0xffa0ad94,SetAEIntegValueBit_FW
0xffa0ada4,GetAEIntegralServiceMode_FW
0xffa0adb0,StopAEIntegralService_FW
0xffa0b034,StartAEIntegralService_FW
0xffa0b070,SetLineDefMarkThroughMode_FW
0xffa0b0a8,SetAEIntegAverageOBData_FW
0xffa0b0b0,SetAdjAEIntegSmearLimitter_FW
0xffa0b0c0,SetDefaultAEIntegSmearLimitter_FW
0xffa0b498,GetCurrentAdjImgDriveType_FW
0xffa0b4a4,GetCurrentImgDrvMode_FW
0xffa0b4c4,ConvertAEIntegDrvTypeToAdjImgDriveType_FW
0xffa0b50c,ConvertAdjImgDrvModeToAdjImgDriveType_FW
0xffa0b56c,ChangeAdjImgDrvMode_FW
0xffa0b598,ChangeAEIntegDrvTypeToAdjImgDriveType_FW
0xffa0b618,GetCdsGainValue_FW
0xffa0b640,SetDeltaCDSGain_FW
0xffa0b684,j_ReloadCdsAdjustment_FW
0xffa0b688,GetObClampValue_FW
0xffa0b6cc,SetObClamp_FW
0xffa0b6cc,SetObClampValue_FW
0xffa0b6d4,SetCDSGain_FW
0xffa0b6d4,SetCdsGainValue_FW
0xffa0b6fc,SetCDSGainStep_FW
0xffa0b714,SetAdjCdsMode_FW
0xffa0b72c,CancelAdjCdsMode_FW
0xffa0b744,IsAdjCdsMode_FW
0xffa0b804,ConvertTvToExposureTime_FW
0xffa0b824,j_GetCurrentExposureTime_FW
0xffa0b82c,j_GetCurrentShutterSpeed_FW
0xffa0b858,SetShutterSpeedWithMecha_FW
0xffa0b8a8,SetShutterSpeed_FW
0xffa0b8f4,GetUserSetShutterSPeed_FW
0xffa0b904,GetShutterSpeedRegularMaxLimit_FW
0xffa0b91c,GetShutterSpeedRegularMinLimit_FW
0xffa0b9fc,MoveIrisToAv_FW
0xffa0ba48,ReloadIrisAdjustment_FW
0xffa0ba80,j_GetCurrentAvValue_FW
0xffa0bb04,j_GetCurrentIrisPosition_FW
0xffa0bb08,ResetIrisPosition_FW
0xffa0bb3c,MoveIrisFullOpen_FW
0xffa0bb70,MoveIrisWithTerminatePosition_FW
0xffa0bba4,MoveIrisMechaPositionWithBacklash_FW
0xffa0bbe0,MoveIrisMechaPositionWithoutBacklash_FW
0xffa0bc1c,MoveIrisToAvWithoutBacklash_FW
0xffa0bc68,GetUsableMinAv_FW
0xffa0bc80,GetUsableMaxAv_FW
0xffa0bce8,ReloadNdFilterAdjustment_FW
0xffa0bd00,PutInNdFilter
0xffa0bd00,PutInNdFilter_FW
0xffa0bd38,PutOutNdFilter
0xffa0bd38,PutOutNdFilter_FW
0xffa0bdd0,CloseMShutter_FW
0xffa0be08,OpenMShutter_FW
0xffa0c744,CalculatePeakFromLeastSquareResult_FW
0xffa0c780,CalculateLog2ToApex_FW
0xffa0c794,CalculatePow2FromApex_FW
0xffa0c7e0,CalcLog10_FW
0xffa0c808,ConvertApexToApexStd_FW
0xffa0c838,ConvertApexStdToApex_FW
0xffa0c8ec,OneShotWhigeBalance_FW
0xffa0c92c,SetWBYlStandardWidth_FW
0xffa0c96c,SetReferenceWBGainForCalibration_FW
0xffa0c998,SetToolCorrectCoefficient_FW
0xffa0ca10,j_ReloadWBAdjustment_FW
0xffa0cc20,ConvertCxCyToWBGain_FW
0xffa0cd8c,j_GetCurrentZoomLensPosition_FW
0xffa0cd90,j_GetCurrentZoomLensPoint_FW
0xffa0cd94,GetCurrentZoomLensDirection_FW
0xffa0cdb8,j_ReloadZoomAdjustment_FW
0xffa0ce6c,ResetZoom_FW
0xffa0cea0,ResetZoomToFirstPoint_FW
0xffa0ced4,ResetZoomToTerminatePoint_FW
0xffa0cf08,MoveZoomLensToPosition_FW
0xffa0cf44,MoveZoomLensToPoint_FW
0xffa0cf80,ResetZoomToAdjFirstPoint_FW
0xffa0cfc4,ResetZoomToAdjTerminatePoint_FW
0xffa0d048,AdjustUSMVcoReference_FW
0xffa0d18c,ConvertToPositionWithDistanceAndZoomPoint_FW
0xffa0d19c,j_ReloadFocusLensAdjustment_FW
0xffa0d1a0,j_GetFocusDefaultResetPosition_FW
0xffa0d1a4,j_GetFocusResetPosition_FW
0xffa0d1a8,j_GetCurrentTargetDistance_FW
0xffa0d1e4,j_GetCurrentFocusLensPosition_FW
0xffa0d214,MoveFocusLensToTerminatePosition_FW
0xffa0d2f8,MoveFocusLensToPositionWithMaxSpeed_FW
0xffa0d33c,MoveFocusLensToPosition_FW
0xffa0d41c,MoveFocusLensToDistance
0xffa0d41c,MoveFocusLensToDistance_FW
0xffa0d484,ResetFocus_FW
0xffa0d71c,j_StopFocusScan_FW
0xffa0d750,PrintScanTable_FW
0xffa0d7bc,PrintMultiWinScanTable_FW
0xffa0e260,CalculatePeakPositionByLeastSquare_FW
0xffa0e2b4,SetFocusScanAutoStopProperty_FW
0xffa0e4d0,StartFocusScanWithAutoStopFix_FW
0xffa0e564,StartFocusScanWithAutoStop_FW
0xffa0e620,StartFocusScanWithMode_FW
0xffa0e6cc,StartFocusScanWithRange_FW
0xffa0e760,StartFocusScan_FW
0xffa0eb1c,StartMultiWinFocusScan_FW
0xffa0ec7c,StartDigiconService_FW
0xffa0ec84,StopDigiconService_FW
0xffa0ee64,GetDigiconData_FW
0xffa0eeac,StartDigiconFocusScan_FW
0xffa0ef20,SetMultiWinPos_FW
0xffa0ef88,SetBPFForBestPintCorrect_FW
0xffa0efd8,j_CancelBPFForBestPintCorrect_FW
0xffa0efdc,j_ReloadBPCoeffAdjustment_FW
0xffa0efe8,j_ReloadAFAdjustment_FW
0xffa0efec,SaveBPAdjValue_FW
0xffa0f250,GetExStrobeID_FW
0xffa0f258,IsExStrobeChargeComp_FW
0xffa0f260,SetExStrobeMode_FW
0xffa0f264,CancelExStrobeMode_FW
0xffa0f268,j_ReloadEfAdjustment_FW
0xffa0f280,ChargeStrobe_FW
0xffa0f308,j_ReloadColorAdjustment_FW
0xffa0f3ac,RegistColorMatrix_FW
0xffa0f3e4,UnregistColorMatrix_FW
0xffa0f560,ShowCurrentExp_FW
0xffa0f5b8,SetAE_ShutterSpeed
0xffa0f5b8,SetAE_ShutterSpeed_FW
0xffa0f67c,FocusAEWithCompensation_FW
0xffa0f6f4,SetAE_CdsGainValue_FW
0xffa0f7a8,FixAEWithCompensation_FW
0xffa0f808,SetAdj_AEMode_FW
0xffa0f840,CancelAdj_AEMode_FW
0xffa0f890,PreFixAE_FW
0xffa0fa24,AfAEWithAperturePriority_FW
0xffa0fa68,AdjAEWithAperturePriority_FW
0xffa0fac0,SleepAE_FW
0xffa0fc14,AfAEWithCompensation_FW
0xffa0fd1c,GetVideoOutType_FW
0xffa0fd44,SwitchOffDisplay_FW
0xffa0fd7c,SwitchOnDisplay_FW
0xffa0fe24,SetVideoOutType_FW
0xffa0fe2c,IsEVFDrive_FW
0xffa0fe54,StopEVFDrive_FW
0xffa100c4,StartEVFDriveWithMode_FW
0xffa10108,StartEVFDrive_FW
0xffa10158,IsEvfDriveMode_FW
0xffa10318,GetSumYOfVRAMCenterLine_FW
0xffa10380,j_GetVRAMHPixelsSize_FW
0xffa10384,j_GetVRAMVPixelsSize_FW
0xffa10388,j_StopContinuousVRAMData_FW
0xffa10404,GetContinuousVRAMData_FW
0xffa10b04,GetPixelsOfViewangle_FW
0xffa10ba8,GetContinuousVRAMDataWithRingBuffer_FW
0xffa10c3c,j_GetMovieJpegVRAMHPixelsSize_FW
0xffa10c40,j_GetMovieJpegVRAMVPixelsSize_FW
0xffa10d6c,GetContinuousMovieJpegVRAMData_FW
0xffa10ffc,Bat_VIN_FW
0xffa10ffc,SetInputVoltage_FW
0xffa11010,Bat_Save_FW
0xffa11010,SaveBatSenseOffsetAdjustmentTable_FW
0xffa11020,SetImageMode_FW
0xffa11028,SetDate_FW
0xffa11168,SetYear_FW
0xffa111c8,SetMonth_FW
0xffa11224,SetDay_FW
0xffa1128c,SetHour_FW
0xffa112f0,SetMinute_FW
0xffa11354,SetSecond_FW
0xffa113b8,GetYear_FW
0xffa113e8,GetMonth_FW
0xffa11414,GetDay_FW
0xffa1143c,GetHour_FW
0xffa11464,GetMinute_FW
0xffa1148c,GetSecond_FW
0xffa114b4,SetLangMenuType_FW
0xffa115ac,SaveBmpVRAMData_FW
0xffa1165c,SavePaletteData
0xffa1165c,SavePaletteData_FW
0xffa116ec,SaveFromImage_FW
0xffa11d3c,GetUnpackCrwIntegralValue_FW
0xffa11f08,DevelopStillPicture_FW
0xffa11ff4,GetISLensCenterShiftAaxis_FW
0xffa11ffc,GetISLensCenterShiftBaxis_FW
0xffa1200c,AdjustGyroOffset_FW
0xffa12014,MoveIsToProvisionalCentralPosition_FW
0xffa12018,GetISGyroYawOffset_FW
0xffa12020,GetISGyroPitchOffset_FW
0xffa12038,HitISLensAgainstRightEdge_FW
0xffa1204c,HitISLensAgainstLeftEdge_FW
0xffa12060,HitISLensAgainstBottomEdge_FW
0xffa12074,HitISLensAgainstTopEdge_FW
0xffa12098,MoveISLensToRightLimitPosition_FW
0xffa120ac,MoveISLensToLeftLimitPosition_FW
0xffa120c0,MoveISLensToBottomLimitPosition_FW
0xffa120d4,MoveISLensToTopLimitPosition_FW
0xffa120e8,j_StopBDrive_FW
0xffa120e8,j_StopISDrive_FW
0xffa120ec,j_StartBDrive_FW
0xffa120ec,j_StartISDrive_FW
0xffa120f0,j_GetISHallDeviceYawGain_FW
0xffa120f4,j_GetISHallDevicePitchGain_FW
0xffa120f8,j_GetISHallDeviceYawOffset_FW
0xffa120fc,j_GetISHallDevicePitchOffset_FW
0xffa12100,WriteHallDeviceAdjustment_FW
0xffa1214c,j_GetISGyroYawGain_FW
0xffa12150,j_GetISGyroPitchGain_FW
0xffa12154,WriteGyroAdjustment_FW
0xffa12180,j_GetISYawPWM_FW
0xffa12184,j_GetISPitchPWM_FW
0xffa12188,WritePWMAdjustment_FW
0xffa121b8,SetISPitchPWM_FW
0xffa121cc,SetISYawPWM_FW
0xffa121e0,SetISGyroYawGain_FW
0xffa121f4,SetISGyroPitchGain_FW
0xffa12204,SetISGyroYawOffset_FW
0xffa12208,SetISGyroPitchOffset_FW
0xffa12210,SetISHallDeviceYawGain_FW
0xffa12224,SetISHallDevicePitchGain_FW
0xffa12238,SetISHallDeviceYawOffset_FW
0xffa1224c,SetISHallDevicePitchOffset_FW
0xffa1225c,SetZoomPointToIS_FW
0xffa12264,SetISLensCenterShiftAaxis_FW
0xffa12268,SetISLensCenterShiftBaxis_FW
0xffa1226c,j_StartISAdjustmentDrive_FW
0xffa12270,j_StopISAdjustmentDrive_FW
0xffa12274,j_StartBPanDrive_FW
0xffa12274,j_StartISPanDrive_FW
0xffa12278,j_StopBPanDrive_FW
0xffa12278,j_StopISPanDrive_FW
0xffa1227c,j_SearchBCentralPosition_FW
0xffa1227c,j_SearchISLensCentralPosition_FW
0xffa12280,j_MoveISLensToCentralPosition_FW
0xffa12284,j_GetISShiftLensPitchPosition_FW
0xffa12288,j_GetISShiftLensYawPosition_FW
0xffa1228c,GetISLensEViAaxis_FW
0xffa122a0,GetISLensEViBaxis_FW
0xffa122b4,j_GetISLensDampAaxis_FW
0xffa122b8,j_GetISLensDampBaxis_FW
0xffa122c4,SetISCutOffFreqIndex_FW
0xffa12320,CreateJumptable
0xffa13468,PrintFirmVersion_FW
0xffa1349c,PrintFaexeVersioin_FW
0xffa134ac,CreateFADBGSingalID_FW
0xffa134bc,FADBGSingal_FW
0xffa13568,FADBGPrintf_FW
0xffa136e8,FAPrintf_FW
0xffa13738,OutputLogToFile_FW
0xffa13838,StopLogOut_FW
0xffa139a0,GetLogData_FW
0xffa13a58,GetLogDataOnlyAddMemory_FW
0xffa13ac0,ActivateAdjLog_FW
0xffa13ad4,InactivateAdjLog_FW
0xffa13ae8,StartLogOut_FW
0xffa13b00,IsLogOutType_FW
0xffa13b8c,ShowTransparentMemory_FW
0xffa13bac,DumpTransparentMemoryItem_FW
0xffa13bec,AddTransparentMemory_FW
0xffa13c24,AttachToTransparentMemory_FW
0xffa13c5c,RemoveTransparentMemory_FW
0xffa13c7c,GetTransparentMemorySize_FW
0xffa13c90,GetTransparentMemory_FW
0xffa13cd4,GetTransparentMemoryPosition_FW
0xffa164a0,CompletePrepareTestRec_FW
0xffa164b0,StrobeChargeCompForTestRec_FW
0xffa16548,InitializeTestRec_FW
0xffa165a4,TerminateTestRec_FW
0xffa16774,ExecuteTestRec_FW
0xffa168f8,InitializeDigicon_FW
0xffa16a1c,TerminateDigicon_FW
0xffa16a60,j_StartContiMovieFrame_FW
0xffa16a64,j_StopContiMovieFrame_FW
0xffa16a68,ExecuteDigicon_FW
0xffa16ac4,ExecuteTestRecCF_FW
0xffa24da4,task_FileScheduleTask
0xffa25b10,task_FileWrite
0xffa25b10,task_FileWriteTask
0xffa2786c,OpenFastDir
0xffa27900,ReadFastDir
0xffa279d0,closedir
0xffa2bed0,task_FilYuvMaker
0xffa2ce28,task_DecJpgRd
0xffa2f75c,reboot_fw_update
0xffa31450,task_FocusEvent
0xffa31b50,GetFocusLensCurrentPosition_FW
0xffa337e0,GetFocusLensResetPosition_FW
0xffa337e0,GetFocusLensResetPositionForInside_FW
0xffa337e4,GetFocusLensResetPositionForOutside_FW
0xffa337e8,GetFocusLensResetDefaultPosition_FW
0xffa33e80,task_IrisEvent
0xffa34740,MoveIrisActuatorFullOpen_FW
0xffa3476c,MoveIrisActuatorFullClose_FW
0xffa34798,EnableIrisActuator_FW
0xffa347bc,DisableIrisActuator_FW
0xffa347e0,ResetIrisActuator_FW
0xffa3648c,task_MechaShutter
0xffa36c8c,GetMechaShutterStatus_FW
0xffa36dec,task_ZoomEvent
0xffa373b4,GetZoomLensAbsolutePosition_FW
0xffa37de0,GetZoomLensInsidePosition_FW
0xffa39ebc,task_AviRead
0xffa3d0d4,task_AviEdit
0xffa3d860,task_PcEvf
0xffa3ed14,task_CreateHeaderTask
0xffa403f8,NR_SetDarkSubType
0xffa403f8,NR_SetDarkSubType_FW
0xffa40440,NR_SetDefectCorrectType_FW
0xffa4046c,NR_GetDarkSubType
0xffa4046c,NR_GetDarkSubType_FW
0xffa404ac,NR_GetDefectCorrectType_FW
0xffa404ec,NR_SetLotasPonyType_FW
0xffa40500,RegisterNRTableEvent_FW
0xffa4095c,MemoryChecker_FW
0xffa409f0,VerifyByte_FW
0xffa40f48,Dump_FW
0xffa4108c,Dump32_FW
0xffa41094,FreeMemory
0xffa41094,FreeMemory_FW
0xffa410a8,AllocateMemory
0xffa410a8,AllocateMemory_FW
0xffa410b0,Wait_FW
0xffa410c4,Poke32_FW
0xffa410dc,Poke16_FW
0xffa410f4,Poke8_FW
0xffa4110c,Peek32_FW
0xffa41118,Peek16_FW
0xffa41124,Peek8_FW
0xffa41130,EraseSignature_FW
0xffa411a4,GetSystemTime
0xffa411a4,GetSystemTime_FW
0xffa41220,MonSelEvent_FW
0xffa41230,exec_FW
0xffa41ed0,MakeBootDisk_FW
0xffa41ee4,MakeScriptDisk_FW
0xffa4ea38,StartTransferOrderMenu_FW
0xffa64b88,atol_FW
0xffa64b94,memset
0xffa64b94,memset_FW
0xffa72e70,SetDefaultRecParameter_FW
0xffa731e8,SetSensitiveDefectRecParameter_FW
0xffa731f8,SetSensitiveRecParameter_FW
0xffa73204,SetDefectRecParameter_FW
0xffa734c4,EnableDebugLogMode_FW
0xffa734d8,DisableDebugLogMode_FW
0xffa7394c,FreeBufferForSoundRec_FW
0xffa739c8,StartSoundRecord_FW
0xffa73a00,StartSoundPlay_FW
0xffa73a48,InitializeSoundRec_FW
0xffa73a7c,TerminateSoundRec_FW
0xffa82360,task_EffctDrv
0xffa92e10,_log10
0xffa92f80,_pow
0xffa93ecc,_log
0xffa95234,_sqrt
