0xff834518,_GetSystemTime
0x003fcce0,_log
0x003fd220,_log10
0x003fd398,_pow
0x003fefbc,_sqrt
0xff81a7cc,_uartr_req
0xff92dfa8,AbortAEIntegralValue_FW
0x003faef8,AcquireRecursiveLock
0x003f7c14,AcquireRecursiveLockStrictly
0xff930010,ActivateAdjLog_FW
0xff8e43a8,ActivateImager_FW
0xff8e4440,ActivateImagerXOne_FW
0xffa720c8,ActivateISMD_FW
0xffa1a0e8,add_ptp_handler
0xff96d6a8,AdditionAgentRAM_FW
0xffa438dc,AddTransparentMemory_FW
0xffadfa20,AdjAEWithAperturePriority_FW
0xffadf9cc,AfAEWithAperturePriority_FW
0xffadfbc8,AfAEWithCompensation_FW
0xffa0c2f0,AFTool.GetEVal_FW
0xffa75370,AllocateMemory
0xffa75370,AllocateMemory_FW
0xff83427c,AllocateUncacheableMemory
0xff9dd9c4,apex2us
0xff89894c,atol_FW
0xff92edc0,AttachIntegCrawData_FW
0xffa43914,AttachToTransparentMemory_FW
0xffacf0cc,Bat_Calc_FW
0xffae0fd0,Bat_Save_FW
0xffae0fbc,Bat_VIN_FW
0xff855978,BeepDrive_FW
0xff855998,BeepDriveComp_FW
0xffada9f4,CalcLog10_FW
0xffae51d0,CalcLoopGain_FW
0xffadaae4,CalcSqrt_FW
0xffacf0cc,CalculateBatSenseOffset_FW
0xffadea40,CalculateInterpolationByLS_FW
0xffada994,CalculateLog2ToApex_FW
0xffada95c,CalculatePeakFromLeastSquareResult_FW
0xffade9e0,CalculatePeakPosByLS_FW
0xffada9a8,CalculatePow2FromApex_FW
0xff86061c,CalculateTestRecYUVData_FW
0xffadf7f4,CancelAdj_AEMode_FW
0xffad9250,CancelAdjCdsMode_FW
0xffadd4b8,CancelBPFilterForBP_FW
0xffadf144,CancelExStrobeMode_FW
0xffa7043c,CancelFocusLensMaxSpeedLimit_FW
0xff87c1f8,CancelHPTimer
0xff8e46f8,CancelImageDrive_FW
0xff8e4618,CancelImager_FW
0xff86d704,CancelLoopGainCalc_FW
0xff834734,CancelTimer
0xff962758,Capture.Create_FW
0xffad9a90,CaptureWithParam_FW
0xffa43574,ChangeAdjImgDrvMode_FW
0xffa435a0,ChangeAEIntegDrvTypeToAdjImgDriveType_FW
0xff9fdc00,ChangeCrossThresholdTable_FW
0xff9fe250,ChangeDefectRecParam_FW
0xffae0d90,ChangeDistortionSetForLiveImage_FW
0xffae4e30,ChangeFilterMode_FW
0xffa705a8,ChangeFocusDistanceToPosition_FW
0xff9fda40,ChangeGradeTable_FW
0xffad9ad8,ChangeImageDrive_FW
0xff8e469c,ChangeImagerToAlternateDraft_FW
0xff8e4654,ChangeImagerToCombiParallel_FW
0xff8e4694,ChangeImagerToDigiconMode_FW
0xff8e46d4,ChangeImagerToFantaJungle_FW
0xff8e4664,ChangeImagerToFocusJet_FW
0xff8e46c4,ChangeImagerToHarleyDavidson_FW
0xff8e4684,ChangeImagerToHoneyFlash_FW
0xff8e46dc,ChangeImagerToHoneyFlashDark_FW
0xff8e467c,ChangeImagerToJetDraft_FW
0xff8e46cc,ChangeImagerToMachDashV_FW
0xff8e466c,ChangeImagerToMangoPudding_FW
0xff8e468c,ChangeImagerToMillefeAdjust_FW
0xff8e46b4,ChangeImagerToMontblancMillefe_FW
0xff8e46bc,ChangeImagerToMontblancMovie_FW
0xff8e46ac,ChangeImagerToMontblancWhole_FW
0xff8e4694,ChangeImagerToOITA_XAVIER_FW
0xff8e46e4,ChangeImagerToRoadKing_FW
0xff8e4674,ChangeImagerToSuperWideDraft_FW
0xff8e46a4,ChangeImagerToUltraGhostQ_FW
0xff8e463c,ChangeImagerToWholeParallel_FW
0xff8e4644,ChangeImagerToWholeParallelBP_FW
0xff8e464c,ChangeImagerToWholeParallelBPOne_FW
0xff8e465c,ChangeImagerToWideDraft_FW
0xffa70854,ChangeIrisSpeed_FW
0xffa7180c,ChangeParallelMode_FW
0xff86d158,ChangeToISCloseControl_FW
0xffa71180,ChangeZoomLensMagnificationToPoint_FW
0xffa71178,ChangeZoomLensPointToMagnification_FW
0xffadf180,ChargeStrobe_FW
0xffadf1b4,ChargeStrobeForFA_FW
0x003faa80,CheckAllEventFlag
0x003faa38,CheckAnyEventFlag
0xff87f9c0,CheckSumAll_FW
0xff8302f8,ClearDUIDFixFlag_FW
0xff830278,ClearDurianMode_FW
0x003faca0,ClearEventFlag
0xff830424,ClearFactoryMasterFlag_FW
0xff83043c,ClearFactoryMasterROMProtection_FW
0xff830278,ClearFactoryMode_FW
0xff86d4e4,ClearISCalcZData_FW
0xffa71880,ClearISIComponent_FW
0xffa718a4,ClearISZData_FW
0xffaf75f0,ClearPMByFs_FW
0xffaf75c8,ClearPMByGpio_FW
0xffadbd14,ClearZoomCommonDriveParam_FW
0xff95a890,ClearZoomDriveParam_FW
0xff8314a4,Close
0xff8159a4,close
0xff8314a4,Close_FW
0xff81a254,CloseConsole_FW
0xffa5691c,closedir
0xffa70b40,CloseMechaShutter_FW
0xffa70b88,CloseMechaShutterWithTiming_FW
0xffada008,CloseMShutter_FW
0xffa720e0,CommunicateMechaCPU_FW
0xffa4350c,ConvertAdjImgDrvModeToAdjImgDriveType_FW
0xffa434c0,ConvertAEIntegDrvTypeToAdjImgDriveType_FW
0xffadaa4c,ConvertApexStdToApex_FW
0xffadaa1c,ConvertApexToApexStd_FW
0xffadafe0,ConvertCxCyToWBGain_FW
0xffadc09c,ConvertToPositionWithDistance_FW
0xffadc078,ConvertToPositionWithDistanceAndZoomPoint_FW
0xffad9b84,ConvertTvToExposureTime_FW
0xff819fb8,CPrintf_FW
0xff81a010,CPutChar_FW
0xff85b550,CreateAdjustmentTableMirror_FW
0x003f74c8,CreateBinarySemaphore
0x003f7acc,CreateBinarySemaphoreStrictly
0xff884334,CreateController_FW
0x003f7530,CreateCountingSemaphore
0x003f7530,CreateCountingSemaphore_FW
0x003f7af0,CreateCountingSemaphoreStrictly
0xff85b560,CreateDefectTableMirror_FW
0x003fa990,CreateEventFlag
0x003f7aa8,CreateEventFlagStrictly
0xff92f954,CreateFADBGSingalID_FW
0xffae338c,CreateJumptable
0x003f7104,CreateMessageQueue
0x003f7a84,CreateMessageQueueStrictly
0xff87d45c,CreateProxyOfEventProcedure_FW
0x003fae58,CreateRecursiveLock
0x003f7b14,CreateRecursiveLockStrictly
0x003f6824,CreateTask
0x003f6824,CreateTask_FW
0x003f7a50,CreateTaskStrictly
0xff9fda54,CrossDefDetect_FW
0xff9fdd84,CrowdLineDetect_FW
0xff9fdf48,CrowdLineKizuCheck_FW
0xff8845b4,CtrlMan_ChangeZOrder_FW
0xff953ab0,CzDebugPrint_FW
0xff953ac4,CzDebugPrintToFile_FW
0xff82d8ac,Dcdc_Bl_Pwr_Ctrl_FW
0xff82dd80,Dcdc_reg_read_FW
0xff82dd28,Dcdc_reg_write_FW
0x003f6afc,DebugAssert
0xffa71e9c,DelaySet_FW
0xff884410,DeleteController_FW
0xff830ea4,DeleteDirectory_Fut
0x003fa9e8,DeleteEventFlag
0x003f7188,DeleteMessageQueue
0xff87d4b4,DeleteProxyOfEventProcedure_FW
0x003faea8,DeleteRecursiveLock
0x003f7588,DeleteSemaphore
0x003f7588,DeleteSemaphore_FW
0xffae31e8,DevelopStillPicture_FW
0xff9fe34c,DevelopTool.DevelopTest_FW
0xff92f5fc,DeviceUniqueIDCheckSum_FW
0xff932480,DisableDebugLogMode_FW
0xffa71bcc,DisableDISModeChange_FW
0xffa70498,DisableFocusLens_FW
0xffa70514,DisableFocusLensGainLock_FW
0xffa70540,DisableFocusLensWaveLock_FW
0xffa70a14,DisableFocusPiCircuit_FW
0xffa71950,DisableISAutoGyroOffset_FW
0xffa71930,DisableISDriveError_FW
0xffa7096c,DisableLensError_FW
0xffa71c6c,DisableMacroIS_FW
0xffa709f4,DisableMechaCircuit_FW
0xffa70a5c,DisableZoomEncoderCircuit_FW
0xffa71154,DisableZoomLensElectricControl_FW
0xffa70e14,DisableZoomLensEncoderPowerControl_FW
0xffa7112c,DisableZoomLensSpeedControl_FW
0xffa70a38,DisableZoomPiCircuit_FW
0xff853464,DispCon_GetLcdGainAdjParameter_FW
0xff85329c,DispCon_GetVideoAdjParameter_FW
0xff8534b0,DispCon_SaveLcdGainAdjParameter_FW
0xff853324,DispCon_SaveVideoAdjParameter_FW
0xff852e00,DispCon_SetDisplayType_FW
0xff8533a0,DispCon_SetLcdGainAdjParameter_FW
0xff8531b0,DispCon_SetMaxBackLightBrightness_FW
0xff853230,DispCon_SetVideoAdjParameter_FW
0xff852d50,DispCon_ShowBitmapColorBar
0xff852d50,DispCon_ShowBitmapColorBar_FW
0xff852d34,DispCon_ShowBlackChart_FW
0xff852bc4,DispCon_ShowColorBar_FW
0xff852e20,DispCon_ShowColorChart_FW
0xff852dac,DispCon_ShowCustomColorBar_FW
0xff852c1c,DispCon_ShowFiveStep_FW
0xff8534a0,DispCon_ShowLcdGainAdjParameter_FW
0xff853000,DispCon_ShowNStepsChart_FW
0xff8532f8,DispCon_ShowVideoAdjParameter_FW
0xff852cfc,DispCon_ShowWhiteChart_FW
0xff852e44,DispCon_ShowWhiteLine_FW
0xff8531a0,DispCon_TurnOffBackLight_FW
0xff853180,DispCon_TurnOffDisplay_FW
0xff853190,DispCon_TurnOnBackLight_FW
0xff853170,DispCon_TurnOnDisplay_FW
0xff962020,DispDev.Create_FW
0xff95fac8,DispDev_EnableEventProc_FW
0xff82fe64,DisplayFactoryMode_FW
0xff833020,DoAELock
0xff832d24,DoAFLock
0xff95fc20,Driver.Create_FW
0xff95fc20,Driver_EnableEventProc_FW
0xff8142f0,drysh_FW
0xffa71f10,DspDataTranster_FW
0xffa71f20,DspProgTranster_FW
0xff960068,Dump32_FW
0xff960058,Dump_FW
0xff85ac7c,DumpAdjMirror_FW
0xffa4389c,DumpTransparentMemoryItem_FW
0xff8e4164,E2LatOn_FW
0xffa08b8c,EF.AdjPreFlash_FW
0xff8cabb4,EF.IsChargeFull_FW
0xffa08bc8,EF.SetChargeMode_FW
0xffa08aa8,EF.SetEFChargeTimeOut_FW
0xffa08bdc,EF.SetFlashTime_FW
0xffa08b74,EF.SetMainFlashTime_FW
0xffa08a4c,EF.StartEFCharge_FW
0xffa08af0,EF.StartInternalMainFlash_FW
0xffa08abc,EF.StartInternalPreFlash_FW
0xffa08a98,EF.StopEFCharge_FW
0xff93246c,EnableDebugLogMode_FW
0xffa71bdc,EnableDISModeChange_FW
0xffa7044c,EnableFocusLens_FW
0xffa704e8,EnableFocusLensGainLockWithVoltage_FW
0xffa70524,EnableFocusLensWaveLock_FW
0xffa70a04,EnableFocusPiCircuit_FW
0x003f681c,EnableInterrupt
0xffa71940,EnableISAutoGyroOffset_FW
0xffa71920,EnableISDriveError_FW
0xffa7095c,EnableLensError_FW
0xffa71c5c,EnableMacroIS_FW
0xffa709e4,EnableMechaCircuit_FW
0xffa70a4c,EnableZoomEncoderCircuit_FW
0xffa71140,EnableZoomLensElectricControl_FW
0xffa70e04,EnableZoomLensEncoderPowerControl_FW
0xffa71118,EnableZoomLensSpeedControl_FW
0xffa70a28,EnableZoomPiCircuit_FW
0xff90db8c,EngApp.Create_FW
0xff9627e4,EngApp.CreatePub_FW
0xff90db38,EngApp.Delete_FW
0xff82fc40,EngDrvBits
0xffa38e24,EngDrvBits_FW
0xff82fc24,EngDrvIn
0xffa38e14,EngDrvIn_FW
0xff82fc0c,EngDrvOut
0xffa38df8,EngDrvOut_FW
0xff82fc2c,EngDrvRead
0xffa38e1c,EngDrvRead_FW
0xffa38e48,EngDrvReadDump_FW
0xff96279c,EngineDriver.Create_FW
0xff832f88,EnterToCompensationEVF
0xff85ac50,EraseAdjustmentArea_FW
0xff967438,EraseLogSector_FW
0xff87a4f0,EraseRom_FW
0xff960044,EraseSignature_FW
0xff81436c,err_init_task
0xffa6fa60,EscapeFocusLens_FW
0xffa753dc,exec_FW
0xff860f6c,Executedccd_FW
0xff9fe260,ExecuteDefectRec_FW
0xff9fe274,ExecuteDefectRecAndSaveImage_FW
0xff860844,ExecuteDigicon_FW
0xff87cb10,ExecuteEventProcedure
0xff87cb88,ExecuteEventProcedure_FW
0xffadf220,ExecuteInternalPreFlash_FW
0xff989ee4,ExecuteResetFactory_FW
0xff989ecc,ExecuteResetFactoryWithRomWrite_FW
0xff87a120,ExecuteShutDownPropertyService_FW
0xff85fe80,ExecuteTestRec_FW
0xff85fe94,ExecuteTestRecCF_FW
0xff85ff10,ExecuteTestRecDevelopProcess_FW
0xff85fe94,ExecuteTestRecSD_FW
0xff85fec4,ExecuteTestRecSw1_FW
0xff85feac,ExecuteTestRecWithInteg_FW
0xff832fcc,ExitFromCompensationEVF
0x003f6ab4,ExitTask
0x003f6ab4,ExitTask_FW
0xff87b54c,ExMem.AllocCacheable_FW
0xff87b398,ExMem.AllocUncacheable_FW
0xff87b5d4,ExMem.FreeCacheable_FW
0xff87b4d0,ExMem.FreeUncacheable_FW
0xff87aebc,ExMem.View_FW
0xff87b4e4,exmem_alloc
0xff87b55c,exmem_free
0xff831bf0,ExMem_FW
0xff8ab41c,ExpCtrlTool.SetExpMode_FW
0xff83d708,ExpCtrlTool_StartContiAE
0xff83d864,ExpCtrlTool_StopContiAE
0xff87d450,ExportToEventProcedure_FW
0xff961ffc,FA.Create_FW
0xff961fe8,FA.Delete_FW
0xff92fa04,FADBGPrintf_FW
0xff92f964,FADBGSingal_FW
0xff92fb84,FAPrintf_FW
0xff830f3c,Fclose_Fut
0xff830f3c,Fclose_Fut_FW
0xff831128,Feof_Fut
0xff831164,Fflush_Fut
0xff831090,Fgets_Fut
0xff941260,File.ClearExifInfo_FW
0xff9413d4,File.Create_FW
0xff941370,File.Delete_AllImg_FW
0xffa71f00,FirmTranster_FW
0xffadf768,FixAEWithCompensation_FW
0xff97f180,FmtMenu_ExecuteQuickFormat_FW
0xffadf628,FocusAEWithCompensation_FW
0xff830efc,Fopen_Fut
0xff830efc,Fopen_Fut_FW
0xff830fe8,Fread_Fut
0xff830fe8,Fread_Fut_FW
0xff812f68,free
0xffa75368,FreeMemory
0xffa75368,FreeMemory_FW
0xff8342bc,FreeUncacheableMemory
0xff8310dc,Fseek_Fut
0xff8310dc,Fseek_Fut_FW
0xff83103c,Fwrite_Fut
0xff83103c,Fwrite_Fut_FW
0xffa71e38,GetAccelX_atMechaCpu_FW
0xffa71e54,GetAccelY_atMechaCpu_FW
0xffa71e70,GetAccelZ_atMechaCpu_FW
0xff854618,GetAdChValue_FW
0xffadd948,GetAdjAFInteg_FW
0xff85be94,GetAdjDataAreaAddress_FW
0xff85acd4,GetAdjTableMapVersion_FW
0xff85ace4,GetAdjTableValueVersion_FW
0xff85aca0,GetAdjTableVersion_FW
0xff85be70,GetAdjustmentOffset_FW
0xff854610,GetAdVBattBottom_FW
0xff92e53c,GetAEIntegralServiceMode_FW
0xff92e648,GetAEIntegralValueWithFix_FW
0xff92e994,GetAEIntegValueBit_FW
0xff92e548,GetAEIntegWinData_FW
0xff92e55c,GetAEIntegWinDataWithMode_FW
0xff92e76c,GetAllAEIntegralAllValueWithFix_FW
0xff82ed8c,GetBatteryCoverClose_FW
0xff85896c,GetBatteryTemperature
0xff85896c,GetBatteryTemperature_FW
0xff85bd58,GetBpDBAdjustmentOffset_FW
0xff87f8a8,GetBuildDate_FW
0xff87f8b0,GetBuildTime_FW
0xffa43634,GetCameraInformationData_FW
0xffae2df0,GetCaptureInfoData_FW
0xff8588f8,GetCCDTemperature
0xff8588f8,GetCCDTemperature_FW
0xffad8f98,GetCdsGainValue_FW
0xffad90e8,GetCdsPreGainReg_FW
0xff81a038,GetCh_FW
0xffa71f30,GetCheckSum_FW
0xffae0d18,GetContinuousMovieJpegVRAMData_FW
0xffae03b8,GetContinuousVRAMData_FW
0xffae0b54,GetContinuousVRAMDataWithRingBuffer_FW
0xffad9ae0,GetCrwImageInfo_FW
0xffa43494,GetCurrentAdjImgDriveType_FW
0xffad9dbc,GetCurrentAvCoefficient_FW
0xff955bf8,GetCurrentAvValue
0xff955bf8,GetCurrentAvValue_FW
0xff88c3b4,GetCurrentCaptureModeType_FW
0xffa435ec,GetCurrentCcdTemp_FW
0xffad9108,GetCurrentDriveBaseSvValue_FW
0xff89c560,GetCurrentExposureTime_FW
0xff954e74,GetCurrentFocusLensPosition_FW
0xff954e74,GetCurrentFocusPosition_FW
0xffa434a0,GetCurrentImgDrvMode_FW
0xff93005c,GetCurrentMaximumLogSize_FW
0xffa43608,GetCurrentOptTemp_FW
0xff89c264,GetCurrentShutterSpeed_FW
0xff954e0c,GetCurrentTargetDistance_FW
0xffadb324,GetCurrentZoomLensDirection_FW
0xff958d30,GetCurrentZoomLensPoint_FW
0xff958c80,GetCurrentZoomLensPosition_FW
0xff958d30,GetCurrentZoomPoint_FW
0xff958c80,GetCurrentZoomPosition_FW
0xffa6f924,GetCZMovieDefaultSpeed_FW
0xffa6f90c,GetCZMovieHighSpeed_FW
0xffa6f914,GetCZMovieLowSpeed_FW
0xffa6f91c,GetCZStillDefaultSpeed_FW
0xffa6f8fc,GetCZStillHighSpeed_FW
0xffa6f904,GetCZStillLowSpeed_FW
0xff95ff90,GetDateAndTime_FW
0xffae13dc,GetDay_FW
0xff85bd60,GetDccdAdjustmentOffset_FW
0xff861180,GetdccdFilterValue_FW
0xff860fe4,GetdccdImage_FW
0xff85ba38,GetDCPAdjOffset_FW
0xff9fdf80,GetDefectCrawInfo_FW
0xff9fdfec,GetDefectTvAdj_FW
0xff82ed7c,GetDialEventId_FW
0xff86d990,GetDISModeParameter_FW
0xffa71bac,GetDISModeParamType_FW
0xff866458,GetDrive_ClusterSize
0xff8664b0,GetDrive_FreeClusters
0xff866488,GetDrive_TotalClusters
0xff90d860,GetDriverInfoEvent_FW
0x003facd8,GetEventFlagValue
0xffadf130,GetExStrobeID_FW
0xffa341b4,GetFaceAuthBinAddr_FW
0xffa341bc,GetFaceAuthBinSize_FW
0xff87f8b8,GetFirmwareVersion_FW
0xff86db58,GetFixedPWMOutA_FW
0xff86db64,GetFixedPWMOutB_FW
0xff955398,GetFocusDefaultResetPosition_FW
0xffa61f78,GetFocusLensCurrentPosition_FW
0xffa61f7c,GetFocusLensDriveVoltage_FW
0xffa62054,GetFocusLensHoldVoltage_FW
0xffa70604,GetFocusLensLoadCamTable_FW
0xffa70588,GetFocusLensLoadSubjectDistance_FW
0xffa706ec,GetFocusLensMoveMaxPosition_FW
0xffa70704,GetFocusLensMoveMinPosition_FW
0xffa70720,GetFocusLensMoveRangeOfTelePoint_FW
0xffa70580,GetFocusLensPositionRatio_FW
0xff954aec,GetFocusLensPullInMaxSpeed_FW
0xffa61730,GetFocusLensResetDefaultPosition_FW
0xffa61720,GetFocusLensResetPosition_FW
0xffaf86b8,GetFocusLensResetVoltage_FW
0xffa62008,GetFocusLensSettingWaitVoltage_FW
0xff954e0c,GetFocusLensSubjectDistance
0xffa7055c,GetFocusLensSubjectDistance_FW
0xff95525c,GetFocusLensSubjectDistanceFromLens
0xffa70578,GetFocusLensSubjectDistanceNumber_FW
0xff957538,GetFocusPiSensorLevel_FW
0xff95532c,GetFocusResetPosition_FW
0xff86bd40,GetFocusStartZoomPosition_FW
0xffad9cd8,GetFrameRateWithApex_FW
0xff86d3a8,GetGyro10BitDACPitch_FW
0xff86d3b4,GetGyro10BitDACYaw_FW
0xff86d358,GetGyroDataPitch_FW
0xff86d374,GetGyroDataYaw_FW
0xffa7164c,GetGyroFilterCharge_FW
0xffae52ec,GetGyroFilterChargeStatus_FW
0xff86d3e0,GetGyroHPFINOffsetPitch_FW
0xff86d3fc,GetGyroHPFINOffsetYaw_FW
0xff86d418,GetGyroHPFINPitch_FW
0xff86d474,GetGyroHPFINYaw_FW
0xffae1404,GetHour_FW
0xffa49fa4,getImageDirName
0xff9383a4,GetImageFolder
0xff87f928,GetInternalFirmwareVersion_FW
0xff955bf8,GetIrisAv_FW
0xffa71c24,GetISCenterShiftA_FW
0xffa71c40,GetISCenterShiftB_FW
0xffa71af8,GetISCrossTalkComp_FW
0xffae5390,GetISCrossTalkCompCoeff_FW
0xffa712c8,GetISDriveAaxis_FW
0xffa712e8,GetISDriveBaxis_FW
0xffa7166c,GetISFirmVersion_FW
0xff86d3a8,GetISGyro10BitDACPitch_FW
0xff86d3b4,GetISGyro10BitDACYaw_FW
0xff86d358,GetISGyroDataPitch_FW
0xff86d374,GetISGyroDataYaw_FW
0xffa71420,GetISGyroGainAaxis_FW
0xffa71548,GetISGyroGainBaxis_FW
0xffa71568,GetISGyroGainbyAxisType_FW
0xff86d3e0,GetISGyroHPFINOffsetPitch_FW
0xff86d3fc,GetISGyroHPFINOffsetYaw_FW
0xff86d418,GetISGyroHPFINPitch_FW
0xff86d474,GetISGyroHPFINYaw_FW
0xff86d304,GetISGyroPitchGain_FW
0xffae49e0,GetISGyroPitchOffset_FW
0xff86d310,GetISGyroYawGain_FW
0xffae49d8,GetISGyroYawOffset_FW
0xffa71974,GetISHallAmpFirstGain_FW
0xff86d2e0,GetISHallDevicePitchGain_FW
0xff86d2bc,GetISHallDevicePitchOffset_FW
0xff86d2ec,GetISHallDeviceYawGain_FW
0xff86d2c8,GetISHallDeviceYawOffset_FW
0xffa713b4,GetISHallGainAaxis_FW
0xffa713d4,GetISHallGainBaxis_FW
0xffa713f4,GetISHallGainbyAxisType_FW
0xffa71348,GetISHallOffsetAaxis_FW
0xffa71368,GetISHallOffsetBaxis_FW
0xffa71388,GetISHallOffsetbyAxisType_FW
0xffae4da0,GetISHallOffsetDACValue_FW
0xffa718b4,GetISHallOut1Amp_FW
0xff86e190,GetISLensCorrectedEViAaxis_FW
0xff86e1ac,GetISLensCorrectedEViBaxis_FW
0xff86e0c8,GetISLensDampAaxis_FW
0xff86e0d4,GetISLensDampBaxis_FW
0xff86e0f8,GetISLensEViAaxis_FW
0xff86e174,GetISLensEViBaxis_FW
0xffa716bc,GetISParamVersion_FW
0xff86d328,GetISPitchPWM_FW
0xffa71308,GetISPositionAaxis_FW
0xffa71328,GetISPositionBaxis_FW
0xff86d340,GetISShiftLensPitchPosition_FW
0xff86d34c,GetISShiftLensYawPosition_FW
0xff86d334,GetISYawPWM_FW
0xff856978,GetKbdState
0xffae1904,GetLastVBatADLevel_FW
0xff90dac0,GetLatestHVPosition_FW
0xff82ed84,GetLcdPosition_FW
0xff955e5c,GetLensErrorStatus_FW
0xff930000,GetLogData_FW
0xff930008,GetLogDataOnlyAddMemory_FW
0xff9673fc,GetLogToFile_FW
0xffae5288,GetLoopGain_FW
0xffa71ac4,GetLoopGainAdjValue_FW
0xffa719d0,GetLoopGainCalcData_FW
0xffa7183c,GetLPFParallelBest_FW
0xffa71dd8,GetMacroISAngleAndVelocityA_FW
0xffa71e08,GetMacroISAngleAndVelocityB_FW
0xffae54bc,GetMacroISEstimateRadius_FW
0xffae54c4,GetMacroISEstimateVelocity_FW
0xffa71cac,GetMacroISEstimRadiusA_FW
0xffa71d4c,GetMacroISEstimRadiusB_FW
0xffae5490,GetMacroISGain_FW
0xffa71d78,GetMacroISGainA_FW
0xffa71d94,GetMacroISGainB_FW
0xff844e20,GetMacroSupportZoomPoint_FW
0xffa71694,GetMechaDSPVersion_FW
0xffa70bdc,GetMechaShutterCloseDacSetting_FW
0xff958654,GetMechaShutterMoveTime_FW
0xffa70c2c,GetMechaShutterOpenDacSetting_FW
0xff95867c,GetMechaShutterStatus_FW
0xff81508c,GetMemInfo
0xffae142c,GetMinute_FW
0xff8487f8,GetMontblancVSize_FW
0xffae13b0,GetMonth_FW
0xff84bcd0,GetMovieJpegVRAMHPixelsSize_FW
0xff84bcdc,GetMovieJpegVRAMVPixelsSize_FW
0xffa6437c,GetNdMoveTime_FW
0x003f745c,GetNumberOfPostedMessages
0xffad9008,GetObClampValue_FW
0xff92e83c,GetOnlyAEIntegData_FW
0xff8589e0,GetOpticalTemperature
0xff8589e0,GetOpticalTemperature_FW
0xff989bac,GetParameterData
0xffae0ab0,GetPixelsOfViewangle_FW
0xff85be78,GetProductID_FW
0xff880b88,GetPropertyCase
0xff87a5a4,GetRomID_FW
0xff82ed50,GetSDDetect_FW
0xff82ed58,GetSDProtect
0xff82ed58,GetSDProtect_FW
0xffae1454,GetSecond_FW
0xff88464c,GetSelfControllerHandle_FW
0x003f773c,GetSemaphoreValue
0xffad9100,GetSensorPreGain_FW
0xffad9c84,GetShutterSpeedRegularMaxLimit_FW
0xffad9c9c,GetShutterSpeedRegularMinLimit_FW
0x003f67f8,GetSRAndDisableInterrupt
0xff81a088,GetStringWithPrompt_FW
0xffae02cc,GetSumYOfVRAMCenterLine_FW
0xff82ece4,GetSwitchStatus_FW
0xffa753c8,GetSystemTime
0xffa753c8,GetSystemTime_FW
0xff85eb04,GetTestRecCrawAddress_FW
0x003fb844,GetTimeOfSystem_FW
0xffa4397c,GetTransparentMemory_FW
0xffa439c0,GetTransparentMemoryPosition_FW
0xffa4396c,GetTransparentMemorySize_FW
0xffae2d78,GetUnpackCrwIntegralMultiValueForShading_FW
0xffae29a8,GetUnpackCrwIntegralValue_FW
0xffae2c2c,GetUnpackCrwIntegralValueForColorShading_FW
0xffae29c4,GetUnpackCrwIntegralValueForShading_FW
0xffad9c74,GetUserSetShutterSPeed_FW
0xff82c3bc,GetVBatVoltage_FW
0xffadfcc8,GetVideoOutType_FW
0xff84bcb8,GetVRAMHPixelsSize
0xff84bcb8,GetVRAMHPixelsSize_FW
0xff84bcc4,GetVRAMVPixelsSize
0xff84bcc4,GetVRAMVPixelsSize_FW
0xffae1380,GetYear_FW
0xffa65774,GetZoomActuatorCurrentPosition_FW
0xffa65748,GetZoomActuatorSpeedPPS_FW
0xffadbb54,GetZoomDefaultCommonDriveParam_FW
0xffadba70,GetZoomDefaultDriveParam_FW
0xff959934,GetZoomDrivingTime_FW
0xff958d30,GetZoomLensCurrentPoint
0xff958d30,GetZoomLensCurrentPoint_FW
0xffa66524,GetZoomLensCurrentPosition
0xff958c80,GetZoomLensCurrentPosition_FW
0xffa710f8,GetZoomLensDriveAmpereDac_FW
0xff959930,GetZoomLensMechaEdgePosition_FW
0xffadb148,GetZoomLensResetPlus_FW
0xff959190,GetZoomLensTelePoint_FW
0xffadbb08,GetZoomNormalDriveParam_FW
0xff9574f0,GetZoomPiSensorLevel_FW
0xffadbabc,GetZoomResetDriveParam_FW
0xff95a884,GetZoomResetSensorLevel_FW
0xff959190,GetZoomTelePoint_FW
0x003f7704,GiveSemaphore
0x003f7704,GiveSemaphore_FW
0xff89663c,GUISrv_StartGUISystem
0xff89663c,GUISrv_StartGUISystem_FW
0xff835fa4,HardwareDefect_FW
0xff835f50,HardwareDefectWithRestart_FW
0xffae4a20,HitISLensAgainstBottomEdge_FW
0xffae4a0c,HitISLensAgainstLeftEdge_FW
0xffae49f8,HitISLensAgainstRightEdge_FW
0xffae4a34,HitISLensAgainstTopEdge_FW
0xffae4e58,HitISMechaEdgeInOpenControl_FW
0xff930024,InactivateAdjLog_FW
0xff961fc0,InitializeAdjustmentFunction_FW
0xff961f50,InitializeAdjustmentSystem_FW
0xff860710,Initializedccd_FW
0xffae2fc8,InitializeDefectAdjustment_FW
0xffac2344,InitializeDefectRec_FW
0xff860710,InitializeDigicon_FW
0xffa440e8,InitializeFAExtendFile_FW
0xffa440cc,InitializeFAGeneralTest_FW
0xffae32e0,InitializeMechaDevice_FW
0xffa43f8c,InitializeSoundRec_FW
0xff85fb78,InitializeTestRec_FW
0xffad926c,IsAdjCdsMode_FW
0xffa71188,ISAutoCenter_FW
0xff858af8,IsBatteryTemperature_FW
0xff858ac4,IsCCDTemperature_FW
0xffa711c4,ISChangeOPENtoCLOSE_FW
0xff885144,IsControlEventActive_FW
0xffa716f8,ISControlStart_FW
0xffa71708,ISControlStop_FW
0xff8304ec,IsDUIDFixFlag_FW
0xffadfd98,IsEVFDrive_FW
0xffae0104,IsEvfDriveMode_FW
0xffadf138,IsExStrobeChargeComp_FW
0xff830484,IsFactoryMode_FW
0xffa72084,ISFixedPWMOFF_FW
0xffa72070,ISFixedPWMON_FW
0xff955308,IsFocusLensOutSidePosition_FW
0xff82ed94,IsHvSensorExist_FW
0xff86c774,ISInitMotion_FW
0xff86bd1c,IsLensOutside_FW
0xff930050,IsLogOutType_FW
0xffa718d8,ISMDStart_FW
0xffa718e8,ISMDStop_FW
0xffa711b0,ISMoveToMechaEdgeOPEN_FW
0xff830534,IsNormalCameraMode_FW
0xffa341c4,IsOKFaceAuthBinFile_FW
0xff858a90,IsOpticalTemperature_FW
0xffa71718,ISPanModeStart_FW
0xffa71728,ISPanModeStop_FW
0xff967424,IsRomLogAvailable_FW
0xff8cabb4,IsStrobeChargeCompleted
0xffa64f68,IsZoomActuatorResetSensorPlusSide_FW
0xff959570,IsZoomLensOutSidePosition_FW
0xff95fb34,j_BeepDrive_FW
0xff95fb38,j_BeepDriveComp_FW
0xffad9a7c,j_CancelImageDrive_FW
0xffae515c,j_CancelLoopGainCalc_FW
0xffae4e68,j_ChangeToISCloseControl_FW
0xffae4e38,j_ClearISCalcZData_FW
0xffadb570,j_ClearZoomDriveParam_FW
0xff831550,j_Close_FW
0xff8e4718,j_E2LatOn_FW
0xffa08b88,j_EF.IsChargeFull_FW
0xff9600c8,j_exec_FW
0xff989efc,j_ExecuteShutDownPropertyService_FW
0xff831be8,j_ExMem.AllocCacheable_FW
0xff831be0,j_ExMem.AllocUncacheable_FW
0xff831bec,j_ExMem.FreeCacheable_FW
0xff831be4,j_ExMem.FreeUncacheable_FW
0xff831bdc,j_ExMem.View_FW
0xff95fb30,j_GetAdChValue_FW
0xff95fb2c,j_GetAdVBattBottom_FW
0xff92e558,j_GetAEIntegWinData_FW
0xff95fc14,j_GetBatteryCoverClose_FW
0xff858b50,j_GetBatteryTemperature_FW
0xffa43670,j_GetCameraInformationData_FW
0xff858b4c,j_GetCCDTemperature_FW
0xffad9db8,j_GetCurrentAvValue_FW
0xffad9128,j_GetCurrentDriveBaseSvValue_FW
0xffad9ba4,j_GetCurrentExposureTime_FW
0xffadc108,j_GetCurrentFocusLensPosition_FW
0xffadc108,j_GetCurrentFocusPosition_FW
0xffad9bac,j_GetCurrentShutterSpeed_FW
0xffadc0b0,j_GetCurrentTargetDistance_FW
0xffadb320,j_GetCurrentZoomLensPoint_FW
0xffadb31c,j_GetCurrentZoomLensPosition_FW
0xffadb320,j_GetCurrentZoomPoint_FW
0xffadb31c,j_GetCurrentZoomPosition_FW
0xffae19d4,j_GetDCPAdjOffset_FW
0xff95fc0c,j_GetDialEventId_FW
0xffae52e4,j_GetDISModeParameter_FW
0xff95fc1c,j_GetDriverInfoEvent_FW
0xffa720c0,j_GetFixedPWMOutA_FW
0xffa720c4,j_GetFixedPWMOutB_FW
0xffadc0a8,j_GetFocusDefaultResetPosition_FW
0xffa70550,j_GetFocusLensCurrentPosition_FW
0xffa70634,j_GetFocusLensDriveVoltage_FW
0xffa706ac,j_GetFocusLensHoldVoltage_FW
0xffa7071c,j_GetFocusLensPullInMaxSpeed_FW
0xffa70558,j_GetFocusLensResetDefaultPosition_FW
0xffa70554,j_GetFocusLensResetPosition_FW
0xffa706e8,j_GetFocusLensResetVoltage_FW
0xffa70670,j_GetFocusLensSettingWaitVoltage_FW
0xffa70a24,j_GetFocusPiSensorLevel_FW
0xffadc0ac,j_GetFocusResetPosition_FW
0xffa70958,j_GetFocusStartZoomPosition_FW
0xffa715c4,j_GetGyro10BitDACPitch_FW
0xffa715c8,j_GetGyro10BitDACYaw_FW
0xffa71594,j_GetGyroDataPitch_FW
0xffa71598,j_GetGyroDataYaw_FW
0xffa715f4,j_GetGyroHPFINOffsetPitch_FW
0xffa715f8,j_GetGyroHPFINOffsetYaw_FW
0xffa715fc,j_GetGyroHPFINPitch_FW
0xffa71600,j_GetGyroHPFINYaw_FW
0xffa70850,j_GetIrisAv_FW
0xffae501c,j_GetISGyro10BitDACPitch_FW
0xffae5024,j_GetISGyro10BitDACYaw_FW
0xffae4ffc,j_GetISGyroDataPitch_FW
0xffae5004,j_GetISGyroDataYaw_FW
0xffae502c,j_GetISGyroHPFINOffsetPitch_FW
0xffae5034,j_GetISGyroHPFINOffsetYaw_FW
0xffae500c,j_GetISGyroHPFINPitch_FW
0xffae5014,j_GetISGyroHPFINYaw_FW
0xffae4b50,j_GetISGyroPitchGain_FW
0xffae4b4c,j_GetISGyroYawGain_FW
0xffae4ab4,j_GetISHallDevicePitchGain_FW
0xffae4abc,j_GetISHallDevicePitchOffset_FW
0xffae4ab0,j_GetISHallDeviceYawGain_FW
0xffae4ab8,j_GetISHallDeviceYawOffset_FW
0xffae4dd0,j_GetISLensCorrectedEViAaxis_FW
0xffae4dd4,j_GetISLensCorrectedEViBaxis_FW
0xffae4dd8,j_GetISLensDampAaxis_FW
0xffae4ddc,j_GetISLensDampBaxis_FW
0xffae4dc8,j_GetISLensEViAaxis_FW
0xffae4dcc,j_GetISLensEViBaxis_FW
0xffae4bb4,j_GetISPitchPWM_FW
0xffae4dc0,j_GetISShiftLensPitchPosition_FW
0xffae4dc4,j_GetISShiftLensYawPosition_FW
0xffae4bb0,j_GetISYawPWM_FW
0xff95fc10,j_GetLcdPosition_FW
0xffa70954,j_GetLensErrorStatus_FW
0xffa70c78,j_GetMechaShutterMoveTime_FW
0xffa70c74,j_GetMechaShutterStatus_FW
0xffae0be8,j_GetMovieJpegVRAMHPixelsSize_FW
0xffae0bec,j_GetMovieJpegVRAMVPixelsSize_FW
0xffa70dc4,j_GetNdMoveTime_FW
0xff858b48,j_GetOpticalTemperature_FW
0xff95fbf4,j_GetSDDetect_FW
0xff95fbf8,j_GetSDProtect_FW
0xff95fbe0,j_GetSwitchStatus_FW
0xffae190c,j_GetVBatVoltage_FW
0xffae0334,j_GetVRAMHPixelsSize_FW
0xffae0338,j_GetVRAMVPixelsSize_FW
0xffa65754,j_GetZoomActuatorCurrentPosition_FW
0xffadb4cc,j_GetZoomDrivingTime_FW
0xffa71168,j_GetZoomLensCurrentPoint_FW
0xffa7116c,j_GetZoomLensCurrentPosition_FW
0xffa71174,j_GetZoomLensMechaEdgePosition_FW
0xffa71170,j_GetZoomLensTelePoint_FW
0xffa70a48,j_GetZoomPiSensorLevel_FW
0xffadb490,j_GetZoomResetSensorLevel_FW
0xffadb48c,j_GetZoomTelePoint_FW
0xff9fe2c0,j_InitializeDefectRec_FW
0xff858b5c,j_IsBatteryTemperature_FW
0xff858b58,j_IsCCDTemperature_FW
0xffadc680,j_IsFocusLensOutSidePosition_FW
0xff95fc18,j_IsHvSensorExist_FW
0xffa70950,j_IsLensOutside_FW
0xff858b54,j_IsOpticalTemperature_FW
0xffa65758,j_IsZoomActuatorResetSensorPlusSide_FW
0xffadb748,j_IsZoomLensOutSidePosition_FW
0xffa118a4,j_LiveImageTool.GetDzoomPosition_FW
0xff96003c,j_MemoryChecker_FW
0xff960038,j_MonSelEvent_FW
0xffae4dbc,j_MoveISLensToCentralPosition_FW
0xff831bd8,j_NewTaskShell_FW
0xff83154c,j_Open_FW
0xff87e0c4,j_OpLog.WriteToROM_FW
0xff9600b0,j_Peek16_FW
0xff9600ac,j_Peek32_FW
0xff9600b4,j_Peek8_FW
0xff960034,j_Printf_FW
0xff86e5c0,j_PT_GetDigitalZoomPosition_FW
0xff8857d0,j_PTM_AllReset_FW
0xff885cc0,j_PTM_BackupUIProperty_FW
0xff885c10,j_PTM_GetWorkingCaptureMode_FW
0xff885ca4,j_PTM_IsEnableItem_FW
0xff885c8c,j_PTM_NextItem_FW
0xff885c90,j_PTM_PrevItem_FW
0xff885c14,j_PTM_SetCurrentItem_FW
0xff885ca8,j_PTM_SetProprietyEnable_FW
0xff831b58,j_PutsCameraLogEvent_FW
0xff831650,j_Read_FW
0xffadea94,j_ReloadAFAdjustment_FW
0xffad9004,j_ReloadCdsAdjustment_FW
0xffadf2b0,j_ReloadColorAdjustment_FW
0xffadf148,j_ReloadEfAdjustment_FW
0xffadc0a4,j_ReloadFocusLensAdjustment_FW
0xffad9db4,j_ReloadGetaAdjustment_FW
0xffad9db0,j_ReloadIrisAdjustment_FW
0xffad9f30,j_ReloadNdFilterAdjustment_FW
0xffadacc0,j_ReloadWBAdjustment_FW
0xffadb3d8,j_ReloadZoomAdjustment_FW
0xff960054,j_SDump_FW
0xffae4db8,j_SearchBCentralPosition_FW
0xffae4db8,j_SearchISLensCentralPosition_FW
0xffadc6b8,j_SetFocusResetState_FW
0xffadb754,j_SetZoomResetState_FW
0xff831b4c,j_ShowCameraLog_FW
0xff831b50,j_ShowCameraLogInfo_FW
0xffae4aac,j_StartBDrive_FW
0xffae4db0,j_StartBPanDrive_FW
0xff831b48,j_StartCameraLog_FW
0xffae4da8,j_StartISAdjustmentDrive_FW
0xffae4aac,j_StartISDrive_FW
0xffa711ac,j_StartISLocalAutoCenter_FW
0xffa711a8,j_StartISLocalHallAdjust_FW
0xffae4db0,j_StartISPanDrive_FW
0xffae4aa8,j_StopBDrive_FW
0xffae4db4,j_StopBPanDrive_FW
0xff831b54,j_StopCameraLog_FW
0xffae033c,j_StopContinuousVRAMData_FW
0xffae4dac,j_StopISAdjustmentDrive_FW
0xffae4aa8,j_StopISDrive_FW
0xffae4db4,j_StopISPanDrive_FW
0xff81af1c,j_strcmp_FW
0xff9fe2c4,j_TerminateDefectRec_FW
0xff961304,j_UIFS_CancelStoreLensTimer_FW
0xff960e38,j_UIFS_Capture_FW
0xff960e3c,j_UIFS_CaptureNoneStop_FW
0xff9612f0,j_UIFS_GetNumberOfDisplayedImage_FW
0xff960e04,j_UIFS_GetNumOfOptZoomPos_FW
0xff9612ec,j_UIFS_IsAvailableShots_FW
0xff960e00,j_UIFS_MoveZoomTo_FW
0xff960e40,j_UIFS_StartMovieRecord_FW
0xff960e44,j_UIFS_StopMovieRecord_FW
0xff960e5c,j_UIFS_WriteFirmInfoToFile_FW
0xff95fb48,j_VbattGet_FW
0xff960040,j_VerifyByte_FW
0xff831654,j_Write_FW
0xffa71e8c,JumpToProgFirst_FW
0xff82edec,kbd_p1_f
0xff82edf8,kbd_p1_f_cont
0xff82e5e4,kbd_p2_f
0xff82ed9c,kbd_read_keys
0xff856494,kbd_read_keys_r2
0xff90b3b0,LcdCon_GetLcdAdjParameter_FW
0xff90b064,LcdCon_GetLcdBackLightParameter_FW
0xff90b5bc,LcdCon_GetLcdParameter_FW
0xff90b438,LcdCon_SaveLcdAdjParameter_FW
0xff90b0e8,LcdCon_SaveLcdBackLightParameter_FW
0xff90b644,LcdCon_SaveLcdParameter_FW
0xff90b314,LcdCon_SetLcdAdjParameter_FW
0xff90afe4,LcdCon_SetLcdBackLightBrightness_FW
0xff90b010,LcdCon_SetLcdBackLightParameter_FW
0xff90b2c8,LcdCon_SetLcdDriver_FW
0xff90b454,LcdCon_SetLcdParameter_FW
0xff90b3f8,LcdCon_ShowLcdAdjParameter_FW
0xff90b0a8,LcdCon_ShowLcdBackLightParameter_FW
0xff90b604,LcdCon_ShowLcdParameter_FW
0xff90b77c,LcdCon_StartLcdPeriodicalSetting_FW
0xff90b7b0,LcdCon_StopLcdPeriodicalSetting_FW
0xffa9fdd4,LCDMsg_ChangeColor_FW
0xffa9fc18,LCDMsg_Create_FW
0xffa9f90c,LCDMsg_Delete_FW
0xffa9f8cc,LCDMsg_Move_FW
0xffa9fcfc,LCDMsg_SetNum_FW
0xffa9fd0c,LCDMsg_SetStr_FW
0xffa9fcac,LCDMsg_SwDisp_FW
0xff95fb4c,LEDDrive
0xff95fb4c,LEDDrive_FW
0xff9fdc14,LineDefDetect_FW
0xff9fdd4c,LineKizuCheck_FW
0xffa11834,LiveImageTool.ChangeDzoom_FW
0xffa118bc,LiveImageTool.Dister_FW
0xffa117a4,LiveImageTool.DzoomTele_FW
0xffa117c4,LiveImageTool.DzoomWide_FW
0xff84b368,LiveImageTool.GetDzoomPosition_FW
0xffa118a8,LiveImageTool.Jump_FW
0xffa11814,LiveImageTool.Pause_FW
0xffa11824,LiveImageTool.Resume_FW
0xffa11640,LiveImageTool.StartEVF_FW
0xffa1164c,LiveImageTool.StartEVFFocusJet_FW
0xffa11658,LiveImageTool.StartEVFMF_FW
0xffa1178c,LiveImageTool.StartEVFMovFULLHD_FW
0xffa11778,LiveImageTool.StartEVFMovHD_FW
0xffa11754,LiveImageTool.StartEVFMovQVGA_FW
0xffa11770,LiveImageTool.StartEVFMovQVGA_HS_FW
0xffa11740,LiveImageTool.StartEVFMovVGA_FW
0xffa11768,LiveImageTool.StartEVFMovVGA_HS_FW
0xffa117e4,LiveImageTool.StopDzoom_FW
0xffa11794,LiveImageTool.StopEVF_FW
0xff85ae5c,LoadAdjustmentTable_FW
0xff85b290,LoadAdjustmentValue_FW
0xff92f510,LoadDataFromAdjTableBin_FW
0xff85ae94,LoadDefectAdjTable_FW
0xff92f760,LoadFactoryIDData_FW
0xffae16a0,LoadFactoryNumber_FW
0xff92f410,LoadParamDataFromAdjTableBin_FW
0xff87a840,LoadScript_FW
0xffae1820,LoadSerialNumber_FW
0x003fb1b8,LocalTime
0xff885438,LockMainPower
0xff885438,LockMainPower_FW
0xff87d9fc,LogCameraEvent
0xff8316c0,Lseek
0xff8316c0,lseek
0xff8316c0,Lseek_FW
0xffa758c4,MakeBootDisk_FW
0xffa758d8,MakeScriptDisk_FW
0xff8666e8,MakeSDCardBootable
0xff812f10,malloc
0xff95f938,Mecha.Create_FW
0xffa7211c,MechaCPUMemoryDump_FW
0xffa72138,MechaCPUMemoryWrite_FW
0xff95f9ac,MechaReset_FW
0xff95f9b8,MechaTerminate_FW
0xff95f8dc,MechaUnRegisterEventProcedure_FW
0xff81ae20,memcmp
0xff81ae20,memcmp_FW
0xff8371fc,memcpy
0xff8371fc,memcpy_FW
0xffa74ee8,MemoryChecker_FW
0xff9dbc58,memset
0xff9dbc58,memset_FW
0xff810df4,memShow_FW
0xff9fd3e8,MergeAndConvertDefect_FW
0xff9fd788,MergeSensAndEightDefect_FW
0xff831940,mkdir
0xff8982d8,mktime_ext
0xffa7544c,MonSelEvent_FW
0xffadb8a8,MoveComputerZoomToPoint_FW
0xff88450c,MoveControllerToTopOfZOrder_FW
0xff953aa8,MoveCzPeakPositon_FW
0xffa6f808,MoveCZToPoint_FW
0xffa6f8a0,MoveCZToPointByOVF_FW
0xffa6f870,MoveCZToTele_FW
0xffa6f840,MoveCZToWide_FW
0xffaf7688,MoveDCMotorCCW_FW
0xffaf7600,MoveDCMotorCW_FW
0xffa6ff1c,MoveFocusActuator_FW
0xffadc448,MoveFocusDistance_FW
0xffadc448,MoveFocusLensToDistance
0xffadc448,MoveFocusLensToDistance_FW
0xffadc334,MoveFocusLensToPosition_FW
0xffadc21c,MoveFocusLensToPositionWithMaxSpeed_FW
0xffadc260,MoveFocusLensToPositionWithSpeed_FW
0xffa6fad8,MoveFocusLensToTerminate_FW
0xffadc138,MoveFocusLensToTerminatePosition_FW
0xffa6fb34,MoveFocusLensWithDistance_FW
0xffa6fc3c,MoveFocusLensWithPosition_FW
0xffa6fd54,MoveFocusLensWithPositionImmediateReturn_FW
0xffa6fe10,MoveFocusLensWithPositionWithoutBacklash_FW
0xffadc380,MoveFocusPosition_FW
0xffadc138,MoveFocusToTerminate_FW
0xffad9ebc,MoveIrisFullClose_FW
0xffad9e88,MoveIrisFullOpen_FW
0xffad9d64,MoveIrisToAv_FW
0xffa707f8,MoveIrisToTerminatePosition_FW
0xffa70800,MoveIrisWithAv
0xffa70800,MoveIrisWithAv_FW
0xffa70828,MoveIrisWithAvWithoutBacklash_FW
0xffae4a80,MoveISLensToBottomLimitPosition_FW
0xff86d110,MoveISLensToCentralPosition_FW
0xffae4a6c,MoveISLensToLeftLimitPosition_FW
0xffae4a58,MoveISLensToRightLimitPosition_FW
0xffae4a94,MoveISLensToTopLimitPosition_FW
0xffa708d0,MoveLensToFirstPoint_FW
0xffa70918,MoveLensToTerminatePoint_FW
0xffa656ec,MoveZoomActuator_FW
0xffa71044,MoveZoomLensToMechaEdge_FW
0xffadbe2c,MoveZoomLensToMechaEnd_FW
0xffadb86c,MoveZoomLensToPoint_FW
0xffadb830,MoveZoomLensToPosition_FW
0xffadbf08,MoveZoomLensToPositionByManual_FW
0xffa71004,MoveZoomLensToTerminatePosition_FW
0xffa70f34,MoveZoomLensWithPoint
0xffa70f34,MoveZoomLensWithPoint_FW
0xffa70f78,MoveZoomLensWithPointImmediateReturn_FW
0xffa70fc0,MoveZoomLensWithPosition_FW
0xffadb86c,MoveZoomPoint_FW
0xffadb830,MoveZoomPosition_FW
0xff880508,NewTaskShell
0xff880568,NewTaskShell_FW
0xffae5510,NotifyISMacroDistance_FW
0xff9e426c,NR_GetDarkSubType
0xff9e41a4,NR_SetDarkSubType
0xff9657e4,NR_SetDoubleNRType_FW
0xff9657d0,NR_SetLotasPonyType_FW
0xff9e426c,NRTBL.GetDarkSubType_FW
0xff9e42cc,NRTBL.GetDefectCorrectType_FW
0xff9e41a4,NRTBL.SetDarkSubType_FW
0xff9e4240,NRTBL.SetDefectCorrectType_FW
0xff9e42ac,NRTBL.SetTassenType_FW
0xff95fbd0,OffPrintPhySw_FW
0xffadab90,OneShotWhigeBalance_FW
0xffadab90,OneTypeWhiteBalance_FW
0xff95fbc0,OnPrintPhySw_FW
0xff8313dc,Open
0xff8158f4,open
0xff8313dc,Open_FW
0xff81a128,OpenConsole_FW
0xffa5696c,OpenFastDir
0xff8316e0,OpenForScrip_FW
0xffa70b64,OpenMechaShutter_FW
0xffada040,OpenMShutter_FW
0xff831b5c,OpLog.Create_FW
0xff87ead8,OpLog.Get_FW
0xff87eaf8,OpLog.GetUsrSet_FW
0xff87ebb8,OpLog.Play_FW
0xff87e0f8,OpLog.ReadFromROM_FW
0xff87e160,OpLog.ReadFromSD_FW
0xff87edd0,OpLog.Start_FW
0xff87e068,OpLog.Stop_FW
0xff87eeb0,OpLog.Terminate_FW
0xff87e094,OpLog.WriteToROM_FW
0xff87e590,OpLog.WriteToSD_FW
0xff92fbd4,OutputLogToFile_FW
0xff888168,PB2Rec
0xffa75398,Peek16_FW
0xffa75390,Peek32_FW
0xffa753a0,Peek8_FW
0xff9fd148,PointDefDetect_FW
0xff9fd9b0,PointKizuCheck_FW
0xff96008c,Poke16_FW
0xff96007c,Poke32_FW
0xff96009c,Poke8_FW
0xff884d38,PostEventShootSeqToUI_FW
0xff884b2c,PostLogicalEventForNotPowerType
0xff884b2c,PostLogicalEventForNotPowerType_FW
0xff884b78,PostLogicalEventToUI
0xff884b78,PostLogicalEventToUI_FW
0x003f7364,PostMessageQueue
0x003f7b90,PostMessageQueueStrictly
0xffadf844,PreFixAE_FW
0xff85b570,PrintAdjKabotanInfo_FW
0xff85b2b4,PrintAdjTableMap_FW
0xff92d498,PrintAllAEIntegData_FW
0xff87a834,Printf_FW
0xff92f944,PrintFaexeVersioin_FW
0xff92f910,PrintFirmVersion_FW
0xffadeb64,PrintMultiWinScanTable_FW
0xffadead0,PrintScanTable_FW
0xff86e5c4,PT_ChangeZoomSpeed_FW
0xff86e3b4,PT_CompleteCaptModeChange_FW
0xff86e3c4,PT_CompleteCharge_FW
0xff86e3cc,PT_CompleteFileWrite_FW
0xff86e37c,PT_CompletePreCapt_FW
0xff86e39c,PT_CompleteStopDigZoom_FW
0xff86e394,PT_CompleteStopZoom_FW
0xff86e3a4,PT_CompleteStoreLens_FW
0xff86e3bc,PT_CompleteSynchroWrite_FW
0xff86e5f8,PT_DoAELock_FW
0xff86e5d8,PT_DoAFLock_FW
0xff86e3dc,PT_EraseAllFile_FW
0xff832a90,PT_GetDigitalZoomPosition_FW
0xff86e5ac,PT_GetDigitalZoomTele_FW
0xff86e4c0,PT_GetPropertyCaseInt_FW
0xff86e648,PT_MFOff_FW
0xff86e638,PT_MFOn_FW
0xff86e474,PT_mod_FW
0xff86e598,PT_MoveDigitalZoomAt_FW
0xff86e578,PT_MoveDigitalZoomToTele_FW
0xff86e588,PT_MoveDigitalZoomToWide
0xff86e588,PT_MoveDigitalZoomToWide_FW
0xff86e560,PT_MoveOpticalZoomAt
0xff86e560,PT_MoveOpticalZoomAt_FW
0xff86e538,PT_MoveOpticalZoomToTele_FW
0xff86e54c,PT_MoveOpticalZoomToWide_FW
0xff86e3ac,PT_MovieRecordStopped_FW
0xff86e38c,PT_NextShootAvailable_FW
0xff87734c,PT_PlaySound
0xff86e384,PT_RecreviewAvailable_FW
0xff86e658,PT_SetLtKids_FW
0xff86e498,PT_SetPropertyCaseInt_FW
0xff86e3d4,PT_ShootPicture_FW
0xff86e608,PT_UnlockAE_FW
0xff86e5e8,PT_UnlockAF_FW
0xff988e60,PTM_AllReset_FW
0xff8857c0,PTM_AllResetToFactorySetting_FW
0xff989b1c,PTM_BackupUIProperty_FW
0xff885c20,PTM_GetCurrentItem_FW
0xff9891c0,PTM_GetWorkingCaptureMode_FW
0xff989a50,PTM_IsEnableItem_FW
0xff9894f0,PTM_NextItem_FW
0xff9894f8,PTM_PrevItem_FW
0xff885cc4,PTM_RestoreUIProperty_FW
0xff885ad4,PTM_SetCurrentCaptureMode_FW
0xff9891d8,PTM_SetCurrentItem_FW
0xff989808,PTM_SetProprietyEnable_FW
0xffa70d0c,PutInNdFilter
0xffad9f48,PutInNdFilter_FW
0xffa70d30,PutOutNdFilter
0xffad9f80,PutOutNdFilter_FW
0xff87d6d4,PutsCameraLogEvent_FW
0xff9dbbf8,qsort
0xff8e4528,QuietImager_FW
0xff815b48,Read
0xff815b48,read
0xff815b48,Read_FW
0xffa56ac0,ReadFastDir
0xff9dbcd4,realloc
0xffa5be9c,reboot_fw_update
0xff8881a8,Rec2PB
0xffa70a90,ReceiveMechaCircuitDataAll_FW
0x003f7218,ReceiveMessageQueue
0x003f7b64,ReceiveMessageQueueStrictly
0xff85b558,RefreshAdjustmentTableMirror_FW
0xff85b568,RefreshDefectTableMirror_FW
0xff896d88,RefreshPhysicalScreen
0xffadf368,RegistColorMatrix_FW
0xff87c9e8,RegisterEventProcedure
0x003f67bc,RegisterInterruptHandler
0xff861254,RegistFirmScanNoticeCBR_FW
0x003fb018,ReleaseRecursiveLock
0xff845edc,ReloadAFAdjustment_FW
0xff8e5924,ReloadCdsAdjustment_FW
0xffa14818,ReloadColorAdjustment_FW
0xffae2f84,ReloadDefectAdjustmentData_FW
0xffa06570,ReloadEfAdjustment_FW
0xff955404,ReloadFocusLensAdjustment_FW
0xff955de4,ReloadGetaAdjustment_FW
0xff955dd0,ReloadIrisAdjustment_FW
0xffae5190,ReloadISAdjustment_FW
0xff95880c,ReloadNdFilterAdjustment_FW
0xffae2f4c,ReloadShadingAdjustmentData_FW
0xff8c2890,ReloadWBAdjustment_FW
0xff959744,ReloadZoomAdjustment_FW
0xffa4394c,RemoveTransparentMemory_FW
0xff830d9c,RenameFile_Fut
0xffadc4b0,ResetFocus_FW
0xffa6fa04,ResetFocusLens
0xffa6fa04,ResetFocusLens_FW
0xffa707d4,ResetIris_FW
0xff860a50,ResetRegistNoticeCBR_FW
0xffadb794,ResetZoom_FW
0xffa70e88,ResetZoomLens
0xffa70e88,ResetZoomLens_FW
0xffa70eb4,ResetZoomLensToFirst_FW
0xffa70ef4,ResetZoomLensToTermiante_FW
0xffadb8e4,ResetZoomToAdjFirstPoint_FW
0xffadb928,ResetZoomToAdjTerminatePoint_FW
0xffadb7c8,ResetZoomToFirst_FW
0xffadb7c8,ResetZoomToFirstPoint_FW
0xffadb7fc,ResetZoomToTerminate_FW
0xffadb7fc,ResetZoomToTerminatePoint_FW
0xff835a90,Restart
0xff87fba8,RomCheckSum_FW
0xff819da8,RotateConsoleZOder_FW
0xff85b1dc,SaveAdjustmentTable_FW
0xff85b25c,SaveAdjustmentValue_FW
0xffae0fd0,SaveBatSenseOffsetAdjustmentTable_FW
0xff96218c,SaveBmpVRAMData_FW
0xff85b244,SaveDefectAdjTable_FW
0xff92f740,SaveFactoryIDData_FW
0xffae1910,SaveFactoryReserveData_FW
0xffadc74c,SaveFocusResetPulse_FW
0xffae14cc,SaveFromImage_FW
0xff96254c,SavePaletteData
0xff96254c,SavePaletteData_FW
0xff91361c,Scene.ForbidContiSceneDetect_FW
0xff9136a4,Scene.TestBabySleep_FW
0xff913674,Scene.TestBabySmile_FW
0xff913704,Scene.TestHumanSleep_FW
0xff9136d4,Scene.TestHumanSmile_FW
0xff913734,Scene.TestKidMove_FW
0xff913648,Scene.TestSunset_FW
0xff897da8,ScreenLock
0xff897e0c,ScreenUnlock
0xffa75148,SDump_FW
0xff86d0a8,SearchBCentralPosition_FW
0xff86d0a8,SearchISLensCentralPosition_FW
0xffadd428,SelectAdjBPFilter_FW
0xffa7186c,SelectPositionSignal_FW
0xffa70a6c,SendMechaCircuitData_FW
0xff9fda0c,SensDefCrowdCheck_FW
0xff884e74,set_control_event
0xffadf7c8,SetAdj_AEMode_FW
0xff92eda0,SetAdjAEIntegSmearLimitter_FW
0xffadd9e0,SetAdjAFIntegCrwAdd_FW
0xffadd448,SetAdjAFWinPos_FW
0xffad9234,SetAdjCdsMode_FW
0xffadf6a0,SetAE_CdsGainValue_FW
0xffadf564,SetAE_ShutterSpeed
0xffadf564,SetAE_ShutterSpeed_FW
0xff92ed24,SetAEIntegAverageOBData_FW
0xff92e080,SetAEIntegCorrectProperty_FW
0xff92e11c,SetAEIntegralGetaTime_FW
0xff92e0dc,SetAEIntegralValueProperty_FW
0xff92dff8,SetAEIntegStrobeProperty_FW
0xff92e978,SetAEIntegValueBit_FW
0xff92e924,SetAEIntegWindowsMode_FW
0xff8854ac,SetAutoShutdownTime
0xff8854ac,SetAutoShutdownTime_FW
0xffadd488,SetBPFilterForBP_FW
0xffad9054,SetCDSGain_FW
0xffad914c,SetCDSGainStep_FW
0xffad9054,SetCdsGainValue_FW
0xffad90a0,SetCdsPreGainReg_FW
0xff88c324,SetCurrentCaptureModeType
0xff88c324,SetCurrentCaptureModeType_FW
0xff953ab0,SetCzDebugFocusMode_FW
0xff953ab0,SetCzDebugSubjectDistance_FW
0xffae0fe8,SetDate_FW
0xffae11ec,SetDay_FW
0xffaf7710,SetDCMotorWaitTime_FW
0xff92edb0,SetDefaultAEIntegSmearLimitter_FW
0xff932140,SetDefaultRecParameter_FW
0xff9fe104,SetDefectRecParam_FW
0xffad8fc0,SetDeltaCDSGain_FW
0xffa71b98,SetDISModeParam_FW
0xffae52c4,SetDISModeParameter_FW
0xffa71ed8,SetDspDataEndAddress_FW
0xffa71eec,SetDspProgEndAddress_FW
0xff830330,SetDUIDFixFlag_FW
0xff830238,SetDurianMode_FW
0x003fac6c,SetEventFlag
0xffadf140,SetExStrobeMode_FW
0xff830430,SetFactoryMasterFlag_FW
0xff830460,SetFactoryMasterROMProtection_FW
0xff8302b8,SetFactoryMode_FW
0xffae1690,SetFactorySerialNumber_FW
0xffa437a4,SetFaexeEventTableActivation_FW
0xff8318a8,SetFileAttributes
0xff831830,SetFileTimeStamp
0xffa71ec4,SetFirmEndAddress_FW
0xffa71eb0,SetFirmSRDYWait_FW
0xffa72098,SetFixedPWMOutA_FW
0xffa720ac,SetFixedPWMOutB_FW
0xffa7014c,SetFocusLensAccelerationTable_FW
0xffa702d8,SetFocusLensCondition_FW
0xffa702c4,SetFocusLensDefaultPullOutTable_FW
0xffa70638,SetFocusLensDriveVoltage_FW
0xffa706b0,SetFocusLensHoldVoltage_FW
0xffa7042c,SetFocusLensMaxSpeedLimit_FW
0xffa70674,SetFocusLensSettingWaitVoltage_FW
0xffa70250,SetFocusLensSlowdownTable_FW
0xffa7001c,SetFocusLensSpeed_FW
0xffa70098,SetFocusLensSpeedTable_FW
0xffa61f74,SetFocusResetState_FW
0xffa7159c,SetGyro10BitDACPitch_FW
0xffa715b0,SetGyro10BitDACYaw_FW
0xffa7161c,SetGyroFilterChargeStart_FW
0xffa71634,SetGyroFilterChargeStop_FW
0xffa715cc,SetGyroHPFINOffsetPitch_FW
0xffa715e0,SetGyroHPFINOffsetYaw_FW
0xffae1254,SetHour_FW
0xff87c0f0,SetHPTimerAfterNow
0xff87c170,SetHPTimerAfterTimeout
0xff95fbfc,SetIgnoreAVJACK_FW
0xffae0fe0,SetImageMode_FW
0xffae0fbc,SetInputVoltage_FW
0xffa71bec,SetISAdjData_FW
0xffa71bfc,SetISCenterShiftA_FW
0xffa71c10,SetISCenterShiftB_FW
0xffa717d8,SetISControlType_FW
0xffa71b48,SetISCrossTalkCompA1_FW
0xffa71b5c,SetISCrossTalkCompA2_FW
0xffa71b70,SetISCrossTalkCompB1_FW
0xffa71b84,SetISCrossTalkCompB2_FW
0xffae536c,SetISCrossTalkCompCoeff_FW
0xffae4de8,SetISCutOffFreqIndex_FW
0xffa711d4,SetISDriveAaxis_FW
0xffa711e8,SetISDriveBaxis_FW
0xffa71d68,SetISFocusLensDistance_FW
0xffae4f94,SetISGyro10BitDACPitch_FW
0xffae4fb0,SetISGyro10BitDACYaw_FW
0xffae50c0,SetISGyroCompensationMode_FW
0xffae5044,SetISGyroFilterCharge_FW
0xffa71284,SetISGyroGainAaxis_FW
0xffa71298,SetISGyroGainBaxis_FW
0xffa712ac,SetISGyroGainbyAxisType_FW
0xffae4fcc,SetISGyroHPFINOffsetPitch_FW
0xffae4fe8,SetISGyroHPFINOffsetYaw_FW
0xffae4c8c,SetISGyroPitchGain_FW
0xffae4ca0,SetISGyroPitchOffset_FW
0xffae4c5c,SetISGyroYawGain_FW
0xffae4c9c,SetISGyroYawOffset_FW
0xffa71960,SetISHallAmpFirstGain_FW
0xffae4cf8,SetISHallDevicePitchGain_FW
0xffae4d5c,SetISHallDevicePitchOffset_FW
0xffae4cc8,SetISHallDeviceYawGain_FW
0xffae4d2c,SetISHallDeviceYawOffset_FW
0xffa71240,SetISHallGainAaxis_FW
0xffa71254,SetISHallGainBaxis_FW
0xffa71268,SetISHallGainbyAxisType_FW
0xffa711fc,SetISHallOffsetAaxis_FW
0xffa71210,SetISHallOffsetBaxis_FW
0xffa71224,SetISHallOffsetbyAxisType_FW
0xffa71890,SetISHPFCutoff_FW
0xffae4de8,SetISHPFCutOffFreqIndex_FW
0xffae52a4,SetISLensPWMMode_FW
0xffa718f8,SetISLPFAaxis_FW
0xffa7190c,SetISLPFBaxis_FW
0xffae4df8,SetISLPFCutOffFreqAaxis_FW
0xffae4e08,SetISLPFCutOffFreqBaxis_FW
0xffae54fc,SetISMacroMode_FW
0xffa717fc,SetISMovieStatus_FW
0xffae4c14,SetISPitchPWM_FW
0xffa717ec,SetISStillStatus_FW
0xffa71604,SetISTuningFlag_FW
0xffae506c,SetISTuningMode_FW
0xffae50a0,SetISTuningOff_FW
0xffae4c28,SetISYawPWM_FW
0xffae147c,SetLangMenuType_FW
0xffa7097c,SetLensOutsideFlag_FW
0xff92ecf8,SetLineDefMarkThroughMode_FW
0xff8851b4,SetLogicalEventActive
0xffae5270,SetLoopGain_FW
0xffa71a24,SetLoopGainAdjValue_FW
0xffae4e1c,SetLPFForParallelFilter_FW
0xffa71820,SetLPFParallelBest_FW
0xffae5498,SetMacroISGain_FW
0xffa71db0,SetMacroISGainA_FW
0xffa71dc4,SetMacroISGainB_FW
0xffa70bc0,SetMechaShutterCloseDacSetting_FW
0xffa70c7c,SetMechaShutterMoveTime_FW
0xffa70c10,SetMechaShutterOpenDacSetting_FW
0xffa70c60,SetMechaShutterWaitTimeSetting_FW
0xffae12b8,SetMinute_FW
0xff8487e4,SetMontblancVSize_FW
0xffae1190,SetMonth_FW
0xffa70ddc,SetNdDriveVoltageSetting_FW
0xffa70dc8,SetNdMoveTime_FW
0xffad904c,SetObClamp_FW
0xffad904c,SetObClampValue_FW
0xffadab10,SetOneShotWBParam_FW
0xffadab10,SetOneTypeWBParam_FW
0xff989b1c,SetParameterData
0xffaf75b8,SetPMByGpio_FW
0xffa7205c,SetPoweredISOFF_FW
0xffa72048,SetPoweredISON_FW
0xffae196c,SetProductVolume_FW
0xff880a00,SetPropertyCase
0xffa0f178,SetPTGDefaultData_FW
0xff95fbb0,SetRawSWCheckMode_FW
0xffadac1c,SetReferenceWBGainForCalibration_FW
0xffadd0d8,SetScanLensIndex_FW
0xffadd1dc,SetScanWindowMode_FW
0xff885204,SetScriptMode
0xff885204,SetScriptMode_FW
0xff95fb0c,SetSDPwrPort_FW
0xffae131c,SetSecond_FW
0xffad90f0,SetSensorPreGain_FW
0xffad9c28,SetShutterSpeed_FW
0xffad9bd8,SetShutterSpeedWithMecha_FW
0x003f67fc,SetSR
0xff95fb3c,SetStereoSeparation_FW
0xffa0f18c,SetTassenAdjSGMode_FW
0xff860684,SetTestRecSkimmingYUV_FW
0xff834650,SetTimerAfter
0xff8346d0,SetTimerWhen
0xffadac48,SetToolCorrectCoefficient_FW
0xffadfd90,SetVideoOutType_FW
0xffae2f60,SetWBTemperature_FW
0xffadabe0,SetWBYlStandardWidth_FW
0xff92e8ac,SetWhiteCoefficient_FW
0xffae1130,SetYear_FW
0xffa6572c,SetZoomActuatorSpeedPPS_FW
0xffadbb7c,SetZoomCommonDriveParam_FW
0xffadba88,SetZoomDriveParam_FW
0xffa71100,SetZoomLensDriveAmpereDac_FW
0xffadba0c,SetZoomLensEncoderPowerControl_FW
0xffa710e4,SetZoomLensSpeedMode_FW
0xffadbb20,SetZoomNormalDriveParam_FW
0xffae4d6c,SetZoomPointToIS_FW
0xffa716e4,SetZoomPosition_FW
0xffadbad4,SetZoomResetDriveParam_FW
0xff95a9b0,SetZoomResetState_FW
0xffadba14,SetZoomSpeedMode_FW
0xff9600cc,ShowAllTaskInfo_FW
0xff87d784,ShowCameraLog_FW
0xff87d718,ShowCameraLogInfo_FW
0xffadf50c,ShowCurrentExp_FW
0xff85acf8,ShowDefaultAdjTableVersion_FW
0xffa703c8,ShowFocusLensCurrentSpeedTable_FW
0xff884d94,ShowLogicalEventName_FW
0xff95f9c4,ShowMechaMacro_FW
0xff95fba0,ShowPhySwStatus_FW
0xff95fbe4,ShowSDStatus_FW
0xffa4387c,ShowTransparentMemory_FW
0xff881844,ShutdownPlayModeMenu_FW
0xff881918,ShutdownPlayModeMenuWithoutPbRedraw_FW
0xff88169c,ShutdownRecModeMenu_FW
0xffadfa74,SleepAE_FW
0x003f79b0,SleepTask
0x003f79b0,SleepTask_FW
0xff81ac74,sprintf_FW
0xff86e660,SS.Create_FW
0xff9db6d0,sscanf_FW
0xffadd9d0,StartAdjAFInteg_FW
0xffadd6c4,StartAdjAFService_FW
0xff92ecec,StartAEIntegralService_FW
0xff86cfc0,StartBDrive_FW
0xff86cfd8,StartBPanDrive_FW
0xff87d7d4,StartCameraLog_FW
0xffad9a88,StartCaptureDrive_FW
0xffade13c,StartCrwCustomScan_FW
0xffade0cc,StartCustomScan_FW
0xff953aa0,StartCzTuning_FW
0xffae00b4,StartEVFDrive_FW
0xffae0070,StartEVFDriveWithMode_FW
0xff83054c,StartFactoryModeController_FW
0xffa7215c,StartImStEventProc_FW
0xffae5428,StartISAdjustMacro_FW
0xff86cfc0,StartISAdjustmentDrive_FW
0xff86cfc0,StartISDrive_FW
0xffa71198,StartISLocalAdjust_FW
0xff86cffc,StartISLocalAutoCenter_FW
0xff86d03c,StartISLocalHallAdjust_FW
0xff86cfd8,StartISPanDrive_FW
0xff930038,StartLogOut_FW
0xffa7199c,StartLoopGainCalc_FW
0xffa71c8c,StartMacroISAdjust_FW
0xffa71c7c,StartMacroISContiMode_FW
0xff8815c8,StartPlayModeMenu_FW
0xff8815e4,StartRecModeMenu
0xff8815e4,StartRecModeMenu_FW
0xff81aa00,StartRedirectUART_FW
0xffa43f54,StartSoundPlay_FW
0xffa43f1c,StartSoundRecord_FW
0xff87f748,StartWDT_FW
0xff831708,stat
0xffadd954,StopAdjAFInteg_FW
0xffadd7ec,StopAdjAFService_FW
0xff92e9a0,StopAEIntegralService_FW
0xff86cfcc,StopBDrive_FW
0xff86cfe4,StopBPanDrive_FW
0xff87d99c,StopCameraLog_FW
0xffad92b0,StopCaptureDrive_FW
0xff84bda8,StopContinuousVRAMData_FW
0xffade060,StopCustomScan_FW
0xffa6f8d0,StopCZ_FW
0xffadfdc0,StopEVFDrive_FW
0xffae5480,StopISAdjustMacro_FW
0xff86cfcc,StopISAdjustmentDrive_FW
0xff86cfcc,StopISDrive_FW
0xff86cfe4,StopISPanDrive_FW
0xff92fce0,StopLogOut_FW
0xffa71ae8,StopLoopGainCalc_FW
0xffa71c9c,StopMacroISAdjust_FW
0xff81ab14,StopRedirectUART_FW
0xffadf200,StopStrobeChargeForFA_FW
0xff87f7a8,StopWDT_FW
0xffadb750,StopZoomEmergency_FW
0xff898958,strcat
0xff812ddc,strchr
0xff81af1c,strcmp
0xff81af44,strcmp_FW
0xff81ae08,strcpy
0xff81ae08,strcpy_FW
0xff898324,strftime
0xff812e28,strlen
0xff812e28,strlen_FW
0xff812d90,strncmp
0xff812d54,strncpy
0xff812e00,strrchr
0xff8371e8,strtol
0xff836fec,strtolx
0xffadfce4,SwitchOffDisplay_FW
0xffadfd18,SwitchOnDisplay_FW
0xff9607c4,System.Create_FW
0xff9600dc,System.Delete_FW
0x003f7634,TakeSemaphore
0x003f7634,TakeSemaphore_FW
0x003f7b38,TakeSemaphoreStrictly
0xff8cce28,task_AfIntSrvTask
0xff8442c8,task_AFTask
0xff856a38,task_AudioTsk
0xff82bedc,task_BatteryTask
0xff8555f8,task_BeepTask
0xff8a8080,task_BrtMsrTask
0xff8358d4,task_Bye
0xff870db0,task_CaptSeq
0xff870db0,task_CaptSeqTask
0xff8c5900,task_ChaseFrame
0xff913314,task_ChaseTask
0xff8144c8,task_ClockSave
0xffa06d5c,task_CntFlashTask
0xff888994,task_CommonDrivers
0xff928f80,task_CorctTask
0xffa3eeb4,task_CorrectLiveTassenTask
0xffa72d8c,task_CreateHeaderTask
0xff883ac4,task_CtrlSrv
0xff934494,task_dccdCalcTask
0xffa58328,task_DecJpgRd
0xff8c45ac,task_DetectMoveTask
0xff8c9c28,task_DevelopModule
0xff8c7f50,task_DispFace
0xff93f38c,task_DPOFTask
0xff891290,task_DSITask
0xff965470,task_DvlpSeqTask
0xff8ca868,task_EFChargeT
0xff880454,task_EvShel
0xff8afb60,task_ExpDrv
0xff8afb60,task_ExpDrvTask
0xff890e9c,task_FaceFrame
0xff92bed4,task_Fencing
0xffa541dc,task_FileScheduleTask
0xffa55324,task_FileWrite
0xffa55324,task_FileWriteTask
0xffa5967c,task_FilYuvMaker
0xffa5f504,task_FocusEvent
0xffa500d8,task_FORMAT_TASK_NAME
0xffa4fef8,task_FORMAT_TASK_PROGRESS
0xff841fb4,task_FrameTask
0xff8632cc,task_FsIoNotifyTask
0xff857ed4,task_FWDDATA
0xff869180,task_ImgPlayDrv
0xffa5c418,task_ImgPlyLowTask
0xffa5c26c,task_ImgPlyTask
0xff88895c,task_InitFileModules
0xff86c418,task_ISMainTask
0xff90b68c,task_LcdConTask
0xff855c18,task_LEDCon
0xff86a8d0,task_LensController
0xff8f0968,task_LiveImageTask
0xff86bfa4,task_MechaAlarm
0xff9563f0,task_MechaCom
0xff9582e4,task_MechaCPUTransfer
0xffa62f5c,task_MechaShutter
0xff914e4c,task_MotionVector
0xff95edf4,task_MovieRecord
0xffa69288,task_MovPlay
0xffafb0c0,task_MovRead
0xffa6c670,task_MovWrite
0xffa6399c,task_Nd
0xff8fd1fc,task_NormalThumbCache
0xff8c306c,task_OBCtrlTask
0xff87de94,task_OpePlay
0xff82e948,task_PhySw
0xff8f182c,task_PrcssFil
0xffa19640,task_PTPtoFAPI_EventProcTask_Block
0xffa1959c,task_PTPtoFAPI_EventProcTask_Try
0xffb0b210,task_ReadFileTask
0xffa8e6b8,task_ReadMultiConTask
0xffaf03a8,task_ReadScheduleTask
0xff86a2c0,task_RedEyeCapt
0xff912a18,task_SceneDetectTask
0xff866800,task_SD1stInit
0xff9645a4,task_ShutterSoundTask
0xff8e61d8,task_SsgMainTask
0xff8e6390,task_SsgPeriodTask
0xff876d24,task_SsTask
0xff81a628,task_Startup
0xff8364b4,task_StartupImage
0xff8f2bd0,task_SynchTask
0xff8f2b48,task_SyncPeriod
0xff8e9f30,task_TgTask
0xff858700,task_Thermometer
0xff8f492c,task_TimerUtility
0xff95cff8,task_TmgGen
0xff900ec4,task_TrnsCtrlTask
0xff81a85c,task_UartLog
0xff83f758,task_WBCtrl
0xff8a0da8,task_WBIntegTask
0xff8c00d8,task_WBLPFace
0xff87f5d4,task_WdtPrint
0xff87f688,task_WdtReset
0xffa6443c,task_ZoomActuatorSpeedCheck
0xffa645dc,task_ZoomEvent
0xff961f88,TerminateAdjustmentSystem_FW
0xff8607d8,Terminatedccd_FW
0xffae2fd8,TerminateDefectAdjustment_FW
0xffac23b0,TerminateDefectRec_FW
0xff8607d8,TerminateDigicon_FW
0xffa440f8,TerminateFAExtendFile_FW
0xffa440e0,TerminateFAGeneralTest_FW
0xffae3318,TerminateMechaDevice_FW
0xffa43fdc,TerminateSoundRec_FW
0xff85fbe4,TerminateTestRec_FW
0x003fb794,time
0x003f741c,TryPostMessageQueue
0x003f72e0,TryReceiveMessageQueue
0x003f75e0,TryTakeSemaphore
0xff891ea8,TurnOffBackLight
0xff853180,TurnOffDisplay
0xff835824,TurnOffE1_FW
0xffa70d30,TurnOffNdFilter_FW
0xffa70d8c,TurnOffNdFilterWithTiming_FW
0xff8570c0,TurnOffVideoOutMode_FW
0xff891e90,TurnOnBackLight
0xff853170,TurnOnDisplay
0xffa70d0c,TurnOnNdFilter_FW
0xffa70d54,TurnOnNdFilterWithTiming_FW
0xff85705c,TurnOnVideoOutMode_FW
0xff961e58,UI.Create_FW
0xff961308,UI.CreatePublic_FW
0xff961e58,UI_RegistDebugEventProc_FW
0xff961e44,UI_ShowStateOfRecMode_FW
0xff8851b4,UiEvnt_SetLogicalEventActive_FW
0xff885268,UiEvnt_StartDisguiseCradleStatus_FW
0xff885278,UiEvnt_StopDisguiseCradleStatus_FW
0xff887f9c,UIFS_CancelStoreLensTimer_FW
0xff98f3a0,UIFS_Capture_FW
0xff98f474,UIFS_CaptureNoneStop_FW
0xff960f28,UIFS_ChangeShootState_FW
0xff960d10,UIFS_ClosePopupStrobe_FW
0xff960da0,UIFS_ConnectVideo_FW
0xff960dd0,UIFS_DisconnectVideo_FW
0xff960e50,UIFS_EndClockMode_FW
0xff961178,UIFS_GetAvItem_FW
0xff960fa8,UIFS_GetAvItemCount_FW
0xff9611e8,UIFS_GetCurrentAvString_FW
0xff961268,UIFS_GetCurrentTvString_FW
0xff960f70,UIFS_GetLastPath_FW
0xff960e60,UIFS_GetMovieRecoadableNumber_FW
0xff9bd250,UIFS_GetNumberOfDisplayedImage_FW
0xff9907cc,UIFS_GetNumOfOptZoomPos_FW
0xff960ea8,UIFS_GetStillShotableNumber_FW
0xff9611b0,UIFS_GetTvItem_FW
0xff961018,UIFS_GetTvItemCount_FW
0xff960ad0,UIFS_IsAutoPopupDownStrobe_FW
0xff960ad8,UIFS_IsAvailableAvTvMode_FW
0xff960ab8,UIFS_IsAvailableMovieRecDigZoom_FW
0xff960ab0,UIFS_IsAvailableMovieRecOptZoom_FW
0xff960ac8,UIFS_IsAvailableRecMenuAFMode_FW
0xff960ac0,UIFS_IsAvailableServoAF_FW
0xff88ec3c,UIFS_IsAvailableShots_FW
0xff960d40,UIFS_MountExtFlash_FW
0xff9908e0,UIFS_MoveZoomTo_FW
0xff960ce0,UIFS_OpenPopupStrobe_FW
0xff9612f4,UIFS_PlayTrimExecuteAllImageSize_FW
0xff960e10,UIFS_PostModeDial_FW
0xff960e0c,UIFS_RestartPostingUIEvent_FW
0xff960e58,UIFS_SetCradleSetting_FW
0xff960c88,UIFS_SetDialMovieRec_FW
0xff960cc0,UIFS_SetDialPlay_FW
0xff960c68,UIFS_SetDialStillRec_FW
0xff960f4c,UIFS_ShootSeqToUI_FW
0xff960e48,UIFS_StartClockMode_FW
0xff890248,UIFS_StartMovieRecord_FW
0xff89026c,UIFS_StopMovieRecord_FW
0xff960e08,UIFS_StopPostingUIEvent_FW
0xff960d70,UIFS_UnmountExtFlash_FW
0xff9612fc,UIFS_WirelessExecuteSendForever_FW
0xff97b764,UIFS_WriteFirmInfoToFile
0xff97b764,UIFS_WriteFirmInfoToFile_FW
0xff82fe70,UndisplayFactoryMode_FW
0xff87a748,UnLoadScript_FW
0xff833044,UnlockAE
0xff832d5c,UnlockAF
0xff88538c,UnlockMainPower
0xff88538c,UnlockMainPower_FW
0xffadf3a0,UnregistColorMatrix_FW
0x003f67e0,UnregisterInterruptHandler
0xff99034c,UnsetZoomForMovie
0xff82c3bc,VbattGet
0xff82c3bc,VbattGet_FW
0xffa74f68,VerifyByte_FW
0xff81acb8,vsprintf
0xff9600b8,Wait_FW
0x003fabac,WaitForAllEventFlag
0x003f7be8,WaitForAllEventFlagStrictly
0x003faac8,WaitForAnyEventFlag
0x003f7bbc,WaitForAnyEventFlagStrictly
0xffa70f94,WaitMoveZoomLensComplete_FW
0xff8314f8,Write
0xff8314f8,write
0xff8314f8,Write_FW
0xff85b5fc,WRITEADJTABLETOFROM_FW
0xff85b630,WRITEADJUSTMENTDATATOFROM_FW
0xffae4b54,WriteGyroAdjustment_FW
0xffae4ac4,WriteHallDeviceAdjustment_FW
0xffa709c0,WriteMechaLogToFile_FW
0xffa709b0,WriteMechaLogToRom_FW
0xffae4bb8,WritePWMAdjustment_FW
0xff9480cc,WriteSDCard
0xff87a460,WriteToRom_FW
