0xff810dcc,memShow_FW
0xff814030,strncpy
0xff81406c,strncmp
0xff8140b8,strchr
0xff8140dc,strrchr
0xff814104,strlen
0xff814104,strlen_FW
0xff8141ec,malloc
0xff814244,free
0xff815f58,drysh_FW
0xff815fd4,err_init_task
0xff816124,task_ClockSave
0xff81a29c,GetMemInfo
0xff81ab04,open
0xff81abb4,close
0xff81ad58,Read
0xff81ad58,read
0xff81ad58,Read_FW
0xff81e948,RegisterInterruptHandler
0xff81e96c,UnregisterInterruptHandler
0xff81e984,GetSRAndDisableInterrupt
0xff81e988,SetSR
0xff81e9a8,EnableInterrupt
0xff81e9b0,CreateTask
0xff81e9b0,CreateTask_FW
0xff81ec40,ExitTask
0xff81ec40,ExitTask_FW
0xff81ec88,DebugAssert
0xff81f374,RotateConsoleZOder_FW
0xff81f584,CPrintf_FW
0xff81f5dc,CPutChar_FW
0xff81f604,GetCh_FW
0xff81f654,GetStringWithPrompt_FW
0xff81f6f4,OpenConsole_FW
0xff81f820,CloseConsole_FW
0xff81fbf4,task_Startup
0xff81fd98,_uartr_req
0xff81fe28,task_UartLog
0xff81ffcc,StartRedirectUART_FW
0xff8200e0,StopRedirectUART_FW
0xff8207dc,sprintf_FW
0xff820820,vsprintf
0xff820860,strcpy
0xff820860,strcpy_FW
0xff820878,j_strcmp_FW
0xff820878,strcmp
0xff8208a0,strcmp_FW
0xff8208bc,memcmp
0xff8208bc,memcmp_FW
0xff832928,task_BatteryTask
0xff832e20,GetVBatVoltage_FW
0xff832e20,VbattGet
0xff832e20,VbattGet_FW
0xff833e30,kbd_p2_f
0xff83415c,task_PhySw
0xff8344f0,GetSwitchStatus_FW
0xff83455c,GetSDDetect_FW
0xff834564,GetSDProtect
0xff834564,GetSDProtect_FW
0xff834584,GetDialEventId_FW
0xff834588,GetLcdPosition_FW
0xff834590,GetBatteryCoverClose_FW
0xff834598,IsHvSensorExist_FW
0xff8345a0,kbd_read_keys
0xff83461c,kbd_p1_f
0xff834628,kbd_p1_f_cont
0xff835448,EngDrvOut
0xff835460,EngDrvIn
0xff835468,EngDrvRead
0xff83547c,EngDrvBits
0xff835748,DisplayFactoryMode_FW
0xff835754,UndisplayFactoryMode_FW
0xff83597c,SetDurianMode_FW
0xff8359b4,ClearDurianMode_FW
0xff8359b4,ClearFactoryMode_FW
0xff835a70,SetFactoryMode_FW
0xff835aa8,ClearDUIDFixFlag_FW
0xff835ae0,SetDUIDFixFlag_FW
0xff835b1c,IsFactoryMode_FW
0xff835b84,IsDUIDFixFlag_FW
0xff835bcc,IsNormalCameraMode_FW
0xff835be4,StartFactoryModeController_FW
0xff836548,RenameFile_Fut
0xff8365dc,DeleteFile_Fut
0xff836650,MakeDirectory_Fut
0xff8366c0,DeleteDirectory_Fut
0xff836718,Fopen_Fut
0xff836718,Fopen_Fut_FW
0xff836758,Fclose_Fut
0xff836758,Fclose_Fut_FW
0xff836804,Fread_Fut
0xff836804,Fread_Fut_FW
0xff836858,Fwrite_Fut
0xff836858,Fwrite_Fut_FW
0xff8368ac,Fgets_Fut
0xff8368f8,Fseek_Fut
0xff8368f8,Fseek_Fut_FW
0xff836944,Feof_Fut
0xff836980,Fflush_Fut
0xff836bfc,Open
0xff836bfc,Open_FW
0xff836cc4,Close
0xff836cc4,Close_FW
0xff836d18,Write
0xff836d18,write
0xff836d18,Write_FW
0xff836d6c,j_Open_FW
0xff836d70,j_Close_FW
0xff836e70,j_Read_FW
0xff836e74,j_Write_FW
0xff836ee0,Lseek
0xff836ee0,lseek
0xff836ee0,Lseek_FW
0xff836f00,OpenForScrip_FW
0xff836f28,stat
0xff837050,SetFileTimeStamp
0xff8370c8,SetFileAttributes
0xff837160,mkdir
0xff837368,j_StartCameraLog_FW
0xff83736c,j_ShowCameraLog_FW
0xff837370,j_ShowCameraLogInfo_FW
0xff837374,j_StopCameraLog_FW
0xff837378,j_PutsCameraLogEvent_FW
0xff83737c,OpLog.Create_FW
0xff8373ec,j_NewTaskShell_FW
0xff8373f0,j_ExMem.View_FW
0xff8373f4,j_ExMem.AllocUncacheable_FW
0xff8373f8,j_ExMem.FreeUncacheable_FW
0xff8373fc,j_ExMem.AllocCacheable_FW
0xff837400,j_ExMem.FreeCacheable_FW
0xff837404,ExMem_FW
0xff838234,PT_GetDigitalZoomPosition_FW
0xff838480,DoAFLock
0xff8384b8,UnlockAF
0xff8386dc,EnterToCompensationEVF
0xff838720,ExitFromCompensationEVF
0xff838774,DoAELock
0xff838798,UnlockAE
0xff839ac4,CreateMessageQueue
0xff839b48,DeleteMessageQueue
0xff839bd8,ReceiveMessageQueue
0xff839ca0,TryReceiveMessageQueue
0xff839d24,PostMessageQueue
0xff839ddc,TryPostMessageQueue
0xff839e1c,GetNumberOfPostedMessages
0xff839e88,CreateBinarySemaphore
0xff839ef0,CreateCountingSemaphore
0xff839ef0,CreateCountingSemaphore_FW
0xff839f48,DeleteSemaphore
0xff839f48,DeleteSemaphore_FW
0xff839fa0,TryTakeSemaphore
0xff839ff4,TakeSemaphore
0xff839ff4,TakeSemaphore_FW
0xff83a0c4,GiveSemaphore
0xff83a0c4,GiveSemaphore_FW
0xff83a0fc,GetSemaphoreValue
0xff83a370,SleepTask
0xff83a370,SleepTask_FW
0xff83a410,CreateTaskStrictly
0xff83a444,CreateMessageQueueStrictly
0xff83a468,CreateEventFlagStrictly
0xff83a48c,CreateBinarySemaphoreStrictly
0xff83a4b0,CreateCountingSemaphoreStrictly
0xff83a4d4,CreateRecursiveLockStrictly
0xff83a4f8,TakeSemaphoreStrictly
0xff83a524,ReceiveMessageQueueStrictly
0xff83a550,PostMessageQueueStrictly
0xff83a57c,WaitForAnyEventFlagStrictly
0xff83a5a8,WaitForAllEventFlagStrictly
0xff83a5d4,AcquireRecursiveLockStrictly
0xff83a6cc,AllocateUncacheableMemory
0xff83a70c,FreeUncacheableMemory
0xff83a968,_GetSystemTime
0xff83aaa0,SetTimerAfter
0xff83ab20,SetTimerWhen
0xff83ab84,CancelTimer
0xff83bc74,TurnOffE1_FW
0xff83bd24,task_Bye
0xff83bedc,Restart
0xff83c658,task_StartupImage
0xff83fd4c,memcpy
0xff83fd4c,memcpy_FW
0xff83fe50,strtolx
0xff84004c,strtol
0xff846ce0,ExpCtrlTool_StartContiAE
0xff846db8,ExpCtrlTool_StopContiAE
0xff848b34,task_WBCtrl
0xff84c434,task_AFTask
0xff84cf3c,GetMacroSupportZoomPoint_FW
0xff84de84,ReloadAFAdjustment_FW
0xff850488,SetMontblancVSize_FW
0xff85049c,GetMontblancVSize_FW
0xff853194,LiveImageTool.GetDzoomPosition_FW
0xff853c54,GetVRAMHPixelsSize
0xff853c54,GetVRAMHPixelsSize_FW
0xff853c60,GetVRAMVPixelsSize
0xff853c60,GetVRAMVPixelsSize_FW
0xff853c6c,GetMovieJpegVRAMHPixelsSize_FW
0xff853c78,GetMovieJpegVRAMVPixelsSize_FW
0xff853d44,StopContinuousVRAMData_FW
0xff85b6cc,DispCon_ShowColorBar_FW
0xff85b724,DispCon_ShowFiveStep_FW
0xff85b7fc,DispCon_ShowWhiteChart_FW
0xff85b834,DispCon_ShowBlackChart_FW
0xff85b850,DispCon_ShowBitmapColorBar
0xff85b850,DispCon_ShowBitmapColorBar_FW
0xff85b8ac,DispCon_ShowCustomColorBar_FW
0xff85b900,DispCon_SetDisplayType_FW
0xff85b920,DispCon_ShowColorChart_FW
0xff85b944,DispCon_ShowWhiteLine_FW
0xff85bb48,DispCon_ShowNStepsChart_FW
0xff85bcb8,DispCon_TurnOnDisplay_FW
0xff85bcb8,TurnOnDisplay
0xff85bcc8,DispCon_TurnOffDisplay_FW
0xff85bcc8,TurnOffDisplay
0xff85bcd8,DispCon_TurnOnBackLight_FW
0xff85bce8,DispCon_TurnOffBackLight_FW
0xff85bcf8,DispCon_SetMaxBackLightBrightness_FW
0xff85bd78,DispCon_SetVideoAdjParameter_FW
0xff85bde4,DispCon_GetVideoAdjParameter_FW
0xff85be40,DispCon_ShowVideoAdjParameter_FW
0xff85be6c,DispCon_SaveVideoAdjParameter_FW
0xff85bee8,DispCon_SetLcdGainAdjParameter_FW
0xff85bfac,DispCon_GetLcdGainAdjParameter_FW
0xff85bfe8,DispCon_ShowLcdGainAdjParameter_FW
0xff85bff8,DispCon_SaveLcdGainAdjParameter_FW
0xff85d1d4,GetAdVBattBottom_FW
0xff85d1dc,GetAdChValue_FW
0xff85ef58,task_BeepTask
0xff85f2d8,BeepDrive_FW
0xff85f2f8,BeepDriveComp_FW
0xff85f53c,task_LEDCon
0xff85f918,LEDDrive
0xff85f9e4,LEDDrive_FW
0xff85fd5c,kbd_read_keys_r2
0xff860304,GetKbdState
0xff8603cc,task_AudioTsk
0xff8609d8,TurnOnVideoOutMode_FW
0xff860a3c,TurnOffVideoOutMode_FW
0xff861838,task_FWDDATA
0xff862010,task_Thermometer
0xff862208,GetCCDTemperature
0xff862208,GetCCDTemperature_FW
0xff86227c,GetBatteryTemperature
0xff86227c,GetBatteryTemperature_FW
0xff8622f0,GetOpticalTemperature
0xff8622f0,GetOpticalTemperature_FW
0xff8623a0,IsOpticalTemperature_FW
0xff8623d4,IsCCDTemperature_FW
0xff862408,IsBatteryTemperature_FW
0xff862458,j_GetOpticalTemperature_FW
0xff86245c,j_GetCCDTemperature_FW
0xff862460,j_GetBatteryTemperature_FW
0xff862464,j_IsOpticalTemperature_FW
0xff862468,j_IsCCDTemperature_FW
0xff86246c,j_IsBatteryTemperature_FW
0xff864650,EraseAdjustmentArea_FW
0xff86465c,DumpAdjMirror_FW
0xff864680,GetAdjTableVersion_FW
0xff8646b4,GetAdjTableMapVersion_FW
0xff8646c4,GetAdjTableValueVersion_FW
0xff8646d8,ShowDefaultAdjTableVersion_FW
0xff864778,LoadAdjustmentTable_FW
0xff8647b0,LoadDefectAdjTable_FW
0xff864b70,SaveAdjustmentTable_FW
0xff864bd8,SaveDefectAdjTable_FW
0xff864bf0,SaveAdjustmentValue_FW
0xff864c24,LoadAdjustmentValue_FW
0xff864c48,PrintAdjTableMap_FW
0xff864eec,CreateAdjustmentTableMirror_FW
0xff864ef4,RefreshAdjustmentTableMirror_FW
0xff864efc,CreateDefectTableMirror_FW
0xff864f04,RefreshDefectTableMirror_FW
0xff864f0c,PrintAdjKabotanInfo_FW
0xff864f98,WRITEADJTABLETOFROM_FW
0xff864fbc,WRITEADJUSTMENTDATATOFROM_FW
0xff8653c4,GetDCPAdjOffset_FW
0xff865680,GetBpDBAdjustmentOffset_FW
0xff865688,GetDccdAdjustmentOffset_FW
0xff865698,GetProductID_FW
0xff8656b4,GetAdjDataAreaAddress_FW
0xff867c40,GetTestRecCrawAddress_FW
0xff868bf8,InitializeTestRec_FW
0xff868c60,TerminateTestRec_FW
0xff868ef8,ExecuteTestRec_FW
0xff868f0c,ExecuteTestRecCF_FW
0xff868f0c,ExecuteTestRecSD_FW
0xff868f24,ExecuteTestRecWithInteg_FW
0xff868f3c,ExecuteTestRecSw1_FW
0xff868f88,ExecuteTestRecDevelopProcess_FW
0xff869690,CalculateTestRecYUVData_FW
0xff8696f8,SetTestRecSkimmingYUV_FW
0xff869788,Initializedccd_FW
0xff869788,InitializeDigicon_FW
0xff869838,Terminatedccd_FW
0xff869838,TerminateDigicon_FW
0xff869890,ExecuteDigicon_FW
0xff869a90,ResetRegistNoticeCBR_FW
0xff869f94,Executedccd_FW
0xff86a00c,GetdccdImage_FW
0xff86a09c,GetdccdFilterValue_FW
0xff86a28c,RegistFirmScanNoticeCBR_FW
0xff86c7d4,task_FsIoNotifyTask
0xff86fd50,GetDrive_ClusterSize
0xff86fd80,GetDrive_TotalClusters
0xff86fda8,GetDrive_FreeClusters
0xff86ffe0,MakeSDCardBootable
0xff8700f4,task_SD1stInit
0xff87337c,task_ImgPlayDrv
0xff8746e4,task_RedEyeCapt
0xff874c58,task_LensController
0xff87609c,IsLensOutside_FW
0xff8760c0,GetFocusStartZoomPosition_FW
0xff8764e4,task_ISMainTask
0xff8767a4,ISInitMotion_FW
0xff876e74,StartBDrive_FW
0xff876e74,StartISAdjustmentDrive_FW
0xff876e74,StartISDrive_FW
0xff876e80,StopBDrive_FW
0xff876e80,StopISAdjustmentDrive_FW
0xff876e80,StopISDrive_FW
0xff876e8c,StartBPanDrive_FW
0xff876e8c,StartISPanDrive_FW
0xff876e98,StopBPanDrive_FW
0xff876e98,StopISPanDrive_FW
0xff876eb0,StartISLocalAutoCenter_FW
0xff876ef0,StartISLocalHallAdjust_FW
0xff876f5c,SearchBCentralPosition_FW
0xff876f5c,SearchISLensCentralPosition_FW
0xff876fc4,MoveISLensToCentralPosition_FW
0xff87700c,ChangeToISCloseControl_FW
0xff877174,GetISHallDevicePitchOffset_FW
0xff877180,GetISHallDeviceYawOffset_FW
0xff877198,GetISHallDevicePitchGain_FW
0xff8771a4,GetISHallDeviceYawGain_FW
0xff8771bc,GetISGyroPitchGain_FW
0xff8771c8,GetISGyroYawGain_FW
0xff8771e0,GetISPitchPWM_FW
0xff8771ec,GetISYawPWM_FW
0xff8771f8,GetISShiftLensPitchPosition_FW
0xff877204,GetISShiftLensYawPosition_FW
0xff877210,GetGyroDataPitch_FW
0xff877210,GetISGyroDataPitch_FW
0xff87722c,GetGyroDataYaw_FW
0xff87722c,GetISGyroDataYaw_FW
0xff877260,GetGyro10BitDACPitch_FW
0xff877260,GetISGyro10BitDACPitch_FW
0xff87726c,GetGyro10BitDACYaw_FW
0xff87726c,GetISGyro10BitDACYaw_FW
0xff877298,GetGyroHPFINOffsetPitch_FW
0xff877298,GetISGyroHPFINOffsetPitch_FW
0xff8772b4,GetGyroHPFINOffsetYaw_FW
0xff8772b4,GetISGyroHPFINOffsetYaw_FW
0xff8772d0,GetGyroHPFINPitch_FW
0xff8772d0,GetISGyroHPFINPitch_FW
0xff87732c,GetGyroHPFINYaw_FW
0xff87732c,GetISGyroHPFINYaw_FW
0xff87739c,ClearISCalcZData_FW
0xff8775bc,CancelLoopGainCalc_FW
0xff877848,GetDISModeParameter_FW
0xff877894,GetFixedPWMOutA_FW
0xff8778a0,GetFixedPWMOutB_FW
0xff878030,GetISLensDampAaxis_FW
0xff87803c,GetISLensDampBaxis_FW
0xff878060,GetISLensEViAaxis_FW
0xff87807c,GetISLensEViBaxis_FW
0xff8780f0,GetISLensCorrectedEViAaxis_FW
0xff87810c,GetISLensCorrectedEViBaxis_FW
0xff8781f8,PT_CompletePreCapt_FW
0xff878200,PT_RecreviewAvailable_FW
0xff878208,PT_NextShootAvailable_FW
0xff878210,PT_CompleteStopZoom_FW
0xff878218,PT_CompleteStopDigZoom_FW
0xff878220,PT_CompleteStoreLens_FW
0xff878228,PT_MovieRecordStopped_FW
0xff878230,PT_CompleteCaptModeChange_FW
0xff878238,PT_CompleteSynchroWrite_FW
0xff878240,PT_CompleteCharge_FW
0xff878248,PT_CompleteFileWrite_FW
0xff878250,PT_ShootPicture_FW
0xff878258,PT_EraseAllFile_FW
0xff878284,PT_mod_FW
0xff8782a8,PT_SetPropertyCaseInt_FW
0xff8782d0,PT_GetPropertyCaseInt_FW
0xff878348,PT_MoveOpticalZoomToTele_FW
0xff87835c,PT_MoveOpticalZoomToWide_FW
0xff878370,PT_MoveOpticalZoomAt
0xff878370,PT_MoveOpticalZoomAt_FW
0xff878388,PT_MoveDigitalZoomToTele_FW
0xff878398,PT_MoveDigitalZoomToWide
0xff878398,PT_MoveDigitalZoomToWide_FW
0xff8783a8,PT_MoveDigitalZoomAt_FW
0xff8783bc,PT_GetDigitalZoomTele_FW
0xff8783d0,j_PT_GetDigitalZoomPosition_FW
0xff8783d4,PT_ChangeZoomSpeed_FW
0xff8783e8,PT_DoAFLock_FW
0xff8783f8,PT_UnlockAF_FW
0xff878408,PT_DoAELock_FW
0xff878418,PT_UnlockAE_FW
0xff878428,PT_MFOn_FW
0xff878438,PT_MFOff_FW
0xff878448,SS.Create_FW
0xff87ab40,task_CaptSeq
0xff87ab40,task_CaptSeqTask
0xff87c0f4,task_DvlpSeqTask
0xff88154c,task_SsTask
0xff881b78,PT_PlaySound
0xff884aa8,CreateEventFlag
0xff884b00,DeleteEventFlag
0xff884b50,CheckAnyEventFlag
0xff884b98,CheckAllEventFlag
0xff884be0,WaitForAnyEventFlag
0xff884cc4,WaitForAllEventFlag
0xff884d84,SetEventFlag
0xff884db8,ClearEventFlag
0xff884df0,GetEventFlagValue
0xff884f70,CreateRecursiveLock
0xff884fc0,DeleteRecursiveLock
0xff885010,AcquireRecursiveLock
0xff885130,ReleaseRecursiveLock
0xff885898,ExecuteShutDownPropertyService_FW
0xff886068,WriteToRom_FW
0xff8860f8,EraseSectorOfRom_FW
0xff8862a8,UnLoadScript_FW
0xff886394,Printf_FW
0xff8863a0,LoadScript_FW
0xff886b34,LocalTime
0xff887110,time
0xff8871c0,GetTimeOfSystem_FW
0xff8874d0,ExMem.View_FW
0xff8879ac,ExMem.AllocUncacheable_FW
0xff887ae8,ExMem.FreeUncacheable_FW
0xff887afc,exmem_alloc
0xff887b64,ExMem.AllocCacheable_FW
0xff887b74,exmem_free
0xff887bec,ExMem.FreeCacheable_FW
0xff888824,SetHPTimerAfterNow
0xff8888a4,SetHPTimerAfterTimeout
0xff88892c,CancelHPTimer
0xff88911c,RegisterEventProcedure
0xff889244,ExecuteEventProcedure
0xff8892bc,ExecuteEventProcedure_FW
0xff889b84,ExportToEventProcedure_FW
0xff889b90,CreateProxyOfEventProcedure_FW
0xff889be8,DeleteProxyOfEventProcedure_FW
0xff889e08,PutsCameraLogEvent_FW
0xff889e4c,ShowCameraLogInfo_FW
0xff889eb8,ShowCameraLog_FW
0xff889f08,StartCameraLog_FW
0xff88a0d0,StopCameraLog_FW
0xff88a130,LogCameraEvent
0xff88a570,task_OpePlay
0xff88a718,OpLog.Stop_FW
0xff88a744,OpLog.WriteToROM_FW
0xff88a774,j_OpLog.WriteToROM_FW
0xff88a7a8,OpLog.ReadFromROM_FW
0xff88a810,OpLog.ReadFromSD_FW
0xff88ac50,OpLog.WriteToSD_FW
0xff88b15c,OpLog.Get_FW
0xff88b17c,OpLog.Play_FW
0xff88b2c0,OpLog.Start_FW
0xff88b39c,OpLog.Terminate_FW
0xff88bac0,task_WdtPrint
0xff88bb74,task_WdtReset
0xff88bc34,StartWDT_FW
0xff88bc94,StopWDT_FW
0xff88bd94,GetBuildDate_FW
0xff88bd9c,GetBuildTime_FW
0xff88bda4,GetFirmwareVersion_FW
0xff88beac,CheckSumAll_FW
0xff88c094,RomCheckSum_FW
0xff88c940,task_EvShel
0xff88c9f4,NewTaskShell
0xff88ca54,NewTaskShell_FW
0xff88ce90,SetPropertyCase
0xff88cfac,GetPropertyCase
0xff88da24,StartPlayModeMenu_FW
0xff88da40,StartRecModeMenu
0xff88da40,StartRecModeMenu_FW
0xff88dac4,ShutdownRecModeMenu_FW
0xff88dcb4,ShutdownPlayModeMenu_FW
0xff88de20,ShutdownPlayModeMenuWithoutPbRedraw_FW
0xff890608,task_CtrlSrv
0xff890ddc,CreateController_FW
0xff890e98,DeleteController_FW
0xff89101c,MoveControllerToTopOfZOrder_FW
0xff89115c,GetSelfControllerHandle_FW
0xff891630,PostLogicalEventForNotPowerType
0xff891630,PostLogicalEventForNotPowerType_FW
0xff89167c,PostLogicalEventToUI
0xff89167c,PostLogicalEventToUI_FW
0xff8916f4,PostEventShootSeqToUI_FW
0xff891750,ShowLogicalEventName_FW
0xff8918a0,set_control_event
0xff891b6c,IsControlEventActive_FW
0xff891bdc,SetLogicalEventActive
0xff891bdc,UiEvnt_SetLogicalEventActive_FW
0xff891c2c,SetScriptMode
0xff891c2c,SetScriptMode_FW
0xff891c94,UiEvnt_StartDisguiseCradleStatus_FW
0xff891ca4,UiEvnt_StopDisguiseCradleStatus_FW
0xff891db8,UnlockMainPower
0xff891db8,UnlockMainPower_FW
0xff891e64,LockMainPower
0xff891e64,LockMainPower_FW
0xff891ed8,SetAutoShutdownTime
0xff891ed8,SetAutoShutdownTime_FW
0xff8920c4,HardwareDefectWithRestart_FW
0xff892114,HardwareDefect_FW
0xff892334,PTM_AllResetToFactorySetting_FW
0xff892344,j_PTM_AllReset_FW
0xff892704,PTM_SetCurrentCaptureMode_FW
0xff892840,j_PTM_GetWorkingCaptureMode_FW
0xff892844,j_PTM_SetCurrentItem_FW
0xff892850,PTM_GetCurrentItem_FW
0xff8928bc,j_PTM_NextItem_FW
0xff8928c0,j_PTM_PrevItem_FW
0xff8928d0,j_PTM_IsEnableItem_FW
0xff8928d4,j_PTM_SetProprietyEnable_FW
0xff8928ec,j_PTM_BackupUIProperty_FW
0xff8928f0,PTM_RestoreUIProperty_FW
0xff89502c,PB2Rec
0xff89506c,Rec2PB
0xff895844,task_InitFileModules
0xff89587c,task_CommonDrivers
0xff898be4,SetCurrentCaptureModeType
0xff898be4,SetCurrentCaptureModeType_FW
0xff898c20,GetCurrentCaptureModeType_FW
0xff899950,UIFS_IsAvailableShots_FW
0xff89ca28,UIFS_StartMovieRecord_FW
0xff89ca5c,UIFS_StopMovieRecord_FW
0xff89d530,task_FaceFrame
0xff89d93c,task_DSITask
0xff89e344,TurnOnBackLight
0xff89e35c,TurnOffBackLight
0xff8a5268,GUISrv_StartGUISystem
0xff8a5268,GUISrv_StartGUISystem_FW
0xff8a59f0,RefreshPhysicalScreen
0xff8a6c28,ScreenLock
0xff8a6c8c,ScreenUnlock
0xff8a7218,atol_FW
0xff8a7224,strcat
0xff8a746c,strftime
0xff8a7a6c,mktime_ext
0xff8abf78,GetCurrentShutterSpeed_FW
0xff8ac250,GetCurrentExposureTime_FW
0xff8b04b0,task_WBIntegTask
0xff8b6dbc,task_BrtMsrTask
0xff8b9f24,ExpCtrlTool.SetExpMode_FW
0xff8be3ec,task_ExpDrv
0xff8be3ec,task_ExpDrvTask
0xff8ce130,task_WBLPFace
0xff8d0218,ReloadWBAdjustment_FW
0xff8d0a74,task_OBCtrlTask
0xff8d1fe0,task_DetectMoveTask
0xff8d2fd0,task_ChaseFrame
0xff8d47f8,task_DispFace
0xff8d78fc,task_DevelopModule
0xff8d8910,task_EFChargeT
0xff8d8c68,EF.IsChargeFull_FW
0xff8d8c68,IsStrobeChargeCompleted
0xff8dade4,task_AfIntSrvTask
0xff8f22a8,ReloadCdsAdjustment_FW
0xff8f28a8,E2LatOn_FW
0xff8f2ba0,ActivateImager_FW
0xff8f2c2c,ActivateImagerXOne_FW
0xff8f2cfc,QuietImager_FW
0xff8f2dcc,CancelImager_FW
0xff8f2df0,ChangeImagerToWholeParallel_FW
0xff8f2df8,ChangeImagerToWholeParallelBP_FW
0xff8f2e00,ChangeImagerToWholeParallelBPOne_FW
0xff8f2e08,ChangeImagerToCombiParallel_FW
0xff8f2e10,ChangeImagerToWideDraft_FW
0xff8f2e18,ChangeImagerToFocusJet_FW
0xff8f2e20,ChangeImagerToMangoPudding_FW
0xff8f2e28,ChangeImagerToSuperWideDraft_FW
0xff8f2e30,ChangeImagerToJetDraft_FW
0xff8f2e38,ChangeImagerToJumboDraft_FW
0xff8f2e40,ChangeImagerToHoneyFlash_FW
0xff8f2e48,ChangeImagerToMillefeAdjust_FW
0xff8f2e50,ChangeImagerToDigiconMode_FW
0xff8f2e50,ChangeImagerToOITA_XAVIER_FW
0xff8f2e58,ChangeImagerToAlternateDraft_FW
0xff8f2e60,ChangeImagerToUltraGhostQ_FW
0xff8f2e68,ChangeImagerToMontblancWhole_FW
0xff8f2e70,ChangeImagerToMontblancMillefe_FW
0xff8f2e78,ChangeImagerToMontblancMovie_FW
0xff8f2e80,ChangeImagerToFastBP_FW
0xff8f2e88,ChangeImagerToHarleyDavidson_FW
0xff8f2e90,ChangeImagerToMachDashV_FW
0xff8f2e98,ChangeImagerToFantaJungle_FW
0xff8f2ea0,ChangeImagerToWideDraftHD_FW
0xff8f2ea8,ChangeImagerToFocusJetHD_FW
0xff8f2eb0,ChangeImagerToMangoPuddingHD_FW
0xff8f2eb8,ChangeImagerToHoneyFlashHD_FW
0xff8f2ec4,CancelImageDrive_FW
0xff8f2ee4,j_E2LatOn_FW
0xff8f3d2c,task_SsgMainTask
0xff8f3f30,task_SsgPeriodTask
0xff8f76f0,task_TgTask
0xff8fdaa4,task_LiveImageTask
0xff8ff910,task_PrcssFil
0xff900b68,task_SyncPeriod
0xff900bf0,task_SynchTask
0xff902e18,task_TimerUtility
0xff90bc30,task_NormalThumbCache
0xff90fa08,task_TrnsCtrlTask
0xff915790,LcdCon_SetLcdBackLightBrightness_FW
0xff9157bc,LcdCon_SetLcdBackLightParameter_FW
0xff915810,LcdCon_GetLcdBackLightParameter_FW
0xff915854,LcdCon_ShowLcdBackLightParameter_FW
0xff915894,LcdCon_SaveLcdBackLightParameter_FW
0xff915a90,LcdCon_SetLcdDriver_FW
0xff915ac8,LcdCon_SetLcdAdjParameter_FW
0xff915b50,LcdCon_GetLcdAdjParameter_FW
0xff915b98,LcdCon_ShowLcdAdjParameter_FW
0xff915bd8,LcdCon_SaveLcdAdjParameter_FW
0xff915bf4,LcdCon_SetLcdParameter_FW
0xff915d48,LcdCon_GetLcdParameter_FW
0xff915d90,LcdCon_ShowLcdParameter_FW
0xff915dd0,LcdCon_SaveLcdParameter_FW
0xff915e3c,task_LcdConTask
0xff915f2c,LcdCon_StartLcdPeriodicalSetting_FW
0xff915f60,LcdCon_StopLcdPeriodicalSetting_FW
0xff9182f8,GetLatestHVPosition_FW
0xff9184a4,EngApp.Delete_FW
0xff9184d0,EngApp.Create_FW
0xff91aad0,task_MotionVector
0xff91dac4,task_SceneDetectTask
0xff91e63c,task_ChaseTask
0xff91e798,task_MainTargetTask
0xff91e968,Scene.ForbidContiSceneDetect_FW
0xff91e994,Scene.TestSunset_FW
0xff920420,task_AutoShutterMan
0xff9370b0,task_Fencing
0xff939038,PrintAllAEIntegData_FW
0xff9398c4,AbortAEIntegralValue_FW
0xff939914,SetAEIntegStrobeProperty_FW
0xff93999c,SetAEIntegCorrectProperty_FW
0xff9399f8,SetAEIntegralValueProperty_FW
0xff939a38,SetAEIntegralGetaTime_FW
0xff939e00,GetAEIntegralServiceMode_FW
0xff939e0c,GetAEIntegWinData_FW
0xff939e1c,j_GetAEIntegWinData_FW
0xff939e20,GetAEIntegWinDataWithMode_FW
0xff939f0c,GetAEIntegralValueWithFix_FW
0xff93a030,GetAllAEIntegralAllValueWithFix_FW
0xff93a100,GetOnlyAEIntegData_FW
0xff93a170,SetWhiteCoefficient_FW
0xff93a1e8,SetAEIntegWindowsMode_FW
0xff93a23c,SetAEIntegValueBit_FW
0xff93a258,GetAEIntegValueBit_FW
0xff93a264,StopAEIntegralService_FW
0xff93a58c,StartAEIntegralService_FW
0xff93a598,SetLineDefMarkThroughMode_FW
0xff93a5c4,SetAEIntegAverageOBData_FW
0xff93a5cc,SetAdjAEIntegSmearLimitter_FW
0xff93a5dc,SetDefaultAEIntegSmearLimitter_FW
0xff93a668,AttachIntegCrawData_FW
0xff93abbc,LoadParamDataFromAdjTableBin_FW
0xff93acbc,LoadDataFromAdjTableBin_FW
0xff93ada8,DeviceUniqueIDCheckSum_FW
0xff93b000,PrintFirmVersion_FW
0xff93b034,PrintFaexeVersioin_FW
0xff93b044,CreateFADBGSingalID_FW
0xff93b054,FADBGSingal_FW
0xff93b0f4,FADBGPrintf_FW
0xff93b274,FAPrintf_FW
0xff93b2c4,OutputLogToFile_FW
0xff93b3d0,StopLogOut_FW
0xff93b6f0,GetLogData_FW
0xff93b6f8,GetLogDataOnlyAddMemory_FW
0xff93b700,ActivateAdjLog_FW
0xff93b714,InactivateAdjLog_FW
0xff93b728,StartLogOut_FW
0xff93b740,IsLogOutType_FW
0xff93b74c,GetCurrentMaximumLogSize_FW
0xff93d5d0,SetDefaultRecParameter_FW
0xff93d7d0,EnableDebugLogMode_FW
0xff93d7e4,DisableDebugLogMode_FW
0xff941570,GetImageFolder
0xff943464,task_MetaCtg
0xff948bd0,task_DPOFTask
0xff95145c,WriteSDCard
0xff957790,task_ImgTrim
0xff959a44,task_RedEyePly
0xff95fc90,StartCzTuning_FW
0xff95fc98,MoveCzPeakPositon_FW
0xff95fca0,CzDebugPrint_FW
0xff95fca8,CzDebugPrintToFile_FW
0xff960a94,GetFocusLensPullInMaxSpeed_FW
0xff960db4,GetCurrentTargetDistance_FW
0xff960db4,GetFocusLensSubjectDistance
0xff960e1c,GetCurrentFocusLensPosition_FW
0xff960e1c,GetCurrentFocusPosition_FW
0xff961214,GetFocusLensSubjectDistanceFromLens
0xff96126c,IsFocusLensOutSidePosition_FW
0xff961290,GetFocusResetPosition_FW
0xff9612fc,GetFocusDefaultResetPosition_FW
0xff961368,ReloadFocusLensAdjustment_FW
0xff961d00,GetCurrentAvValue
0xff961d00,GetCurrentAvValue_FW
0xff961d00,GetIrisAv_FW
0xff961f60,ReloadIrisAdjustment_FW
0xff961f78,ReloadGetaAdjustment_FW
0xff961fe8,GetLensErrorStatus_FW
0xff9620c0,task_MechaAlarm
0xff9627fc,task_MechaCom
0xff963878,GetZoomPiSensorLevel_FW
0xff9638c0,GetFocusPiSensorLevel_FW
0xff964c90,GetMechaShutterMoveTime_FW
0xff964cb8,GetMechaShutterStatus_FW
0xff964e08,ReloadNdFilterAdjustment_FW
0xff965214,GetCurrentZoomLensPosition_FW
0xff965214,GetCurrentZoomPosition_FW
0xff965214,GetZoomLensCurrentPosition_FW
0xff96523c,GetCurrentZoomLensPoint_FW
0xff96523c,GetCurrentZoomPoint_FW
0xff96523c,GetZoomLensCurrentPoint
0xff96523c,GetZoomLensCurrentPoint_FW
0xff965624,GetZoomLensTelePoint_FW
0xff965624,GetZoomTelePoint_FW
0xff9659c8,IsZoomLensOutSidePosition_FW
0xff965aa8,ReloadZoomAdjustment_FW
0xff965cb4,GetZoomLensMechaEdgePosition_FW
0xff965cb8,GetZoomDrivingTime_FW
0xff966ff4,task_TmgGen
0xff96a0f8,task_MovieRecord
0xff96ac44,MechaUnRegisterEventProcedure_FW
0xff96ac84,Mecha.Create_FW
0xff96ace0,MechaReset_FW
0xff96acec,MechaTerminate_FW
0xff96acf8,ShowMechaMacro_FW
0xff96adf8,DispDev_EnableEventProc_FW
0xff96ae3c,SetSDPwrPort_FW
0xff96ae68,j_GetAdVBattBottom_FW
0xff96ae6c,j_GetAdChValue_FW
0xff96ae70,j_BeepDrive_FW
0xff96ae74,j_BeepDriveComp_FW
0xff96ae78,j_VbattGet_FW
0xff96ae7c,j_LEDDrive_FW
0xff96ae80,ShowPhySwStatus_FW
0xff96ae90,SetRawSWCheckMode_FW
0xff96aea0,OnPrintPhySw_FW
0xff96aeb0,OffPrintPhySw_FW
0xff96aec0,j_GetSwitchStatus_FW
0xff96aec4,ShowSDStatus_FW
0xff96aed4,j_GetSDDetect_FW
0xff96aed8,j_GetSDProtect_FW
0xff96aedc,SetIgnoreAVJACK_FW
0xff96aeec,j_GetDialEventId_FW
0xff96aef0,j_GetLcdPosition_FW
0xff96aef4,j_GetBatteryCoverClose_FW
0xff96aef8,j_IsHvSensorExist_FW
0xff96aefc,Driver.Create_FW
0xff96aefc,Driver_EnableEventProc_FW
0xff96b1fc,GetDateAndTime_FW
0xff96b2a0,j_Printf_FW
0xff96b2a4,j_MonSelEvent_FW
0xff96b2a8,j_MemoryChecker_FW
0xff96b2ac,j_VerifyByte_FW
0xff96b2b0,EraseSignature_FW
0xff96b2c0,j_SDump_FW
0xff96b2c4,Dump_FW
0xff96b2d4,Dump32_FW
0xff96b2e8,Poke32_FW
0xff96b2f8,Poke16_FW
0xff96b308,Poke8_FW
0xff96b318,j_Peek32_FW
0xff96b31c,j_Peek16_FW
0xff96b320,j_Peek8_FW
0xff96b324,Wait_FW
0xff96b334,j_exec_FW
0xff96b338,ShowAllTaskInfo_FW
0xff96b348,System.Delete_FW
0xff96ba28,System.Create_FW
0xff96bcdc,UIFS_IsAvailableMovieRecOptZoom_FW
0xff96bce4,UIFS_IsAvailableMovieRecDigZoom_FW
0xff96bcec,UIFS_IsAvailableServoAF_FW
0xff96bcf4,UIFS_IsAvailableRecMenuAFMode_FW
0xff96bcfc,UIFS_IsAutoPopupDownStrobe_FW
0xff96bd04,UIFS_IsAvailableAvTvMode_FW
0xff96be94,UIFS_SetDialStillRec_FW
0xff96beb4,UIFS_SetCaptureModeToP_FW
0xff96bef4,UIFS_SetDialMovieRec_FW
0xff96bf34,UIFS_SetDialPlay_FW
0xff96bf54,UIFS_OpenPopupStrobe_FW
0xff96bf84,UIFS_ClosePopupStrobe_FW
0xff96bfb4,UIFS_MountExtFlash_FW
0xff96bfe4,UIFS_UnmountExtFlash_FW
0xff96c014,UIFS_ConnectVideo_FW
0xff96c044,UIFS_DisconnectVideo_FW
0xff96c074,j_UIFS_MoveZoomTo_FW
0xff96c078,UIFS_StopPostingUIEvent_FW
0xff96c07c,UIFS_RestartPostingUIEvent_FW
0xff96c080,UIFS_PostModeDial_FW
0xff96c0a8,j_UIFS_Capture_FW
0xff96c0ac,j_UIFS_CaptureNoneStop_FW
0xff96c0b0,j_UIFS_StartMovieRecord_FW
0xff96c0b4,j_UIFS_StopMovieRecord_FW
0xff96c0b8,UIFS_StartClockMode_FW
0xff96c0c8,UIFS_EndClockMode_FW
0xff96c0d8,UIFS_SetCradleSetting_FW
0xff96c0dc,j_UIFS_WriteFirmInfoToFile_FW
0xff96c0e0,UIFS_GetMovieRecoadableNumber_FW
0xff96c128,UIFS_GetStillShotableNumber_FW
0xff96c170,UIFS_ChangeShootState_FW
0xff96c194,UIFS_ShootSeqToUI_FW
0xff96c1b8,UIFS_GetLastPath_FW
0xff96c1f0,UIFS_GetAvItemCount_FW
0xff96c260,UIFS_GetTvItemCount_FW
0xff96c3bc,UIFS_GetAvItem_FW
0xff96c3f4,UIFS_GetTvItem_FW
0xff96c42c,UIFS_GetCurrentAvString_FW
0xff96c4ac,UIFS_GetCurrentTvString_FW
0xff96c530,j_UIFS_IsAvailableShots_FW
0xff96c534,j_UIFS_GetNumberOfDisplayedImage_FW
0xff96c538,j_UIFS_PlayTrimExecuteAllImageSize_FW
0xff96c53c,UI.CreatePublic_FW
0xff96cff0,UI_ShowStateOfRecMode_FW
0xff96d004,UI.Create_FW
0xff96d004,UI_RegistDebugEventProc_FW
0xff96d104,InitializeAdjustmentSystem_FW
0xff96d13c,TerminateAdjustmentSystem_FW
0xff96d174,InitializeAdjustmentFunction_FW
0xff96d19c,FA.Delete_FW
0xff96d1b0,FA.Create_FW
0xff96d1d4,DispDev.Create_FW
0xff96d250,Capture.Create_FW
0xff96d294,EngineDriver.Create_FW
0xff96ee58,task_ShutterSoundTask
0xff96fc78,task_CreateHeaderTask
0xff971738,NR_SetDarkSubType
0xff971738,NR_SetDarkSubType_FW
0xff9717d4,NR_SetDefectCorrectType_FW
0xff971800,NR_GetDarkSubType
0xff971800,NR_GetDarkSubType_FW
0xff971840,NR_SetTassenType_FW
0xff971860,NR_GetDefectCorrectType_FW
0xff9718a0,NR_SetLotasPonyType_FW
0xff9718b4,NR_SetDoubleNRType_FW
0xff973640,GetLogToFile_FW
0xff973668,IsRomLogAvailable_FW
0xff97367c,EraseLogSector_FW
0xff978498,AdditionAgentRAM_FW
0xff985c74,UIFS_WriteFirmInfoToFile
0xff985c74,UIFS_WriteFirmInfoToFile_FW
0xff9897e8,FmtMenu_ExecuteQuickFormat_FW
0xff993ab8,PTM_AllReset_FW
0xff993e18,PTM_GetWorkingCaptureMode_FW
0xff993e30,PTM_SetCurrentItem_FW
0xff994148,PTM_NextItem_FW
0xff994150,PTM_PrevItem_FW
0xff99444c,PTM_SetProprietyEnable_FW
0xff994694,PTM_IsEnableItem_FW
0xff994760,PTM_BackupUIProperty_FW
0xff994760,SetParameterData
0xff9947f0,GetParameterData
0xff994b1c,ExecuteResetFactoryWithRomWrite_FW
0xff994b34,ExecuteResetFactory_FW
0xff994b4c,j_ExecuteShutDownPropertyService_FW
0xff99cf00,UIFS_Capture_FW
0xff99cfd4,UIFS_CaptureNoneStop_FW
0xff99dd04,UnsetZoomForMovie
0xff99e2fc,UIFS_MoveZoomTo_FW
0xff9d3c04,UIFS_GetNumberOfDisplayedImage_FW
0xffa0b05c,memset
0xffa0b05c,memset_FW
0xffa0b0d8,realloc
0xffa0b190,srand
0xffa0b19c,rand
0xffa0b1cc,sscanf_FW
0xffa0c05c,apex2us
0xffa2b7b8,PointDefDetect_FW
0xffa2b998,MergeAndConvertDefect_FW
0xffa2bca0,PointKizuCheck_FW
0xffa2bcfc,SensDefCrowdCheck_FW
0xffa2bd30,ChangeGradeTable_FW
0xffa2bd44,LineDefDetect_FW
0xffa2be58,LineKizuCheck_FW
0xffa2be90,GetDefectCrawInfo_FW
0xffa2bef4,GetDefectTvAdj_FW
0xffa2c00c,SetDefectRecParam_FW
0xffa2c13c,ChangeDefectRecParam_FW
0xffa2c14c,ExecuteDefectRec_FW
0xffa2c160,ExecuteDefectRecAndSaveImage_FW
0xffa2c1ac,j_InitializeDefectRec_FW
0xffa2c1b0,j_TerminateDefectRec_FW
0xffa2c238,DevelopTool.DevelopTest_FW
0xffa3418c,ReloadEfAdjustment_FW
0xffa34b04,task_CntFlashTask
0xffa36620,EF.StartEFCharge_FW
0xffa3666c,EF.StopEFCharge_FW
0xffa3667c,EF.SetEFChargeTimeOut_FW
0xffa36690,EF.StartInternalPreFlash_FW
0xffa366c4,EF.StartInternalMainFlash_FW
0xffa36748,EF.SetMainFlashTime_FW
0xffa3675c,j_EF.IsChargeFull_FW
0xffa36760,EF.AdjPreFlash_FW
0xffa3679c,EF.SetChargeMode_FW
0xffa367b0,EF.SetFlashTime_FW
0xffa3978c,AFTool.GetEVal_FW
0xffa3f054,LiveImageTool.StartEVF_FW
0xffa3f060,LiveImageTool.StartEVFFocusJet_FW
0xffa3f06c,LiveImageTool.StartEVFMF_FW
0xffa3f178,LiveImageTool.StartEVFMovVGA_FW
0xffa3f18c,LiveImageTool.StartEVFMovQVGA_FW
0xffa3f1b0,LiveImageTool.StartEVFMovHD_FW
0xffa3f1cc,LiveImageTool.StartEVFMovQVGA60_FW
0xffa3f1e0,LiveImageTool.StartEVFMovQQVGA_FW
0xffa3f1f4,LiveImageTool.StartEVFMovXGA_FW
0xffa3f230,LiveImageTool.StopEVF_FW
0xffa3f240,LiveImageTool.DzoomTele_FW
0xffa3f260,LiveImageTool.DzoomWide_FW
0xffa3f280,LiveImageTool.StopDzoom_FW
0xffa3f290,LiveImageTool.Pause_FW
0xffa3f2a0,LiveImageTool.Resume_FW
0xffa3f2b0,LiveImageTool.ChangeDzoom_FW
0xffa3f320,j_LiveImageTool.GetDzoomPosition_FW
0xffa3f324,LiveImageTool.Jump_FW
0xffa3f338,LiveImageTool.Dister_FW
0xffa421cc,ReloadColorAdjustment_FW
0xffa468fc,task_PTPtoFAPI_EventProcTask
0xffa4733c,add_ptp_handler
0xffa68eb4,EngDrvOut_FW
0xffa68ed0,EngDrvIn_FW
0xffa68ed8,EngDrvRead_FW
0xffa68ee0,EngDrvBits_FW
0xffa68f04,EngDrvReadDump_FW
0xffa6fb2c,task_CorrectLiveTassenTask
0xffa72918,GetCurrentAdjImgDriveType_FW
0xffa72924,GetCurrentImgDrvMode_FW
0xffa72944,ConvertAEIntegDrvTypeToAdjImgDriveType_FW
0xffa72990,ConvertAdjImgDrvModeToAdjImgDriveType_FW
0xffa729f8,ChangeAdjImgDrvMode_FW
0xffa72a24,ChangeAEIntegDrvTypeToAdjImgDriveType_FW
0xffa72a70,GetCurrentCcdTemp_FW
0xffa72a8c,GetCurrentOptTemp_FW
0xffa72ab8,GetCameraInformationData_FW
0xffa72af4,j_GetCameraInformationData_FW
0xffa72b40,SetFaexeEventTableActivation_FW
0xffa72f64,ShowTransparentMemory_FW
0xffa72f84,DumpTransparentMemoryItem_FW
0xffa72fc4,AddTransparentMemory_FW
0xffa72ffc,AttachToTransparentMemory_FW
0xffa73034,RemoveTransparentMemory_FW
0xffa73054,GetTransparentMemorySize_FW
0xffa73064,GetTransparentMemory_FW
0xffa730a8,GetTransparentMemoryPosition_FW
0xffa73604,StartSoundRecord_FW
0xffa7363c,StartSoundPlay_FW
0xffa73674,InitializeSoundRec_FW
0xffa736c4,TerminateSoundRec_FW
0xffa7ba1c,getImageDirName
0xffa8e234,task_FileScheduleTask
0xffa8f1e4,task_FileWrite
0xffa8f1e4,task_FileWriteTask
0xffa90724,task_FORMAT_TASK_PROGRESS
0xffa90904,task_FORMAT_TASK_NAME
0xffa91190,closedir
0xffa911e0,OpenFastDir
0xffa91334,ReadFastDir
0xffa93144,task_FilYuvMaker
0xffa93f2c,task_DecJpgRd
0xffa967d0,reboot_fw_update
0xffa9b3f8,task_ImgDLight
0xffa9ce38,task_FocusEvent
0xffa9efe4,GetFocusLensResetPosition_FW
0xffa9eff4,GetFocusLensResetDefaultPosition_FW
0xffa9f810,SetFocusResetState_FW
0xffa9f814,GetFocusLensCurrentPosition_FW
0xffa9f840,GetFocusLensDriveVoltage_FW
0xffa9f8cc,GetFocusLensSettingWaitVoltage_FW
0xffa9f918,GetFocusLensHoldVoltage_FW
0xffaa0794,task_MechaShutter
0xffaa11c4,task_Nd
0xffaa1778,GetNdMoveTime_FW
0xffaa1940,task_ZoomActuatorSpeedCheck
0xffaa1ae0,task_ZoomEvent
0xffaa241c,IsZoomActuatorResetSensorPlusSide_FW
0xffaa2b7c,MoveZoomActuator_FW
0xffaa2bbc,SetZoomActuatorSpeedPPS_FW
0xffaa2bd8,GetZoomActuatorSpeedPPS_FW
0xffaa2be4,j_GetZoomActuatorCurrentPosition_FW
0xffaa2be8,j_IsZoomActuatorResetSensorPlusSide_FW
0xffaa2c04,GetZoomActuatorCurrentPosition_FW
0xffaa3b04,GetZoomLensCurrentPosition
0xffaa51a4,GetZoomResetSensorLevel_FW
0xffaa51b0,ClearZoomDriveParam_FW
0xffaa52f0,SetZoomResetState_FW
0xffaa70f8,task_MovRead
0xffaa9090,task_MovPlay
0xffaac384,task_MovWrite
0xffab0348,task_MovEdit
0xffab1524,task_AviRead
0xffab2ad4,MoveCZToPoint_FW
0xffab2b0c,MoveCZToWide_FW
0xffab2b3c,MoveCZToTele_FW
0xffab2b6c,MoveCZToPointByOVF_FW
0xffab2b9c,StopCZ_FW
0xffab2bc8,GetCZStillHighSpeed_FW
0xffab2bd0,GetCZStillLowSpeed_FW
0xffab2bd8,GetCZMovieHighSpeed_FW
0xffab2be0,GetCZMovieLowSpeed_FW
0xffab2be8,GetCZStillDefaultSpeed_FW
0xffab2bf0,GetCZMovieDefaultSpeed_FW
0xffab2cd0,ResetFocusLens
0xffab2cd0,ResetFocusLens_FW
0xffab2d2c,EscapeFocusLens_FW
0xffab2da4,MoveFocusLensToTerminate_FW
0xffab2e00,MoveFocusLensWithDistance_FW
0xffab2f08,MoveFocusLensWithPosition_FW
0xffab3014,MoveFocusLensWithPositionWithoutBacklash_FW
0xffab3120,MoveFocusActuator_FW
0xffab3220,SetFocusLensSpeed_FW
0xffab329c,SetFocusLensSpeedTable_FW
0xffab3350,SetFocusLensAccelerationTable_FW
0xffab3450,SetFocusLensSlowdownTable_FW
0xffab34c4,SetFocusLensDefaultPullOutTable_FW
0xffab34d8,SetFocusLensCondition_FW
0xffab35c8,ShowFocusLensCurrentSpeedTable_FW
0xffab362c,SetFocusLensMaxSpeedLimit_FW
0xffab363c,CancelFocusLensMaxSpeedLimit_FW
0xffab364c,EnableFocusLens_FW
0xffab3698,DisableFocusLens_FW
0xffab36e4,EnableFocusLensGainLockWithVoltage_FW
0xffab3710,DisableFocusLensGainLock_FW
0xffab3720,EnableFocusLensWaveLock_FW
0xffab373c,DisableFocusLensWaveLock_FW
0xffab374c,j_GetFocusLensCurrentPosition_FW
0xffab3750,j_GetFocusLensResetPosition_FW
0xffab3754,j_GetFocusLensResetDefaultPosition_FW
0xffab3758,GetFocusLensSubjectDistance_FW
0xffab3774,GetFocusLensSubjectDistanceNumber_FW
0xffab377c,GetFocusLensPositionRatio_FW
0xffab3784,GetFocusLensLoadSubjectDistance_FW
0xffab37a4,ChangeFocusDistanceToPosition_FW
0xffab3800,GetFocusLensLoadCamTable_FW
0xffab382c,j_GetFocusLensDriveVoltage_FW
0xffab3830,SetFocusLensDriveVoltage_FW
0xffab3868,j_GetFocusLensSettingWaitVoltage_FW
0xffab386c,SetFocusLensSettingWaitVoltage_FW
0xffab38a4,j_GetFocusLensHoldVoltage_FW
0xffab38a8,SetFocusLensHoldVoltage_FW
0xffab38e0,j_GetFocusLensResetVoltage_FW
0xffab38e4,GetFocusLensMoveMaxPosition_FW
0xffab38fc,GetFocusLensMoveMinPosition_FW
0xffab3914,j_GetFocusLensPullInMaxSpeed_FW
0xffab3918,GetFocusLensMoveRangeOfTelePoint_FW
0xffab39cc,ResetIris_FW
0xffab39f0,MoveIrisToTerminatePosition_FW
0xffab39f8,MoveIrisWithAv
0xffab39f8,MoveIrisWithAv_FW
0xffab3a20,MoveIrisWithAvWithoutBacklash_FW
0xffab3a48,j_GetIrisAv_FW
0xffab3a4c,ChangeIrisSpeed_FW
0xffab3ac8,MoveLensToFirstPoint_FW
0xffab3b10,MoveLensToTerminatePoint_FW
0xffab3b48,j_IsLensOutside_FW
0xffab3b4c,j_GetLensErrorStatus_FW
0xffab3b50,j_GetFocusStartZoomPosition_FW
0xffab3b54,EnableLensError_FW
0xffab3b64,DisableLensError_FW
0xffab3b74,SetLensOutsideFlag_FW
0xffab3ba8,WriteMechaLogToRom_FW
0xffab3bb0,WriteMechaLogToFile_FW
0xffab3bcc,EnableMechaCircuit_FW
0xffab3bdc,DisableMechaCircuit_FW
0xffab3bec,EnableFocusPiCircuit_FW
0xffab3bfc,DisableFocusPiCircuit_FW
0xffab3c0c,j_GetFocusPiSensorLevel_FW
0xffab3c10,EnableZoomPiCircuit_FW
0xffab3c20,DisableZoomPiCircuit_FW
0xffab3c30,j_GetZoomPiSensorLevel_FW
0xffab3c34,EnableZoomEncoderCircuit_FW
0xffab3c44,DisableZoomEncoderCircuit_FW
0xffab3c54,SendMechaCircuitData_FW
0xffab3c78,ReceiveMechaCircuitDataAll_FW
0xffab3d2c,CloseMechaShutter_FW
0xffab3d50,OpenMechaShutter_FW
0xffab3d74,CloseMechaShutterWithTiming_FW
0xffab3dac,SetMechaShutterCloseDacSetting_FW
0xffab3dc8,GetMechaShutterCloseDacSetting_FW
0xffab3dfc,SetMechaShutterOpenDacSetting_FW
0xffab3e18,GetMechaShutterOpenDacSetting_FW
0xffab3e4c,SetMechaShutterWaitTimeSetting_FW
0xffab3e60,j_GetMechaShutterStatus_FW
0xffab3e64,j_GetMechaShutterMoveTime_FW
0xffab3e68,SetMechaShutterMoveTime_FW
0xffab3ef8,PutInNdFilter
0xffab3ef8,TurnOnNdFilter_FW
0xffab3f1c,PutOutNdFilter
0xffab3f1c,TurnOffNdFilter_FW
0xffab3f40,j_GetNdMoveTime_FW
0xffab3f44,SetNdMoveTime_FW
0xffab3f58,SetNdDacSetting_FW
0xffab3f80,EnableZoomLensEncoderPowerControl_FW
0xffab3f90,DisableZoomLensEncoderPowerControl_FW
0xffab4004,ResetZoomLens
0xffab4004,ResetZoomLens_FW
0xffab4030,ResetZoomLensToFirst_FW
0xffab4070,ResetZoomLensToTermiante_FW
0xffab40b0,MoveZoomLensWithPoint
0xffab40b0,MoveZoomLensWithPoint_FW
0xffab40f4,MoveZoomLensWithPosition_FW
0xffab4138,MoveZoomLensToTerminatePosition_FW
0xffab4178,MoveZoomLensToMechaEdge_FW
0xffab41e0,SetZoomLensSpeedMode_FW
0xffab4228,GetZoomLensDriveAmpereDac_FW
0xffab4230,SetZoomLensDriveAmpereDac_FW
0xffab4248,EnableZoomLensSpeedControl_FW
0xffab425c,DisableZoomLensSpeedControl_FW
0xffab4270,EnableZoomLensElectricControl_FW
0xffab4284,DisableZoomLensElectricControl_FW
0xffab4298,j_GetZoomLensCurrentPoint_FW
0xffab429c,j_GetZoomLensCurrentPosition_FW
0xffab42a0,j_GetZoomLensTelePoint_FW
0xffab42a4,j_GetZoomLensMechaEdgePosition_FW
0xffab42a8,ChangeZoomLensPointToMagnification_FW
0xffab42b0,ChangeZoomLensMagnificationToPoint_FW
0xffab42b8,ISAutoCenter_FW
0xffab42c8,StartISLocalAdjust_FW
0xffab42d8,j_StartISLocalHallAdjust_FW
0xffab42dc,j_StartISLocalAutoCenter_FW
0xffab42e0,ISMoveToMechaEdgeOPEN_FW
0xffab42f4,ISChangeOPENtoCLOSE_FW
0xffab4304,SetISDriveAaxis_FW
0xffab4318,SetISDriveBaxis_FW
0xffab432c,SetISHallOffsetAaxis_FW
0xffab4340,SetISHallOffsetBaxis_FW
0xffab4354,SetISHallOffsetbyAxisType_FW
0xffab4370,SetISHallGainAaxis_FW
0xffab4384,SetISHallGainBaxis_FW
0xffab4398,SetISHallGainbyAxisType_FW
0xffab43b4,SetISGyroGainAaxis_FW
0xffab43c8,SetISGyroGainBaxis_FW
0xffab43dc,SetISGyroGainbyAxisType_FW
0xffab43f8,GetISDriveAaxis_FW
0xffab4418,GetISDriveBaxis_FW
0xffab4438,GetISPositionAaxis_FW
0xffab4458,GetISPositionBaxis_FW
0xffab4478,GetISHallOffsetAaxis_FW
0xffab4498,GetISHallOffsetBaxis_FW
0xffab44b8,GetISHallOffsetbyAxisType_FW
0xffab44e4,GetISHallGainAaxis_FW
0xffab4504,GetISHallGainBaxis_FW
0xffab4524,GetISHallGainbyAxisType_FW
0xffab4550,GetISGyroGainAaxis_FW
0xffab4678,GetISGyroGainBaxis_FW
0xffab4698,GetISGyroGainbyAxisType_FW
0xffab46c4,j_GetGyroDataPitch_FW
0xffab46c8,j_GetGyroDataYaw_FW
0xffab46cc,SetGyro10BitDACPitch_FW
0xffab46e0,SetGyro10BitDACYaw_FW
0xffab46f4,j_GetGyro10BitDACPitch_FW
0xffab46f8,j_GetGyro10BitDACYaw_FW
0xffab46fc,SetGyroHPFINOffsetPitch_FW
0xffab4710,SetGyroHPFINOffsetYaw_FW
0xffab4724,j_GetGyroHPFINOffsetPitch_FW
0xffab4728,j_GetGyroHPFINOffsetYaw_FW
0xffab472c,j_GetGyroHPFINPitch_FW
0xffab4730,j_GetGyroHPFINYaw_FW
0xffab4734,SetISTuningFlag_FW
0xffab474c,SetGyroFilterChargeStart_FW
0xffab4764,SetGyroFilterChargeStop_FW
0xffab477c,GetGyroFilterCharge_FW
0xffab479c,GetISFirmVersion_FW
0xffab47c4,GetMechaDSPVersion_FW
0xffab47ec,GetISParamVersion_FW
0xffab4814,SetZoomPosition_FW
0xffab4828,ISControlStart_FW
0xffab4838,ISControlStop_FW
0xffab4848,ISPanModeStart_FW
0xffab4858,ISPanModeStop_FW
0xffab4908,SetISControlType_FW
0xffab491c,SetISStillStatus_FW
0xffab492c,SetISMovieStatus_FW
0xffab493c,ChangeParallelMode_FW
0xffab4950,SetLPFParallelBest_FW
0xffab496c,GetLPFParallelBest_FW
0xffab499c,SelectPositionSignal_FW
0xffab49b0,ClearISIComponent_FW
0xffab49c0,SetISHPFCutoff_FW
0xffab49d4,ClearISZData_FW
0xffab49e4,GetISHallOut1Amp_FW
0xffab4a08,ISMDStart_FW
0xffab4a18,ISMDStop_FW
0xffab4a28,SetISLPFAaxis_FW
0xffab4a3c,SetISLPFBaxis_FW
0xffab4a50,EnableISDriveError_FW
0xffab4a60,DisableISDriveError_FW
0xffab4a70,EnableISAutoGyroOffset_FW
0xffab4a80,DisableISAutoGyroOffset_FW
0xffab4a90,SetISHallAmpFirstGain_FW
0xffab4aa4,GetISHallAmpFirstGain_FW
0xffab4acc,StartLoopGainCalc_FW
0xffab4b00,GetLoopGainCalcData_FW
0xffab4b54,SetLoopGainAdjValue_FW
0xffab4bf4,GetLoopGainAdjValue_FW
0xffab4c18,StopLoopGainCalc_FW
0xffab4c28,GetISCrossTalkComp_FW
0xffab4c78,SetISCrossTalkCompA1_FW
0xffab4c8c,SetISCrossTalkCompA2_FW
0xffab4ca0,SetISCrossTalkCompB1_FW
0xffab4cb4,SetISCrossTalkCompB2_FW
0xffab4cc8,SetDISModeParam_FW
0xffab4cdc,GetDISModeParamType_FW
0xffab4cfc,DisableDISModeChange_FW
0xffab4d0c,EnableDISModeChange_FW
0xffab4d1c,SetISAdjData_FW
0xffab4d2c,SetISCenterShiftA_FW
0xffab4d40,SetISCenterShiftB_FW
0xffab4d54,GetISCenterShiftA_FW
0xffab4d70,GetISCenterShiftB_FW
0xffab4d8c,ISFixedPWMON_FW
0xffab4da0,ISFixedPWMOFF_FW
0xffab4db4,SetFixedPWMOutA_FW
0xffab4dc8,SetFixedPWMOutB_FW
0xffab4ddc,j_GetFixedPWMOutA_FW
0xffab4de0,j_GetFixedPWMOutB_FW
0xffab4e4c,ActivateISMD_FW
0xffab4e64,CommunicateMechaCPU_FW
0xffab4ea0,MechaCPUMemoryDump_FW
0xffab4ebc,MechaCPUMemoryWrite_FW
0xffab4ee0,StartImStEventProc_FW
0xffab6810,MemoryChecker_FW
0xffab6934,VerifyByte_FW
0xffab6b10,SDump_FW
0xffab6d30,FreeMemory
0xffab6d30,FreeMemory_FW
0xffab6d38,AllocateMemory
0xffab6d38,AllocateMemory_FW
0xffab6d58,Peek32_FW
0xffab6d60,Peek16_FW
0xffab6d68,Peek8_FW
0xffab6d90,GetSystemTime
0xffab6d90,GetSystemTime_FW
0xffab6da4,exec_FW
0xffab6e14,MonSelEvent_FW
0xffab72e8,MakeBootDisk_FW
0xffab72fc,MakeScriptDisk_FW
0xfface2b0,task_ReadMultiConTask
0xffad44ec,UIFS_PlayTrimExecuteAllImageSize_FW
0xffade520,LCDMsg_Move_FW
0xffade560,LCDMsg_Delete_FW
0xffade86c,LCDMsg_Create_FW
0xffade900,LCDMsg_SwDisp_FW
0xffade950,LCDMsg_SetNum_FW
0xffade960,LCDMsg_SetStr_FW
0xffadea28,LCDMsg_ChangeColor_FW
0xffafd518,qsort
0xffb027f4,InitializeDefectRec_FW
0xffb02860,TerminateDefectRec_FW
0xffb0ebd8,Bat_Calc_FW
0xffb0ebd8,CalculateBatSenseOffset_FW
0xffb17904,GetCdsGainValue_FW
0xffb1792c,SetDeltaCDSGain_FW
0xffb17970,j_ReloadCdsAdjustment_FW
0xffb17974,GetObClampValue_FW
0xffb179b8,SetObClamp_FW
0xffb179b8,SetObClampValue_FW
0xffb179c0,SetCDSGain_FW
0xffb179c0,SetCdsGainValue_FW
0xffb179ec,SetCdsPreGain_FW
0xffb179f4,GetCdsPreGain_FW
0xffb17a1c,j_GetCdsPreGain_FW
0xffb17a44,SetCdsPreGainReg_FW
0xffb17a4c,GetCdsPreGainReg_FW
0xffb17a74,j_GetCdsPreGainReg_FW
0xffb17a98,SetCDSGainStep_FW
0xffb17ab0,SetAdjCdsMode_FW
0xffb17ac8,CancelAdjCdsMode_FW
0xffb17bac,IsAdjCdsMode_FW
0xffb17bf0,StopCaptureDrive_FW
0xffb17c24,j_CancelImageDrive_FW
0xffb17d54,StartCaptureDrive_FW
0xffb17d5c,CaptureWithParam_FW
0xffb17d70,ChangeImageDrive_FW
0xffb17d78,GetCrwImageInfo_FW
0xffb17ec4,ConvertTvToExposureTime_FW
0xffb17ee4,j_GetCurrentExposureTime_FW
0xffb17eec,j_GetCurrentShutterSpeed_FW
0xffb17f18,SetShutterSpeedWithMecha_FW
0xffb17f68,SetShutterSpeed_FW
0xffb17fb4,GetUserSetShutterSPeed_FW
0xffb17fc4,GetShutterSpeedRegularMaxLimit_FW
0xffb17fdc,GetShutterSpeedRegularMinLimit_FW
0xffb18018,GetFrameRateWithApex_FW
0xffb180a4,MoveIrisToAv_FW
0xffb180f0,j_ReloadIrisAdjustment_FW
0xffb180f4,j_ReloadGetaAdjustment_FW
0xffb180f8,j_GetCurrentAvValue_FW
0xffb181b0,MoveIrisFullOpen_FW
0xffb181e4,MoveIrisFullClose_FW
0xffb18258,j_ReloadNdFilterAdjustment_FW
0xffb18270,PutInNdFilter_FW
0xffb182a8,PutOutNdFilter_FW
0xffb18330,CloseMShutter_FW
0xffb18368,OpenMShutter_FW
0xffb18c84,CalculatePeakFromLeastSquareResult_FW
0xffb18cbc,CalculateLog2ToApex_FW
0xffb18cd0,CalculatePow2FromApex_FW
0xffb18d1c,CalcLog10_FW
0xffb18d44,ConvertApexToApexStd_FW
0xffb18d74,ConvertApexStdToApex_FW
0xffb18e0c,CalcSqrt_FW
0xffb18e38,SetOneShotWBParam_FW
0xffb18e38,SetOneTypeWBParam_FW
0xffb18eb8,OneShotWhigeBalance_FW
0xffb18eb8,OneTypeWhiteBalance_FW
0xffb18f08,SetWBYlStandardWidth_FW
0xffb18f44,SetReferenceWBGainForCalibration_FW
0xffb18f70,SetToolCorrectCoefficient_FW
0xffb18fe8,j_ReloadWBAdjustment_FW
0xffb19308,ConvertCxCyToWBGain_FW
0xffb19470,GetZoomLensResetPlus_FW
0xffb19648,j_GetCurrentZoomLensPosition_FW
0xffb19648,j_GetCurrentZoomPosition_FW
0xffb1964c,j_GetCurrentZoomLensPoint_FW
0xffb1964c,j_GetCurrentZoomPoint_FW
0xffb196e8,GetCurrentZoomLensDirection_FW
0xffb19704,j_ReloadZoomAdjustment_FW
0xffb197b8,j_GetZoomTelePoint_FW
0xffb197bc,j_GetZoomResetSensorLevel_FW
0xffb197f8,j_GetZoomDrivingTime_FW
0xffb1986c,j_ClearZoomDriveParam_FW
0xffb199e4,j_IsZoomLensOutSidePosition_FW
0xffb199ec,StopZoomEmergency_FW
0xffb199f0,j_SetZoomResetState_FW
0xffb19a30,ResetZoom_FW
0xffb19a64,ResetZoomToFirst_FW
0xffb19a64,ResetZoomToFirstPoint_FW
0xffb19a98,ResetZoomToTerminate_FW
0xffb19a98,ResetZoomToTerminatePoint_FW
0xffb19acc,MoveZoomLensToPosition_FW
0xffb19acc,MoveZoomPosition_FW
0xffb19b08,MoveZoomLensToPoint_FW
0xffb19b08,MoveZoomPoint_FW
0xffb19b44,MoveComputerZoomToPoint_FW
0xffb19b80,ResetZoomToAdjFirstPoint_FW
0xffb19bc4,ResetZoomToAdjTerminatePoint_FW
0xffb19ca8,SetZoomLensEncoderPowerControl_FW
0xffb19cb0,SetZoomSpeedMode_FW
0xffb19cf4,GetZoomDefaultDriveParam_FW
0xffb19d0c,SetZoomDriveParam_FW
0xffb19d40,GetZoomResetDriveParam_FW
0xffb19d58,SetZoomResetDriveParam_FW
0xffb19d8c,GetZoomNormalDriveParam_FW
0xffb19da4,SetZoomNormalDriveParam_FW
0xffb19dd8,GetZoomDefaultCommonDriveParam_FW
0xffb19e00,SetZoomCommonDriveParam_FW
0xffb19f78,ClearZoomCommonDriveParam_FW
0xffb1a084,MoveZoomLensToMechaEnd_FW
0xffb1a118,MoveZoomLensToPositionByManual_FW
0xffb1a258,ConvertToPositionWithDistanceAndZoomPoint_FW
0xffb1a270,j_ReloadFocusLensAdjustment_FW
0xffb1a274,j_GetFocusDefaultResetPosition_FW
0xffb1a278,j_GetFocusResetPosition_FW
0xffb1a27c,j_GetCurrentTargetDistance_FW
0xffb1a2d4,j_GetCurrentFocusLensPosition_FW
0xffb1a2d4,j_GetCurrentFocusPosition_FW
0xffb1a304,MoveFocusLensToTerminatePosition_FW
0xffb1a304,MoveFocusToTerminate_FW
0xffb1a3e8,MoveFocusLensToPositionWithMaxSpeed_FW
0xffb1a42c,MoveFocusLensToPositionWithSpeed_FW
0xffb1a500,MoveFocusLensToPosition_FW
0xffb1a54c,MoveFocusPosition_FW
0xffb1a614,MoveFocusDistance_FW
0xffb1a614,MoveFocusLensToDistance
0xffb1a614,MoveFocusLensToDistance_FW
0xffb1a67c,ResetFocus_FW
0xffb1a84c,j_IsFocusLensOutSidePosition_FW
0xffb1a884,j_SetFocusResetState_FW
0xffb1b220,SetScanLensIndex_FW
0xffb1b324,SetScanWindowMode_FW
0xffb1b4fc,SelectAdjBPFilter_FW
0xffb1b51c,SetAdjAFWinPos_FW
0xffb1b55c,SetBPFilterForBP_FW
0xffb1b57c,CancelBPFilterForBP_FW
0xffb1b728,StartAdjAFService_FW
0xffb1b838,StopAdjAFService_FW
0xffb1b9dc,GetAdjAFInteg_FW
0xffb1b9fc,StopAdjAFInteg_FW
0xffb1ba58,StartAdjAFInteg_FW
0xffb1ba68,SetAdjAFIntegCrwAdd_FW
0xffb1c0c4,StopCustomScan_FW
0xffb1c12c,StartCustomScan_FW
0xffb1c19c,StartCrwCustomScan_FW
0xffb1ca34,CalculatePeakPosByLS_FW
0xffb1ca94,CalculateInterpolationByLS_FW
0xffb1cae8,j_ReloadAFAdjustment_FW
0xffb1cb24,PrintScanTable_FW
0xffb1cbb8,PrintMultiWinScanTable_FW
0xffb1d05c,GetExStrobeID_FW
0xffb1d064,IsExStrobeChargeComp_FW
0xffb1d06c,SetExStrobeMode_FW
0xffb1d070,CancelExStrobeMode_FW
0xffb1d074,j_ReloadEfAdjustment_FW
0xffb1d0ac,ChargeStrobe_FW
0xffb1d0e0,ChargeStrobeForFA_FW
0xffb1d12c,StopStrobeChargeForFA_FW
0xffb1d14c,ExecuteInternalPreFlash_FW
0xffb1d1dc,j_ReloadColorAdjustment_FW
0xffb1d294,RegistColorMatrix_FW
0xffb1d2cc,UnregistColorMatrix_FW
0xffb1d438,ShowCurrentExp_FW
0xffb1d490,SetAE_ShutterSpeed
0xffb1d490,SetAE_ShutterSpeed_FW
0xffb1d554,FocusAEWithCompensation_FW
0xffb1d5cc,SetAE_CdsGainValue_FW
0xffb1d694,FixAEWithCompensation_FW
0xffb1d6f4,SetAdj_AEMode_FW
0xffb1d720,CancelAdj_AEMode_FW
0xffb1d770,PreFixAE_FW
0xffb1d8f8,AfAEWithAperturePriority_FW
0xffb1d94c,AdjAEWithAperturePriority_FW
0xffb1d9a0,SleepAE_FW
0xffb1daf4,AfAEWithCompensation_FW
0xffb1dbf4,GetVideoOutType_FW
0xffb1dc10,SwitchOffDisplay_FW
0xffb1dc44,SwitchOnDisplay_FW
0xffb1dcbc,SetVideoOutType_FW
0xffb1dcc4,IsEVFDrive_FW
0xffb1dcec,StopEVFDrive_FW
0xffb1df9c,StartEVFDriveWithMode_FW
0xffb1dfe0,StartEVFDrive_FW
0xffb1e030,IsEvfDriveMode_FW
0xffb1e1f8,GetSumYOfVRAMCenterLine_FW
0xffb1e260,j_GetVRAMHPixelsSize_FW
0xffb1e264,j_GetVRAMVPixelsSize_FW
0xffb1e268,j_StopContinuousVRAMData_FW
0xffb1e2e4,GetContinuousVRAMData_FW
0xffb1e9dc,GetPixelsOfViewangle_FW
0xffb1ea80,GetContinuousVRAMDataWithRingBuffer_FW
0xffb1eb14,j_GetMovieJpegVRAMHPixelsSize_FW
0xffb1eb18,j_GetMovieJpegVRAMVPixelsSize_FW
0xffb1ec44,GetContinuousMovieJpegVRAMData_FW
0xffb1ecbc,ChangeDistortionSetForLiveImage_FW
0xffb1eee8,Bat_VIN_FW
0xffb1eee8,SetInputVoltage_FW
0xffb1eefc,Bat_Save_FW
0xffb1eefc,SaveBatSenseOffsetAdjustmentTable_FW
0xffb1ef0c,SetImageMode_FW
0xffb1ef14,SetDate_FW
0xffb1f05c,SetYear_FW
0xffb1f0bc,SetMonth_FW
0xffb1f118,SetDay_FW
0xffb1f180,SetHour_FW
0xffb1f1e4,SetMinute_FW
0xffb1f248,SetSecond_FW
0xffb1f2ac,GetYear_FW
0xffb1f2dc,GetMonth_FW
0xffb1f308,GetDay_FW
0xffb1f330,GetHour_FW
0xffb1f358,GetMinute_FW
0xffb1f380,GetSecond_FW
0xffb1f3a8,SetLangMenuType_FW
0xffb1f534,SaveBmpVRAMData_FW
0xffb1f8a4,SavePaletteData
0xffb1f8a4,SavePaletteData_FW
0xffb1f93c,SaveFromImage_FW
0xffb1fb98,SetFactorySerialNumber_FW
0xffb1fba8,LoadFactoryNumber_FW
0xffb1fc88,LoadSerialNumber_FW
0xffb1fd6c,GetLastVBatADLevel_FW
0xffb1fd74,j_GetVBatVoltage_FW
0xffb1fd78,SaveFactoryReserveData_FW
0xffb1fe84,SetProductVolume_FW
0xffb1feec,j_GetDCPAdjOffset_FW
0xffb20f88,GetUnpackCrwIntegralValue_FW
0xffb20fa4,GetUnpackCrwIntegralValueForShading_FW
0xffb2120c,GetUnpackCrwIntegralValueForColorShading_FW
0xffb21358,GetUnpackCrwIntegralMultiValueForShading_FW
0xffb213c4,GetCaptureInfoData_FW
0xffb21514,ReloadShadingAdjustmentData_FW
0xffb21538,ReloadDefectAdjustmentData_FW
0xffb2157c,InitializeDefectAdjustment_FW
0xffb2158c,TerminateDefectAdjustment_FW
0xffb2179c,DevelopStillPicture_FW
0xffb21894,InitializeMechaDevice_FW
0xffb218cc,TerminateMechaDevice_FW
0xffb21940,CreateJumptable
0xffb22d58,GetISGyroYawOffset_FW
0xffb22d60,GetISGyroPitchOffset_FW
0xffb22d78,HitISLensAgainstRightEdge_FW
0xffb22d8c,HitISLensAgainstLeftEdge_FW
0xffb22da0,HitISLensAgainstBottomEdge_FW
0xffb22db4,HitISLensAgainstTopEdge_FW
0xffb22dd8,MoveISLensToRightLimitPosition_FW
0xffb22dec,MoveISLensToLeftLimitPosition_FW
0xffb22e00,MoveISLensToBottomLimitPosition_FW
0xffb22e14,MoveISLensToTopLimitPosition_FW
0xffb22e28,j_StopBDrive_FW
0xffb22e28,j_StopISDrive_FW
0xffb22e2c,j_StartBDrive_FW
0xffb22e2c,j_StartISDrive_FW
0xffb22e30,j_GetISHallDeviceYawGain_FW
0xffb22e34,j_GetISHallDevicePitchGain_FW
0xffb22e38,j_GetISHallDeviceYawOffset_FW
0xffb22e3c,j_GetISHallDevicePitchOffset_FW
0xffb22e44,WriteHallDeviceAdjustment_FW
0xffb22edc,j_GetISGyroYawGain_FW
0xffb22ee0,j_GetISGyroPitchGain_FW
0xffb22ee4,WriteGyroAdjustment_FW
0xffb22f74,j_GetISYawPWM_FW
0xffb22f78,j_GetISPitchPWM_FW
0xffb22f7c,WritePWMAdjustment_FW
0xffb22fe0,SetISPitchPWM_FW
0xffb22ff4,SetISYawPWM_FW
0xffb23028,SetISGyroYawGain_FW
0xffb23058,SetISGyroPitchGain_FW
0xffb23068,SetISGyroYawOffset_FW
0xffb2306c,SetISGyroPitchOffset_FW
0xffb23094,SetISHallDeviceYawGain_FW
0xffb230c4,SetISHallDevicePitchGain_FW
0xffb230f8,SetISHallDeviceYawOffset_FW
0xffb23128,SetISHallDevicePitchOffset_FW
0xffb23138,SetZoomPointToIS_FW
0xffb23160,j_StartISAdjustmentDrive_FW
0xffb23164,j_StopISAdjustmentDrive_FW
0xffb23168,j_StartBPanDrive_FW
0xffb23168,j_StartISPanDrive_FW
0xffb2316c,j_StopBPanDrive_FW
0xffb2316c,j_StopISPanDrive_FW
0xffb23170,j_SearchBCentralPosition_FW
0xffb23170,j_SearchISLensCentralPosition_FW
0xffb23174,j_MoveISLensToCentralPosition_FW
0xffb23178,j_GetISShiftLensPitchPosition_FW
0xffb2317c,j_GetISShiftLensYawPosition_FW
0xffb23180,j_GetISLensEViAaxis_FW
0xffb23184,j_GetISLensEViBaxis_FW
0xffb23188,j_GetISLensCorrectedEViAaxis_FW
0xffb2318c,j_GetISLensCorrectedEViBaxis_FW
0xffb23190,j_GetISLensDampAaxis_FW
0xffb23194,j_GetISLensDampBaxis_FW
0xffb231a0,SetISCutOffFreqIndex_FW
0xffb231a0,SetISHPFCutOffFreqIndex_FW
0xffb231b0,SetISLPFCutOffFreqAaxis_FW
0xffb231c0,SetISLPFCutOffFreqBaxis_FW
0xffb231d4,SetLPFForParallelFilter_FW
0xffb231e8,ChangeFilterMode_FW
0xffb231f0,j_ClearISCalcZData_FW
0xffb23210,HitISMechaEdgeInOpenControl_FW
0xffb23220,j_ChangeToISCloseControl_FW
0xffb2334c,SetISGyro10BitDACPitch_FW
0xffb23368,SetISGyro10BitDACYaw_FW
0xffb23384,SetISGyroHPFINOffsetPitch_FW
0xffb233a0,SetISGyroHPFINOffsetYaw_FW
0xffb233b4,j_GetISGyroDataPitch_FW
0xffb233bc,j_GetISGyroDataYaw_FW
0xffb233c4,j_GetISGyroHPFINPitch_FW
0xffb233cc,j_GetISGyroHPFINYaw_FW
0xffb233d4,j_GetISGyro10BitDACPitch_FW
0xffb233dc,j_GetISGyro10BitDACYaw_FW
0xffb233e4,j_GetISGyroHPFINOffsetPitch_FW
0xffb233ec,j_GetISGyroHPFINOffsetYaw_FW
0xffb233fc,SetISGyroFilterCharge_FW
0xffb23424,SetISTuningMode_FW
0xffb23458,SetISTuningOff_FW
0xffb23478,SetISGyroCompensationMode_FW
0xffb23514,j_CancelLoopGainCalc_FW
0xffb23548,ReloadISAdjustment_FW
0xffb23588,CalcLoopGain_FW
0xffb23628,SetLoopGain_FW
0xffb23640,GetLoopGain_FW
0xffb2365c,SetISLensPWMMode_FW
0xffb2367c,SetDISModeParameter_FW
0xffb2369c,j_GetDISModeParameter_FW
0xffb236a4,GetGyroFilterChargeStatus_FW
0xffb23724,SetISCrossTalkCompCoeff_FW
0xffb23748,GetISCrossTalkCompCoeff_FW
0xffb35e50,task_ReadScheduleTask
0xffb3c940,task_EfctConTask
0xffb3cae4,task_EfctConLowTask
0xffb3ee9c,SetPMByGpio_FW
0xffb3eeac,ClearPMByGpio_FW
0xffb3eed4,ClearPMByFs_FW
0xffb3eee4,MoveDCMotorCW_FW
0xffb3ef54,MoveDCMotorCCW_FW
0xffb3efc4,SetDCMotorWaitTime_FW
0xffb3fae4,GetFocusLensResetVoltage_FW
0xffb510c0,task_ReadFileTask
0xffb590d0,_log
0xffb59610,_log10
0xffb59788,_pow
0xffb5b3ac,_sqrt
