0xff0536a4,_avsLoadAdjTableData_FW
0xff053b84,_avsSaveAdjTableData_FW
0xff053684,_avsShowAdjTableData_FW
0xff02c0fc,_GetSystemTime
0xff430340,_log
0xff430880,_log10
0xff4309f8,_pow
0xff43261c,_sqrt
0xff154578,_srRegDump_FW
0xff00ff24,_uartr_req
0xff18d1f0,AbortAEIntegralValue_FW
0xff088e00,AcquireRecursiveLock
0xff02baf0,AcquireRecursiveLockStrictly
0xff18f1a0,ActivateAdjLog_FW
0xff126afc,ActivateImager_FW
0xff126b88,ActivateImagerXOne_FW
0xff357970,ActivateISMD_FW
0xff1c2c8c,ActivateUsmCPU_FW
0xff2dfff0,add_ptp_handler
0xff1dec78,AdditionAgentRAM_FW
0xff31b8f8,AddTransparentMemory_FW
0xff3e016c,AdjAEWithAperturePriority_FW
0xff355a84,AdjustZoomEncoderPi_FW
0xff3e0118,AfAEWithAperturePriority_FW
0xff3e0314,AfAEWithCompensation_FW
0xff2ccdb4,AFTool.GetEVal_FW
0xff359764,AllocateMemory
0xff359764,AllocateMemory_FW
0xff02be60,AllocateUncacheableMemory
0xff297c24,apex2us
0xff0b336c,atol_FW
0xff18dfd4,AttachIntegCrawData_FW
0xff31b930,AttachToTransparentMemory_FW
0xff053a50,AVS_ErrCheck_FW
0xff0539ac,AVS_Execute_FW
0xff0538d0,AVS_Initialize_FW
0xff053acc,AVS_SetVoltage_FW
0xff154740,AVS_Terminate_FW
0xff3c6e28,Bat_Calc_FW
0xff3e177c,Bat_Save_FW
0xff3e1768,Bat_VIN_FW
0xff0557c0,BeepDrive_FW
0xff0557e0,BeepDriveComp_FW
0xff3dabfc,CalcLog10_FW
0xff3e5a84,CalcLoopGain_FW
0xff3dacec,CalcSqrt_FW
0xff3c6e28,CalculateBatSenseOffset_FW
0xff3df2ac,CalculateInterpolationByLS_FW
0xff3dab9c,CalculateLog2ToApex_FW
0xff3dab64,CalculatePeakFromLeastSquareResult_FW
0xff3df24c,CalculatePeakPosByLS_FW
0xff3dabb0,CalculatePow2FromApex_FW
0xff063f24,CalculateTestRecYUVData_FW
0xff3dff40,CancelAdj_AEMode_FW
0xff3d9124,CancelAdjCdsMode_FW
0xff3ddd90,CancelBPFilterForBP_FW
0xff3df884,CancelExStrobeMode_FW
0xff354c64,CancelFocusLensMaxSpeedLimit_FW
0xff08c6ec,CancelHPTimer
0xff126e08,CancelImageDrive_FW
0xff126d28,CancelImager_FW
0xff0740ac,CancelLoopGainCalc_FW
0xff02c318,CancelTimer
0xff3dcd28,CancelVcmOpenDriveMode_FW
0xff0c13f0,Capture.CotiRegular_FW
0xff1d25b8,Capture.Create_FW
0xff3d9aac,CaptureWithParam_FW
0xff2d8f10,CdsDrv.ChangeGainCurve_FW
0xff2d8f34,CdsDrv.CorrectCdsOBBrimming_FW
0xff2d8fcc,CdsDrv.Create_FW
0xff2d900c,CdsDrv.Delete_FW
0xff125efc,CdsDrv.GetBaseSv_FW
0xff2d8db0,CdsDrv.GetCdsGain_FW
0xff2d8c60,CdsDrv.GetCdsGainForAdjustment_FW
0xff2d8c88,CdsDrv.GetCdsGainRegForAdjustment_FW
0xff2d8cf8,CdsDrv.GetCdsOBForAdjustment_FW
0xff2d8cb0,CdsDrv.GetCdsPreGainForAdjustment_FW
0xff2d8fa0,CdsDrv.GetCdsRegisterImage_FW
0xff2d8f18,CdsDrv.GetCdsSpecOfADBitRate_FW
0xff2d8ee4,CdsDrv.PowerMode_FW
0xff2d8d1c,CdsDrv.Reset_FW
0xff2d8ef8,CdsDrv.SelectGainCurveForFi_FW
0xff2d8f00,CdsDrv.SelectGainCurveForFr_FW
0xff2d8f08,CdsDrv.SelectGainCurveForMovie_FW
0xff2d8ce0,CdsDrv.SetCdsAllGaindBForAdjustment_FW
0xff2d8cd0,CdsDrv.SetCdsAllGainRegForAdjustment_FW
0xff2d8d38,CdsDrv.SetCdsCalibration_FW
0xff2d8d58,CdsDrv.SetCdsGain_FW
0xff2d8c58,CdsDrv.SetCdsGainForAdjustment_FW
0xff2d8c80,CdsDrv.SetCdsGainRegForAdjustment_FW
0xff2d8cf0,CdsDrv.SetCdsOBForAdjustment_FW
0xff2d8ca8,CdsDrv.SetCdsPreGainForAdjustment_FW
0xff2d8f88,CdsDrv.SetCdsRegisterImage_FW
0xff15ae90,CecRegDump_FW
0xff31b540,ChangeAdjImgDrvMode_FW
0xff31b56c,ChangeAEIntegDrvTypeToAdjImgDriveType_FW
0xff2b9690,ChangeCrossThresholdTable_FW
0xff2b99b8,ChangeDefectRecParam_FW
0xff3e153c,ChangeDistortionSetForLiveImage_FW
0xff3e56e4,ChangeFilterMode_FW
0xff354dd4,ChangeFocusDistanceToPosition_FW
0xff2b94a4,ChangeGradeTable_FW
0xff3d9ac0,ChangeImageDrive_FW
0xff126dac,ChangeImagerToAlternateDraft_FW
0xff126d64,ChangeImagerToCombiParallel_FW
0xff126da4,ChangeImagerToDigiconMode_FW
0xff126dec,ChangeImagerToFantaJungle_FW
0xff126dd4,ChangeImagerToFastBP_FW
0xff126d74,ChangeImagerToFocusJet_FW
0xff126ddc,ChangeImagerToHarleyDavidson_FW
0xff126d94,ChangeImagerToHoneyFlash_FW
0xff126df4,ChangeImagerToHoneyFlashDark_FW
0xff126d8c,ChangeImagerToJetDraft_FW
0xff126de4,ChangeImagerToMachDashV_FW
0xff126d7c,ChangeImagerToMangoPudding_FW
0xff126d9c,ChangeImagerToMillefeAdjust_FW
0xff126dc4,ChangeImagerToMontblancMillefe_FW
0xff126dcc,ChangeImagerToMontblancMovie_FW
0xff126dbc,ChangeImagerToMontblancWhole_FW
0xff126da4,ChangeImagerToOITA_XAVIER_FW
0xff126dfc,ChangeImagerToRoadKing_FW
0xff126d84,ChangeImagerToSuperWideDraft_FW
0xff126db4,ChangeImagerToUltraGhostQ_FW
0xff126d4c,ChangeImagerToWholeParallel_FW
0xff126d54,ChangeImagerToWholeParallelBP_FW
0xff126d5c,ChangeImagerToWholeParallelBPOne_FW
0xff126d6c,ChangeImagerToWideDraft_FW
0xff3552bc,ChangeIrisSpeed_FW
0xff3572c4,ChangeParallelMode_FW
0xff056078,ChangePowerState_FW
0xff073b00,ChangeToISCloseControl_FW
0xff1c2dd4,ChangeUsmSpeed_FW
0xff355a7c,ChangeZoomLensMagnificationToPoint_FW
0xff355a74,ChangeZoomLensPointToMagnification_FW
0xff3df8c0,ChargeStrobe_FW
0xff3df8f4,ChargeStrobeForFA_FW
0xff088988,CheckAllEventFlag
0xff088940,CheckAnyEventFlag
0xff053a50,CheckAvs_FW
0xff08feb8,CheckSumAll_FW
0xff0262a8,ClearDUIDFixFlag_FW
0xff0261a4,ClearDurianMode_FW
0xff088ba8,ClearEventFlag
0xff0263d4,ClearFactoryMasterFlag_FW
0xff0263ec,ClearFactoryMasterROMProtection_FW
0xff0261a4,ClearFactoryMode_FW
0xff073e8c,ClearISCalcZData_FW
0xff357338,ClearISIComponent_FW
0xff35735c,ClearISZData_FW
0xff3dbaac,ClearZoomCommonDriveParam_FW
0xff1c61e4,ClearZoomDriveParam_FW
0xff0275e4,Close
0xff00abd0,close
0xff0275e4,Close_FW
0xff00f960,CloseConsole_FW
0xff339528,closedir
0xff355650,CloseMechaShutter_FW
0xff355698,CloseMechaShutterWithTiming_FW
0xff3da210,CloseMShutter_FW
0xff3ff888,CommunicateISCPU_FW
0xff357988,CommunicateMechaCPU_FW
0xff31b4d8,ConvertAdjImgDrvModeToAdjImgDriveType_FW
0xff31b48c,ConvertAEIntegDrvTypeToAdjImgDriveType_FW
0xff3dac54,ConvertApexStdToApex_FW
0xff3dac24,ConvertApexToApexStd_FW
0xff3db1e8,ConvertCxCyToWBGain_FW
0xff3dc2bc,ConvertToPositionWithDistance_FW
0xff3dc298,ConvertToPositionWithDistanceAndZoomPoint_FW
0xff3d9b5c,ConvertTvToExposureTime_FW
0xff00f6c4,CPrintf_FW
0xff00f71c,CPutChar_FW
0xff05f038,CreateAdjustmentTableMirror_FW
0xff02b3a4,CreateBinarySemaphore
0xff02b9a8,CreateBinarySemaphoreStrictly
0xff0953b8,CreateController_FW
0xff02b40c,CreateCountingSemaphore
0xff02b40c,CreateCountingSemaphore_FW
0xff02b9cc,CreateCountingSemaphoreStrictly
0xff05f048,CreateDefectTableMirror_FW
0xff088898,CreateEventFlag
0xff02b984,CreateEventFlagStrictly
0xff18eae4,CreateFADBGSingalID_FW
0xff3e3b04,CreateJumptable
0xff02afe0,CreateMessageQueue
0xff02b960,CreateMessageQueueStrictly
0xff08d950,CreateProxyOfEventProcedure_FW
0xff088d60,CreateRecursiveLock
0xff02b9f0,CreateRecursiveLockStrictly
0xff00eaf0,CreateTask
0xff00eaf0,CreateTask_FW
0xff02b92c,CreateTaskStrictly
0xff2b94ac,CrossDefDetect_FW
0xff095638,CtrlMan_ChangeZOrder_FW
0xff1bb714,CzDebugPrint_FW
0xff1bb71c,CzDebugPrintToFile_FW
0xff055990,Dcdc_Down_Avs_Voltage_Step_FW
0xff055920,Dcdc_Get_Avs_Voltage_Step_FW
0xff0231a0,Dcdc_reg_access_FW
0xff0558b8,Dcdc_Set_Avs_Voltage_Step_FW
0xff055a30,Dcdc_Up_Avs_Voltage_Step_FW
0xff00edc8,DebugAssert
0xff3ff8e4,DelaySet_FW
0xff095494,DeleteController_FW
0xff026fe0,DeleteDirectory_Fut
0xff0888f0,DeleteEventFlag
0xff026efc,DeleteFile_Fut
0xff02b064,DeleteMessageQueue
0xff08d9a8,DeleteProxyOfEventProcedure_FW
0xff088db0,DeleteRecursiveLock
0xff02b464,DeleteSemaphore
0xff02b464,DeleteSemaphore_FW
0xff3e3964,DevelopStillPicture_FW
0xff2b9ab4,DevelopTool.DevelopTest_FW
0xff18e78c,DeviceUniqueIDCheckSum_FW
0xff191628,DisableDebugLogMode_FW
0xff357684,DisableDISModeChange_FW
0xff354cc0,DisableFocusLens_FW
0xff354d38,DisableFocusLensGainLock_FW
0xff354eb8,DisableFocusLensPort_FW
0xff354d64,DisableFocusLensWaveLock_FW
0xff3554f4,DisableFocusPiCircuit_FW
0xff355230,DisableIris_FW
0xff347814,DisableIrisActuator_FW
0xff357408,DisableISAutoGyroOffset_FW
0xff3573e8,DisableISDriveError_FW
0xff35543c,DisableLensError_FW
0xff357724,DisableMacroIS_FW
0xff3554d4,DisableMechaCircuit_FW
0xff1c2ef4,DisableUsmEncErrorDetect_FW
0xff1c2f64,DisableUsmEncLed_FW
0xff1c2fe8,DisableUsmEncLevelDetect_FW
0xff1c2fa4,DisableUsmEncPhaseDetect_FW
0xff1c2f38,DisableUsmSpeedLog_FW
0xff3ffe9c,DisableVcmDacOut_FW
0xff3ffb98,DisableVcmOpenDrive_FW
0xff3ff9c4,DisableVcmPiDetectStop_FW
0xff3ff998,DisableVcmSettingWait_FW
0xff1c859c,DisableVcmSrAmpCorrect_FW
0xff3ffb64,DisableVcmSrAmplitudeComp_FW
0xff3ffd04,DisableVcmTravelTimeMeasure_FW
0xff1c46a8,DisableZoomActuatorSpeedControl_FW
0xff3dbd08,DisableZoomDriveLog_FW
0xff35553c,DisableZoomEncoderCircuit_FW
0xff3dbacc,DisableZoomEncPhaseDif_FW
0xff355a44,DisableZoomLensEncoderPowerControl_FW
0xff355a64,DisableZoomLensResetEscapeMove_FW
0xff355518,DisableZoomPiCircuit_FW
0xff3dbbe4,DisableZoomSpeedCont_FW
0xff051d44,DispCon_GetLcdGainAdjParameter_FW
0xff051b7c,DispCon_GetVideoAdjParameter_FW
0xff051d90,DispCon_SaveLcdGainAdjParameter_FW
0xff051c04,DispCon_SaveVideoAdjParameter_FW
0xff051674,DispCon_SetDisplayType_FW
0xff051c80,DispCon_SetLcdGainAdjParameter_FW
0xff051a90,DispCon_SetMaxBackLightBrightness_FW
0xff051b10,DispCon_SetVideoAdjParameter_FW
0xff051598,DispCon_ShowBitmapColorBar
0xff051598,DispCon_ShowBitmapColorBar_FW
0xff05157c,DispCon_ShowBlackChart_FW
0xff05134c,DispCon_ShowColorBar_FW
0xff051694,DispCon_ShowColorChart_FW
0xff051608,DispCon_ShowCustomColorBar_FW
0xff0513d8,DispCon_ShowFiveStep_FW
0xff051dac,DispCon_ShowHdChart_FW
0xff051d80,DispCon_ShowLcdGainAdjParameter_FW
0xff051900,DispCon_ShowNStepsChart_FW
0xff051bd8,DispCon_ShowVideoAdjParameter_FW
0xff051528,DispCon_ShowWhiteChart_FW
0xff0516b8,DispCon_ShowWhiteLine_FW
0xff051a80,DispCon_TurnOffBackLight_FW
0xff051a60,DispCon_TurnOffDisplay_FW
0xff051a70,DispCon_TurnOnBackLight_FW
0xff051a50,DispCon_TurnOnDisplay_FW
0xff1d1e60,DispDev.Create_FW
0xff1cf91c,DispDev_EnableEventProc_FW
0xff025f34,DisplayFactoryMode_FW
0xff0297a8,DoAELock
0xff029330,DoAFLock
0xff1cfa20,Driver.Create_FW
0xff1cfa20,Driver_EnableEventProc_FW
0xff3dd030,DriveVcmOpenDrive_FW
0xff005fb0,drysh_FW
0xff1cfe64,Dump32_FW
0xff1cfe54,Dump_FW
0xff05e754,DumpAdjMirror_FW
0xff31b8b8,DumpTransparentMemoryItem_FW
0xff1267f0,E2LatOn_FW
0xff15ad30,EdidDump_FW
0xff15ac58,EdidHoldView_FW
0xff15acc4,EdidView_FW
0xff2c66c8,EF.AdjPreFlash_FW
0xff0efe04,EF.IsChargeFull_FW
0xff2c6704,EF.SetChargeMode_FW
0xff2c65e4,EF.SetEFChargeTimeOut_FW
0xff2c6718,EF.SetFlashTime_FW
0xff2c66b0,EF.SetMainFlashTime_FW
0xff2c6588,EF.StartEFCharge_FW
0xff2c662c,EF.StartInternalMainFlash_FW
0xff2c65f8,EF.StartInternalPreFlash_FW
0xff2c65d4,EF.StopEFCharge_FW
0xff1df1e0,EFUSE_GetVdlData_FW
0xff1dedb0,EFUSE_ReadData_FW
0xff191614,EnableDebugLogMode_FW
0xff357694,EnableDISModeChange_FW
0xff354c74,EnableFocusLens_FW
0xff354d0c,EnableFocusLensGainLockWithVoltage_FW
0xff354ea8,EnableFocusLensPort_FW
0xff354d48,EnableFocusLensWaveLock_FW
0xff3554e4,EnableFocusPiCircuit_FW
0xff00eae8,EnableInterrupt
0xff35520c,EnableIris_FW
0xff3477f0,EnableIrisActuator_FW
0xff3573f8,EnableISAutoGyroOffset_FW
0xff3573d8,EnableISDriveError_FW
0xff35542c,EnableLensError_FW
0xff357714,EnableMacroIS_FW
0xff3554c4,EnableMechaCircuit_FW
0xff1c2ee0,EnableUsmEncErrorDetect_FW
0xff1c2f50,EnableUsmEncLed_FW
0xff1c2fd8,EnableUsmEncLevelDetect_FW
0xff1c2f90,EnableUsmEncPhaseDetect_FW
0xff1c2f24,EnableUsmSpeedLog_FW
0xff3ffe8c,EnableVcmDacOut_FW
0xff3ffb88,EnableVcmOpenDrive_FW
0xff3ff9b0,EnableVcmPiDetectStop_FW
0xff3ff988,EnableVcmSettingWait_FW
0xff1c8584,EnableVcmSrAmpCorrect_FW
0xff3ffb54,EnableVcmSrAmplitudeComp_FW
0xff3ffcf4,EnableVcmTravelTimeMeasure_FW
0xff1c4694,EnableZoomActuatorSpeedControl_FW
0xff3dc01c,EnableZoomDriveLog_FW
0xff35552c,EnableZoomEncoderCircuit_FW
0xff3dbab4,EnableZoomEncPhaseDif_FW
0xff355a04,EnableZoomLensEncoderPowerControl_FW
0xff355a54,EnableZoomLensResetEscapeMove_FW
0xff355508,EnableZoomPiCircuit_FW
0xff3dbbd0,EnableZoomSpeedCont_FW
0xff15b964,EngApp.Create_FW
0xff15b938,EngApp.Delete_FW
0xff025c68,EngDrvBits
0xff30e6a4,EngDrvBits_FW
0xff025c4c,EngDrvIn
0xff30e694,EngDrvIn_FW
0xff025c34,EngDrvOut
0xff30e678,EngDrvOut_FW
0xff025c54,EngDrvRead
0xff30e69c,EngDrvRead_FW
0xff30e6c8,EngDrvReadDump_FW
0xff1d25fc,EngineDriver.Create_FW
0xff029704,EnterToCompensationEVF
0xff05e728,EraseAdjustmentArea_FW
0xff1d9b3c,EraseLogSector_FW
0xff089f04,EraseRom_FW
0xff1cfe40,EraseSignature_FW
0xff00602c,err_init_task
0xff354460,EscapeFocusLens_FW
0xff3597d0,exec_FW
0xff31b5b8,ExecuteAvs_FW
0xff064830,Executedccd_FW
0xff2b99c8,ExecuteDefectRec_FW
0xff2b99dc,ExecuteDefectRecAndSaveImage_FW
0xff064128,ExecuteDigicon_FW
0xff08d004,ExecuteEventProcedure
0xff08d07c,ExecuteEventProcedure_FW
0xff3df960,ExecuteInternalPreFlash_FW
0xff206058,ExecuteResetFactory_FW
0xff206040,ExecuteResetFactoryWithRomWrite_FW
0xff0896a8,ExecuteShutDownPropertyService_FW
0xff06378c,ExecuteTestRec_FW
0xff0637a0,ExecuteTestRecCF_FW
0xff06381c,ExecuteTestRecDevelopProcess_FW
0xff0637a0,ExecuteTestRecSD_FW
0xff0637d0,ExecuteTestRecSw1_FW
0xff0637b8,ExecuteTestRecWithInteg_FW
0xff3ff8d4,ExecVcmFirm_FW
0xff029748,ExitFromCompensationEVF
0xff00ed80,ExitTask
0xff00ed80,ExitTask_FW
0xff08b9f0,ExMem.AllocCacheable_FW
0xff08b840,ExMem.AllocUncacheable_FW
0xff08ba78,ExMem.FreeCacheable_FW
0xff08b974,ExMem.FreeUncacheable_FW
0xff08b364,ExMem.View_FW
0xff08b988,exmem_alloc
0xff08ba00,exmem_free
0xff027d30,ExMem_FW
0xff0c7408,ExpCtrlTool.SetExpMode_FW
0xff037bf0,ExpCtrlTool_StartContiAE
0xff037cd0,ExpCtrlTool_StopContiAE
0xff08d944,ExportToEventProcedure_FW
0xff1d1e3c,FA.Create_FW
0xff1d1e28,FA.Delete_FW
0xff18eb94,FADBGPrintf_FW
0xff18eaf4,FADBGSingal_FW
0xff18ed14,FAPrintf_FW
0xff027078,Fclose_Fut
0xff027078,Fclose_Fut_FW
0xff027264,Feof_Fut
0xff0272a0,Fflush_Fut
0xff0271cc,Fgets_Fut
0xff1a2e40,File.ClearExifInfo_FW
0xff1a2fe8,File.Create_FW
0xff1a2f80,File.Delete_AllImg_FW
0xff3dfeb4,FixAEWithCompensation_FW
0xff1f5090,FmtMenu_ExecuteQuickFormat_FW
0xff3dfd74,FocusAEWithCompensation_FW
0xff027038,Fopen_Fut
0xff027038,Fopen_Fut_FW
0xff027124,Fread_Fut
0xff027124,Fread_Fut_FW
0xff004264,free
0xff35975c,FreeMemory
0xff35975c,FreeMemory_FW
0xff02bea0,FreeUncacheableMemory
0xff027218,Fseek_Fut
0xff027218,Fseek_Fut_FW
0xff027178,Fwrite_Fut
0xff027178,Fwrite_Fut_FW
0xff053648,GetAdChValue_FW
0xff3de1f0,GetAdjAFInteg_FW
0xff05f948,GetAdjDataAreaAddress_FW
0xff05e7ac,GetAdjTableMapVersion_FW
0xff05e7bc,GetAdjTableValueVersion_FW
0xff05e778,GetAdjTableVersion_FW
0xff05f924,GetAdjustmentOffset_FW
0xff053640,GetAdVBattBottom_FW
0xff18d754,GetAEIntegralServiceMode_FW
0xff18d860,GetAEIntegralValueWithFix_FW
0xff18dbac,GetAEIntegValueBit_FW
0xff18d760,GetAEIntegWinData_FW
0xff18d774,GetAEIntegWinDataWithMode_FW
0xff18d984,GetAllAEIntegralAllValueWithFix_FW
0xff024dbc,GetBatteryCoverClose_FW
0xff05bbe8,GetBatteryTemperature
0xff05bbe8,GetBatteryTemperature_FW
0xff05f824,GetBpDBAdjustmentOffset_FW
0xff08fda0,GetBuildDate_FW
0xff08fda8,GetBuildTime_FW
0xff31b738,GetCameraInformationData_FW
0xff3e3580,GetCaptureInfoData_FW
0xff05bb74,GetCCDTemperature
0xff05bb74,GetCCDTemperature_FW
0xff3d8f70,GetCdsGainValue_FW
0xff3d908c,GetCdsPreGainReg_FW
0xff00f744,GetCh_FW
0xff3e14c4,GetContinuousMovieJpegVRAMData_FW
0xff3e0b64,GetContinuousVRAMData_FW
0xff3e1300,GetContinuousVRAMDataWithRingBuffer_FW
0xff3d9ac8,GetCrwImageInfo_FW
0xff31b460,GetCurrentAdjImgDriveType_FW
0xff3d9e3c,GetCurrentAvCoefficient_FW
0xff1bebbc,GetCurrentAvValue
0xff1bebbc,GetCurrentAvValue_FW
0xff0a168c,GetCurrentCaptureModeType_FW
0xff31b6f0,GetCurrentCcdTemp_FW
0xff3d90ac,GetCurrentDriveBaseSvValue_FW
0xff0b77f4,GetCurrentExposureTime_FW
0xff1bcae0,GetCurrentFocusLensPosition_FW
0xff1bcae0,GetCurrentFocusPosition_FW
0xff31b46c,GetCurrentImgDrvMode_FW
0xff1beda0,GetCurrentIrisPosition_FW
0xff18f1ec,GetCurrentMaximumLogSize_FW
0xff31b70c,GetCurrentOptTemp_FW
0xff0b74f8,GetCurrentShutterSpeed_FW
0xff1bca78,GetCurrentTargetDistance_FW
0xff3db404,GetCurrentZoomLensDirection_FW
0xff071ffc,GetCurrentZoomLensPoint_FW
0xff071cd8,GetCurrentZoomLensPosition_FW
0xff071ffc,GetCurrentZoomPoint_FW
0xff071cd8,GetCurrentZoomPosition_FW
0xff354378,GetCZMovieDefaultSpeed_FW
0xff354360,GetCZMovieHighSpeed_FW
0xff354368,GetCZMovieLowSpeed_FW
0xff354370,GetCZStillDefaultSpeed_FW
0xff354350,GetCZStillHighSpeed_FW
0xff354358,GetCZStillLowSpeed_FW
0xff1cfd8c,GetDateAndTime_FW
0xff3e1b88,GetDay_FW
0xff05f82c,GetDccdAdjustmentOffset_FW
0xff064944,GetdccdFilterValue_FW
0xff0648a8,GetdccdImage_FW
0xff05f518,GetDCPAdjOffset_FW
0xff2b96a4,GetDefectCrawInfo_FW
0xff2b9734,GetDefectHistgramInfo_FW
0xff2b976c,GetDefectTvAdj_FW
0xff024db4,GetDialEventId_FW
0xff074338,GetDISModeParameter_FW
0xff357664,GetDISModeParamType_FW
0xff06a60c,GetDrive_ClusterSize
0xff06a664,GetDrive_FreeClusters
0xff06a63c,GetDrive_TotalClusters
0xff31b6d0,GetEFuseData_FW
0xff088be0,GetEventFlagValue
0xff3df870,GetExStrobeID_FW
0xff08fdb0,GetFirmwareVersion_FW
0xff074500,GetFixedPWMOutA_FW
0xff07450c,GetFixedPWMOutB_FW
0xff1bd008,GetFocusDefaultResetPosition_FW
0xff3465a8,GetFocusLensCurrentPosition_FW
0xff354ddc,GetFocusLensLoadCamTable_FW
0xff354db4,GetFocusLensLoadSubjectDistance_FW
0xff354e0c,GetFocusLensMoveMaxPosition_FW
0xff354e24,GetFocusLensMoveMinPosition_FW
0xff354e40,GetFocusLensMoveRangeOfTelePoint_FW
0xff354dac,GetFocusLensPositionRatio_FW
0xff1bc80c,GetFocusLensPullInMaxSpeed_FW
0xff354d80,GetFocusLensResetDefaultPosition_FW
0xff354d78,GetFocusLensResetPosition_FW
0xff1bca78,GetFocusLensSubjectDistance
0xff354d88,GetFocusLensSubjectDistance_FW
0xff1bcde4,GetFocusLensSubjectDistanceFromLens
0xff354da4,GetFocusLensSubjectDistanceNumber_FW
0xff1c0cd0,GetFocusPiSensorLevel_FW
0xff1bcf90,GetFocusResetPosition_FW
0xff071088,GetFocusStartZoomPosition_FW
0xff3d9cb0,GetFrameRateWithApex_FW
0xff073d50,GetGyro10BitDACPitch_FW
0xff073d5c,GetGyro10BitDACYaw_FW
0xff073d00,GetGyroDataPitch_FW
0xff073d1c,GetGyroDataYaw_FW
0xff357104,GetGyroFilterCharge_FW
0xff3e5ba0,GetGyroFilterChargeStatus_FW
0xff073d88,GetGyroHPFINOffsetPitch_FW
0xff073da4,GetGyroHPFINOffsetYaw_FW
0xff073dc0,GetGyroHPFINPitch_FW
0xff073e1c,GetGyroHPFINYaw_FW
0xff3e1bb0,GetHour_FW
0xff199634,getImageDirName
0xff19765c,GetImageFolder
0xff08fe20,GetInternalFirmwareVersion_FW
0xff1bebbc,GetIrisAv_FW
0xff1beda0,GetIrisCurrentPosition_FW
0xff348cbc,GetIrisDriveVoltage_FW
0xff348ccc,GetIrisDriveVoltageLow_FW
0xff348d1c,GetIrisHoldVoltage_FW
0xff3d9fc4,GetIrisPRResetPosition_FW
0xff348cfc,GetIrisSettingWaitVoltage_FW
0xff347c30,GetIrisSpecClosePosition_FW
0xff347c20,GetIrisSpecOpenPosition_FW
0xff3576dc,GetISCenterShiftA_FW
0xff3576f8,GetISCenterShiftB_FW
0xff3575b0,GetISCrossTalkComp_FW
0xff3e5c44,GetISCrossTalkCompCoeff_FW
0xff356d80,GetISDriveAaxis_FW
0xff356da0,GetISDriveBaxis_FW
0xff357124,GetISFirmVersion_FW
0xff073d50,GetISGyro10BitDACPitch_FW
0xff073d5c,GetISGyro10BitDACYaw_FW
0xff073d00,GetISGyroDataPitch_FW
0xff073d1c,GetISGyroDataYaw_FW
0xff356ed8,GetISGyroGainAaxis_FW
0xff357000,GetISGyroGainBaxis_FW
0xff357020,GetISGyroGainbyAxisType_FW
0xff073d88,GetISGyroHPFINOffsetPitch_FW
0xff073da4,GetISGyroHPFINOffsetYaw_FW
0xff073dc0,GetISGyroHPFINPitch_FW
0xff073e1c,GetISGyroHPFINYaw_FW
0xff073cac,GetISGyroPitchGain_FW
0xff3e5248,GetISGyroPitchOffset_FW
0xff073cb8,GetISGyroYawGain_FW
0xff3e5240,GetISGyroYawOffset_FW
0xff35742c,GetISHallAmpFirstGain_FW
0xff073c88,GetISHallDevicePitchGain_FW
0xff073c64,GetISHallDevicePitchOffset_FW
0xff073c94,GetISHallDeviceYawGain_FW
0xff073c70,GetISHallDeviceYawOffset_FW
0xff356e6c,GetISHallGainAaxis_FW
0xff356e8c,GetISHallGainBaxis_FW
0xff356eac,GetISHallGainbyAxisType_FW
0xff356e00,GetISHallOffsetAaxis_FW
0xff356e20,GetISHallOffsetBaxis_FW
0xff356e40,GetISHallOffsetbyAxisType_FW
0xff3e5654,GetISHallOffsetDACValue_FW
0xff35736c,GetISHallOut1Amp_FW
0xff074b54,GetISLensCorrectedEViAaxis_FW
0xff074b70,GetISLensCorrectedEViBaxis_FW
0xff074a8c,GetISLensDampAaxis_FW
0xff074a98,GetISLensDampBaxis_FW
0xff074abc,GetISLensEViAaxis_FW
0xff074b38,GetISLensEViBaxis_FW
0xff357174,GetISParamVersion_FW
0xff073cd0,GetISPitchPWM_FW
0xff356dc0,GetISPositionAaxis_FW
0xff356de0,GetISPositionBaxis_FW
0xff073ce8,GetISShiftLensPitchPosition_FW
0xff073cf4,GetISShiftLensYawPosition_FW
0xff073cdc,GetISYawPWM_FW
0xff057c04,GetKbdState
0xff3e20b0,GetLastVBatADLevel_FW
0xff15b3b0,GetLatestHVPosition_FW
0xff024db8,GetLcdPosition_FW
0xff1bf110,GetLensErrorStatus_FW
0xff18f190,GetLogData_FW
0xff18f198,GetLogDataOnlyAddMemory_FW
0xff1d9b00,GetLogToFile_FW
0xff3e5b3c,GetLoopGain_FW
0xff35757c,GetLoopGainAdjValue_FW
0xff357488,GetLoopGainCalcData_FW
0xff3572f4,GetLPFParallelBest_FW
0xff357890,GetMacroISAngleAndVelocityA_FW
0xff3578c0,GetMacroISAngleAndVelocityB_FW
0xff3e5d70,GetMacroISEstimateRadius_FW
0xff3e5d78,GetMacroISEstimateVelocity_FW
0xff357764,GetMacroISEstimRadiusA_FW
0xff357804,GetMacroISEstimRadiusB_FW
0xff3e5d44,GetMacroISGain_FW
0xff357830,GetMacroISGainA_FW
0xff35784c,GetMacroISGainB_FW
0xff03f544,GetMacroSupportZoomPoint_FW
0xff349934,GetMechaDeviceComparatorHysteresis_FW
0xff349980,GetMechaDeviceComparatorThreshold_FW
0xff35714c,GetMechaDSPVersion_FW
0xff3556ec,GetMechaShutterCloseDacSetting_FW
0xff1c205c,GetMechaShutterMoveTime_FW
0xff35573c,GetMechaShutterOpenDacSetting_FW
0xff1c2084,GetMechaShutterStatus_FW
0xff00a2b8,GetMemInfo
0xff3e1bd8,GetMinute_FW
0xff3e1b5c,GetMonth_FW
0xff048808,GetMovieJpegVRAMHPixelsSize_FW
0xff048814,GetMovieJpegVRAMVPixelsSize_FW
0xff02b338,GetNumberOfPostedMessages
0xff3d8fe0,GetObClampValue_FW
0xff18da54,GetOnlyAEIntegData_FW
0xff05bc5c,GetOpticalTemperature
0xff05bc5c,GetOpticalTemperature_FW
0xff205d74,GetParameterData
0xff3e125c,GetPixelsOfViewangle_FW
0xff024dcc,GetPopupOpen_FW
0xff05f92c,GetProductID_FW
0xff0910a4,GetPropertyCase
0xff089fb4,GetRomID_FW
0xff024d88,GetSDDetect_FW
0xff024d90,GetSDProtect
0xff024d90,GetSDProtect_FW
0xff3e1c00,GetSecond_FW
0xff0956d0,GetSelfControllerHandle_FW
0xff02b618,GetSemaphoreValue
0xff3d90a4,GetSensorPreGain_FW
0xff3d9c5c,GetShutterSpeedRegularMaxLimit_FW
0xff3d9c74,GetShutterSpeedRegularMinLimit_FW
0xff00eac4,GetSRAndDisableInterrupt
0xff00f794,GetStringWithPrompt_FW
0xff3e0a78,GetSumYOfVRAMCenterLine_FW
0xff024d1c,GetSwitchStatus_FW
0xff3597bc,GetSystemTime
0xff3597bc,GetSystemTime_FW
0xff06242c,GetTestRecCrawAddress_FW
0xff08b054,GetTimeOfSystem_FW
0xff31b998,GetTransparentMemory_FW
0xff31b9dc,GetTransparentMemoryPosition_FW
0xff31b988,GetTransparentMemorySize_FW
0xff3e3528,GetUnpackCrwIntegralMultiValueForShading_FW
0xff3e3158,GetUnpackCrwIntegralValue_FW
0xff3e33dc,GetUnpackCrwIntegralValueForColorShading_FW
0xff3e3174,GetUnpackCrwIntegralValueForShading_FW
0xff3da0dc,GetUsableMaxAv_FW
0xff3da0c4,GetUsableMinAv_FW
0xff3d9c4c,GetUserSetShutterSPeed_FW
0xff1c2de8,GetUsmCurrentPosition_FW
0xff1c2b04,GetUsmEncDuty_FW
0xff1c2fd0,GetUsmEncHighTime_FW
0xff1c2fc8,GetUsmEncMultiplyTime_FW
0xff1c2fc0,GetUsmEncPeriodTime_FW
0xff1c2abc,GetUsmEncPhase_FW
0xff1c2894,GetUsmTargetFreq_FW
0xff1c2e08,GetUsmTargetSpeed_FW
0xff022364,GetVBatVoltage_FW
0xff1c7ee8,GetVcmAlarm_FW
0xff3ff8c4,GetVcmCheckSum_FW
0xff1c7e98,GetVcmCurrentPosition_FW
0xff1c8b58,GetVcmDacOutData_FW
0xff1c86b0,GetVcmDGain_FW
0xff1c86c8,GetVcmEViClamp_FW
0xff3ffd34,GetVcmFirmVersion_FW
0xff1c8698,GetVcmIGain_FW
0xff3ffe2c,GetVcmLog_FW
0xff1c8ac4,GetVcmLogData_FW
0xff1c8adc,GetVcmLogSampleTime_FW
0xff1c8af4,GetVcmLogTrigger_FW
0xff354f00,GetVcmLoopGainCalcData_FW
0xff1c8608,GetVcmOpenDriveDuty_FW
0xff3ffc64,GetVcmParamLPF2_FW
0xff3ffc90,GetVcmParamPLF_FW
0xff1c8680,GetVcmPGain_FW
0xff1c8844,GetVcmPiAdValue_FW
0xff1c8108,GetVcmPiPosition_FW
0xff1c8170,GetVcmPiStatus_FW
0xff3dcfd8,GetVcmSrAD_FW
0xff3ffd60,GetVcmSrAd_FW
0xff1c8224,GetVcmSrAPos_FW
0xff3dccd0,GetVcmSrAPosition_FW
0xff1c8290,GetVcmSrBPos_FW
0xff3dccf0,GetVcmSrBPosition_FW
0xff1c8500,GetVcmSrCAdValue_FW
0xff1c83c0,GetVcmSrCGain_FW
0xff1c84d0,GetVcmSrCNegPeak_FW
0xff1c8380,GetVcmSrCOffset_FW
0xff1c82fc,GetVcmSrCompPos_FW
0xff1c84b8,GetVcmSrCPosPeak_FW
0xff3dcc78,GetVcmSrDAC_FW
0xff3dcf70,GetVcmSrDigGain_FW
0xff3dcf50,GetVcmSrDigOffset_FW
0xff1c83e8,GetVcmSrHGain_FW
0xff1c8518,GetVcmSrPositionOffset_FW
0xff1c8400,GetVcmSrRefV_FW
0xff1c84e8,GetVcmSrSAdValue_FW
0xff1c8398,GetVcmSrSGain_FW
0xff3dcfb0,GetVcmSrSignalNegPeak_FW
0xff3dcfa8,GetVcmSrSignalPosPeak_FW
0xff1c84a0,GetVcmSrSNegPeak_FW
0xff1c8368,GetVcmSrSOffset_FW
0xff1c8488,GetVcmSrSPosPeak_FW
0xff1c7ec0,GetVcmTargetPosition_FW
0xff1c89b8,GetVcmTravelTime_FW
0xff1c81bc,GetVcmVdPosition_FW
0xff3e0414,GetVideoOutType_FW
0xff0487f0,GetVRAMHPixelsSize
0xff0487f0,GetVRAMHPixelsSize_FW
0xff0487fc,GetVRAMVPixelsSize
0xff0487fc,GetVRAMVPixelsSize_FW
0xff3e1b2c,GetYear_FW
0xff1c272c,GetZoomActuatorCurrentICPosition_FW
0xff1c3490,GetZoomActuatorCurrentPosition_FW
0xff3dba60,GetZoomDefaultCommonDriveParam_FW
0xff3db97c,GetZoomDefaultDriveParam_FW
0xff3dc0b4,GetZoomDriveLog_FW
0xff3dc024,GetZoomDriveLogRange_FW
0xff072a2c,GetZoomDrivingTime_FW
0xff3dc014,GetZoomEncComparatorHysterisis_FW
0xff3dbff4,GetZoomEncComparatorThreshold_FW
0xff3dbae4,GetZoomEncPhaseDifMinAngle_FW
0xff3dbb90,GetZoomEncPhaseDifMinDuty_FW
0xff1c638c,GetZoomEncPhaseDifMinTime_FW
0xff1c6390,GetZoomEncPhaseHighTime_FW
0xff1c6388,GetZoomEncPhasePeriodTime_FW
0xff071ffc,GetZoomLensCurrentPoint
0xff071ffc,GetZoomLensCurrentPoint_FW
0xff1c4fb4,GetZoomLensCurrentPosition
0xff071cd8,GetZoomLensCurrentPosition_FW
0xff1c6384,GetZoomLensEncDuty_FW
0xff1c6380,GetZoomLensEncPhase_FW
0xff072a24,GetZoomLensMechaEdgePosition_FW
0xff072514,GetZoomLensTelePoint_FW
0xff3dba14,GetZoomNormalDriveParam_FW
0xff1c0c9c,GetZoomPiSensorLevel_FW
0xff3db9c8,GetZoomResetDriveParam_FW
0xff1c61c0,GetZoomResetSensorLevel_FW
0xff072514,GetZoomTelePoint_FW
0xff02b5e0,GiveSemaphore
0xff02b5e0,GiveSemaphore_FW
0xff3ffd94,GotoPi_FW
0xff0b123c,GUISrv_StartGUISystem
0xff0b123c,GUISrv_StartGUISystem_FW
0xff098460,HardwareDefect_FW
0xff098410,HardwareDefectWithRestart_FW
0xff056100,HdmiHpd5VOutput_FW
0xff15af14,HdmiRegDump_FW
0xff15abf0,HdmiSimulateModeStart_FW
0xff15abc4,HdmiSimulateModeStop_FW
0xff15617c,HdmiViewParameter_FW
0xff15aad0,HecHdmiCecPhysicalCheckForScript_FW
0xff3e5288,HitISLensAgainstBottomEdge_FW
0xff3e5274,HitISLensAgainstLeftEdge_FW
0xff3e5260,HitISLensAgainstRightEdge_FW
0xff3e529c,HitISLensAgainstTopEdge_FW
0xff3e570c,HitISMechaEdgeInOpenControl_FW
0xff022f7c,i2c_5V_Bus_Pwr_Ctrl_FW
0xff022c60,i2c_Bl_Pwr_Ctrl_FW
0xff023210,i2c_dcdc_dump_FW
0xff055afc,i2c_dcdcavs_dump_FW
0xff022f30,i2c_Hdmi_Bus_Pwr_Ctrl_FW
0xff024290,i2c_read_proc_FW
0xff02308c,i2c_Sd_Pwr_Ctrl_FW
0xff024310,i2c_write_proc_FW
0xff28d47c,IisTimer_FW
0xff18f1b4,InactivateAdjLog_FW
0xff1c2c9c,InactivateUsmCPU_FW
0xff1d1e00,InitializeAdjustmentFunction_FW
0xff1d1d90,InitializeAdjustmentSystem_FW
0xff064018,Initializedccd_FW
0xff3e3748,InitializeDefectAdjustment_FW
0xff3b486c,InitializeDefectRec_FW
0xff064018,InitializeDigicon_FW
0xff31c104,InitializeFAExtendFile_FW
0xff31c0e8,InitializeFAGeneralTest_FW
0xff3e3a58,InitializeMechaDevice_FW
0xff31bfa8,InitializeSoundRec_FW
0xff063484,InitializeTestRec_FW
0xff3d91f4,IsAdjCdsMode_FW
0xff356c40,ISAutoCenter_FW
0xff05bd74,IsBatteryTemperature_FW
0xff05bd40,IsCCDTemperature_FW
0xff356c7c,ISChangeOPENtoCLOSE_FW
0xff097e80,IsControlEventActive_FW
0xff3571b0,ISControlStart_FW
0xff3571c0,ISControlStop_FW
0xff02649c,IsDUIDFixFlag_FW
0xff3e0544,IsEVFDrive_FW
0xff3e08b0,IsEvfDriveMode_FW
0xff3df878,IsExStrobeChargeComp_FW
0xff026434,IsFactoryMode_FW
0xff35792c,ISFixedPWMOFF_FW
0xff357918,ISFixedPWMON_FW
0xff1bcf6c,IsFocusLensOutSidePosition_FW
0xff024dc4,IsHvSensorExist_FW
0xff07317c,ISInitMotion_FW
0xff06fa20,IsLensOutside_FW
0xff18f1e0,IsLogOutType_FW
0xff357390,ISMDStart_FW
0xff3573a0,ISMDStop_FW
0xff356c68,ISMoveToMechaEdgeOPEN_FW
0xff0264e4,IsNormalCameraMode_FW
0xff05bd0c,IsOpticalTemperature_FW
0xff3571d0,ISPanModeStart_FW
0xff3571e0,ISPanModeStop_FW
0xff1d9b28,IsRomLogAvailable_FW
0xff0efe04,IsStrobeChargeCompleted
0xff07283c,IsZoomLensOutSidePosition_FW
0xff0539a8,j_AVS_Terminate_FW
0xff1cf988,j_BeepDrive_FW
0xff1cf98c,j_BeepDriveComp_FW
0xff3d9a98,j_CancelImageDrive_FW
0xff3e5a10,j_CancelLoopGainCalc_FW
0xff2d8f20,j_CdsDrv.GetBaseSv_FW
0xff3e571c,j_ChangeToISCloseControl_FW
0xff31b5dc,j_CheckAvs_FW
0xff3e56ec,j_ClearISCalcZData_FW
0xff3db564,j_ClearZoomDriveParam_FW
0xff027690,j_Close_FW
0xff3dcf34,j_DisableVcmSrAmpCorrect_FW
0xff126e28,j_E2LatOn_FW
0xff2c66c4,j_EF.IsChargeFull_FW
0xff3dcf30,j_EnableVcmSrAmpCorrect_FW
0xff1cfec4,j_exec_FW
0xff206070,j_ExecuteShutDownPropertyService_FW
0xff027d28,j_ExMem.AllocCacheable_FW
0xff027d20,j_ExMem.AllocUncacheable_FW
0xff027d2c,j_ExMem.FreeCacheable_FW
0xff027d24,j_ExMem.FreeUncacheable_FW
0xff027d1c,j_ExMem.View_FW
0xff1cf984,j_GetAdChValue_FW
0xff1cf980,j_GetAdVBattBottom_FW
0xff18d770,j_GetAEIntegWinData_FW
0xff1cfa10,j_GetBatteryCoverClose_FW
0xff05bdcc,j_GetBatteryTemperature_FW
0xff31b774,j_GetCameraInformationData_FW
0xff05bdc8,j_GetCCDTemperature_FW
0xff3d9e38,j_GetCurrentAvValue_FW
0xff3d90cc,j_GetCurrentDriveBaseSvValue_FW
0xff3d9b7c,j_GetCurrentExposureTime_FW
0xff3dc334,j_GetCurrentFocusLensPosition_FW
0xff3dc334,j_GetCurrentFocusPosition_FW
0xff3d9f1c,j_GetCurrentIrisPosition_FW
0xff3d9b84,j_GetCurrentShutterSpeed_FW
0xff3dc2dc,j_GetCurrentTargetDistance_FW
0xff3db400,j_GetCurrentZoomLensPoint_FW
0xff3db3fc,j_GetCurrentZoomLensPosition_FW
0xff3db400,j_GetCurrentZoomPoint_FW
0xff3db3fc,j_GetCurrentZoomPosition_FW
0xff3e2180,j_GetDCPAdjOffset_FW
0xff1cfa08,j_GetDialEventId_FW
0xff3e5b98,j_GetDISModeParameter_FW
0xff357968,j_GetFixedPWMOutA_FW
0xff35796c,j_GetFixedPWMOutB_FW
0xff3dc2d4,j_GetFocusDefaultResetPosition_FW
0xff354d74,j_GetFocusLensCurrentPosition_FW
0xff354e3c,j_GetFocusLensPullInMaxSpeed_FW
0xff355504,j_GetFocusPiSensorLevel_FW
0xff3dc2d8,j_GetFocusResetPosition_FW
0xff355428,j_GetFocusStartZoomPosition_FW
0xff35707c,j_GetGyro10BitDACPitch_FW
0xff357080,j_GetGyro10BitDACYaw_FW
0xff35704c,j_GetGyroDataPitch_FW
0xff357050,j_GetGyroDataYaw_FW
0xff3570ac,j_GetGyroHPFINOffsetPitch_FW
0xff3570b0,j_GetGyroHPFINOffsetYaw_FW
0xff3570b4,j_GetGyroHPFINPitch_FW
0xff3570b8,j_GetGyroHPFINYaw_FW
0xff355178,j_GetIrisAv_FW
0xff35517c,j_GetIrisCurrentPosition_FW
0xff35525c,j_GetIrisDriveVoltage_FW
0xff355274,j_GetIrisDriveVoltageLow_FW
0xff3552a4,j_GetIrisHoldVoltage_FW
0xff35528c,j_GetIrisSettingWaitVoltage_FW
0xff355258,j_GetIrisSpecClosePosition_FW
0xff355254,j_GetIrisSpecOpenPosition_FW
0xff3e58d0,j_GetISGyro10BitDACPitch_FW
0xff3e58d8,j_GetISGyro10BitDACYaw_FW
0xff3e58b0,j_GetISGyroDataPitch_FW
0xff3e58b8,j_GetISGyroDataYaw_FW
0xff3e58e0,j_GetISGyroHPFINOffsetPitch_FW
0xff3e58e8,j_GetISGyroHPFINOffsetYaw_FW
0xff3e58c0,j_GetISGyroHPFINPitch_FW
0xff3e58c8,j_GetISGyroHPFINYaw_FW
0xff3e53c8,j_GetISGyroPitchGain_FW
0xff3e53c4,j_GetISGyroYawGain_FW
0xff3e531c,j_GetISHallDevicePitchGain_FW
0xff3e5324,j_GetISHallDevicePitchOffset_FW
0xff3e5318,j_GetISHallDeviceYawGain_FW
0xff3e5320,j_GetISHallDeviceYawOffset_FW
0xff3e5684,j_GetISLensCorrectedEViAaxis_FW
0xff3e5688,j_GetISLensCorrectedEViBaxis_FW
0xff3e568c,j_GetISLensDampAaxis_FW
0xff3e5690,j_GetISLensDampBaxis_FW
0xff3e567c,j_GetISLensEViAaxis_FW
0xff3e5680,j_GetISLensEViBaxis_FW
0xff3e5460,j_GetISPitchPWM_FW
0xff3e5674,j_GetISShiftLensPitchPosition_FW
0xff3e5678,j_GetISShiftLensYawPosition_FW
0xff3e545c,j_GetISYawPWM_FW
0xff1cfa0c,j_GetLcdPosition_FW
0xff355424,j_GetLensErrorStatus_FW
0xff355564,j_GetMechaDeviceComparatorHysteresis_FW
0xff35554c,j_GetMechaDeviceComparatorThreshold_FW
0xff355788,j_GetMechaShutterMoveTime_FW
0xff355784,j_GetMechaShutterStatus_FW
0xff3e1394,j_GetMovieJpegVRAMHPixelsSize_FW
0xff3e1398,j_GetMovieJpegVRAMVPixelsSize_FW
0xff05bdc4,j_GetOpticalTemperature_FW
0xff1cfa18,j_GetPopupOpen_FW
0xff1cf9f0,j_GetSDDetect_FW
0xff1cf9f4,j_GetSDProtect_FW
0xff1cf9dc,j_GetSwitchStatus_FW
0xff1c2fbc,j_GetUsmEncDuty_FW
0xff1c2fb8,j_GetUsmEncPhase_FW
0xff1c2e28,j_GetUsmTargetFreq_FW
0xff3e20b8,j_GetVBatVoltage_FW
0xff3ff9d4,j_GetVcmAlarm_FW
0xff3ff944,j_GetVcmCurrentPosition_FW
0xff3ffec0,j_GetVcmDacOutData_FW
0xff3ffc2c,j_GetVcmDGain_FW
0xff3ffc44,j_GetVcmEViClamp_FW
0xff3ffc28,j_GetVcmIGain_FW
0xff3ffe80,j_GetVcmLogData_FW
0xff3ffe84,j_GetVcmLogSampleTime_FW
0xff3ffe88,j_GetVcmLogTrigger_FW
0xff3ffbbc,j_GetVcmOpenDriveDuty_FW
0xff3ffc24,j_GetVcmPGain_FW
0xff3ffcf0,j_GetVcmPiAdValue_FW
0xff3ff9a8,j_GetVcmPiPosition_FW
0xff3ff9ac,j_GetVcmPiStatus_FW
0xff3ffa04,j_GetVcmSrAPos_FW
0xff3ffa08,j_GetVcmSrBPos_FW
0xff3ffb4c,j_GetVcmSrCAdValue_FW
0xff3ffac8,j_GetVcmSrCGain_FW
0xff3ffb44,j_GetVcmSrCNegPeak_FW
0xff3ffa84,j_GetVcmSrCOffset_FW
0xff3ffa0c,j_GetVcmSrCompPos_FW
0xff3ffb40,j_GetVcmSrCPosPeak_FW
0xff3ffacc,j_GetVcmSrHGain_FW
0xff3ffb50,j_GetVcmSrPositionOffset_FW
0xff3ffae4,j_GetVcmSrRefV_FW
0xff3ffb48,j_GetVcmSrSAdValue_FW
0xff3ffac4,j_GetVcmSrSGain_FW
0xff3ffb3c,j_GetVcmSrSNegPeak_FW
0xff3ffa80,j_GetVcmSrSOffset_FW
0xff3ffb38,j_GetVcmSrSPosPeak_FW
0xff3ff92c,j_GetVcmTargetPosition_FW
0xff3ffd30,j_GetVcmTravelTime_FW
0xff3ff9d8,j_GetVcmVdPosition_FW
0xff3e0ae0,j_GetVRAMHPixelsSize_FW
0xff3e0ae4,j_GetVRAMVPixelsSize_FW
0xff1c4690,j_GetZoomActuatorCurrentICPosition_FW
0xff1c468c,j_GetZoomActuatorCurrentPosition_FW
0xff3db520,j_GetZoomDrivingTime_FW
0xff3dbbc8,j_GetZoomEncPhaseDifMinTime_FW
0xff3dbbcc,j_GetZoomEncPhaseHighTime_FW
0xff3dbbc4,j_GetZoomEncPhasePeriodTime_FW
0xff3559f4,j_GetZoomLensCurrentPoint_FW
0xff3559f8,j_GetZoomLensCurrentPosition_FW
0xff355a90,j_GetZoomLensEncDuty_FW
0xff355a8c,j_GetZoomLensEncPhase_FW
0xff355a00,j_GetZoomLensMechaEdgePosition_FW
0xff3559fc,j_GetZoomLensTelePoint_FW
0xff355528,j_GetZoomPiSensorLevel_FW
0xff3db4e4,j_GetZoomResetSensorLevel_FW
0xff3db4e0,j_GetZoomTelePoint_FW
0xff2b9a28,j_InitializeDefectRec_FW
0xff05bdd8,j_IsBatteryTemperature_FW
0xff05bdd4,j_IsCCDTemperature_FW
0xff3dc8ac,j_IsFocusLensOutSidePosition_FW
0xff1cfa14,j_IsHvSensorExist_FW
0xff355420,j_IsLensOutside_FW
0xff05bdd0,j_IsOpticalTemperature_FW
0xff3db6bc,j_IsZoomLensOutSidePosition_FW
0xff1cf998,j_LEDDrive_FW
0xff2dc0d0,j_LiveImageTool.GetDzoomPosition_FW
0xff1cfe38,j_MemoryChecker_FW
0xff1cfe34,j_MonSelEvent_FW
0xff3e5670,j_MoveISLensToCentralPosition_FW
0xff027d18,j_NewTaskShell_FW
0xff02768c,j_Open_FW
0xff08e5b8,j_OpLog.WriteToROM_FW
0xff1cfeac,j_Peek16_FW
0xff1cfea8,j_Peek32_FW
0xff1cfeb0,j_Peek8_FW
0xff1cfe30,j_Printf_FW
0xff0790e0,j_PT_GetDigitalZoomPosition_FW
0xff098690,j_PTM_AllReset_FW
0xff098afc,j_PTM_BackupUIProperty_FW
0xff098a48,j_PTM_GetWorkingCaptureMode_FW
0xff098ae0,j_PTM_IsEnableItem_FW
0xff098ac8,j_PTM_NextItem_FW
0xff098acc,j_PTM_PrevItem_FW
0xff098a50,j_PTM_SetCurrentItem_FW
0xff098ae4,j_PTM_SetProprietyEnable_FW
0xff027c98,j_PutsCameraLogEvent_FW
0xff027790,j_Read_FW
0xff3df300,j_ReloadAFAdjustment_FW
0xff3d8fdc,j_ReloadCdsAdjustment_FW
0xff3df888,j_ReloadEfAdjustment_FW
0xff3d9e34,j_ReloadGetaAdjustment_FW
0xff3daec8,j_ReloadWBAdjustment_FW
0xff1cfe50,j_SDump_FW
0xff3e566c,j_SearchBCentralPosition_FW
0xff3e566c,j_SearchISLensCentralPosition_FW
0xff3dc8e4,j_SetFocusResetState_FW
0xff1cfa1c,j_SetPopup_FW
0xff1cf990,j_SetStereoSeparation_FW
0xff3db6c8,j_SetZoomResetState_FW
0xff027c8c,j_ShowCameraLog_FW
0xff027c90,j_ShowCameraLogInfo_FW
0xff3e5314,j_StartBDrive_FW
0xff3e5664,j_StartBPanDrive_FW
0xff027c88,j_StartCameraLog_FW
0xff3e565c,j_StartISAdjustmentDrive_FW
0xff3e5314,j_StartISDrive_FW
0xff356c64,j_StartISLocalAutoCenter_FW
0xff356c60,j_StartISLocalHallAdjust_FW
0xff3e5664,j_StartISPanDrive_FW
0xff3e5310,j_StopBDrive_FW
0xff3e5668,j_StopBPanDrive_FW
0xff027c94,j_StopCameraLog_FW
0xff3e0ae8,j_StopContinuousVRAMData_FW
0xff3e5660,j_StopISAdjustmentDrive_FW
0xff3e5310,j_StopISDrive_FW
0xff3e5668,j_StopISPanDrive_FW
0xff3db6c4,j_StopZoomEmergency_FW
0xff010a04,j_strcmp_FW
0xff2b9a2c,j_TerminateDefectRec_FW
0xff1d1148,j_UIFS_CancelStoreLensTimer_FW
0xff1d0c7c,j_UIFS_Capture_FW
0xff1d0c80,j_UIFS_CaptureNoneStop_FW
0xff1d1140,j_UIFS_GetNumberOfDisplayedImage_FW
0xff1d0c48,j_UIFS_GetNumOfOptZoomPos_FW
0xff1d113c,j_UIFS_IsAvailableShots_FW
0xff1d0c44,j_UIFS_MoveZoomTo_FW
0xff1d1144,j_UIFS_PlayTrimExecuteAllImageSize_FW
0xff1d0c84,j_UIFS_StartMovieRecord_FW
0xff1d0c88,j_UIFS_StopMovieRecord_FW
0xff1d0cb0,j_UIFS_WriteFirmInfoToFile_FW
0xff1cf994,j_VbattGet_FW
0xff1cfe3c,j_VerifyByte_FW
0xff027794,j_Write_FW
0xff024e28,kbd_p1_f
0xff024e34,kbd_p1_f_cont
0xff024600,kbd_p2_f
0xff024dd8,kbd_read_keys
0xff05730c,kbd_read_keys_r2
0xff15409c,LcdCon_GetCvfAdjParameter_FW
0xff153d04,LcdCon_GetCvfBackLightParameter_FW
0xff1542c4,LcdCon_GetCvfParameter_FW
0xff150fc8,LcdCon_GetLcdAdjParameter_FW
0xff150c3c,LcdCon_GetLcdBackLightParameter_FW
0xff1511e8,LcdCon_GetLcdParameter_FW
0xff154124,LcdCon_SaveCvfAdjParameter_FW
0xff153d88,LcdCon_SaveCvfBackLightParameter_FW
0xff15434c,LcdCon_SaveCvfParameter_FW
0xff151050,LcdCon_SaveLcdAdjParameter_FW
0xff150cc0,LcdCon_SaveLcdBackLightParameter_FW
0xff151270,LcdCon_SaveLcdParameter_FW
0xff153fe8,LcdCon_SetCvfAdjParameter_FW
0xff153c84,LcdCon_SetCvfBackLightBrightness_FW
0xff153cb0,LcdCon_SetCvfBackLightParameter_FW
0xff153f84,LcdCon_SetCvfDriver_FW
0xff154140,LcdCon_SetCvfParameter_FW
0xff150f14,LcdCon_SetLcdAdjParameter_FW
0xff150bbc,LcdCon_SetLcdBackLightBrightness_FW
0xff150be8,LcdCon_SetLcdBackLightParameter_FW
0xff150eb0,LcdCon_SetLcdDriver_FW
0xff15106c,LcdCon_SetLcdParameter_FW
0xff150b14,LcdCon_SetLcdType_FW
0xff1540e4,LcdCon_ShowCvfAdjParameter_FW
0xff153d48,LcdCon_ShowCvfBackLightParameter_FW
0xff15430c,LcdCon_ShowCvfParameter_FW
0xff151010,LcdCon_ShowLcdAdjParameter_FW
0xff150c80,LcdCon_ShowLcdBackLightParameter_FW
0xff151230,LcdCon_ShowLcdParameter_FW
0xff1513a8,LcdCon_StartLcdPeriodicalSetting_FW
0xff1513dc,LcdCon_StopLcdPeriodicalSetting_FW
0xff38ee5c,LCDMsg_ChangeColor_FW
0xff38eca0,LCDMsg_Create_FW
0xff38e994,LCDMsg_Delete_FW
0xff38e954,LCDMsg_Move_FW
0xff38ed84,LCDMsg_SetNum_FW
0xff38ed94,LCDMsg_SetStr_FW
0xff38ed34,LCDMsg_SwDisp_FW
0xff056e58,LEDDrive
0xff056f24,LEDDrive_FW
0xff2dc060,LiveImageTool.ChangeDzoom_FW
0xff2dc0e8,LiveImageTool.Dister_FW
0xff2dbfcc,LiveImageTool.DzoomTele_FW
0xff2dbfec,LiveImageTool.DzoomWide_FW
0xff0477fc,LiveImageTool.GetDzoomPosition_FW
0xff2dc0d4,LiveImageTool.Jump_FW
0xff2dc040,LiveImageTool.Pause_FW
0xff2dc050,LiveImageTool.Resume_FW
0xff2dbe44,LiveImageTool.StartEVF_FW
0xff2dbe50,LiveImageTool.StartEVFFocusJet_FW
0xff2dbe5c,LiveImageTool.StartEVFMF_FW
0xff2dbfa8,LiveImageTool.StartEVFMovFULLHD_FW
0xff2dbf94,LiveImageTool.StartEVFMovHD_FW
0xff2dbf58,LiveImageTool.StartEVFMovQVGA_FW
0xff2dbf44,LiveImageTool.StartEVFMovVGA_FW
0xff2dc030,LiveImageTool.StopDzoom_FW
0xff2dbfbc,LiveImageTool.StopEVF_FW
0xff05e948,LoadAdjustmentTable_FW
0xff05ed78,LoadAdjustmentValue_FW
0xff31b6e8,LoadAvsAdjData_FW
0xff18e6a0,LoadDataFromAdjTableBin_FW
0xff05e980,LoadDefectAdjTable_FW
0xff18e8f0,LoadFactoryIDData_FW
0xff3e1e4c,LoadFactoryNumber_FW
0xff18e5a0,LoadParamDataFromAdjTableBin_FW
0xff08a234,LoadScript_FW
0xff3e1fcc,LoadSerialNumber_FW
0xff08a9c8,LocalTime
0xff15ac54,LockHdmiState_FW
0xff0981b4,LockMainPower
0xff0981b4,LockMainPower_FW
0xff08def0,LogCameraEvent
0xff027800,Lseek
0xff027800,lseek
0xff027800,Lseek_FW
0xff359cb8,MakeBootDisk_FW
0xff026f70,MakeDirectory_Fut
0xff359ccc,MakeScriptDisk_FW
0xff06a89c,MakeSDCardBootable
0xff00420c,malloc
0xff3dcfe0,MeasureVcmDriveTimeWithPosition_FW
0xff1cf794,Mecha.Create_FW
0xff3579c4,MechaCPUMemoryDump_FW
0xff3579e0,MechaCPUMemoryWrite_FW
0xff1cf804,MechaReset_FW
0xff1cf810,MechaTerminate_FW
0xff1cf73c,MechaUnRegisterEventProcedure_FW
0xff010a48,memcmp
0xff010a48,memcmp_FW
0xff03169c,memcpy
0xff03169c,memcpy_FW
0xff359238,MemoryChecker_FW
0xff295c5c,memset
0xff295c5c,memset_FW
0xff000dd4,memShow_FW
0xff2b8fd0,MergeAndConvertDefect_FW
0xff027a80,mkdir
0xff0b3bc0,mktime_ext
0xff359840,MonSelEvent_FW
0xff3db81c,MoveComputerZoomToPoint_FW
0xff095590,MoveControllerToTopOfZOrder_FW
0xff1bb70c,MoveCzPeakPositon_FW
0xff35425c,MoveCZToPoint_FW
0xff3542f4,MoveCZToPointByOVF_FW
0xff3542c4,MoveCZToTele_FW
0xff354294,MoveCZToWide_FW
0xff3548f4,MoveFocusActuator_FW
0xff3dc66c,MoveFocusDistance_FW
0xff3dc66c,MoveFocusLensToDistance
0xff3dc66c,MoveFocusLensToDistance_FW
0xff3dc558,MoveFocusLensToPosition_FW
0xff3dc448,MoveFocusLensToPositionWithMaxSpeed_FW
0xff3dc48c,MoveFocusLensToPositionWithSpeed_FW
0xff3544d8,MoveFocusLensToTerminate_FW
0xff3dc364,MoveFocusLensToTerminatePosition_FW
0xff354534,MoveFocusLensWithDistance_FW
0xff354634,MoveFocusLensWithPosition_FW
0xff354740,MoveFocusLensWithPositionImmediateReturn_FW
0xff3547f4,MoveFocusLensWithPositionWithoutBacklash_FW
0xff3dc5a4,MoveFocusPosition_FW
0xff3dc364,MoveFocusToTerminate_FW
0xff3d9f5c,MoveIrisFullClose_FW
0xff3d9f28,MoveIrisFullOpen_FW
0xff3da000,MoveIrisMechaPositionWithBacklash_FW
0xff3da03c,MoveIrisMechaPositionWithoutBacklash_FW
0xff3d9d88,MoveIrisToAv_FW
0xff3da078,MoveIrisToAvWithoutBacklash_FW
0xff355150,MoveIrisToFullClose_FW
0xff355128,MoveIrisToFullOpen_FW
0xff3550d4,MoveIrisToPositionWithBacklash_FW
0xff3551ac,MoveIrisToPositionWithoutBacklash_FW
0xff35504c,MoveIrisToStandbyPosition_FW
0xff355100,MoveIrisToTerminatePosition_FW
0xff355074,MoveIrisWithAv
0xff355074,MoveIrisWithAv_FW
0xff3552dc,MoveIrisWithAvAndAvSpeed_FW
0xff355310,MoveIrisWithAvAndAvSpeedWithoutBacklash_FW
0xff3550a0,MoveIrisWithAvAndSpeed_FW
0xff3551d8,MoveIrisWithAvAndSpeedWithoutBacklash_FW
0xff355180,MoveIrisWithAvWithoutBacklash_FW
0xff3d9fcc,MoveIrisWithTerminatePosition_FW
0xff3e52e8,MoveISLensToBottomLimitPosition_FW
0xff073ab8,MoveISLensToCentralPosition_FW
0xff3e52d4,MoveISLensToLeftLimitPosition_FW
0xff3e52c0,MoveISLensToRightLimitPosition_FW
0xff3e52fc,MoveISLensToTopLimitPosition_FW
0xff3553a0,MoveLensToFirstPoint_FW
0xff3553e8,MoveLensToTerminatePoint_FW
0xff1c2cd0,MoveUsm_FW
0xff1c2d40,MoveUsmWithFreq_FW
0xff3ff948,MoveVcm_FW
0xff3ff958,MoveVcmWithTrigger_FW
0xff1c4648,MoveZoomActuator_FW
0xff3db7e0,MoveZoomLensToPoint_FW
0xff3db7a4,MoveZoomLensToPosition_FW
0xff3559a0,MoveZoomLensToTerminatePosition_FW
0xff3558d0,MoveZoomLensWithPoint
0xff3558d0,MoveZoomLensWithPoint_FW
0xff355914,MoveZoomLensWithPointImmediateReturn_FW
0xff35595c,MoveZoomLensWithPosition_FW
0xff3db7e0,MoveZoomPoint_FW
0xff3db7a4,MoveZoomPosition_FW
0xff0f3afc,MovieAF.Resume_FW
0xff0f3ae8,MovieAF.Suspend_FW
0xff090a24,NewTaskShell
0xff090a84,NewTaskShell_FW
0xff3e5dc4,NotifyISMacroDistance_FW
0xff29e458,NR_GetDarkSubType
0xff29e390,NR_SetDarkSubType
0xff1d7ee8,NR_SetDoubleNRType_FW
0xff1d7ee0,NR_SetLotasPonyType_FW
0xff29e458,NRTBL.GetDarkSubType_FW
0xff29e4b8,NRTBL.GetDefectCorrectType_FW
0xff29e390,NRTBL.SetDarkSubType_FW
0xff29e42c,NRTBL.SetDefectCorrectType_FW
0xff29e498,NRTBL.SetTassenType_FW
0xff1cf9cc,OffPrintPhySw_FW
0xff3dad98,OneShotWhigeBalance_FW
0xff3dad98,OneTypeWhiteBalance_FW
0xff1cf9bc,OnPrintPhySw_FW
0xff02751c,Open
0xff00ab20,open
0xff02751c,Open_FW
0xff00f834,OpenConsole_FW
0xff339578,OpenFastDir
0xff027820,OpenForScrip_FW
0xff355674,OpenMechaShutter_FW
0xff3da248,OpenMShutter_FW
0xff027c9c,OpLog.Create_FW
0xff08efcc,OpLog.Get_FW
0xff08efec,OpLog.GetUsrSet_FW
0xff08f0ac,OpLog.Play_FW
0xff08e5ec,OpLog.ReadFromROM_FW
0xff08e654,OpLog.ReadFromSD_FW
0xff08f2c4,OpLog.Start_FW
0xff08e55c,OpLog.Stop_FW
0xff08f3a4,OpLog.Terminate_FW
0xff08e588,OpLog.WriteToROM_FW
0xff08ea84,OpLog.WriteToSD_FW
0xff18ed64,OutputLogToFile_FW
0xff09b3ac,PB2Rec
0xff35978c,Peek16_FW
0xff359784,Peek32_FW
0xff359794,Peek8_FW
0xff2b8d68,PointDefDetect_FW
0xff2b9404,PointKizuCheck_FW
0xff1cfe88,Poke16_FW
0xff1cfe78,Poke32_FW
0xff1cfe98,Poke8_FW
0xff095da4,PostEventShootSeqToUI_FW
0xff095b98,PostLogicalEventForNotPowerType
0xff095b98,PostLogicalEventForNotPowerType_FW
0xff095be4,PostLogicalEventToUI
0xff095be4,PostLogicalEventToUI_FW
0xff02b240,PostMessageQueue
0xff02ba6c,PostMessageQueueStrictly
0xff3dff90,PreFixAE_FW
0xff05f058,PrintAdjKabotanInfo_FW
0xff05ed9c,PrintAdjTableMap_FW
0xff18c964,PrintAllAEIntegData_FW
0xff08a228,Printf_FW
0xff18ead4,PrintFaexeVersioin_FW
0xff18eaa0,PrintFirmVersion_FW
0xff3df3d0,PrintMultiWinScanTable_FW
0xff3df33c,PrintScanTable_FW
0xff0790e4,PT_ChangeZoomSpeed_FW
0xff078ed4,PT_CompleteCaptModeChange_FW
0xff078ee4,PT_CompleteCharge_FW
0xff078eec,PT_CompleteFileWrite_FW
0xff078e9c,PT_CompletePreCapt_FW
0xff078ebc,PT_CompleteStopDigZoom_FW
0xff078eb4,PT_CompleteStopZoom_FW
0xff078ec4,PT_CompleteStoreLens_FW
0xff078edc,PT_CompleteSynchroWrite_FW
0xff079118,PT_DoAELock_FW
0xff0790f8,PT_DoAFLock_FW
0xff078efc,PT_EraseAllFile_FW
0xff028ce0,PT_GetDigitalZoomPosition_FW
0xff0790cc,PT_GetDigitalZoomTele_FW
0xff078fe0,PT_GetPropertyCaseInt_FW
0xff079168,PT_MFOff_FW
0xff079158,PT_MFOn_FW
0xff078f94,PT_mod_FW
0xff0790b8,PT_MoveDigitalZoomAt_FW
0xff079098,PT_MoveDigitalZoomToTele_FW
0xff0790a8,PT_MoveDigitalZoomToWide
0xff0790a8,PT_MoveDigitalZoomToWide_FW
0xff079080,PT_MoveOpticalZoomAt
0xff079080,PT_MoveOpticalZoomAt_FW
0xff079058,PT_MoveOpticalZoomToTele_FW
0xff07906c,PT_MoveOpticalZoomToWide_FW
0xff078ecc,PT_MovieRecordStopped_FW
0xff078eac,PT_NextShootAvailable_FW
0xff085438,PT_PlaySound
0xff078ea4,PT_RecreviewAvailable_FW
0xff078fb8,PT_SetPropertyCaseInt_FW
0xff078ef4,PT_ShootPicture_FW
0xff079128,PT_UnlockAE_FW
0xff079108,PT_UnlockAF_FW
0xff204c78,PTM_AllReset_FW
0xff098680,PTM_AllResetToFactorySetting_FW
0xff205c50,PTM_BackupUIProperty_FW
0xff098a5c,PTM_GetCurrentItem_FW
0xff205108,PTM_GetWorkingCaptureMode_FW
0xff205b84,PTM_IsEnableItem_FW
0xff205480,PTM_NextItem_FW
0xff205488,PTM_PrevItem_FW
0xff098b04,PTM_RestoreUIProperty_FW
0xff09891c,PTM_SetCurrentCaptureMode_FW
0xff205120,PTM_SetCurrentItem_FW
0xff2058a8,PTM_SetProprietyEnable_FW
0xff3da150,PutInNdFilter
0xff3da150,PutInNdFilter_FW
0xff3da188,PutOutNdFilter
0xff3da188,PutOutNdFilter_FW
0xff08dbc8,PutsCameraLogEvent_FW
0xff3ae9d0,qsort
0xff126c58,QuietImager_FW
0xff295d98,rand
0xff00ad74,Read
0xff00ad74,read
0xff00ad74,Read_FW
0xff3396cc,ReadFastDir
0xff295cd8,realloc
0xff33ee20,reboot_fw_update
0xff099b1c,Rec2PB
0xff3555a0,ReceiveMechaCircuitDataAll_FW
0xff02b0f4,ReceiveMessageQueue
0xff02ba40,ReceiveMessageQueueStrictly
0xff05f040,RefreshAdjustmentTableMirror_FW
0xff05f050,RefreshDefectTableMirror_FW
0xff0b1a24,RefreshPhysicalScreen
0xff3dfab4,RegistColorMatrix_FW
0xff08cedc,RegisterEventProcedure
0xff00ea88,RegisterInterruptHandler
0xff064b34,RegistFirmScanNoticeCBR_FW
0xff088f20,ReleaseRecursiveLock
0xff040360,ReloadAFAdjustment_FW
0xff127f94,ReloadCdsAdjustment_FW
0xff3df9f0,ReloadColorAdjustment_FW
0xff3e3704,ReloadDefectAdjustmentData_FW
0xff2c1a0c,ReloadEfAdjustment_FW
0xff3dc2c4,ReloadFocusLensAdjustment_FW
0xff1befec,ReloadGetaAdjustment_FW
0xff3d9dd4,ReloadIrisAdjustment_FW
0xff3e5a44,ReloadISAdjustment_FW
0xff3da138,ReloadNdFilterAdjustment_FW
0xff3e36d0,ReloadShadingAdjustmentData_FW
0xff0e3294,ReloadWBAdjustment_FW
0xff3db420,ReloadZoomAdjustment_FW
0xff31b968,RemoveTransparentMemory_FW
0xff026e68,RenameFile_Fut
0xff3dc6d4,ResetFocus_FW
0xff354400,ResetFocusLens
0xff354400,ResetFocusLens_FW
0xff354ffc,ResetIris_FW
0xff347838,ResetIrisActuator_FW
0xff3d9f90,ResetIrisPosition_FW
0xff06432c,ResetRegistNoticeCBR_FW
0xff3db708,ResetZoom_FW
0xff355824,ResetZoomLens
0xff355824,ResetZoomLens_FW
0xff355850,ResetZoomLensToFirst_FW
0xff355890,ResetZoomLensToTermiante_FW
0xff3db858,ResetZoomToAdjFirstPoint_FW
0xff3db928,ResetZoomToAdjTerminatePoint_FW
0xff3db73c,ResetZoomToFirst_FW
0xff3db73c,ResetZoomToFirstPoint_FW
0xff3db770,ResetZoomToTerminate_FW
0xff3db770,ResetZoomToTerminatePoint_FW
0xff02d6a0,Restart
0xff0900c0,RomCheckSum_FW
0xff00f4b4,RotateConsoleZOder_FW
0xff05ecc4,SaveAdjustmentTable_FW
0xff05ed44,SaveAdjustmentValue_FW
0xff3e177c,SaveBatSenseOffsetAdjustmentTable_FW
0xff1d1fcc,SaveBmpVRAMData_FW
0xff05ed2c,SaveDefectAdjTable_FW
0xff18e8d0,SaveFactoryIDData_FW
0xff3e20bc,SaveFactoryReserveData_FW
0xff3dd0ac,SaveFocusResetPulse_FW
0xff3e1c78,SaveFromImage_FW
0xff1d23ac,SavePaletteData
0xff1d23ac,SavePaletteData_FW
0xff165648,Scene.ForbidContiSceneDetect_FW
0xff165674,Scene.TestSunset_FW
0xff0b2c50,ScreenLock
0xff0b2cb4,ScreenUnlock
0xff35953c,SDump_FW
0xff073a50,SearchBCentralPosition_FW
0xff073a50,SearchISLensCentralPosition_FW
0xff3ddd10,SelectAdjBPFilter_FW
0xff357324,SelectPositionSignal_FW
0xff35557c,SendMechaCircuitData_FW
0xff2b9470,SensDefCrowdCheck_FW
0xff097a94,set_control_event
0xff3dff14,SetAdj_AEMode_FW
0xff18df3c,SetAdjAEIntegSmearLimitter_FW
0xff3de27c,SetAdjAFIntegCrwAdd_FW
0xff3ddd30,SetAdjAFWinPos_FW
0xff3d9108,SetAdjCdsMode_FW
0xff3dfdec,SetAE_CdsGainValue_FW
0xff3dfcb0,SetAE_ShutterSpeed
0xff3dfcb0,SetAE_ShutterSpeed_FW
0xff18df34,SetAEIntegAverageOBData_FW
0xff18d2c8,SetAEIntegCorrectProperty_FW
0xff18d364,SetAEIntegralGetaTime_FW
0xff18d324,SetAEIntegralValueProperty_FW
0xff18d240,SetAEIntegStrobeProperty_FW
0xff18db90,SetAEIntegValueBit_FW
0xff18db3c,SetAEIntegWindowsMode_FW
0xff098228,SetAutoShutdownTime
0xff098228,SetAutoShutdownTime_FW
0xff3ddd70,SetBPFilterForBP_FW
0xff3d8ff8,SetCDSGain_FW
0xff3d90f0,SetCDSGainStep_FW
0xff3d8ff8,SetCdsGainValue_FW
0xff3d9044,SetCdsPreGainReg_FW
0xff0a1650,SetCurrentCaptureModeType
0xff0a1650,SetCurrentCaptureModeType_FW
0xff1bb72c,SetCzDebugFocusMode_FW
0xff1bb724,SetCzDebugSubjectDistance_FW
0xff3e1794,SetDate_FW
0xff3e1998,SetDay_FW
0xff18dfc4,SetDefaultAEIntegSmearLimitter_FW
0xff1912e8,SetDefaultRecParameter_FW
0xff2b9708,SetDefectDebugInfo_FW
0xff2b9884,SetDefectRecParam_FW
0xff3d8f98,SetDeltaCDSGain_FW
0xff357650,SetDISModeParam_FW
0xff3e5b78,SetDISModeParameter_FW
0xff0262e0,SetDUIDFixFlag_FW
0xff026164,SetDurianMode_FW
0xff088b74,SetEventFlag
0xff3df880,SetExStrobeMode_FW
0xff0263e0,SetFactoryMasterFlag_FW
0xff026410,SetFactoryMasterROMProtection_FW
0xff026268,SetFactoryMode_FW
0xff3e1e3c,SetFactorySerialNumber_FW
0xff31b7c0,SetFaexeEventTableActivation_FW
0xff0279e8,SetFileAttributes
0xff027970,SetFileTimeStamp
0xff357940,SetFixedPWMOutA_FW
0xff357954,SetFixedPWMOutB_FW
0xff354a84,SetFocusLensCondition_FW
0xff354a70,SetFocusLensDefaultPullOutTable_FW
0xff354c54,SetFocusLensMaxSpeedLimit_FW
0xff354450,SetFocusLensReseted_FW
0xff35499c,SetFocusLensSpeed_FW
0xff3549b4,SetFocusLensSpeedTable_FW
0xff346a44,SetFocusResetState_FW
0xff357054,SetGyro10BitDACPitch_FW
0xff357068,SetGyro10BitDACYaw_FW
0xff3570d4,SetGyroFilterChargeStart_FW
0xff3570ec,SetGyroFilterChargeStop_FW
0xff357084,SetGyroHPFINOffsetPitch_FW
0xff357098,SetGyroHPFINOffsetYaw_FW
0xff3e1a00,SetHour_FW
0xff08c5e4,SetHPTimerAfterNow
0xff08c664,SetHPTimerAfterTimeout
0xff1cf9f8,SetIgnoreAVJACK_FW
0xff3e178c,SetImageMode_FW
0xff3e1768,SetInputVoltage_FW
0xff355260,SetIrisDriveVoltage_FW
0xff355278,SetIrisDriveVoltageLow_FW
0xff3552a8,SetIrisHoldVoltage_FW
0xff355290,SetIrisSettingWaitVoltage_FW
0xff3576a4,SetISAdjData_FW
0xff3576b4,SetISCenterShiftA_FW
0xff3576c8,SetISCenterShiftB_FW
0xff357290,SetISControlType_FW
0xff357600,SetISCrossTalkCompA1_FW
0xff357614,SetISCrossTalkCompA2_FW
0xff357628,SetISCrossTalkCompB1_FW
0xff35763c,SetISCrossTalkCompB2_FW
0xff3e5c20,SetISCrossTalkCompCoeff_FW
0xff3e569c,SetISCutOffFreqIndex_FW
0xff356c8c,SetISDriveAaxis_FW
0xff356ca0,SetISDriveBaxis_FW
0xff357820,SetISFocusLensDistance_FW
0xff3e5848,SetISGyro10BitDACPitch_FW
0xff3e5864,SetISGyro10BitDACYaw_FW
0xff3e5974,SetISGyroCompensationMode_FW
0xff3e58f8,SetISGyroFilterCharge_FW
0xff356d3c,SetISGyroGainAaxis_FW
0xff356d50,SetISGyroGainBaxis_FW
0xff356d64,SetISGyroGainbyAxisType_FW
0xff3e5880,SetISGyroHPFINOffsetPitch_FW
0xff3e589c,SetISGyroHPFINOffsetYaw_FW
0xff3e5540,SetISGyroPitchGain_FW
0xff3e5554,SetISGyroPitchOffset_FW
0xff3e5510,SetISGyroYawGain_FW
0xff3e5550,SetISGyroYawOffset_FW
0xff357418,SetISHallAmpFirstGain_FW
0xff3e55ac,SetISHallDevicePitchGain_FW
0xff3e5610,SetISHallDevicePitchOffset_FW
0xff3e557c,SetISHallDeviceYawGain_FW
0xff3e55e0,SetISHallDeviceYawOffset_FW
0xff356cf8,SetISHallGainAaxis_FW
0xff356d0c,SetISHallGainBaxis_FW
0xff356d20,SetISHallGainbyAxisType_FW
0xff356cb4,SetISHallOffsetAaxis_FW
0xff356cc8,SetISHallOffsetBaxis_FW
0xff356cdc,SetISHallOffsetbyAxisType_FW
0xff357348,SetISHPFCutoff_FW
0xff3e569c,SetISHPFCutOffFreqIndex_FW
0xff3e5b58,SetISLensPWMMode_FW
0xff3573b0,SetISLPFAaxis_FW
0xff3573c4,SetISLPFBaxis_FW
0xff3e56ac,SetISLPFCutOffFreqAaxis_FW
0xff3e56bc,SetISLPFCutOffFreqBaxis_FW
0xff3e5db0,SetISMacroMode_FW
0xff3572b4,SetISMovieStatus_FW
0xff3e54c8,SetISPitchPWM_FW
0xff3572a4,SetISStillStatus_FW
0xff3570bc,SetISTuningFlag_FW
0xff3e5920,SetISTuningMode_FW
0xff3e5954,SetISTuningOff_FW
0xff3e54dc,SetISYawPWM_FW
0xff3e1c28,SetLangMenuType_FW
0xff35544c,SetLensOutsideFlag_FW
0xff18df08,SetLineDefMarkThroughMode_FW
0xff097ef0,SetLogicalEventActive
0xff3e5b24,SetLoopGain_FW
0xff3574dc,SetLoopGainAdjValue_FW
0xff3e56d0,SetLPFForParallelFilter_FW
0xff3572d8,SetLPFParallelBest_FW
0xff3e5d4c,SetMacroISGain_FW
0xff357868,SetMacroISGainA_FW
0xff35787c,SetMacroISGainB_FW
0xff355568,SetMechaDeviceComparatorHysteresis_FW
0xff355550,SetMechaDeviceComparatorThreshold_FW
0xff3556d0,SetMechaShutterCloseDacSetting_FW
0xff35578c,SetMechaShutterMoveTime_FW
0xff355720,SetMechaShutterOpenDacSetting_FW
0xff355770,SetMechaShutterWaitTimeSetting_FW
0xff3e1a64,SetMinute_FW
0xff3e193c,SetMonth_FW
0xff3d8ff0,SetObClamp_FW
0xff3d8ff0,SetObClampValue_FW
0xff3dad18,SetOneShotWBParam_FW
0xff3dad18,SetOneTypeWBParam_FW
0xff205c50,SetParameterData
0xff024dd4,SetPopup_FW
0xff357904,SetPoweredISOFF_FW
0xff3578f0,SetPoweredISON_FW
0xff3e2118,SetProductVolume_FW
0xff090f1c,SetPropertyCase
0xff1cf9ac,SetRawSWCheckMode_FW
0xff3dae24,SetReferenceWBGainForCalibration_FW
0xff3dd9c0,SetScanLensIndex_FW
0xff3ddac4,SetScanWindowMode_FW
0xff097f8c,SetScriptMode
0xff097f8c,SetScriptMode_FW
0xff1cf960,SetSDPwrPort_FW
0xff3e1ac8,SetSecond_FW
0xff3d9094,SetSensorPreGain_FW
0xff3d9c00,SetShutterSpeed_FW
0xff3d9bb0,SetShutterSpeedWithMecha_FW
0xff00eac8,SetSR
0xff059d0c,SetStereoSeparation_FW
0xff063f8c,SetTestRecSkimmingYUV_FW
0xff02c234,SetTimerAfter
0xff02c2b4,SetTimerWhen
0xff3dae50,SetToolCorrectCoefficient_FW
0xff1c2df0,SetUsmCurrentPosition_FW
0xff1c2f78,SetUsmEncLedDuty_FW
0xff1c2e40,SetUsmFreqRange_FW
0xff1c2ec0,SetUsmPulseWidth_FW
0xff1c2f08,SetUsmSpeedLogSampling_FW
0xff1c2e90,SetUsmStopSpeed_FW
0xff1c2eac,SetUsmSweepEndMarginSpeed_FW
0xff1c2e5c,SetUsmSweepFreq_FW
0xff1c2e2c,SetUsmTargetFreq_FW
0xff1c2e14,SetUsmTargetSpeed_FW
0xff3ffeac,SetVcmDacOutData_FW
0xff3ffc10,SetVcmDGain_FW
0xff3ffc30,SetVcmEViClamp_FW
0xff3ffbfc,SetVcmIGain_FW
0xff3ffe3c,SetVcmLogData_FW
0xff3ffe50,SetVcmLogSampleTime_FW
0xff3ffe6c,SetVcmLogTrigger_FW
0xff3ffba8,SetVcmOpenDriveDuty_FW
0xff3dcd48,SetVcmOpenDriveMode_FW
0xff3ffbd4,SetVcmOpenDriveVoltageToInf_FW
0xff3ffbc0,SetVcmOpenDriveVoltageToNear_FW
0xff3ffc48,SetVcmParamLPF2_FW
0xff3ffc74,SetVcmParamPLF_FW
0xff3ffbe8,SetVcmPGain_FW
0xff3ffca0,SetVcmPiDefaultPosition_FW
0xff3ffcc8,SetVcmPiFallThresholdLevel_FW
0xff3ffcdc,SetVcmPiOverrunPulse_FW
0xff3ffcb4,SetVcmPiRiseThresholdLevel_FW
0xff3ffb74,SetVcmPwmFrequency_FW
0xff3ff9dc,SetVcmSrAPos_FW
0xff3dcfc8,SetVcmSrAPosition_FW
0xff3ff9f0,SetVcmSrBPos_FW
0xff3dcfd0,SetVcmSrBPosition_FW
0xff3ffa9c,SetVcmSrCGain_FW
0xff3ffb24,SetVcmSrCNegPeak_FW
0xff3ffa6c,SetVcmSrCOffset_FW
0xff3ffb10,SetVcmSrCPosPeak_FW
0xff3dcfb8,SetVcmSrDAC_FW
0xff3dcf58,SetVcmSrDigGain_FW
0xff3dcf38,SetVcmSrDigOffset_FW
0xff3ffab0,SetVcmSrHGain_FW
0xff3ffad0,SetVcmSrRefV_FW
0xff3ffa88,SetVcmSrSGain_FW
0xff3dcf90,SetVcmSrSignalNegPeak_FW
0xff3dcf78,SetVcmSrSignalPosPeak_FW
0xff3ffafc,SetVcmSrSNegPeak_FW
0xff3ffa58,SetVcmSrSOffset_FW
0xff3ffae8,SetVcmSrSPosPeak_FW
0xff3ff918,SetVcmTargetPosition_FW
0xff3ff930,SetVcmTargetSpeed_FW
0xff3ffd14,SetVcmTravelTimeMeasurePosition_FW
0xff3e053c,SetVideoOutType_FW
0xff3e36e0,SetWBTemperature_FW
0xff3dade8,SetWBYlStandardWidth_FW
0xff18dac4,SetWhiteCoefficient_FW
0xff3e18dc,SetYear_FW
0xff3dba70,SetZoomCommonDriveParam_FW
0xff3dc120,SetZoomDriveLogSampling_FW
0xff3db99c,SetZoomDriveParam_FW
0xff3dbffc,SetZoomEncComparatorHysterisis_FW
0xff3dbfdc,SetZoomEncComparatorThreshold_FW
0xff3dc0c0,SetZoomLensCounter_FW
0xff355a94,SetZoomLensEncLedDuty_FW
0xff3db96c,SetZoomLensEncoderPowerControl_FW
0xff34a714,SetZoomLensICDriveData_FW
0xff3559e0,SetZoomLensSpeedMode_FW
0xff3dba34,SetZoomNormalDriveParam_FW
0xff3e5620,SetZoomPointToIS_FW
0xff35719c,SetZoomPosition_FW
0xff3db9e8,SetZoomResetDriveParam_FW
0xff1c63d0,SetZoomResetState_FW
0xff3db974,SetZoomSpeedMode_FW
0xff1cfec8,ShowAllTaskInfo_FW
0xff08dc78,ShowCameraLog_FW
0xff08dc0c,ShowCameraLogInfo_FW
0xff3dfc58,ShowCurrentExp_FW
0xff05e7d0,ShowDefaultAdjTableVersion_FW
0xff354b78,ShowFocusLensCurrentSpeedTable_FW
0xff095e00,ShowLogicalEventName_FW
0xff1cf81c,ShowMechaMacro_FW
0xff1cf99c,ShowPhySwStatus_FW
0xff1cf9e0,ShowSDStatus_FW
0xff31b898,ShowTransparentMemory_FW
0xff091eb8,ShutdownPlayModeMenu_FW
0xff092004,ShutdownPlayModeMenuWithoutPbRedraw_FW
0xff091c58,ShutdownRecModeMenu_FW
0xff3e01c0,SleepAE_FW
0xff02b88c,SleepTask
0xff02b88c,SleepTask_FW
0xff010968,sprintf_FW
0xff295d8c,srand
0xff079178,SS.Create_FW
0xff295dc8,sscanf_FW
0xff3de26c,StartAdjAFInteg_FW
0xff3ddf3c,StartAdjAFService_FW
0xff18defc,StartAEIntegralService_FW
0xff073968,StartBDrive_FW
0xff073980,StartBPanDrive_FW
0xff08dcc8,StartCameraLog_FW
0xff3d9aa4,StartCaptureDrive_FW
0xff3de9b0,StartCrwCustomScan_FW
0xff3de940,StartCustomScan_FW
0xff1bb704,StartCzTuning_FW
0xff3e0860,StartEVFDrive_FW
0xff3e081c,StartEVFDriveWithMode_FW
0xff0264fc,StartFactoryModeController_FW
0xff357ac8,StartImStEventProc_FW
0xff3e5cdc,StartISAdjustMacro_FW
0xff073968,StartISAdjustmentDrive_FW
0xff073968,StartISDrive_FW
0xff356c50,StartISLocalAdjust_FW
0xff0739a4,StartISLocalAutoCenter_FW
0xff0739e4,StartISLocalHallAdjust_FW
0xff073980,StartISPanDrive_FW
0xff18f1c8,StartLogOut_FW
0xff357454,StartLoopGainCalc_FW
0xff357744,StartMacroISAdjust_FW
0xff357734,StartMacroISContiMode_FW
0xff091b4c,StartPlayModeMenu_FW
0xff091b68,StartRecModeMenu
0xff091b68,StartRecModeMenu_FW
0xff010158,StartRedirectUART_FW
0xff31bf70,StartSoundPlay_FW
0xff31bf38,StartSoundRecord_FW
0xff3ff830,StartVcmClk_FW
0xff3ff8f8,StartVcmControl_FW
0xff354ed4,StartVcmLoopGainCalc_FW
0xff08fc40,StartWDT_FW
0xff027848,stat
0xff3de210,StopAdjAFInteg_FW
0xff3de04c,StopAdjAFService_FW
0xff18dbb8,StopAEIntegralService_FW
0xff073974,StopBDrive_FW
0xff07398c,StopBPanDrive_FW
0xff08de90,StopCameraLog_FW
0xff3d9238,StopCaptureDrive_FW
0xff0488e0,StopContinuousVRAMData_FW
0xff3de8d8,StopCustomScan_FW
0xff354324,StopCZ_FW
0xff3e056c,StopEVFDrive_FW
0xff3e5d34,StopISAdjustMacro_FW
0xff073974,StopISAdjustmentDrive_FW
0xff073974,StopISDrive_FW
0xff07398c,StopISPanDrive_FW
0xff18ee70,StopLogOut_FW
0xff3575a0,StopLoopGainCalc_FW
0xff357754,StopMacroISAdjust_FW
0xff01026c,StopRedirectUART_FW
0xff3df940,StopStrobeChargeForFA_FW
0xff1c2db0,StopUsm_FW
0xff1c2dc0,StopUsmEmergency_FW
0xff3ff968,StopVcm_FW
0xff3ff908,StopVcmControl_FW
0xff3ff978,StopVcmEmergency_FW
0xff354f54,StopVcmLoopGainCalc_FW
0xff3ff844,StopVcmvClk_FW
0xff08fca0,StopWDT_FW
0xff0723f4,StopZoomEmergency_FW
0xff0b3378,strcat
0xff0040d8,strchr
0xff010a04,strcmp
0xff010a2c,strcmp_FW
0xff0109ec,strcpy
0xff0109ec,strcpy_FW
0xff0b35c0,strftime
0xff004124,strlen
0xff004124,strlen_FW
0xff00408c,strncmp
0xff004050,strncpy
0xff0040fc,strrchr
0xff03199c,strtol
0xff0317a0,strtolx
0xff3e0470,SwitchOffDisplay_FW
0xff3e04a4,SwitchOnDisplay_FW
0xff1d05c0,System.Create_FW
0xff1cfed8,System.Delete_FW
0xff02b510,TakeSemaphore
0xff02b510,TakeSemaphore_FW
0xff02ba14,TakeSemaphoreStrictly
0xff0f53e0,task_AfIntSrvTask
0xff03e41c,task_AFTask
0xff05afac,task_ASIF
0xff15b618,task_AudioLvl
0xff166dd8,task_AutoShutterMan
0xff352cb4,task_AviRead
0xff021cb4,task_BatteryTask
0xff055440,task_BeepTask
0xff0c41c0,task_BrtMsrTask
0xff02d4e4,task_Bye
0xff07c46c,task_CaptSeq
0xff07c46c,task_CaptSeqTask
0xff0e6ba4,task_ChaseFrame
0xff1652f8,task_ChaseTask
0xff00617c,task_ClockSave
0xff2c29f8,task_CntFlashTask
0xff09bbe8,task_CommonDrivers
0xff18799c,task_CorctTask
0xff1d65b0,task_CreateHeaderTask
0xff094b24,task_CtrlSrv
0xff33c57c,task_DecJpgRd
0xff0e4f80,task_DetectMoveTask
0xff0ebd70,task_DevelopModule
0xff0e94cc,task_DispFace
0xff1a0be0,task_DPOFTask
0xff0a7d6c,task_DSITask
0xff07e77c,task_DvlpSeqTask
0xff0ef8f0,task_EFChargeT
0xff3faea8,task_EfctConLowTask
0xff3fad04,task_EfctConTask
0xff090970,task_EvShel
0xff0cc430,task_ExpDrv
0xff0cc430,task_ExpDrvTask
0xff0a7914,task_FaceFrame
0xff18a8a0,task_Fencing
0xff336504,task_FileScheduleTask
0xff337504,task_FileWrite
0xff337504,task_FileWriteTask
0xff33b794,task_FilYuvMaker
0xff344760,task_FocusEvent
0xff338c50,task_FORMAT_TASK_NAME
0xff338a70,task_FORMAT_TASK_PROGRESS
0xff03c2a4,task_FrameTask
0xff066ffc,task_FsIoNotifyTask
0xff040678,task_GapMan
0xff055d38,task_HecMngTask
0xff3fcca8,task_ImgDLight
0xff1b218c,task_ImgEdt
0xff06e28c,task_ImgPlayDrv
0xff1b30d8,task_ImgTrim
0xff09bbb0,task_InitFileModules
0xff348258,task_IrisCycleEvent
0xff346a8c,task_IrisEvent
0xff072dc4,task_ISMainTask
0xff1512b8,task_LcdConTask
0xff056a7c,task_LEDCon
0xff06fa88,task_LensController
0xff133cc0,task_LiveImageTask
0xff165454,task_MainTargetTask
0xff071334,task_MechaAlarm
0xff1bf3f0,task_MechaCom
0xff1c1c9c,task_MechaCPUTransfer
0xff349a80,task_MechaShutter
0xff19a0f8,task_MetaCtg
0xff167ae0,task_MotionVector
0xff350ffc,task_MovEdit
0xff07854c,task_MovieRecord
0xff34cf7c,task_MovPlay
0xff40134c,task_MovRead
0xff1cc00c,task_MovWrite
0xff141f94,task_NormalThumbCache
0xff0e3c6c,task_OBCtrlTask
0xff161670,task_OhyearKiLiveAlgor
0xff08e388,task_OpePlay
0xff024964,task_PhySw
0xff2df4bc,task_PTPtoFAPI_EventProcTask_Block
0xff2df418,task_PTPtoFAPI_EventProcTask_Try
0xff3062c8,task_Raw2Ss2YuvTask
0xff426d44,task_ReadFileTask
0xff376ce4,task_ReadMultiConTask
0xff3f3d54,task_ReadScheduleTask
0xff214140,task_RealTimeHist
0xff06f5fc,task_RedEyeCapt
0xff1b53f0,task_RedEyePly
0xff057f64,task_RotaryEncoder
0xff1649e4,task_SceneDetectTask
0xff06a9b4,task_SD1stInit
0xff1d4c9c,task_ShutterSoundTask
0xff1289b4,task_SsgMainTask
0xff128b64,task_SsgPeriodTask
0xff084c88,task_SsTask
0xff00fd34,task_Startup
0xff02e010,task_StartupImage
0xff136550,task_SynchTask
0xff1364bc,task_SyncPeriod
0xff12c5f0,task_TgTask
0xff05b97c,task_Thermometer
0xff13830c,task_TimerUtility
0xff1c21f4,task_TmgGen
0xff145c5c,task_TrnsCtrlTask
0xff00ffb4,task_UartLog
0xff1c7c2c,task_VcmMainTask
0xff039ba4,task_WBCtrl
0xff0bc248,task_WBIntegTask
0xff0e0110,task_WBLPFace
0xff08facc,task_WdtPrint
0xff08fb80,task_WdtReset
0xff1c34a4,task_ZoomEvent
0xff1d1dc8,TerminateAdjustmentSystem_FW
0xff0640cc,Terminatedccd_FW
0xff3e3758,TerminateDefectAdjustment_FW
0xff3b48d8,TerminateDefectRec_FW
0xff0640cc,TerminateDigicon_FW
0xff31c114,TerminateFAExtendFile_FW
0xff31c0fc,TerminateFAGeneralTest_FW
0xff3e3a90,TerminateMechaDevice_FW
0xff31bff8,TerminateSoundRec_FW
0xff0634f0,TerminateTestRec_FW
0xff08afa4,time
0xff02b2f8,TryPostMessageQueue
0xff02b1bc,TryReceiveMessageQueue
0xff02b4bc,TryTakeSemaphore
0xff0a96b0,TurnOffBackLight
0xff051a60,TurnOffDisplay
0xff02d408,TurnOffE1_FW
0xff059800,TurnOffVideoOutMode_FW
0xff0a9698,TurnOnBackLight
0xff051a50,TurnOnDisplay
0xff0597c8,TurnOnVideoOutMode_FW
0xff1d1c90,UI.Create_FW
0xff1d114c,UI.CreatePublic_FW
0xff1d1c90,UI_RegistDebugEventProc_FW
0xff1d1c7c,UI_ShowStateOfRecMode_FW
0xff097ef0,UiEvnt_SetLogicalEventActive_FW
0xff097fc0,UiEvnt_StartDisguiseCradleStatus_FW
0xff097fd0,UiEvnt_StopDisguiseCradleStatus_FW
0xff09b19c,UIFS_CancelStoreLensTimer_FW
0xff2116f4,UIFS_Capture_FW
0xff2117c8,UIFS_CaptureNoneStop_FW
0xff1d0d7c,UIFS_ChangeShootState_FW
0xff1d0b54,UIFS_ClosePopupStrobe_FW
0xff1d0be4,UIFS_ConnectVideo_FW
0xff1d0c14,UIFS_DisconnectVideo_FW
0xff1d0c9c,UIFS_EndClockMode_FW
0xff1d0fc8,UIFS_GetAvItem_FW
0xff1d0dfc,UIFS_GetAvItemCount_FW
0xff1d1038,UIFS_GetCurrentAvString_FW
0xff1d10b8,UIFS_GetCurrentTvString_FW
0xff1d0dc4,UIFS_GetLastPath_FW
0xff1d0cb4,UIFS_GetMovieRecoadableNumber_FW
0xff256714,UIFS_GetNumberOfDisplayedImage_FW
0xff2129e0,UIFS_GetNumOfOptZoomPos_FW
0xff1d0cfc,UIFS_GetStillShotableNumber_FW
0xff1d1000,UIFS_GetTvItem_FW
0xff1d0e6c,UIFS_GetTvItemCount_FW
0xff1d08cc,UIFS_IsAutoPopupDownStrobe_FW
0xff1d08d4,UIFS_IsAvailableAvTvMode_FW
0xff1d08b4,UIFS_IsAvailableMovieRecDigZoom_FW
0xff1d08ac,UIFS_IsAvailableMovieRecOptZoom_FW
0xff1d08c4,UIFS_IsAvailableRecMenuAFMode_FW
0xff1d08bc,UIFS_IsAvailableServoAF_FW
0xff0a2968,UIFS_IsAvailableShots_FW
0xff1d0b84,UIFS_MountExtFlash_FW
0xff212a94,UIFS_MoveZoomTo_FW
0xff1d0b24,UIFS_OpenPopupStrobe_FW
0xff37f458,UIFS_PlayTrimExecuteAllImageSize_FW
0xff1d0c54,UIFS_PostModeDial_FW
0xff1d0c50,UIFS_RestartPostingUIEvent_FW
0xff1d0a84,UIFS_SetCaptureModeToP_FW
0xff1d0cac,UIFS_SetCradleSetting_FW
0xff1d0ac4,UIFS_SetDialMovieRec_FW
0xff1d0b04,UIFS_SetDialPlay_FW
0xff1d0a64,UIFS_SetDialStillRec_FW
0xff1d0da0,UIFS_ShootSeqToUI_FW
0xff1d0c8c,UIFS_StartClockMode_FW
0xff0a6d54,UIFS_StartMovieRecord_FW
0xff0a6d78,UIFS_StopMovieRecord_FW
0xff1d0c4c,UIFS_StopPostingUIEvent_FW
0xff1d0bb4,UIFS_UnmountExtFlash_FW
0xff1f15b4,UIFS_WriteFirmInfoToFile
0xff1f15b4,UIFS_WriteFirmInfoToFile_FW
0xff025f40,UndisplayFactoryMode_FW
0xff08a13c,UnLoadScript_FW
0xff0297cc,UnlockAE
0xff029368,UnlockAF
0xff098108,UnlockMainPower
0xff098108,UnlockMainPower_FW
0xff3dfaec,UnregistColorMatrix_FW
0xff00eaac,UnregisterInterruptHandler
0xff355dc8,UsmEncLevel_FW
0xff356838,UsmFN_FW
0xff356968,UsmFNForSD_FW
0xff355d18,UsmGainChangeSpeedGet_FW
0xff355d4c,UsmGainChangeSpeedSet_FW
0xff355c60,UsmGainGet_FW
0xff355cc4,UsmGainSet_FW
0xff355d80,UsmLGainGet_FW
0xff355d9c,UsmLGainSet_FW
0xff355aa8,UsmMenu_FW
0xff3561c4,UsmWowFla_FW
0xff3562e0,UsmWowFlaForSD_FW
0xff022364,VbattGet
0xff022364,VbattGet_FW
0xff3ff880,VcmFirmTransfer_FW
0xff3ff858,VcmResetHigh_FW
0xff3ff86c,VcmResetLow_FW
0xff359360,VerifyByte_FW
0xff0109ac,vsprintf
0xff1cfeb4,Wait_FW
0xff088ab4,WaitForAllEventFlag
0xff02bac4,WaitForAllEventFlagStrictly
0xff0889d0,WaitForAnyEventFlag
0xff02ba98,WaitForAnyEventFlagStrictly
0xff355930,WaitMoveZoomLensComplete_FW
0xff027638,Write
0xff027638,write
0xff027638,Write_FW
0xff05f0e4,WRITEADJTABLETOFROM_FW
0xff05f118,WRITEADJUSTMENTDATATOFROM_FW
0xff3e53cc,WriteGyroAdjustment_FW
0xff3e532c,WriteHallDeviceAdjustment_FW
0xff3554a0,WriteMechaLogToFile_FW
0xff355480,WriteMechaLogToRom_FW
0xff3e5464,WritePWMAdjustment_FW
0xff1ab46c,WriteSDCard
0xff089e74,WriteToRom_FW
