0xffc00bf4,memShow_FW
0xffc03968,malloc
0xffc03a3c,free
0xffc03b1c,realloc
0xffc03be4,GetMemInfo
0xffc04db0,drysh_FW
0xffc04e2c,err_init_task
0xffc04f7c,task_ClockSave
0xffc0984c,open
0xffc098fc,close
0xffc09ae4,Read
0xffc09ae4,read
0xffc09ae4,Read_FW
0xffc0af44,RegisterInterruptHandler
0xffc0af68,UnregisterInterruptHandler
0xffc0af80,GetSRAndDisableInterrupt
0xffc0af84,SetSR
0xffc0afa4,EnableInterrupt
0xffc0afac,CreateTask
0xffc0afac,CreateTask_FW
0xffc0b23c,ExitTask
0xffc0b23c,ExitTask_FW
0xffc0b284,DebugAssert
0xffc0b98c,RotateConsoleZOder_FW
0xffc0bb9c,CPrintf_FW
0xffc0bbf8,CPutChar_FW
0xffc0bc24,GetCh_FW
0xffc0bc74,GetStringWithPrompt_FW
0xffc0bcd4,OpenConsole_FW
0xffc0be40,CloseConsole_FW
0xffc0c1fc,task_Startup
0xffc0c34c,_uartr_req
0xffc0c3dc,task_UartLog
0xffc0c530,StartRedirectUART_FW
0xffc0cb5c,sprintf_FW
0xffc0cba0,vsprintf
0xffc0cbdc,strcpy
0xffc0cbdc,strcpy_FW
0xffc0cbf4,j_strcmp_FW
0xffc0cbf4,strcmp
0xffc0cc1c,strcmp_FW
0xffc0cc38,strlen
0xffc0cc38,strlen_FW
0xffc0cc5c,memcmp
0xffc0cc5c,memcmp_FW
0xffc0cd58,srand
0xffc0cd64,rand
0xffc10348,task_TempCheck
0xffc10644,GetVBatVoltage_FW
0xffc10644,VbattGet
0xffc10644,VbattGet_FW
0xffc116b0,kbd_p2_f
0xffc119e0,task_PhySw
0xffc11cd4,GetSwitchStatus_FW
0xffc11d40,GetSDDetect_FW
0xffc11d48,GetSDProtect
0xffc11d48,GetSDProtect_FW
0xffc11d64,GetDialEventId_FW
0xffc11d68,GetBatteryCoverClose_FW
0xffc11d70,kbd_read_keys
0xffc11dec,kbd_p1_f
0xffc11df8,kbd_p1_f_cont
0xffc12c08,EngDrvOut
0xffc12c20,EngDrvIn
0xffc12c28,EngDrvRead
0xffc12c3c,EngDrvBits
0xffc13494,RenameFile_Fut
0xffc134e8,DeleteFile_Fut
0xffc1355c,MakeDirectory_Fut
0xffc135cc,DeleteDirectory_Fut
0xffc13624,Fopen_Fut
0xffc13624,Fopen_Fut_FW
0xffc13664,Fclose_Fut
0xffc13664,Fclose_Fut_FW
0xffc13710,Fread_Fut
0xffc13710,Fread_Fut_FW
0xffc13764,Fwrite_Fut
0xffc13764,Fwrite_Fut_FW
0xffc137b8,Fgets_Fut
0xffc13804,Fseek_Fut
0xffc13804,Fseek_Fut_FW
0xffc13850,Feof_Fut
0xffc1388c,Fflush_Fut
0xffc13c14,Open
0xffc13c14,Open_FW
0xffc13c3c,Close
0xffc13c3c,Close_FW
0xffc13ce4,j_Read_FW
0xffc13ce8,Write
0xffc13ce8,write
0xffc13ce8,Write_FW
0xffc13d7c,Lseek
0xffc13d7c,lseek
0xffc13d7c,Lseek_FW
0xffc13e44,j_Lseek_FW
0xffc13e48,stat
0xffc13f18,SetFileTimeStamp
0xffc13f68,SetFileAttributes
0xffc13fe0,mkdir
0xffc1430c,j_StartCameraLog_FW
0xffc14310,j_ShowCameraLog_FW
0xffc14314,j_ShowCameraLogInfo_FW
0xffc14318,j_StopCameraLog_FW
0xffc1431c,j_PutsCameraLogEvent_FW
0xffc14320,OpLog.Create_FW
0xffc14384,j_NewTaskShell_FW
0xffc14388,j_ExMem.View_FW
0xffc1438c,j_ExMem.AllocUncacheable_FW
0xffc14390,j_ExMem.FreeUncacheable_FW
0xffc14394,j_ExMem.AllocCacheable_FW
0xffc14398,j_ExMem.FreeCacheable_FW
0xffc1439c,ExMem_FW
0xffc15298,DoAFLock
0xffc152d0,UnlockAF
0xffc15348,EnterToCompensationEVF
0xffc1538c,ExitFromCompensationEVF
0xffc153e0,DoAELock
0xffc15404,UnlockAE
0xffc16414,TestAssert_FW
0xffc16440,TestAssertInt_FW
0xffc16460,TestException_FW
0xffc1647c,TestExceptionInt_FW
0xffc1649c,TestPanic_FW
0xffc164cc,TestPanicInt_FW
0xffc166a4,CreateMessageQueue
0xffc16728,DeleteMessageQueue
0xffc167b8,ReceiveMessageQueue
0xffc16880,TryReceiveMessageQueue
0xffc16904,PostMessageQueue
0xffc169bc,TryPostMessageQueue
0xffc169fc,GetNumberOfPostedMessages
0xffc16a68,CreateBinarySemaphore
0xffc16ad0,CreateCountingSemaphore
0xffc16ad0,CreateCountingSemaphore_FW
0xffc16b28,DeleteSemaphore
0xffc16b28,DeleteSemaphore_FW
0xffc16b80,TryTakeSemaphore
0xffc16bd4,TakeSemaphore
0xffc16bd4,TakeSemaphore_FW
0xffc16ca4,GiveSemaphore
0xffc16ca4,GiveSemaphore_FW
0xffc16cdc,GetSemaphoreValue
0xffc16f0c,SleepTask
0xffc16f0c,SleepTask_FW
0xffc16fcc,CreateTaskStrictly
0xffc17000,CreateMessageQueueStrictly
0xffc17024,CreateEventFlagStrictly
0xffc17048,CreateBinarySemaphoreStrictly
0xffc1706c,CreateCountingSemaphoreStrictly
0xffc17090,CreateRecursiveLockStrictly
0xffc170b4,TakeSemaphoreStrictly
0xffc170e0,ReceiveMessageQueueStrictly
0xffc1710c,PostMessageQueueStrictly
0xffc17138,WaitForAnyEventFlagStrictly
0xffc17164,WaitForAllEventFlagStrictly
0xffc17190,AcquireRecursiveLockStrictly
0xffc17288,AllocateUncacheableMemory
0xffc172c8,FreeUncacheableMemory
0xffc17534,_GetSystemTime
0xffc1766c,SetTimerAfter
0xffc176ec,SetTimerWhen
0xffc17750,CancelTimer
0xffc18854,task_Bye
0xffc189d8,Restart
0xffc19108,task_StartupImage
0xffc1cac0,strncpy
0xffc1cafc,strtolx
0xffc1ccf8,strtol
0xffc1fcc4,ExpCtrlTool_StartContiAE
0xffc1fe08,ExpCtrlTool_StopContiAE
0xffc23a58,task_ImageSensorTask
0xffc2c800,DispCon_ShowColorBar_FW
0xffc2c854,DispCon_ShowFiveStep_FW
0xffc2c920,DispCon_ShowWhiteChart_FW
0xffc2c958,DispCon_ShowBlackChart_FW
0xffc2c974,DispCon_ShowBitmapColorBar
0xffc2c974,DispCon_ShowBitmapColorBar_FW
0xffc2c9d4,DispCon_ShowCustomColorBar_FW
0xffc2ca2c,DispCon_SetDisplayType_FW
0xffc2ca4c,DispCon_ShowColorChart_FW
0xffc2ca70,DispCon_TurnOnDisplay_FW
0xffc2ca70,TurnOnDisplay
0xffc2ca80,DispCon_TurnOffDisplay_FW
0xffc2ca80,TurnOffDisplay
0xffc2ca90,DispCon_TurnOnBackLight_FW
0xffc2caa0,DispCon_TurnOffBackLight_FW
0xffc2cab0,DispCon_SetMaxBackLightBrightness_FW
0xffc2cb30,DispCon_SetVideoAdjParameter_FW
0xffc2cba0,DispCon_GetVideoAdjParameter_FW
0xffc2cbfc,DispCon_ShowVideoAdjParameter_FW
0xffc2cc28,DispCon_SaveVideoAdjParameter_FW
0xffc2cca4,DispCon_SetLcdGainAdjParameter_FW
0xffc2cd70,DispCon_GetLcdGainAdjParameter_FW
0xffc2cdac,DispCon_ShowLcdGainAdjParameter_FW
0xffc2cdbc,DispCon_SaveLcdGainAdjParameter_FW
0xffc2cdd8,DispCon_SetLcdGammaParameter_FW
0xffc2ce30,DispCon_GetLcdGammaParameter_FW
0xffc2ce74,DispCon_ShowLcdGammaParameter_FW
0xffc2ceac,DispCon_SaveLcdGammaParameter_FW
0xffc2e444,GetAdVBattBottom_FW
0xffc2e44c,GetAdChValue_FW
0xffc2f668,Bat_Calc_FW
0xffc2f668,CalculateBatSenseOffset_FW
0xffc2f89c,task_BeepTask
0xffc2fc84,BeepDrive_FW
0xffc2fca4,BeepDriveComp_FW
0xffc2fea0,task_LEDCon
0xffc3043c,LEDDrive
0xffc3043c,LEDDrive_FW
0xffc30824,kbd_read_keys_r2
0xffc30e04,GetKbdState
0xffc31bb8,TurnOnVideoOutMode_FW
0xffc31bf0,TurnOffVideoOutMode_FW
0xffc32ef0,task_ASIF
0xffc33640,task_Thermometer
0xffc33858,GetCCDTemperature
0xffc33858,GetCCDTemperature_FW
0xffc338cc,GetBatteryTemperature
0xffc338cc,GetBatteryTemperature_FW
0xffc33940,GetOpticalTemperature
0xffc33940,GetOpticalTemperature_FW
0xffc339ec,IsOpticalTemperature_FW
0xffc33a20,IsCCDTemperature_FW
0xffc33a54,IsBatteryTemperature_FW
0xffc33a98,j_GetOpticalTemperature_FW
0xffc33a9c,j_GetCCDTemperature_FW
0xffc33aa0,j_GetBatteryTemperature_FW
0xffc33aa4,j_IsOpticalTemperature_FW
0xffc33aa8,j_IsCCDTemperature_FW
0xffc33aac,j_IsBatteryTemperature_FW
0xffc33c70,DisplayFactoryMode_FW
0xffc33c7c,UndisplayFactoryMode_FW
0xffc33e74,ClearFactoryMode_FW
0xffc33eac,SetFactoryMode_FW
0xffc33ee4,ClearDUIDFixFlag_FW
0xffc33f90,SetDUIDFixFlag_FW
0xffc33fcc,IsFactoryMode_FW
0xffc33ffc,IsDUIDFixFlag_FW
0xffc3403c,StartFactoryModeController_FW
0xffc34fc8,EraseAdjustmentArea_FW
0xffc34fd4,DumpAdjMirror_FW
0xffc34ff8,GetAdjTableVersion_FW
0xffc3502c,GetAdjTableMapVersion_FW
0xffc3503c,GetAdjTableValueVersion_FW
0xffc35050,ShowDefaultAdjTableVersion_FW
0xffc3510c,LoadAdjustmentTable_FW
0xffc3511c,CreateAdjustmentTableMirror_FW
0xffc354c4,SaveAdjustmentTable_FW
0xffc354f8,SaveAdjustmentValue_FW
0xffc35530,LoadAdjustmentValue_FW
0xffc35554,PrintAdjTableMap_FW
0xffc35760,RefreshAdjustmentTableMirror_FW
0xffc35860,PrintAdjKabotanInfo_FW
0xffc358ec,WRITEADJTABLETOFROM_FW
0xffc35910,WRITEADJUSTMENTDATATOFROM_FW
0xffc39290,InitializeTestRec_FW
0xffc392f8,TerminateTestRec_FW
0xffc39560,ExecuteTestRec_FW
0xffc39574,ExecuteTestRecCF_FW
0xffc39574,ExecuteTestRecSD_FW
0xffc3958c,ExecuteTestRecWithInteg_FW
0xffc395a4,ExecuteTestRecSw1_FW
0xffc39828,CalculateTestRecYUVData_FW
0xffc39848,SetTestRecSkimmingYUV_FW
0xffc39888,Initializedccd_FW
0xffc39888,InitializeDigicon_FW
0xffc39934,Terminatedccd_FW
0xffc39934,TerminateDigicon_FW
0xffc39988,ExecuteDigicon_FW
0xffc3a010,Executedccd_FW
0xffc3a088,GetdccdImage_FW
0xffc3a11c,GetdccdFilterValue_FW
0xffc3c8c8,task_FsIoNotifyTask
0xffc3f674,UpdateMBROnFlash
0xffc3f81c,GetDrive_ClusterSize
0xffc3f848,GetDrive_TotalClusters
0xffc3f874,GetDrive_FreeClusters
0xffc4009c,task_SD1stInit
0xffc4268c,task_ImgPlayDrv
0xffc436a8,task_RedEyeCapt
0xffc43ccc,task_LensController
0xffc45100,IsLensOutside_FW
0xffc45124,GetFocusStartZoomPosition_FW
0xffc45164,GetLensErrorStatus_FW
0xffc4554c,task_ISMainTask
0xffc45890,ISInitMotion_FW
0xffc45d9c,StartBDrive_FW
0xffc45d9c,StartISAdjustmentDrive_FW
0xffc45d9c,StartISDrive_FW
0xffc45da4,StopBDrive_FW
0xffc45da4,StopISAdjustmentDrive_FW
0xffc45da4,StopISDrive_FW
0xffc45dac,StartBPanDrive_FW
0xffc45dac,StartISPanDrive_FW
0xffc45db4,StopBPanDrive_FW
0xffc45db4,StopISPanDrive_FW
0xffc45dc8,StartISLocalAutoCenter_FW
0xffc45e08,StartISLocalHallAdjust_FW
0xffc45e74,SearchBCentralPosition_FW
0xffc45e74,SearchISLensCentralPosition_FW
0xffc45ed4,MoveISLensToCentralPosition_FW
0xffc45f18,ChangeToISCloseControl_FW
0xffc45f80,GetISHallDevicePitchOffset_FW
0xffc45f88,GetISHallDeviceYawOffset_FW
0xffc45f90,GetISHallDevicePitchGain_FW
0xffc45f98,GetISHallDeviceYawGain_FW
0xffc45fa0,GetISGyroPitchGain_FW
0xffc45fa8,GetISGyroYawGain_FW
0xffc45fb0,GetISPitchPWM_FW
0xffc4603c,GetISYawPWM_FW
0xffc46044,GetISShiftLensPitchPosition_FW
0xffc4604c,GetISShiftLensYawPosition_FW
0xffc46054,GetGyroDataPitch_FW
0xffc46054,GetISGyroDataPitch_FW
0xffc4605c,GetGyroDataYaw_FW
0xffc4605c,GetISGyroDataYaw_FW
0xffc4607c,GetGyro10BitDACPitch_FW
0xffc4607c,GetISGyro10BitDACPitch_FW
0xffc46084,GetGyro10BitDACYaw_FW
0xffc46084,GetISGyro10BitDACYaw_FW
0xffc460ac,GetGyroHPFINOffsetPitch_FW
0xffc460ac,GetISGyroHPFINOffsetPitch_FW
0xffc460c4,GetGyroHPFINOffsetYaw_FW
0xffc460c4,GetISGyroHPFINOffsetYaw_FW
0xffc460dc,GetGyroHPFINPitch_FW
0xffc460dc,GetISGyroHPFINPitch_FW
0xffc46138,GetGyroHPFINYaw_FW
0xffc46138,GetISGyroHPFINYaw_FW
0xffc461a8,ClearISCalcZData_FW
0xffc463a0,CancelLoopGainCalc_FW
0xffc46af0,GetISLensDampAaxis_FW
0xffc46af8,GetISLensDampBaxis_FW
0xffc47764,PT_PlaySound
0xffc478cc,PT_CompletePreCapt_FW
0xffc478d4,PT_RecreviewAvailable_FW
0xffc478dc,PT_NextShootAvailable_FW
0xffc478e4,PT_CompleteStopZoom_FW
0xffc478ec,PT_CompleteStopDigZoom_FW
0xffc478f4,PT_CompleteStoreLens_FW
0xffc478fc,PT_MovieRecordStopped_FW
0xffc47904,PT_CompleteCaptModeChange_FW
0xffc4790c,PT_CompleteSynchroWrite_FW
0xffc47914,PT_CompleteCharge_FW
0xffc4791c,PT_CompleteFileWrite_FW
0xffc47924,PT_ShootPicture_FW
0xffc4792c,PT_EraseAllFile_FW
0xffc47954,PT_mod_FW
0xffc4797c,PT_GetSystemTime_FW
0xffc47990,PT_SetPropertyCaseInt_FW
0xffc479bc,PT_GetPropertyCaseInt_FW
0xffc47a34,PT_GetLocalDateAndTimeString_FW
0xffc47a78,PT_PlaySound_FW
0xffc47a94,PT_LCD_BkColorDef_FW
0xffc47b04,PT_MoveOpticalZoomToTele_FW
0xffc47b18,PT_MoveOpticalZoomToWide_FW
0xffc47b2c,PT_MoveOpticalZoomAt
0xffc47b2c,PT_MoveOpticalZoomAt_FW
0xffc47b44,PT_MoveDigitalZoomToTele_FW
0xffc47b54,PT_MoveDigitalZoomToWide
0xffc47b54,PT_MoveDigitalZoomToWide_FW
0xffc47b64,PT_MoveDigitalZoomAt_FW
0xffc47b78,PT_ChangeZoomSpeed_FW
0xffc47b8c,PT_DoAFLock_FW
0xffc47b9c,PT_UnlockAF_FW
0xffc47bac,PT_DoAELock_FW
0xffc47bbc,PT_UnlockAE_FW
0xffc47bcc,PT_MFOn_FW
0xffc47bdc,PT_MFOff_FW
0xffc47bec,NR_SetDoubleNRType_FW
0xffc47bf4,SS.Create_FW
0xffc49fe0,task_CaptSeq
0xffc49fe0,task_CaptSeqTask
0xffc4faa4,task_SsTask
0xffc521f0,CreateEventFlag
0xffc52248,DeleteEventFlag
0xffc52298,CheckAnyEventFlag
0xffc522e0,CheckAllEventFlag
0xffc52328,WaitForAnyEventFlag
0xffc5240c,WaitForAllEventFlag
0xffc524cc,SetEventFlag
0xffc52500,ClearEventFlag
0xffc52538,GetEventFlagValue
0xffc526bc,CreateRecursiveLock
0xffc5270c,DeleteRecursiveLock
0xffc5275c,AcquireRecursiveLock
0xffc5287c,ReleaseRecursiveLock
0xffc53940,UnLoadScript_FW
0xffc53a30,Printf_FW
0xffc53a3c,LoadScript_FW
0xffc54120,time
0xffc5426c,LocalTime
0xffc54794,GetTimeOfSystem_FW
0xffc5486c,ExMem.View_FW
0xffc54d50,ExMem.AllocUncacheable_FW
0xffc54e8c,ExMem.FreeUncacheable_FW
0xffc54ea0,exmem_alloc
0xffc54f08,ExMem.AllocCacheable_FW
0xffc54f18,exmem_free
0xffc54f90,ExMem.FreeCacheable_FW
0xffc55b88,SetHPTimerAfterNow
0xffc55c08,SetHPTimerAfterTimeout
0xffc55c90,CancelHPTimer
0xffc5647c,RegisterEventProcedure
0xffc565a8,ExecuteEventProcedure
0xffc56620,ExecuteEventProcedure_FW
0xffc56fe0,ExportToEventProcedure_FW
0xffc56fec,CreateProxyOfEventProcedure_FW
0xffc57044,DeleteProxyOfEventProcedure_FW
0xffc5725c,PutsCameraLogEvent_FW
0xffc572a0,ShowCameraLogInfo_FW
0xffc5730c,ShowCameraLog_FW
0xffc5735c,StartCameraLog_FW
0xffc57520,StopCameraLog_FW
0xffc57580,LogCameraEvent
0xffc579f0,task_OpePlay
0xffc57b60,OpLog.Show_FW
0xffc57c00,OpLog.Stop_FW
0xffc57c2c,OpLog.WriteToROM_FW
0xffc57c5c,j_OpLog.WriteToROM_FW
0xffc57c8c,OpLog.ReadFromROM_FW
0xffc57d2c,OpLog.ReadFromSD_FW
0xffc58124,OpLog.WriteToSD_FW
0xffc58590,OpLog.Get_FW
0xffc585b0,OpLog.Play_FW
0xffc5871c,OpLog.Start_FW
0xffc58e60,task_WdtPrint
0xffc58f14,task_WdtReset
0xffc58fd4,StartWDT_FW
0xffc59038,StopWDT_FW
0xffc59128,GetBuildDate_FW
0xffc59130,GetBuildTime_FW
0xffc59138,GetFirmwareVersion_FW
0xffc59244,CheckSumAll_FW
0xffc5943c,RomCheckSum_FW
0xffc59ce0,task_EvShel
0xffc59d94,NewTaskShell
0xffc59df4,NewTaskShell_FW
0xffc5a1e4,SetPropertyCase
0xffc5a2e8,GetPropertyCase
0xffc5ad74,StartPlayModeMenu_FW
0xffc5adf4,StartRecModeMenu
0xffc5adf4,StartRecModeMenu_FW
0xffc5ae7c,ShutdownRecModeMenu_FW
0xffc5af48,ShutdownPlayModeMenu_FW
0xffc5b03c,ShutdownPlayModeMenuWithoutPbRedraw_FW
0xffc5c2e0,task_CtrlSrv
0xffc5ca60,CreateController_FW
0xffc5cb1c,DeleteController_FW
0xffc5cca0,MoveControllerToTopOfZOrder_FW
0xffc5cdd0,GetSelfControllerHandle_FW
0xffc5d1f8,PostLogicalEventForNotPowerType
0xffc5d1f8,PostLogicalEventForNotPowerType_FW
0xffc5d244,PostLogicalEventToUI
0xffc5d244,PostLogicalEventToUI_FW
0xffc5d2bc,PostEventShootSeqToUI_FW
0xffc5d318,ShowLogicalEventName_FW
0xffc5d680,set_control_event
0xffc5d8dc,IsControlEventActive_FW
0xffc5d94c,SetLogicalEventActive
0xffc5d94c,UiEvnt_SetLogicalEventActive_FW
0xffc5d99c,SetScriptMode
0xffc5d99c,SetScriptMode_FW
0xffc5d9d0,UiEvnt_StartDisguiseCradleStatus_FW
0xffc5d9e0,UiEvnt_StopDisguiseCradleStatus_FW
0xffc5db24,UnlockMainPower
0xffc5db24,UnlockMainPower_FW
0xffc5dbd0,LockMainPower
0xffc5dbd0,LockMainPower_FW
0xffc5dc44,SetAutoShutdownTime
0xffc5dc44,SetAutoShutdownTime_FW
0xffc5de1c,HardwareDefectWithRestart_FW
0xffc5de6c,HardwareDefect_FW
0xffc5e080,PTM_AllResetToFactorySetting_FW
0xffc5e090,j_PTM_AllReset_FW
0xffc5e528,PTM_SetCurrentCaptureMode_FW
0xffc5e5f0,j_PTM_GetWorkingCaptureMode_FW
0xffc5e5f4,j_PTM_SetCurrentItem_FW
0xffc5e600,PTM_GetCurrentItem_FW
0xffc5e66c,j_PTM_NextItem_FW
0xffc5e670,j_PTM_PrevItem_FW
0xffc5e680,j_PTM_IsEnableItem_FW
0xffc5e684,j_PTM_SetProprietyEnable_FW
0xffc5e69c,j_PTM_BackupUIProperty_FW
0xffc5e6a0,PTM_RestoreUIProperty_FW
0xffc608a0,PB2Rec
0xffc608e0,Rec2PB
0xffc61374,task_InitFileModules
0xffc613ac,task_CommonDrivers
0xffc6421c,SetCurrentCaptureModeType
0xffc6421c,SetCurrentCaptureModeType_FW
0xffc64258,GetCurrentCaptureModeType_FW
0xffc6767c,UIFS_StartMovieRecord_FW
0xffc676b0,UIFS_StopMovieRecord_FW
0xffc680dc,task_FaceFrame
0xffc68448,task_DSITask
0xffc68a90,TurnOnBackLight
0xffc68aa8,TurnOffBackLight
0xffc6c7c0,StartGUISystem_FW
0xffc6ca40,atol_FW
0xffc6ca4c,strcat
0xffc6ca88,strncmp
0xffc6cad4,strchr
0xffc6cc38,memcpy
0xffc6cc38,memcpy_FW
0xffc6ceac,strftime
0xffc6d4a4,mktime_ext
0xffc6e090,GetCurrentShutterSpeed_FW
0xffc6e368,GetCurrentExposureTime_FW
0xffc71e34,task_WBIntegTask
0xffc78868,task_BrtMsrTask
0xffc7b748,ExpCtrlTool.SetExpMode_FW
0xffc7ee88,task_ExpDrv
0xffc7ee88,task_ExpDrvTask
0xffc81ed4,task_WBCtrl
0xffc82d74,task_OBCtrlTask
0xffc83970,task_DetectMoveTask
0xffc84838,EnableLog_FW
0xffc85370,task_ChaceFace
0xffc85ca8,task_DispFace
0xffc879cc,task_DevelopModule
0xffc87ec0,task_EFChargeT
0xffc88190,EF.IsChargeFull_FW
0xffc88190,IsStrobeChargeCompleted
0xffc89b14,task_AfIntSrvTask
0xffc8a988,task_AFTask
0xffc8e400,ReloadCdsAdjustment_FW
0xffc8e94c,E2LatOn_FW
0xffc8f900,task_SsgMainTask
0xffc8fb28,task_SsgPeriodTask
0xffc92f18,task_TgTask
0xffc96574,LiveImageTool.GetDzoomPosition_FW
0xffc966a8,GetVRAMHPixelsSize
0xffc966a8,GetVRAMHPixelsSize_FW
0xffc966b4,GetVRAMVPixelsSize
0xffc966b4,GetVRAMVPixelsSize_FW
0xffc966c0,GetMovieJpegVRAMHPixelsSize_FW
0xffc966cc,GetMovieJpegVRAMVPixelsSize_FW
0xffc96774,StopContinuousVRAMData_FW
0xffc96ba8,task_PrcssFil
0xffc9754c,task_SyncPeriod
0xffc975d4,task_SynchTask
0xffc9975c,task_TimerUtility
0xffca2640,task_NormalThumbCache
0xffca65c0,task_TrnsCtrlTask
0xffcae340,LcdCon_SetLcdDriver_FW
0xffcae394,LcdCon_SetLcdAdjParameter_FW
0xffcae434,LcdCon_GetLcdAdjParameter_FW
0xffcae47c,LcdCon_ShowLcdAdjParameter_FW
0xffcae4bc,LcdCon_SaveLcdAdjParameter_FW
0xffcae4d8,LcdCon_SetLcdParameter_FW
0xffcae644,LcdCon_GetLcdParameter_FW
0xffcae68c,LcdCon_ShowLcdParameter_FW
0xffcae6cc,LcdCon_SaveLcdParameter_FW
0xffcae790,LcdCon_SetLcdBackLightBrightness_FW
0xffcae7c0,LcdCon_SetLcdBackLightParameter_FW
0xffcae818,LcdCon_GetLcdBackLightParameter_FW
0xffcae85c,LcdCon_ShowLcdBackLightParameter_FW
0xffcae89c,LcdCon_SaveLcdBackLightParameter_FW
0xffcaeda4,EngApp.Delete_FW
0xffcaedd0,EngApp.Create_FW
0xffcb0e4c,task_MotionVector
0xffcb1c24,task_SceneDetectTask
0xffcb1f44,Scene.ForbidContiSceneDetect_FW
0xffcb1f70,Scene.FakeBv_FW
0xffcc5780,task_Fencing
0xffcc6d68,PrintAllAEIntegData_FW
0xffcc7600,AbortAEIntegralValue_FW
0xffcc7654,SetAEIntegStrobeProperty_FW
0xffcc76b8,SetAEIntegralValueProperty_FW
0xffcc7834,GetAEIntegWinData_FW
0xffcc7978,j_GetAEIntegWinData_FW
0xffcc797c,GetAEIntegWinDataWithMode_FW
0xffcc7af0,GetAEIntegralValueWithFix_FW
0xffcc7c14,GetAllAEIntegralAllValueWithFix_FW
0xffcc7ce8,GetOnlyAEIntegData_FW
0xffcc7d5c,SetWhiteCoefficient_FW
0xffcc7dd4,SetAEIntegWindowsMode_FW
0xffcc7e28,SetAEIntegValueBit_FW
0xffcc7e44,GetAEIntegValueBit_FW
0xffcc7e50,GetAEIntegralServiceMode_FW
0xffcc7e5c,StopAEIntegralService_FW
0xffcc8100,StartAEIntegralService_FW
0xffcc813c,SetLineDefMarkThroughMode_FW
0xffcc8174,SetAEIntegAverageOBData_FW
0xffcc817c,SetAdjAEIntegSmearLimitter_FW
0xffcc818c,SetDefaultAEIntegSmearLimitter_FW
0xffcc819c,AttachIntegCrawData_FW
0xffcc8618,LoadParamDataFromAdjTableBin_FW
0xffcc871c,LoadDataFromAdjTableBin_FW
0xffcc8818,DeviceUniqueIDCheckSum_FW
0xffcc8a6c,PrintFirmVersion_FW
0xffcc8aa0,PrintFaexeVersioin_FW
0xffcc8ab0,CreateFADBGSingalID_FW
0xffcc8ac0,FADBGSingal_FW
0xffcc8b60,FADBGPrintf_FW
0xffcc8ce0,FAPrintf_FW
0xffcc8d30,OutputLogToFile_FW
0xffcc8e3c,StopLogOut_FW
0xffcc9160,GetLogData_FW
0xffcc9168,GetLogDataOnlyAddMemory_FW
0xffcc9170,ActivateAdjLog_FW
0xffcc9184,InactivateAdjLog_FW
0xffcc9198,StartLogOut_FW
0xffcc91b0,IsLogOutType_FW
0xffcc91bc,GetCurrentMaximumLogSize_FW
0xffccae2c,SetDefaultRecParameter_FW
0xffccb198,SetSensitiveDefectRecParameter_FW
0xffccb1a8,SetSensitiveRecParameter_FW
0xffccb1b4,SetDefectRecParameter_FW
0xffccb1bc,ChangeDefectRecParameter_FW
0xffccb1d4,ChangeDefectRecExpTv_FW
0xffccb200,ChangeDefectRecExpGain_FW
0xffccb268,ChangeDefectRecPeakHoldSetting_FW
0xffccb29c,ChangeDefectRecMontblancSize_FW
0xffccb69c,EnableDebugLogMode_FW
0xffccb6b0,DisableDebugLogMode_FW
0xffcd2d6c,task_FolderCreateCheckTask
0xffcd5998,task_DPOFTask
0xffce4300,WriteSDCard
0xffce89c4,task_ImgTrim
0xffcea4b0,task_RedEyePly
0xffcef128,EnableCzDebugLog_FW
0xffcef140,DisableCzDebugLog_FW
0xffcef154,CzDebugPrint_FW
0xffcf0098,GetFocusLensPullInMaxSpeed_FW
0xffcf0434,GetCurrentTargetDistance_FW
0xffcf0434,GetFocusLensSubjectDistance
0xffcf056c,GetCurrentFocusLensPosition_FW
0xffcf056c,GetCurrentFocusPosition_FW
0xffcf0810,GetFocusLensSubjectDistanceFromLens
0xffcf0868,IsFocusLensOutSidePosition_FW
0xffcf088c,GetFocusResetPosition_FW
0xffcf08f8,GetFocusDefaultResetPosition_FW
0xffcf0964,ReloadFocusLensAdjustment_FW
0xffcf1384,GetCurrentAvValue
0xffcf1384,GetCurrentAvValue_FW
0xffcf1384,GetIrisAv_FW
0xffcf157c,ReloadIrisAdjustment_FW
0xffcf1b5c,GetZoomPiSensorLevel_FW
0xffcf1ba4,GetFocusPiSensorLevel_FW
0xffcf27cc,GetMechaShutterStatus_FW
0xffcf2908,ReloadNdFilterAdjustment_FW
0xffcf4aac,GetCurrentZoomLensPosition_FW
0xffcf4aac,GetCurrentZoomPosition_FW
0xffcf4aac,GetZoomLensCurrentPosition_FW
0xffcf4ad4,GetCurrentZoomLensPoint_FW
0xffcf4ad4,GetCurrentZoomPoint_FW
0xffcf4ad4,GetZoomLensCurrentPoint
0xffcf4ad4,GetZoomLensCurrentPoint_FW
0xffcf4ebc,GetZoomLensTelePoint_FW
0xffcf4ebc,GetZoomTelePoint_FW
0xffcf51f0,IsZoomLensOutSidePosition_FW
0xffcf5260,ReloadZoomAdjustment_FW
0xffcf546c,GetZoomLensMechaEdgePosition_FW
0xffcf5470,GetZoomDrivingTime_FW
0xffcf58f8,task_ISComTask
0xffcf82b4,task_MovieRecord
0xffcf85d4,MechaUnRegisterEventProcedure_FW
0xffcf8614,Mecha.Create_FW
0xffcf866c,MechaReset_FW
0xffcf8678,MechaTerminate_FW
0xffcf8684,ShowMechaMacro_FW
0xffcf877c,DispDev_EnableEventProc_FW
0xffcf87bc,SetSDPwrPort_FW
0xffcf87e8,j_GetAdVBattBottom_FW
0xffcf87ec,j_GetAdChValue_FW
0xffcf87f0,j_BeepDrive_FW
0xffcf87f4,j_BeepDriveComp_FW
0xffcf87f8,j_VbattGet_FW
0xffcf87fc,j_LEDDrive_FW
0xffcf8800,ShowPhySwStatus_FW
0xffcf8810,SetRawSWCheckMode_FW
0xffcf8820,OnPrintPhySw_FW
0xffcf8830,OffPrintPhySw_FW
0xffcf8840,j_GetSwitchStatus_FW
0xffcf8844,ShowSDStatus_FW
0xffcf8854,j_GetSDDetect_FW
0xffcf8858,j_GetSDProtect_FW
0xffcf885c,SetIgnoreAVJACK_FW
0xffcf886c,j_GetDialEventId_FW
0xffcf8870,j_GetBatteryCoverClose_FW
0xffcf8874,Driver.Create_FW
0xffcf8874,Driver_EnableEventProc_FW
0xffcf8ac4,j_Printf_FW
0xffcf8ac8,j_MonSelEvent_FW
0xffcf8acc,j_MemoryChecker_FW
0xffcf8ad0,j_VerifyByte_FW
0xffcf8ad4,EraseSignature_FW
0xffcf8ae4,j_SDump_FW
0xffcf8ae8,Dump_FW
0xffcf8af8,Dump32_FW
0xffcf8b0c,Poke32_FW
0xffcf8b1c,Poke16_FW
0xffcf8b2c,Poke8_FW
0xffcf8b3c,j_Peek32_FW
0xffcf8b40,j_Peek16_FW
0xffcf8b44,j_Peek8_FW
0xffcf8b48,Wait_FW
0xffcf8b58,j_exec_FW
0xffcf8b5c,ShowAllTaskInfo_FW
0xffcf8b6c,System.Delete_FW
0xffcf91fc,System.Create_FW
0xffcf91fc,SystemEventInit_FW
0xffcf9444,UI_ShowStateOfRecMode_FW
0xffcf9550,UIFS_SetDialStillRec_FW
0xffcf9570,UIFS_SetCaptureModeToP_FW
0xffcf95d8,UIFS_SetDialMovieRec_FW
0xffcf9600,UIFS_SetDialPlay_FW
0xffcf9620,UIFS_IsAvailableISO3200_FW
0xffcf9628,UIFS_IsCurrentCaptureModeISO3200_FW
0xffcf9644,UIFS_SetCaptureModeToISO3200_FW
0xffcf9694,UIFS_OpenPopupStrobe_FW
0xffcf96c4,UIFS_ClosePopupStrobe_FW
0xffcf96f4,UIFS_MountExtFlash_FW
0xffcf9724,UIFS_UnmountExtFlash_FW
0xffcf9754,UIFS_PressTeleButton_FW
0xffcf9790,UIFS_UnpressTeleButton_FW
0xffcf97c8,UIFS_PressWideButton_FW
0xffcf9804,UIFS_UnpressWideButton_FW
0xffcf983c,UIFS_ConnectVideo_FW
0xffcf986c,UIFS_DisconnectVideo_FW
0xffcf989c,UIFS_ConnectHDMI_FW
0xffcf98a0,UIFS_DisconnectHDMI_FW
0xffcf98a4,j_UIFS_MoveZoomTo_FW
0xffcf98a8,UIFS_StopPostingUIEvent_FW
0xffcf98ac,UIFS_RestartPostingUIEvent_FW
0xffcf98b0,UIFS_SetCaptureModeToTv_FW
0xffcf98e4,UIFS_SetCaptureModeToM_FW
0xffcf9918,UIFS_SetCaptureModeToMacro_FW
0xffcf9920,UIFS_PostModeDial_FW
0xffcf9948,j_UIFS_Capture_FW
0xffcf994c,j_UIFS_CaptureNoneStop_FW
0xffcf9950,j_UIFS_StartMovieRecord_FW
0xffcf9954,j_UIFS_StopMovieRecord_FW
0xffcf9958,StartClockMode_FW
0xffcf9958,UIFS_StartClockMode_FW
0xffcf9960,EndClockMode_FW
0xffcf9960,UIFS_EndClockMode_FW
0xffcf9968,UIFS_SetCradleSetting_FW
0xffcf996c,j_UIFS_WriteFirmInfoToFile_FW
0xffcf9970,UIFS_GetMovieRecoadableNumber_FW
0xffcf99b8,UIFS_GetStillShotableNumber_FW
0xffcf99ec,UIFS_ChangeShootState_FW
0xffcf9a10,UIFS_ShootSeqToUI_FW
0xffcfa47c,UI.Create_FW
0xffcfa47c,UI_RegistDebugEventProc_FW
0xffcfa580,InitializeAdjustmentSystem_FW
0xffcfa5b8,TerminateAdjustmentSystem_FW
0xffcfa5f0,InitializeAdjustmentFunction_FW
0xffcfa618,FA.Delete_FW
0xffcfa62c,FA.Create_FW
0xffcfa650,DispDev.Create_FW
0xffcfa6c0,Capture.Create_FW
0xffcfa700,EngineDriver.Create_FW
0xffcfc048,task_ShutterSoundTask
0xffcfd1c4,task_DvlpSeqTask
0xffcfd734,NR_SetDarkSubType
0xffcfd734,NR_SetDarkSubType_FW
0xffcfd7a8,NR_SetDefectCorrectType_FW
0xffcfd7d4,NR_GetDarkSubType
0xffcfd7d4,NR_GetDarkSubType_FW
0xffcfd814,NR_SetTassenType_FW
0xffcfd844,NR_GetDefectCorrectType_FW
0xffcfd884,NR_SetLotasPonyType_FW
0xffcfe9e8,GetLogToFile_FW
0xffcfea10,EraseLogSector_FW
0xffcff0f4,WriteToRom_FW
0xffcff1a4,EraseSectorOfRom_FW
0xffd033ec,AdditionAgentRAM_FW
0xffd0d51c,UIFS_WriteFirmInfoToFile
0xffd0d51c,UIFS_WriteFirmInfoToFile_FW
0xffd0f0b4,ShowLanguageNameList_FW
0xffd0f0e0,SaveLanguageNameList_FW
0xffd0f0e4,RegisterLanguageName_FW
0xffd0f1a4,DeleteLanguageMenu_FW
0xffd0f5dc,CreateLanguageMenu_FW
0xffd10f90,FmtMenu_ExecuteQuickFormat_FW
0xffd1b23c,PTM_AllReset_FW
0xffd1b5a0,PTM_GetWorkingCaptureMode_FW
0xffd1b5b8,PTM_SetCurrentItem_FW
0xffd1b950,PTM_NextItem_FW
0xffd1b958,PTM_PrevItem_FW
0xffd1bc54,PTM_SetProprietyEnable_FW
0xffd1be9c,PTM_IsEnableItem_FW
0xffd1bf68,PTM_BackupUIProperty_FW
0xffd1bf68,SetParameterData
0xffd1bff8,GetParameterData
0xffd1c354,ExecuteResetFactoryWithRomWrite_FW
0xffd20f98,UIFS_Capture_FW
0xffd2106c,UIFS_CaptureNoneStop_FW
0xffd21b70,UnsetZoomForMovie
0xffd22110,UIFS_MoveZoomTo_FW
0xffd64c80,RefreshPhysicalScreen
0xffd64ff8,strrchr
0xffd65020,memset
0xffd65020,memset_FW
0xffd6509c,sscanf_FW
0xffd65d38,apex2us
0xffd6a0b8,task_DetectVerticalWound
0xffd72ba4,task_ExpDrvSubTask
0xffd835fc,task_WBLPFace
0xffd8387c,wblpface.init_FW
0xffd8388c,wblpface.term_FW
0xffd8389c,wblpface.start_FW
0xffd838ac,wblpface.stop_FW
0xffd838bc,wblpface.clear_FW
0xffd851cc,ReloadWBAdjustment_FW
0xffd856f4,ChangeGradeTable_FW
0xffd857ec,PointDefDetect_FW
0xffd858a4,PointDefMergeConvert_FW
0xffd859d8,PointKizuCheck_FW
0xffd85a38,GetDefectCount_FW
0xffd85a58,GetTestRecCrwAddress_FW
0xffd85ff8,DevelopTool.DevelopTest_FW
0xffd8ac90,ReloadEfAdjustment_FW
0xffd8b5e0,task_CntFlashTask
0xffd8cb38,EF.StartEFCharge_FW
0xffd8cb88,EF.StopEFCharge_FW
0xffd8cb98,EF.SetEFChargeTimeOut_FW
0xffd8cbac,EF.StartInternalPreFlash_FW
0xffd8cbe8,EF.StartInternalMainFlash_FW
0xffd8cc70,EF.SetMainFlashTime_FW
0xffd8cc84,j_EF.IsChargeFull_FW
0xffd8cc88,EF.AdjPreFlash_FW
0xffd8cccc,EF.SetChargeMode_FW
0xffd8cce0,EF.SetFlashTime_FW
0xffd9a1dc,AFTool.GetEVal_FW
0xffd9f230,ActivateImager_FW
0xffd9f2bc,ActivateImagerXOne_FW
0xffd9f38c,QuietImager_FW
0xffd9f414,CancelImager_FW
0xffd9f438,ChangeImagerToWholeParallel_FW
0xffd9f454,ChangeImagerToWholeParallelBP_FW
0xffd9f470,ChangeImagerToWholeParallelBPOne_FW
0xffd9f48c,ChangeImagerToCombiParallel_FW
0xffd9f4a8,ChangeImagerToWideDraft_FW
0xffd9f4b0,ChangeImagerToFocusJet_FW
0xffd9f4b8,ChangeImagerToMangoPudding_FW
0xffd9f4c0,ChangeImagerToSuperWideDraft_FW
0xffd9f4c8,ChangeImagerToJetDraft_FW
0xffd9f4d0,ChangeImagerToJumboDraft_FW
0xffd9f4d8,ChangeImagerToHoneyFlash_FW
0xffd9f4e0,ChangeImagerToMillefeAdjust_FW
0xffd9f4e8,ChangeImagerToDigiconMode_FW
0xffd9f4e8,ChangeImagerToOITA_XAVIER_FW
0xffd9f4f0,ChangeImagerToAlternateDraft_FW
0xffd9f4f8,ChangeImagerToUltraGhostQ_FW
0xffd9f500,ChangeImagerToMontblancWhole_FW
0xffd9f508,ChangeImagerToMontblancMillefe_FW
0xffd9f510,ChangeImagerToFastBP_FW
0xffd9f518,ChangeImagerToHarleyDavidson_FW
0xffd9f520,j_E2LatOn_FW
0xffda3918,LiveImageTool.StartEVF_FW
0xffda3994,LiveImageTool.StartEVFFocusJet_FW
0xffda3a10,LiveImageTool.StartEVFMF_FW
0xffda3aa4,LiveImageTool.StartEVFMovVGA_FW
0xffda3b84,LiveImageTool.StartEVFMovQVGA60_FW
0xffda3c40,LiveImageTool.StartEVFMovQVGA_FW
0xffda3cfc,LiveImageTool.StartEVFMovQQVGA_FW
0xffda3db8,LiveImageTool.StartEVFMovXGA_FW
0xffda3e70,LiveImageTool.StartEVFMovHD_FW
0xffda3f28,LiveImageTool.StopEVF_FW
0xffda3f38,LiveImageTool.StartMjpegMaking_FW
0xffda3f58,LiveImageTool.StopMjpegMaking_FW
0xffda3f68,LiveImageTool.DzoomTele_FW
0xffda3f88,LiveImageTool.DzoomWide_FW
0xffda3fa8,LiveImageTool.StopDzoom_FW
0xffda3fb8,LiveImageTool.Pause_FW
0xffda3fc8,LiveImageTool.Resume_FW
0xffda3fd8,LiveImageTool.ChangeDzoom_FW
0xffda4048,j_LiveImageTool.GetDzoomPosition_FW
0xffda404c,LiveImageTool.Jump_FW
0xffda629c,ReloadColorAdjustment_FW
0xffda9690,task_PTPtoFAPI_EventProcTask
0xffdaa120,add_ptp_handler
0xffdb928c,EngDrvOut_FW
0xffdb92a8,EngDrvIn_FW
0xffdb92b0,EngDrvRead_FW
0xffdb92b8,EngDrvBits_FW
0xffdb92dc,EngDrvReadDump_FW
0xffdc1328,GetCurrentAdjImgDriveType_FW
0xffdc1334,GetCurrentImgDrvMode_FW
0xffdc1354,ConvertAEIntegDrvTypeToAdjImgDriveType_FW
0xffdc13a0,ConvertAdjImgDrvModeToAdjImgDriveType_FW
0xffdc1404,ChangeAdjImgDrvMode_FW
0xffdc1430,ChangeAEIntegDrvTypeToAdjImgDriveType_FW
0xffdc147c,GetCurrentCcdTemp_FW
0xffdc1498,GetCurrentOptTemp_FW
0xffdc1500,SetFaexeEventTableActivation_FW
0xffdc1928,ShowTransparentMemory_FW
0xffdc1948,DumpTransparentMemoryItem_FW
0xffdc1988,AddTransparentMemory_FW
0xffdc19c0,AttachToTransparentMemory_FW
0xffdc19f8,RemoveTransparentMemory_FW
0xffdc1a18,GetTransparentMemorySize_FW
0xffdc1a2c,GetTransparentMemory_FW
0xffdc1a70,GetTransparentMemoryPosition_FW
0xffdc1ad0,FreeBufferForSoundRec_FW
0xffdc1b4c,StartSoundRecord_FW
0xffdc1b84,StartSoundPlay_FW
0xffdc1bcc,InitializeSoundRec_FW
0xffdc1c00,TerminateSoundRec_FW
0xffdd26d8,task_FileScheduleTask
0xffdd34d8,task_FileWrite
0xffdd34d8,task_FileWriteTask
0xffdd49e4,task_ReadScheduleTask
0xffdd7378,task_FORMAT_TASK_PROGRESS
0xffdd747c,task_FORMAT_TASK_NAME
0xffdd7904,OpenFastDir
0xffdd7998,ReadFastDir
0xffdd7a68,closedir
0xffddb47c,reboot_fw_update
0xffddc5a4,task_ImgDLight
0xffdddd3c,task_FocusEvent
0xffddffb4,GetFocusLensResetPosition_FW
0xffddffc4,GetFocusLensResetDefaultPosition_FW
0xffde07b4,GetFocusLensCurrentPosition_FW
0xffde0c68,GetFocusLensDriveVoltage_FW
0xffde0ce4,GetFocusLensSettingWaitVoltage_FW
0xffde0d30,GetFocusLensHoldVoltage_FW
0xffde1154,SetFocusResetState_FW
0xffde2380,task_MechaShutter
0xffde2d10,task_Nd
0xffde3a68,task_ZoomEvent
0xffde4220,IsZoomActuatorResetSensorPlusSide_FW
0xffde47a0,MoveZoomActuator_FW
0xffde47e0,SetZoomActuatorSpeedPPS_FW
0xffde47fc,GetZoomActuatorSpeedPPS_FW
0xffde4808,j_GetZoomActuatorCurrentPosition_FW
0xffde480c,j_IsZoomActuatorResetSensorPlusSide_FW
0xffde4820,GetZoomActuatorCurrentPosition_FW
0xffde5634,GetZoomLensCurrentPosition
0xffde6b0c,GetZoomResetSensorLevel_FW
0xffde6b24,ClearZoomDriveParam_FW
0xffde6e0c,SetZoomResetState_FW
0xffde7e90,task_AviWrite
0xffde9be8,MoveCZToPoint_FW
0xffde9c20,MoveCZToWide_FW
0xffde9c50,MoveCZToTele_FW
0xffde9c80,MoveCZToPointByOVF_FW
0xffde9d88,ResetFocusLens
0xffde9d88,ResetFocusLens_FW
0xffde9de4,EscapeFocusLens_FW
0xffde9e5c,MoveFocusLensToTerminate_FW
0xffde9eb8,MoveFocusLensWithDistance_FW
0xffde9fc4,MoveFocusLensWithPosition_FW
0xffdea0d8,MoveFocusLensWithPositionWithoutBacklash_FW
0xffdea1ec,MoveFocusActuator_FW
0xffdea2f8,SetFocusLensSpeed_FW
0xffdea378,SetFocusLensSpeedTable_FW
0xffdea430,SetFocusLensDefaultPullOutTable_FW
0xffdea444,SetFocusLensCondition_FW
0xffdea570,ShowFocusLensCurrentSpeedTable_FW
0xffdea5e4,SetFocusLensMaxSpeedLimit_FW
0xffdea5f4,CancelFocusLensMaxSpeedLimit_FW
0xffdea604,EnableFocusLens_FW
0xffdea650,DisableFocusLens_FW
0xffdea69c,EnableFocusLensGainLockWithVoltage_FW
0xffdea6d0,DisableFocusLensGainLock_FW
0xffdea6e0,EnableFocusLensWaveLock_FW
0xffdea6fc,DisableFocusLensWaveLock_FW
0xffdea70c,j_GetFocusLensCurrentPosition_FW
0xffdea710,j_GetFocusLensResetPosition_FW
0xffdea714,j_GetFocusLensResetDefaultPosition_FW
0xffdea718,GetFocusLensSubjectDistance_FW
0xffdea734,GetFocusLensSubjectDistanceNumber_FW
0xffdea73c,GetFocusLensPositionRatio_FW
0xffdea744,GetFocusLensLoadSubjectDistance_FW
0xffdea7a8,ChangeFocusDistanceToPosition_FW
0xffdea7b0,GetFocusLensLoadCamTable_FW
0xffdea7e0,j_GetFocusLensDriveVoltage_FW
0xffdea7e4,SetFocusLensDriveVoltage_FW
0xffdea81c,j_GetFocusLensSettingWaitVoltage_FW
0xffdea820,SetFocusLensSettingWaitVoltage_FW
0xffdea858,j_GetFocusLensHoldVoltage_FW
0xffdea85c,SetFocusLensHoldVoltage_FW
0xffdea894,j_GetFocusLensResetVoltage_FW
0xffdea898,GetFocusLensMoveMaxPosition_FW
0xffdea8b0,GetFocusLensMoveMinPosition_FW
0xffdea8c8,j_GetFocusLensPullInMaxSpeed_FW
0xffdea918,ResetIris_FW
0xffdea93c,MoveIrisToTerminatePosition_FW
0xffdea944,MoveIrisWithAv
0xffdea944,MoveIrisWithAv_FW
0xffdea96c,MoveIrisWithAvWithoutBacklash_FW
0xffdea994,j_GetIrisAv_FW
0xffdea9f0,MoveLensToFirstPoint_FW
0xffdeaa38,MoveLensToTerminatePoint_FW
0xffdeaa70,j_IsLensOutside_FW
0xffdeaa74,j_GetLensErrorStatus_FW
0xffdeaa78,j_GetFocusStartZoomPosition_FW
0xffdeaa98,EnableMechaCircuit_FW
0xffdeaaa8,DisableMechaCircuit_FW
0xffdeaab8,EnableFocusPiCircuit_FW
0xffdeaac8,DisableFocusPiCircuit_FW
0xffdeaad8,j_GetFocusPiSensorLevel_FW
0xffdeaadc,EnableZoomPiCircuit_FW
0xffdeaaec,DisableZoomPiCircuit_FW
0xffdeaafc,j_GetZoomPiSensorLevel_FW
0xffdeab00,EnableZoomEncoderCircuit_FW
0xffdeab10,DisableZoomEncoderCircuit_FW
0xffdeab20,SendMechaCircuitData_FW
0xffdeab44,ReceiveMechaCircuitDataAll_FW
0xffdeac3c,CloseMechaShutterWithTiming_FW
0xffdeacac,SetMechaShutterWaitTimeSetting_FW
0xffdeacc0,j_GetMechaShutterStatus_FW
0xffdead30,PutInNdFilter
0xffdead54,PutOutNdFilter
0xffdead78,SetNdDacSetting_FW
0xffdead9c,EnableZoomLensEncoderPowerControl_FW
0xffdeadac,DisableZoomLensEncoderPowerControl_FW
0xffdeae20,ResetZoomLens
0xffdeae20,ResetZoomLens_FW
0xffdeae4c,ResetZoomLensToFirst_FW
0xffdeae8c,ResetZoomLensToTermiante_FW
0xffdeaecc,MoveZoomLensWithPoint
0xffdeaecc,MoveZoomLensWithPoint_FW
0xffdeaf10,MoveZoomLensWithPosition_FW
0xffdeaf54,MoveZoomLensToTerminatePosition_FW
0xffdeaf94,MoveZoomLensToMechaEdge_FW
0xffdeaffc,SetZoomLensSpeedMode_FW
0xffdeb004,j_GetZoomLensCurrentPoint_FW
0xffdeb02c,j_GetZoomLensCurrentPosition_FW
0xffdeb030,j_GetZoomLensTelePoint_FW
0xffdeb034,j_GetZoomLensMechaEdgePosition_FW
0xffdeb038,ISAutoCenter_FW
0xffdeb048,StartISLocalAdjust_FW
0xffdeb058,j_StartISLocalHallAdjust_FW
0xffdeb05c,j_StartISLocalAutoCenter_FW
0xffdeb060,ISMoveToMechaEdgeOPEN_FW
0xffdeb074,ISChangeOPENtoCLOSE_FW
0xffdeb084,SetISDriveAaxis_FW
0xffdeb098,SetISDriveBaxis_FW
0xffdeb0ac,SetISHallOffsetAaxis_FW
0xffdeb0c0,SetISHallOffsetBaxis_FW
0xffdeb0d4,SetISHallGainAaxis_FW
0xffdeb0e8,SetISHallGainBaxis_FW
0xffdeb0fc,SetISGyroGainAaxis_FW
0xffdeb110,SetISGyroGainBaxis_FW
0xffdeb124,GetISDriveAaxis_FW
0xffdeb144,GetISDriveBaxis_FW
0xffdeb164,GetISPositionAaxis_FW
0xffdeb184,GetISPositionBaxis_FW
0xffdeb1a4,GetISHallOffsetAaxis_FW
0xffdeb1c4,GetISHallOffsetBaxis_FW
0xffdeb1e4,GetISHallGainAaxis_FW
0xffdeb204,GetISHallGainBaxis_FW
0xffdeb224,GetISGyroGainAaxis_FW
0xffdeb244,GetISGyroGainBaxis_FW
0xffdeb264,j_GetGyroDataPitch_FW
0xffdeb268,j_GetGyroDataYaw_FW
0xffdeb26c,SetGyro10BitDACPitch_FW
0xffdeb280,SetGyro10BitDACYaw_FW
0xffdeb294,j_GetGyro10BitDACPitch_FW
0xffdeb298,j_GetGyro10BitDACYaw_FW
0xffdeb29c,SetGyroHPFINOffsetPitch_FW
0xffdeb2b0,SetGyroHPFINOffsetYaw_FW
0xffdeb2c4,j_GetGyroHPFINOffsetPitch_FW
0xffdeb2c8,j_GetGyroHPFINOffsetYaw_FW
0xffdeb2cc,j_GetGyroHPFINPitch_FW
0xffdeb2d0,j_GetGyroHPFINYaw_FW
0xffdeb2d4,SetISTuningFlag_FW
0xffdeb2f0,SetGyroFilterChargeStart_FW
0xffdeb304,SetGyroFilterChargeStop_FW
0xffdeb408,GetGyroFilterCharge_FW
0xffdeb428,GetISFirmVersion_FW
0xffdeb450,GetISParamVersion_FW
0xffdeb478,SetZoomPosition_FW
0xffdeb48c,ISControlStart_FW
0xffdeb49c,ISControlStop_FW
0xffdeb4ac,ISPanModeStart_FW
0xffdeb4bc,ISPanModeStop_FW
0xffdeb4cc,SetISStillStatus_FW
0xffdeb4dc,SetISMovieStatus_FW
0xffdeb4ec,ChangeParallelMode_FW
0xffdeb500,SetLPFParallelBest_FW
0xffdeb51c,GetLPFParallelBest_FW
0xffdeb54c,SelectPositionSignal_FW
0xffdeb560,ClearISIComponent_FW
0xffdeb570,SetISHPFCutoff_FW
0xffdeb584,ClearISZData_FW
0xffdeb594,GetISHallOut1Amp_FW
0xffdeb5b8,ISMDStart_FW
0xffdeb5c8,ISMDStop_FW
0xffdeb5d8,SetISLPFAaxis_FW
0xffdeb5ec,SetISLPFBaxis_FW
0xffdeb698,StartLoopGainCalc_FW
0xffdeb6d4,GetLoopGainCalcData_FW
0xffdeb728,SetLoopGainAdjValue_FW
0xffdeb744,GetLoopGainAdjValue_FW
0xffdeb768,StopLoopGainCalc_FW
0xffdeb778,StartImStEventProc_FW
0xffdeb888,task_CreateHeaderTask
0xffded064,MemoryChecker_FW
0xffded0f4,VerifyByte_FW
0xffded640,SDump_FW
0xffded860,FreeMemory
0xffded860,FreeMemory_FW
0xffded868,AllocateMemory
0xffded868,AllocateMemory_FW
0xffded888,Peek32_FW
0xffded890,Peek16_FW
0xffded898,Peek8_FW
0xffded8c0,GetSystemTime
0xffded8c0,GetSystemTime_FW
0xffded8d4,exec_FW
0xffded948,MonSelEvent_FW
0xffdede1c,MakeBootDisk_FW
0xffdede30,MakeScriptDisk_FW
0xffe0a508,LCDMsg_Move_FW
0xffe0a548,LCDMsg_Delete_FW
0xffe0a834,LCDMsg_Create_FW
0xffe0a8e4,LCDMsg_SwDisp_FW
0xffe0a934,LCDMsg_SetNum_FW
0xffe0a944,LCDMsg_SetStr_FW
0xffe0aa0c,LCDMsg_ChangeColor_FW
0xffe1cbf8,qsort
0xffe32250,GetCdsGainValue_FW
0xffe32278,SetDeltaCDSGain_FW
0xffe322bc,j_ReloadCdsAdjustment_FW
0xffe322c0,GetObClampValue_FW
0xffe32304,SetObClamp_FW
0xffe32304,SetObClampValue_FW
0xffe3230c,SetCDSGain_FW
0xffe3230c,SetCdsGainValue_FW
0xffe32338,SetCdsPreGain_FW
0xffe32340,GetCdsPreGain_FW
0xffe32368,j_GetCdsPreGain_FW
0xffe32390,SetCdsPreGainReg_FW
0xffe32398,GetCdsPreGainReg_FW
0xffe323c0,j_GetCdsPreGainReg_FW
0xffe323e4,SetCDSGainStep_FW
0xffe323fc,SetAdjCdsMode_FW
0xffe32414,CancelAdjCdsMode_FW
0xffe324f8,IsAdjCdsMode_FW
0xffe32538,ConvertTvToExposureTime_FW
0xffe32558,j_GetCurrentExposureTime_FW
0xffe32560,j_GetCurrentShutterSpeed_FW
0xffe3258c,SetShutterSpeedWithMecha_FW
0xffe325dc,SetShutterSpeed_FW
0xffe32628,GetUserSetShutterSPeed_FW
0xffe32638,GetShutterSpeedRegularMaxLimit_FW
0xffe32650,GetShutterSpeedRegularMinLimit_FW
0xffe326e8,MoveIrisToAv_FW
0xffe32734,j_ReloadIrisAdjustment_FW
0xffe32738,j_GetCurrentAvValue_FW
0xffe327e8,MoveIrisFullOpen_FW
0xffe3281c,MoveIrisFullClose_FW
0xffe3288c,j_ReloadNdFilterAdjustment_FW
0xffe328a4,PutInNdFilter_FW
0xffe328dc,PutOutNdFilter_FW
0xffe32960,CloseMShutter_FW
0xffe32998,OpenMShutter_FW
0xffe332c0,CalculatePeakFromLeastSquareResult_FW
0xffe332fc,CalculateLog2ToApex_FW
0xffe33310,CalculatePow2FromApex_FW
0xffe3335c,CalcLog10_FW
0xffe33384,ConvertApexToApexStd_FW
0xffe333b4,ConvertApexStdToApex_FW
0xffe3344c,CalcSqrt_FW
0xffe33478,SetOneShotWBParam_FW
0xffe33478,SetOneTypeWBParam_FW
0xffe334f8,OneShotWhigeBalance_FW
0xffe334f8,OneTypeWhiteBalance_FW
0xffe3354c,SetWBYlStandardWidth_FW
0xffe3358c,SetReferenceWBGainForCalibration_FW
0xffe335b8,SetToolCorrectCoefficient_FW
0xffe33630,j_ReloadWBAdjustment_FW
0xffe33950,ConvertCxCyToWBGain_FW
0xffe33a58,GetZoomLensResetPlus_FW
0xffe33c18,j_GetCurrentZoomLensPosition_FW
0xffe33c18,j_GetCurrentZoomPosition_FW
0xffe33c1c,j_GetCurrentZoomLensPoint_FW
0xffe33c1c,j_GetCurrentZoomPoint_FW
0xffe33c20,GetCurrentZoomLensDirection_FW
0xffe33c3c,j_ReloadZoomAdjustment_FW
0xffe33d7c,j_GetZoomTelePoint_FW
0xffe33d80,j_GetZoomResetSensorLevel_FW
0xffe33dc0,j_GetZoomDrivingTime_FW
0xffe33e34,j_ClearZoomDriveParam_FW
0xffe33fac,j_IsZoomLensOutSidePosition_FW
0xffe33fb4,StopZoomEmergency_FW
0xffe33fc4,j_SetZoomResetState_FW
0xffe33fd4,ResetZoom_FW
0xffe34008,ResetZoomToFirst_FW
0xffe34008,ResetZoomToFirstPoint_FW
0xffe3403c,ResetZoomToTerminate_FW
0xffe3403c,ResetZoomToTerminatePoint_FW
0xffe34070,MoveZoomLensToPosition_FW
0xffe34070,MoveZoomPosition_FW
0xffe340ac,MoveZoomLensToPoint_FW
0xffe340ac,MoveZoomPoint_FW
0xffe340e8,ResetZoomToAdjFirstPoint_FW
0xffe3412c,ResetZoomToAdjTerminatePoint_FW
0xffe34170,SetZoomLensEncoderPowerControl_FW
0xffe342d0,GetZoomDefaultDriveParam_FW
0xffe342e8,SetZoomDriveParam_FW
0xffe3431c,GetZoomResetDriveParam_FW
0xffe34334,SetZoomResetDriveParam_FW
0xffe34368,GetZoomNormalDriveParam_FW
0xffe34380,SetZoomNormalDriveParam_FW
0xffe343b4,GetZoomDefaultCommonDriveParam_FW
0xffe343dc,SetZoomCommonDriveParam_FW
0xffe34464,ClearZoomCommonDriveParam_FW
0xffe345f8,MoveZoomLensToMechaEnd_FW
0xffe34698,MoveZoomLensToPositionByManual_FW
0xffe34820,ConvertToPositionWithDistanceAndZoomPoint_FW
0xffe34830,j_ReloadFocusLensAdjustment_FW
0xffe34834,j_GetFocusDefaultResetPosition_FW
0xffe34838,j_GetFocusResetPosition_FW
0xffe3483c,j_GetCurrentTargetDistance_FW
0xffe34878,j_GetCurrentFocusLensPosition_FW
0xffe34878,j_GetCurrentFocusPosition_FW
0xffe348a8,MoveFocusLensToTerminatePosition_FW
0xffe348a8,MoveFocusToTerminate_FW
0xffe3498c,MoveFocusLensToPositionWithMaxSpeed_FW
0xffe349d0,MoveFocusLensToPositionWithSpeed_FW
0xffe34aa8,MoveFocusLensToPosition_FW
0xffe34af8,MoveFocusPosition_FW
0xffe34bc0,MoveFocusDistance_FW
0xffe34bc0,MoveFocusLensToDistance
0xffe34bc0,MoveFocusLensToDistance_FW
0xffe34c28,ResetFocus_FW
0xffe34e1c,j_IsFocusLensOutSidePosition_FW
0xffe34e54,j_SetFocusResetState_FW
0xffe356d4,SetScanLensIndex_FW
0xffe357dc,SetScanWindowMode_FW
0xffe359b0,SelectAdjBPFilter_FW
0xffe359d0,SetAdjAFWinPos_FW
0xffe35a10,SetBPFilterForBP_FW
0xffe35a30,CancelBPFilterForBP_FW
0xffe35b00,StartAdjAFService_FW
0xffe35c80,StopAdjAFService_FW
0xffe35f00,StopAdjAFInteg_FW
0xffe35fc8,GetAdjAFInteg_FW
0xffe36300,StopCustomScan_FW
0xffe3632c,StartCustomScan_FW
0xffe363a4,StartCrwCustomScan_FW
0xffe369d4,PrintScanTable_FW
0xffe36a68,PrintMultiWinScanTable_FW
0xffe36f70,GetExStrobeID_FW
0xffe36f78,IsExStrobeChargeComp_FW
0xffe36f80,SetExStrobeMode_FW
0xffe36f84,CancelExStrobeMode_FW
0xffe36f88,j_ReloadEfAdjustment_FW
0xffe36fc0,ChargeStrobe_FW
0xffe36ff4,ChargeStrobeForFA_FW
0xffe37040,StopStrobeChargeForFA_FW
0xffe37060,ExecuteInternalPreFlash_FW
0xffe370e8,j_ReloadColorAdjustment_FW
0xffe371a4,RegistColorMatrix_FW
0xffe371dc,UnregistColorMatrix_FW
0xffe37348,ShowCurrentExp_FW
0xffe373a0,SetAE_ShutterSpeed
0xffe373a0,SetAE_ShutterSpeed_FW
0xffe37464,FocusAEWithCompensation_FW
0xffe374dc,SetAE_CdsGainValue_FW
0xffe37590,FixAEWithCompensation_FW
0xffe375f0,SetAdj_AEMode_FW
0xffe37628,CancelAdj_AEMode_FW
0xffe37678,PreFixAE_FW
0xffe3780c,AfAEWithAperturePriority_FW
0xffe37850,AdjAEWithAperturePriority_FW
0xffe378a8,SleepAE_FW
0xffe379fc,AfAEWithCompensation_FW
0xffe37af0,GetVideoOutType_FW
0xffe37b18,SwitchOffDisplay_FW
0xffe37b50,SwitchOnDisplay_FW
0xffe37bc8,SetVideoOutType_FW
0xffe37bd0,IsEVFDrive_FW
0xffe37bf8,StopEVFDrive_FW
0xffe37e6c,StartEVFDriveWithMode_FW
0xffe37eb0,StartEVFDrive_FW
0xffe37f00,IsEvfDriveMode_FW
0xffe380d0,GetSumYOfVRAMCenterLine_FW
0xffe38138,j_GetVRAMHPixelsSize_FW
0xffe3813c,j_GetVRAMVPixelsSize_FW
0xffe38140,j_StopContinuousVRAMData_FW
0xffe381bc,GetContinuousVRAMData_FW
0xffe388bc,GetPixelsOfViewangle_FW
0xffe38960,GetContinuousVRAMDataWithRingBuffer_FW
0xffe389f4,j_GetMovieJpegVRAMHPixelsSize_FW
0xffe389f8,j_GetMovieJpegVRAMVPixelsSize_FW
0xffe38b20,GetContinuousMovieJpegVRAMData_FW
0xffe38b84,ChangeDistortionSetForLiveImage_FW
0xffe38db0,Bat_VIN_FW
0xffe38db0,SetInputVoltage_FW
0xffe38dc4,Bat_Save_FW
0xffe38dc4,SaveBatSenseOffsetAdjustmentTable_FW
0xffe38dd4,SetImageMode_FW
0xffe38ddc,SetDate_FW
0xffe38f1c,SetYear_FW
0xffe38f7c,SetMonth_FW
0xffe38fd8,SetDay_FW
0xffe39040,SetHour_FW
0xffe390a4,SetMinute_FW
0xffe39108,SetSecond_FW
0xffe3916c,GetYear_FW
0xffe3919c,GetMonth_FW
0xffe391c8,GetDay_FW
0xffe391f0,GetHour_FW
0xffe39218,GetMinute_FW
0xffe39240,GetSecond_FW
0xffe39268,SetLangMenuType_FW
0xffe392b0,SaveBmpVRAMData_FW
0xffe394bc,SavePaletteData
0xffe394bc,SavePaletteData_FW
0xffe396e0,SaveFromImage_FW
0xffe3986c,SetFactorySerialNumber_FW
0xffe3987c,LoadFactoryNumber_FW
0xffe399ac,LoadSerialNumber_FW
0xffe39a98,GetLastVBatADLevel_FW
0xffe39aa0,j_GetVBatVoltage_FW
0xffe39aa4,SaveFactoryReserveData_FW
0xffe3a380,GetUnpackCrwIntegralValue_FW
0xffe3a4b8,GetCaptureInfoData_FW
0xffe3a524,ReloadShadingAdjustmentData_FW
0xffe3a548,ReloadDefectAdjustmentData_FW
0xffe3a58c,InitializeDefectAdjustment_FW
0xffe3a59c,TerminateDefectAdjustment_FW
0xffe3a748,DevelopStillPicture_FW
0xffe3a844,GetISGyroYawOffset_FW
0xffe3a84c,GetISGyroPitchOffset_FW
0xffe3a864,HitISLensAgainstRightEdge_FW
0xffe3a878,HitISLensAgainstLeftEdge_FW
0xffe3a88c,HitISLensAgainstBottomEdge_FW
0xffe3a8a0,HitISLensAgainstTopEdge_FW
0xffe3a8c4,MoveISLensToRightLimitPosition_FW
0xffe3a8d8,MoveISLensToLeftLimitPosition_FW
0xffe3a8ec,MoveISLensToBottomLimitPosition_FW
0xffe3a900,MoveISLensToTopLimitPosition_FW
0xffe3a914,j_StopBDrive_FW
0xffe3a914,j_StopISDrive_FW
0xffe3a918,j_StartBDrive_FW
0xffe3a918,j_StartISDrive_FW
0xffe3a91c,j_GetISHallDeviceYawGain_FW
0xffe3a920,j_GetISHallDevicePitchGain_FW
0xffe3a924,j_GetISHallDeviceYawOffset_FW
0xffe3a928,j_GetISHallDevicePitchOffset_FW
0xffe3a92c,WriteHallDeviceAdjustment_FW
0xffe3a964,j_GetISGyroYawGain_FW
0xffe3a968,j_GetISGyroPitchGain_FW
0xffe3a96c,WriteGyroAdjustment_FW
0xffe3a9e0,j_GetISYawPWM_FW
0xffe3a9e4,j_GetISPitchPWM_FW
0xffe3a9e8,WritePWMAdjustment_FW
0xffe3aa18,SetISPitchPWM_FW
0xffe3aa2c,SetISYawPWM_FW
0xffe3aa40,SetISGyroYawGain_FW
0xffe3aa54,SetISGyroPitchGain_FW
0xffe3aa64,SetISGyroYawOffset_FW
0xffe3aa68,SetISGyroPitchOffset_FW
0xffe3aa70,SetISHallDeviceYawGain_FW
0xffe3aa84,SetISHallDevicePitchGain_FW
0xffe3aa98,SetISHallDeviceYawOffset_FW
0xffe3aaac,SetISHallDevicePitchOffset_FW
0xffe3aabc,SetZoomPointToIS_FW
0xffe3aacc,j_StartISAdjustmentDrive_FW
0xffe3aad0,j_StopISAdjustmentDrive_FW
0xffe3aad4,j_StartBPanDrive_FW
0xffe3aad4,j_StartISPanDrive_FW
0xffe3aad8,j_StopBPanDrive_FW
0xffe3aad8,j_StopISPanDrive_FW
0xffe3aadc,j_SearchBCentralPosition_FW
0xffe3aadc,j_SearchISLensCentralPosition_FW
0xffe3aae0,j_MoveISLensToCentralPosition_FW
0xffe3aae4,j_GetISShiftLensPitchPosition_FW
0xffe3aae8,j_GetISShiftLensYawPosition_FW
0xffe3aaec,GetISLensEViAaxis_FW
0xffe3ab00,GetISLensEViBaxis_FW
0xffe3ab14,j_GetISLensDampAaxis_FW
0xffe3ab18,j_GetISLensDampBaxis_FW
0xffe3ab24,SetISCutOffFreqIndex_FW
0xffe3ab24,SetISHPFCutOffFreqIndex_FW
0xffe3ab34,SetISLPFCutOffFreqAaxis_FW
0xffe3ab44,SetISLPFCutOffFreqBaxis_FW
0xffe3ab58,SetLPFForParallelFilter_FW
0xffe3ab74,ChangeFilterMode_FW
0xffe3ab7c,j_ClearISCalcZData_FW
0xffe3ab9c,HitISMechaEdgeInOpenControl_FW
0xffe3abac,j_ChangeToISCloseControl_FW
0xffe3ad30,SetISGyro10BitDACPitch_FW
0xffe3ad4c,SetISGyro10BitDACYaw_FW
0xffe3ad68,SetISGyroHPFINOffsetPitch_FW
0xffe3ad84,SetISGyroHPFINOffsetYaw_FW
0xffe3ad98,j_GetISGyroDataPitch_FW
0xffe3ada0,j_GetISGyroDataYaw_FW
0xffe3ada8,j_GetISGyroHPFINPitch_FW
0xffe3adb0,j_GetISGyroHPFINYaw_FW
0xffe3ae00,j_GetISGyro10BitDACPitch_FW
0xffe3ae08,j_GetISGyro10BitDACYaw_FW
0xffe3ae10,j_GetISGyroHPFINOffsetPitch_FW
0xffe3ae18,j_GetISGyroHPFINOffsetYaw_FW
0xffe3ae28,SetISGyroFilterCharge_FW
0xffe3aec4,j_CancelLoopGainCalc_FW
0xffe3aee4,CalcLoopGain_FW
0xffe3afbc,SetLoopGain_FW
0xffe3afd4,GetLoopGain_FW
0xffe3aff0,SetISLensPWMMode_FW
0xffe3affc,GetGyroFilterChargeStatus_FW
0xffe3b0b8,InitializeMechaDevice_FW
0xffe3b0f0,TerminateMechaDevice_FW
0xffe3b160,CreateJumptable
0xffe4a3cc,task_ReadFileTask
0xffe4cf1c,MoveDCMotorCW_FW
0xffe4cf8c,MoveDCMotorCCW_FW
0xffe4db60,GetFocusLensResetVoltage_FW
0xffe4f7d8,task_AviRead
0xffe516d4,task_AviPlay
0xffe5cc18,task_EfctConTask
0xffe5cc74,task_EfctConLowTask
0xffe60acc,_log10
0xffe60c3c,_pow
0xffe61e40,_log
0xffe639e4,_sqrt
