0xff838b44,_GetSystemTime
0xffb08c9c,_log
0xffb07be0,_log10
0xffb07d50,_pow
0xffb0a004,_sqrt
0xff81f954,_uartr_req
0xff9104cc,AbortAEIntegralValue_FW
0xff87ca6c,AcquireRecursiveLock
0xff8387a0,AcquireRecursiveLockStrictly
0xff912134,ActivateAdjLog_FW
0xffa07f48,ActivateImager_FW
0xffa07fd4,ActivateImagerXOne_FW
0xffa16dec,add_ptp_handler
0xff94b1d4,AdditionAgentRAM_FW
0xffa30e98,AddTransparentMemory_FW
0xffad3d28,AdjAEWithAperturePriority_FW
0xffad3ce4,AfAEWithAperturePriority_FW
0xffad3ed4,AfAEWithCompensation_FW
0xffa050a4,AFTool.GetEVal_FW
0xffa69c80,AllocateMemory
0xffa69c80,AllocateMemory_FW
0xff838898,AllocateUncacheableMemory
0xff9d5360,apex2us
0xff89e22c,atol_FW
0xff911164,AttachIntegCrawData_FW
0xffa30ed0,AttachToTransparentMemory_FW
0xff856304,Bat_Calc_FW
0xffad5344,Bat_Save_FW
0xffad5330,Bat_VIN_FW
0xff856920,BeepDrive_FW
0xff856940,BeepDriveComp_FW
0xffacf7a4,CalcLog10_FW
0xffad7694,CalcLoopGain_FW
0xffacf894,CalcSqrt_FW
0xff856304,CalculateBatSenseOffset_FW
0xffacf744,CalculateLog2ToApex_FW
0xffacf708,CalculatePeakFromLeastSquareResult_FW
0xffacf758,CalculatePow2FromApex_FW
0xff86231c,CalculateTestRecYUVData_FW
0xffad3b00,CancelAdj_AEMode_FW
0xfface580,CancelAdjCdsMode_FW
0xffad1f0c,CancelBPFilterForBP_FW
0xffad345c,CancelExStrobeMode_FW
0xffa6745c,CancelFocusLensMaxSpeedLimit_FW
0xff8802e0,CancelHPTimer
0xffa08230,CancelImageDrive_FW
0xffa08150,CancelImager_FW
0xff86fd44,CancelLoopGainCalc_FW
0xff838d60,CancelTimer
0xff940248,Capture.Create_FW
0xfface814,CaptureWithParam_FW
0xffa30914,ChangeAdjImgDrvMode_FW
0xffa30940,ChangeAEIntegDrvTypeToAdjImgDriveType_FW
0xff9142f8,ChangeDefectRecExpGain_FW
0xff9142cc,ChangeDefectRecExpTv_FW
0xff914394,ChangeDefectRecMontblancSize_FW
0xff9f7944,ChangeDefectRecParam_FW
0xff9142b4,ChangeDefectRecParameter_FW
0xff914360,ChangeDefectRecPeakHoldSetting_FW
0xffad5100,ChangeDistortionSetForLiveImage_FW
0xffad72c4,ChangeFilterMode_FW
0xffa67624,ChangeFocusDistanceToPosition_FW
0xff9f7584,ChangeGradeTable_FW
0xfface828,ChangeImageDrive_FW
0xffa081dc,ChangeImagerToAlternateDraft_FW
0xffa0818c,ChangeImagerToCombiParallel_FW
0xffa081d4,ChangeImagerToDigiconMode_FW
0xffa081fc,ChangeImagerToFastBP_FW
0xffa0819c,ChangeImagerToFocusJet_FW
0xffa08214,ChangeImagerToFocusJetHD_FW
0xffa08204,ChangeImagerToHarleyDavidson_FW
0xffa081c4,ChangeImagerToHoneyFlash_FW
0xffa08224,ChangeImagerToHoneyFlashHD_FW
0xffa081b4,ChangeImagerToJetDraft_FW
0xffa081bc,ChangeImagerToJumboDraft_FW
0xffa081a4,ChangeImagerToMangoPudding_FW
0xffa0821c,ChangeImagerToMangoPuddingHD_FW
0xffa081cc,ChangeImagerToMillefeAdjust_FW
0xffa081f4,ChangeImagerToMontblancMillefe_FW
0xffa081ec,ChangeImagerToMontblancWhole_FW
0xffa081d4,ChangeImagerToOITA_XAVIER_FW
0xffa081ac,ChangeImagerToSuperWideDraft_FW
0xffa081e4,ChangeImagerToUltraGhostQ_FW
0xffa08174,ChangeImagerToWholeParallel_FW
0xffa0817c,ChangeImagerToWholeParallelBP_FW
0xffa08184,ChangeImagerToWholeParallelBPOne_FW
0xffa08194,ChangeImagerToWideDraft_FW
0xffa0820c,ChangeImagerToWideDraftHD_FW
0xffa6839c,ChangeParallelMode_FW
0xff86f82c,ChangeToISCloseControl_FW
0xffad3498,ChargeStrobe_FW
0xffad34cc,ChargeStrobeForFA_FW
0xff87c5f0,CheckAllEventFlag
0xff87c5a8,CheckAnyEventFlag
0xff8838bc,CheckSumAll_FW
0xff85c454,ClearDUIDFixFlag_FW
0xff87c810,ClearEventFlag
0xff85c3e4,ClearFactoryMode_FW
0xff86fb3c,ClearISCalcZData_FW
0xffa68410,ClearISIComponent_FW
0xffa68434,ClearISZData_FW
0xffad0954,ClearZoomCommonDriveParam_FW
0xffa5ed08,ClearZoomDriveParam_FW
0xff8353b4,Close
0xff81a990,close
0xff8353b4,Close_FW
0xff81f448,CloseConsole_FW
0xffa4cf28,closedir
0xffa67abc,CloseMechaShutterWithTiming_FW
0xffaceda8,CloseMShutter_FW
0xffa308b0,ConvertAdjImgDrvModeToAdjImgDriveType_FW
0xffa30864,ConvertAEIntegDrvTypeToAdjImgDriveType_FW
0xffacf7fc,ConvertApexStdToApex_FW
0xffacf7cc,ConvertApexToApexStd_FW
0xffacfd98,ConvertCxCyToWBGain_FW
0xffad0cc8,ConvertToPositionWithDistanceAndZoomPoint_FW
0xfface980,ConvertTvToExposureTime_FW
0xff81f1a4,CPrintf_FW
0xff81f200,CPutChar_FW
0xff85de10,CreateAdjustmentTableMirror_FW
0xff838078,CreateBinarySemaphore
0xff838658,CreateBinarySemaphoreStrictly
0xff889ae8,CreateController_FW
0xff8380e0,CreateCountingSemaphore
0xff8380e0,CreateCountingSemaphore_FW
0xff83867c,CreateCountingSemaphoreStrictly
0xff87c500,CreateEventFlag
0xff838634,CreateEventFlagStrictly
0xff911a74,CreateFADBGSingalID_FW
0xffad7910,CreateJumptable
0xff958d3c,CreateLanguageMenu_FW
0xff837cb4,CreateMessageQueue
0xff838610,CreateMessageQueueStrictly
0xff88163c,CreateProxyOfEventProcedure_FW
0xff87c9cc,CreateRecursiveLock
0xff8386a0,CreateRecursiveLockStrictly
0xff81e5b4,CreateTask
0xff81e5b4,CreateTask_FW
0xff8385dc,CreateTaskStrictly
0xff9345b0,CzDebugPrint_FW
0xff81e88c,DebugAssert
0xff889ba4,DeleteController_FW
0xff834e24,DeleteDirectory_Fut
0xff87c558,DeleteEventFlag
0xff834d40,DeleteFile_Fut
0xff958898,DeleteLanguageMenu_FW
0xff837d38,DeleteMessageQueue
0xff881694,DeleteProxyOfEventProcedure_FW
0xff87ca1c,DeleteRecursiveLock
0xff838138,DeleteSemaphore
0xff838138,DeleteSemaphore_FW
0xffad6eb0,DevelopStillPicture_FW
0xff9f9ea4,DevelopTool.DevelopTest_FW
0xff9117dc,DeviceUniqueIDCheckSum_FW
0xff93459c,DisableCzDebugLog_FW
0xff91472c,DisableDebugLogMode_FW
0xffa674b8,DisableFocusLens_FW
0xffa67538,DisableFocusLensGainLock_FW
0xffa67564,DisableFocusLensWaveLock_FW
0xffa67944,DisableFocusPiCircuit_FW
0xffa6858c,DisableISAutoGyroOffset_FW
0xffa6856c,DisableISDriveError_FW
0xffa67924,DisableMechaCircuit_FW
0xffa6798c,DisableZoomEncoderCircuit_FW
0xffa67c2c,DisableZoomLensEncoderPowerControl_FW
0xffa67968,DisableZoomPiCircuit_FW
0xff8537e0,DispCon_GetLcdGainAdjParameter_FW
0xff853688,DispCon_GetVideoAdjParameter_FW
0xff853874,DispCon_SaveLcdGainAdjParameter_FW
0xff853710,DispCon_SaveVideoAdjParameter_FW
0xff85337c,DispCon_SetDisplayType_FW
0xff85378c,DispCon_SetLcdGainAdjParameter_FW
0xff853520,DispCon_SetMaxBackLightBrightness_FW
0xff853618,DispCon_SetVideoAdjParameter_FW
0xff853294,DispCon_ShowBitmapColorBar
0xff853294,DispCon_ShowBitmapColorBar_FW
0xff853278,DispCon_ShowBlackChart_FW
0xff853064,DispCon_ShowColorBar_FW
0xff85339c,DispCon_ShowColorChart_FW
0xff853308,DispCon_ShowCustomColorBar_FW
0xff8530f0,DispCon_ShowFiveStep_FW
0xff853890,DispCon_ShowHdChart_FW
0xff85381c,DispCon_ShowLcdGainAdjParameter_FW
0xff8536e4,DispCon_ShowVideoAdjParameter_FW
0xff853224,DispCon_ShowWhiteChart_FW
0xff8533c0,DispCon_ShowWhiteLine_FW
0xff853510,DispCon_TurnOffBackLight_FW
0xff8534f0,DispCon_TurnOffDisplay_FW
0xff853500,DispCon_TurnOnBackLight_FW
0xff8534e0,DispCon_TurnOnDisplay_FW
0xff9401d8,DispDev.Create_FW
0xff93df40,DispDev_EnableEventProc_FW
0xff85c1dc,DisplayFactoryMode_FW
0xff836a6c,DoAELock
0xff83687c,DoAFLock
0xff93e038,Driver.Create_FW
0xff93e038,Driver_EnableEventProc_FW
0xff815eac,drysh_FW
0xff93e2e4,Dump32_FW
0xff93e2d4,Dump_FW
0xff85d620,DumpAdjMirror_FW
0xffa30e58,DumpTransparentMemoryItem_FW
0xff8d29f0,E2LatOn_FW
0xff857658,EdidDump_FW
0xffa02e14,EF.AdjPreFlash_FW
0xff8bc24c,EF.IsChargeFull_FW
0xffa02e58,EF.SetChargeMode_FW
0xffa02d24,EF.SetEFChargeTimeOut_FW
0xffa02e6c,EF.SetFlashTime_FW
0xffa02dfc,EF.SetMainFlashTime_FW
0xffa02cc4,EF.StartEFCharge_FW
0xffa02d74,EF.StartInternalMainFlash_FW
0xffa02d38,EF.StartInternalPreFlash_FW
0xffa02d14,EF.StopEFCharge_FW
0xff934584,EnableCzDebugLog_FW
0xff914718,EnableDebugLogMode_FW
0xffa6746c,EnableFocusLens_FW
0xffa67504,EnableFocusLensGainLockWithVoltage_FW
0xffa67548,EnableFocusLensWaveLock_FW
0xffa67934,EnableFocusPiCircuit_FW
0xff81e5ac,EnableInterrupt
0xffa6857c,EnableISAutoGyroOffset_FW
0xffa6855c,EnableISDriveError_FW
0xffa67914,EnableMechaCircuit_FW
0xffa6797c,EnableZoomEncoderCircuit_FW
0xffa67c1c,EnableZoomLensEncoderPowerControl_FW
0xffa67958,EnableZoomPiCircuit_FW
0xff93f118,EndClockMode_FW
0xff8f3cd8,EngApp.Create_FW
0xff8f3cac,EngApp.Delete_FW
0xff83442c,EngDrvBits
0xffa28d44,EngDrvBits_FW
0xff834410,EngDrvIn
0xffa28d34,EngDrvIn_FW
0xff8343f8,EngDrvOut
0xffa28d18,EngDrvOut_FW
0xff834418,EngDrvRead
0xffa28d3c,EngDrvRead_FW
0xffa28d68,EngDrvReadDump_FW
0xff940288,EngineDriver.Create_FW
0xff8369d4,EnterToCompensationEVF
0xff85d614,EraseAdjustmentArea_FW
0xff946808,EraseLogSector_FW
0xff946f8c,EraseSectorOfRom_FW
0xff93e2c0,EraseSignature_FW
0xff815f28,err_init_task
0xffa66b20,EscapeFocusLens_FW
0xffa69cec,exec_FW
0xff862a74,Executedccd_FW
0xff9f795c,ExecuteDefectRec_FW
0xff9f7970,ExecuteDefectRecAndSaveImage_FW
0xff862504,ExecuteDigicon_FW
0xff880bf8,ExecuteEventProcedure
0xff880c70,ExecuteEventProcedure_FW
0xffad3538,ExecuteInternalPreFlash_FW
0xff96b6dc,ExecuteResetFactoryWithRomWrite_FW
0xff861b5c,ExecuteTestRec_FW
0xff861b70,ExecuteTestRecCF_FW
0xff861bec,ExecuteTestRecDevelopProcess_FW
0xff861b70,ExecuteTestRecSD_FW
0xff861ba0,ExecuteTestRecSw1_FW
0xff861b88,ExecuteTestRecWithInteg_FW
0xff836a18,ExitFromCompensationEVF
0xff81e844,ExitTask
0xff81e844,ExitTask_FW
0xff87f494,ExMem.AllocCacheable_FW
0xff87f2dc,ExMem.AllocUncacheable_FW
0xff87f51c,ExMem.FreeCacheable_FW
0xff87f418,ExMem.FreeUncacheable_FW
0xff87edf8,ExMem.View_FW
0xff87f42c,exmem_alloc
0xff87f4a4,exmem_free
0xff835908,ExMem_FW
0xff8af608,ExpCtrlTool.SetExpMode_FW
0xff844034,ExpCtrlTool_StartContiAE
0xff84410c,ExpCtrlTool_StopContiAE
0xff881630,ExportToEventProcedure_FW
0xff9401b4,FA.Create_FW
0xff9401a0,FA.Delete_FW
0xff911b24,FADBGPrintf_FW
0xff911a84,FADBGSingal_FW
0xff911ca4,FAPrintf_FW
0xff834ebc,Fclose_Fut
0xff834ebc,Fclose_Fut_FW
0xff8350a8,Feof_Fut
0xff8350e4,Fflush_Fut
0xff835010,Fgets_Fut
0xffad3a68,FixAEWithCompensation_FW
0xff95a9a4,FmtMenu_ExecuteQuickFormat_FW
0xffad393c,FocusAEWithCompensation_FW
0xff834e7c,Fopen_Fut
0xff834e7c,Fopen_Fut_FW
0xff834f68,Fread_Fut
0xff834f68,Fread_Fut_FW
0xff814138,free
0xffa30fe0,FreeBufferForSoundRec_FW
0xffa69c78,FreeMemory
0xffa69c78,FreeMemory_FW
0xff8388d8,FreeUncacheableMemory
0xff83505c,Fseek_Fut
0xff83505c,Fseek_Fut_FW
0xff834fbc,Fwrite_Fut
0xff834fbc,Fwrite_Fut_FW
0xff854b44,GetAdChValue_FW
0xffad2470,GetAdjAFInteg_FW
0xff85d678,GetAdjTableMapVersion_FW
0xff85d688,GetAdjTableValueVersion_FW
0xff85d644,GetAdjTableVersion_FW
0xff854b3c,GetAdVBattBottom_FW
0xff910e04,GetAEIntegralServiceMode_FW
0xff910aa4,GetAEIntegralValueWithFix_FW
0xff910df8,GetAEIntegValueBit_FW
0xff91074c,GetAEIntegWinData_FW
0xff9108c0,GetAEIntegWinDataWithMode_FW
0xff910bc8,GetAllAEIntegralAllValueWithFix_FW
0xff83354c,GetBatteryCoverClose_FW
0xff85bd0c,GetBatteryTemperature
0xff85bd0c,GetBatteryTemperature_FW
0xff8837a0,GetBuildDate_FW
0xff8837a8,GetBuildTime_FW
0xffad6c20,GetCaptureInfoData_FW
0xff85bc98,GetCCDTemperature
0xff85bc98,GetCCDTemperature_FW
0xfface3bc,GetCdsGainValue_FW
0xfface4ac,GetCdsPreGain_FW
0xfface504,GetCdsPreGainReg_FW
0xff81f22c,GetCh_FW
0xffad5088,GetContinuousMovieJpegVRAMData_FW
0xffad472c,GetContinuousVRAMData_FW
0xffad4ec8,GetContinuousVRAMDataWithRingBuffer_FW
0xfface830,GetCrwImageInfo_FW
0xffa30838,GetCurrentAdjImgDriveType_FW
0xff93653c,GetCurrentAvValue
0xff93653c,GetCurrentAvValue_FW
0xff891b48,GetCurrentCaptureModeType_FW
0xffa3098c,GetCurrentCcdTemp_FW
0xff8a300c,GetCurrentExposureTime_FW
0xff935770,GetCurrentFocusLensPosition_FW
0xff935770,GetCurrentFocusPosition_FW
0xffa30844,GetCurrentImgDrvMode_FW
0xff912180,GetCurrentMaximumLogSize_FW
0xffa309a8,GetCurrentOptTemp_FW
0xff8a2d34,GetCurrentShutterSpeed_FW
0xff935708,GetCurrentTargetDistance_FW
0xffad00e0,GetCurrentZoomLensDirection_FW
0xff93a78c,GetCurrentZoomLensPoint_FW
0xff93a764,GetCurrentZoomLensPosition_FW
0xff93a78c,GetCurrentZoomPoint_FW
0xff93a764,GetCurrentZoomPosition_FW
0xffad5748,GetDay_FW
0xff862ca4,GetdccdFilterValue_FW
0xff862c10,GetdccdImage_FW
0xff85e28c,GetDCPAdjOffset_FW
0xff9f7564,GetDefectCount_FW
0xff9f7598,GetDefectCrawInfo_FW
0xff833548,GetDialEventId_FW
0xff868774,GetDrive_ClusterSize
0xff8687d4,GetDrive_FreeClusters
0xff8687a8,GetDrive_TotalClusters
0xff87c848,GetEventFlagValue
0xffad3448,GetExStrobeID_FW
0xff8837b0,GetFirmwareVersion_FW
0xff935c38,GetFocusDefaultResetPosition_FW
0xffa599b4,GetFocusLensCurrentPosition_FW
0xffa599e0,GetFocusLensDriveVoltage_FW
0xffa59aa8,GetFocusLensHoldVoltage_FW
0xffa6762c,GetFocusLensLoadCamTable_FW
0xffa675ac,GetFocusLensLoadSubjectDistance_FW
0xffa67714,GetFocusLensMoveMaxPosition_FW
0xffa6772c,GetFocusLensMoveMinPosition_FW
0xffa675a4,GetFocusLensPositionRatio_FW
0xff93536c,GetFocusLensPullInMaxSpeed_FW
0xffa59194,GetFocusLensResetDefaultPosition_FW
0xffa59184,GetFocusLensResetPosition_FW
0xffaeed68,GetFocusLensResetVoltage_FW
0xffa59a5c,GetFocusLensSettingWaitVoltage_FW
0xff935708,GetFocusLensSubjectDistance
0xffa67580,GetFocusLensSubjectDistance_FW
0xff935b50,GetFocusLensSubjectDistanceFromLens
0xffa6759c,GetFocusLensSubjectDistanceNumber_FW
0xff93818c,GetFocusPiSensorLevel_FW
0xff935bcc,GetFocusResetPosition_FW
0xff86e93c,GetFocusStartZoomPosition_FW
0xff86fa00,GetGyro10BitDACPitch_FW
0xff86fa0c,GetGyro10BitDACYaw_FW
0xff86f9b0,GetGyroDataPitch_FW
0xff86f9cc,GetGyroDataYaw_FW
0xffa68290,GetGyroFilterCharge_FW
0xffad77ac,GetGyroFilterChargeStatus_FW
0xff86fa38,GetGyroHPFINOffsetPitch_FW
0xff86fa54,GetGyroHPFINOffsetYaw_FW
0xff86fa70,GetGyroHPFINPitch_FW
0xff86facc,GetGyroHPFINYaw_FW
0xffad5770,GetHour_FW
0xffa39b90,getImageDirName
0xff919000,GetImageFolder
0xff93653c,GetIrisAv_FW
0xffa67fa8,GetISDriveAaxis_FW
0xffa67fc8,GetISDriveBaxis_FW
0xffa682b0,GetISFirmVersion_FW
0xff86fa00,GetISGyro10BitDACPitch_FW
0xff86fa0c,GetISGyro10BitDACYaw_FW
0xff86f9b0,GetISGyroDataPitch_FW
0xff86f9cc,GetISGyroDataYaw_FW
0xffa680a8,GetISGyroGainAaxis_FW
0xffa680c8,GetISGyroGainBaxis_FW
0xff86fa38,GetISGyroHPFINOffsetPitch_FW
0xff86fa54,GetISGyroHPFINOffsetYaw_FW
0xff86fa70,GetISGyroHPFINPitch_FW
0xff86facc,GetISGyroHPFINYaw_FW
0xff86f968,GetISGyroPitchGain_FW
0xffad6fb4,GetISGyroPitchOffset_FW
0xff86f974,GetISGyroYawGain_FW
0xffad6fac,GetISGyroYawOffset_FW
0xff86f950,GetISHallDevicePitchGain_FW
0xff86f8b4,GetISHallDevicePitchOffset_FW
0xff86f95c,GetISHallDeviceYawGain_FW
0xff86f944,GetISHallDeviceYawOffset_FW
0xffa68068,GetISHallGainAaxis_FW
0xffa68088,GetISHallGainBaxis_FW
0xffa68028,GetISHallOffsetAaxis_FW
0xffa68048,GetISHallOffsetBaxis_FW
0xffa68444,GetISHallOut1Amp_FW
0xff870510,GetISLensCorrectedEViAaxis_FW
0xff870550,GetISLensCorrectedEViBaxis_FW
0xff8704a8,GetISLensDampAaxis_FW
0xff8704b4,GetISLensDampBaxis_FW
0xff8704d8,GetISLensEViAaxis_FW
0xff8704f4,GetISLensEViBaxis_FW
0xffa68300,GetISParamVersion_FW
0xff86f980,GetISPitchPWM_FW
0xffa67fe8,GetISPositionAaxis_FW
0xffa68008,GetISPositionBaxis_FW
0xff86f998,GetISShiftLensPitchPosition_FW
0xff86f9a4,GetISShiftLensYawPosition_FW
0xff86f98c,GetISYawPWM_FW
0xff858df8,GetKbdState
0xffad6034,GetLastVBatADLevel_FW
0xff8f3a14,GetLatestHVPosition_FW
0xff9367a4,GetLensErrorStatus_FW
0xff912124,GetLogData_FW
0xff91212c,GetLogDataOnlyAddMemory_FW
0xff9467e0,GetLogToFile_FW
0xffad7784,GetLoopGain_FW
0xffa68650,GetLoopGainAdjValue_FW
0xffa685e0,GetLoopGainCalcData_FW
0xffa683cc,GetLPFParallelBest_FW
0xffa682d8,GetMechaDSPVersion_FW
0xff938da0,GetMechaShutterStatus_FW
0xff81a070,GetMemInfo
0xffad5798,GetMinute_FW
0xffad571c,GetMonth_FW
0xff8da2e0,GetMovieJpegVRAMHPixelsSize_FW
0xff8da2ec,GetMovieJpegVRAMVPixelsSize_FW
0xff83800c,GetNumberOfPostedMessages
0xfface42c,GetObClampValue_FW
0xff910c9c,GetOnlyAEIntegData_FW
0xff85bd80,GetOpticalTemperature
0xff85bd80,GetOpticalTemperature_FW
0xff96b3ac,GetParameterData
0xffad4e24,GetPixelsOfViewangle_FW
0xff884948,GetPropertyCase
0xff833524,GetSDDetect_FW
0xff83352c,GetSDProtect
0xff83352c,GetSDProtect_FW
0xffad57c0,GetSecond_FW
0xff889e58,GetSelfControllerHandle_FW
0xff8382ec,GetSemaphoreValue
0xffacea80,GetShutterSpeedRegularMaxLimit_FW
0xffacea98,GetShutterSpeedRegularMinLimit_FW
0xff81e588,GetSRAndDisableInterrupt
0xff81f27c,GetStringWithPrompt_FW
0xffad4640,GetSumYOfVRAMCenterLine_FW
0xff8334b8,GetSwitchStatus_FW
0xffa69cd8,GetSystemTime
0xffa69cd8,GetSystemTime_FW
0xff87eb94,GetTimeOfSystem_FW
0xffa30f3c,GetTransparentMemory_FW
0xffa30f80,GetTransparentMemoryPosition_FW
0xffa30f28,GetTransparentMemorySize_FW
0xffad6ac8,GetUnpackCrwIntegralValue_FW
0xffad6ba0,GetUnpackCrwIntegralValueForShading_FW
0xffacea70,GetUserSetShutterSPeed_FW
0xff831df4,GetVBatVoltage_FW
0xffad3fc8,GetVideoOutType_FW
0xff8da2c8,GetVRAMHPixelsSize
0xff8da2c8,GetVRAMHPixelsSize_FW
0xff8da2d4,GetVRAMVPixelsSize
0xff8da2d4,GetVRAMVPixelsSize_FW
0xffad56ec,GetYear_FW
0xffa5cb20,GetZoomActuatorCurrentPosition_FW
0xffa5cafc,GetZoomActuatorSpeedPPS_FW
0xffad08a4,GetZoomDefaultCommonDriveParam_FW
0xffad07c0,GetZoomDefaultDriveParam_FW
0xff93b178,GetZoomDrivingTime_FW
0xff93a78c,GetZoomLensCurrentPoint
0xff93a78c,GetZoomLensCurrentPoint_FW
0xffa5d8e8,GetZoomLensCurrentPosition
0xff93a764,GetZoomLensCurrentPosition_FW
0xff93b174,GetZoomLensMechaEdgePosition_FW
0xffacff00,GetZoomLensResetPlus_FW
0xff93ab74,GetZoomLensTelePoint_FW
0xffad0858,GetZoomNormalDriveParam_FW
0xff938144,GetZoomPiSensorLevel_FW
0xffad080c,GetZoomResetDriveParam_FW
0xffa5ecfc,GetZoomResetSensorLevel_FW
0xff93ab74,GetZoomTelePoint_FW
0xff8382b4,GiveSemaphore
0xff8382b4,GiveSemaphore_FW
0xff89dfb8,GUISrv_StartGUISystem
0xff89dfb8,GUISrv_StartGUISystem_FW
0xff88acfc,HardwareDefect_FW
0xff88acac,HardwareDefectWithRestart_FW
0xff857604,HdmiHpd5VOutput_FW
0xff857720,HdmiRegDump_FW
0xff857538,HdmiSimulateModeStart_FW
0xff857510,HdmiSimulateModeStop_FW
0xffad6ff4,HitISLensAgainstBottomEdge_FW
0xffad6fe0,HitISLensAgainstLeftEdge_FW
0xffad6fcc,HitISLensAgainstRightEdge_FW
0xffad7008,HitISLensAgainstTopEdge_FW
0xffad72ec,HitISMechaEdgeInOpenControl_FW
0xff8575e8,i2c_read_event_FW
0xff8575a0,i2c_write_event_FW
0xff912148,InactivateAdjLog_FW
0xff940178,InitializeAdjustmentFunction_FW
0xff940108,InitializeAdjustmentSystem_FW
0xff862404,Initializedccd_FW
0xffad6cf4,InitializeDefectAdjustment_FW
0xffabf928,InitializeDefectRec_FW
0xff862404,InitializeDigicon_FW
0xffad7868,InitializeMechaDevice_FW
0xffa310dc,InitializeSoundRec_FW
0xff861854,InitializeTestRec_FW
0xfface664,IsAdjCdsMode_FW
0xffa67ebc,ISAutoCenter_FW
0xff85be94,IsBatteryTemperature_FW
0xff85be60,IsCCDTemperature_FW
0xffa67ef8,ISChangeOPENtoCLOSE_FW
0xff88a76c,IsControlEventActive_FW
0xffa6833c,ISControlStart_FW
0xffa6834c,ISControlStop_FW
0xff85c56c,IsDUIDFixFlag_FW
0xffad40f8,IsEVFDrive_FW
0xffad4470,IsEvfDriveMode_FW
0xffad3450,IsExStrobeChargeComp_FW
0xff85c53c,IsFactoryMode_FW
0xff935ba8,IsFocusLensOutSidePosition_FW
0xff86f100,ISInitMotion_FW
0xff86e918,IsLensOutside_FW
0xff912174,IsLogOutType_FW
0xffa68468,ISMDStart_FW
0xffa68478,ISMDStop_FW
0xffa67ee4,ISMoveToMechaEdgeOPEN_FW
0xff85be2c,IsOpticalTemperature_FW
0xffa6835c,ISPanModeStart_FW
0xffa6836c,ISPanModeStop_FW
0xff8bc24c,IsStrobeChargeCompleted
0xffa5c524,IsZoomActuatorResetSensorPlusSide_FW
0xff93aea8,IsZoomLensOutSidePosition_FW
0xff93dfb4,j_BeepDrive_FW
0xff93dfb8,j_BeepDriveComp_FW
0xfface6ec,j_CancelImageDrive_FW
0xffad7674,j_CancelLoopGainCalc_FW
0xffad72fc,j_ChangeToISCloseControl_FW
0xffad72cc,j_ClearISCalcZData_FW
0xffad02f4,j_ClearZoomDriveParam_FW
0xffa08250,j_E2LatOn_FW
0xffa02e10,j_EF.IsChargeFull_FW
0xff93e344,j_exec_FW
0xff835900,j_ExMem.AllocCacheable_FW
0xff8358f8,j_ExMem.AllocUncacheable_FW
0xff835904,j_ExMem.FreeCacheable_FW
0xff8358fc,j_ExMem.FreeUncacheable_FW
0xff8358f4,j_ExMem.View_FW
0xff93dfb0,j_GetAdChValue_FW
0xff93dfac,j_GetAdVBattBottom_FW
0xff9108bc,j_GetAEIntegWinData_FW
0xff93e034,j_GetBatteryCoverClose_FW
0xff85bee0,j_GetBatteryTemperature_FW
0xff85bedc,j_GetCCDTemperature_FW
0xfface4d4,j_GetCdsPreGain_FW
0xfface52c,j_GetCdsPreGainReg_FW
0xffaceb80,j_GetCurrentAvValue_FW
0xfface9a0,j_GetCurrentExposureTime_FW
0xffad0d44,j_GetCurrentFocusLensPosition_FW
0xffad0d44,j_GetCurrentFocusPosition_FW
0xfface9a8,j_GetCurrentShutterSpeed_FW
0xffad0cec,j_GetCurrentTargetDistance_FW
0xffad00dc,j_GetCurrentZoomLensPoint_FW
0xffad00d8,j_GetCurrentZoomLensPosition_FW
0xffad00dc,j_GetCurrentZoomPoint_FW
0xffad00d8,j_GetCurrentZoomPosition_FW
0xffad60a0,j_GetDCPAdjOffset_FW
0xff93e030,j_GetDialEventId_FW
0xffad0ce4,j_GetFocusDefaultResetPosition_FW
0xffa67574,j_GetFocusLensCurrentPosition_FW
0xffa6765c,j_GetFocusLensDriveVoltage_FW
0xffa676d4,j_GetFocusLensHoldVoltage_FW
0xffa67744,j_GetFocusLensPullInMaxSpeed_FW
0xffa6757c,j_GetFocusLensResetDefaultPosition_FW
0xffa67578,j_GetFocusLensResetPosition_FW
0xffa67710,j_GetFocusLensResetVoltage_FW
0xffa67698,j_GetFocusLensSettingWaitVoltage_FW
0xffa67954,j_GetFocusPiSensorLevel_FW
0xffad0ce8,j_GetFocusResetPosition_FW
0xffa678f4,j_GetFocusStartZoomPosition_FW
0xffa68118,j_GetGyro10BitDACPitch_FW
0xffa6811c,j_GetGyro10BitDACYaw_FW
0xffa680e8,j_GetGyroDataPitch_FW
0xffa680ec,j_GetGyroDataYaw_FW
0xffa68148,j_GetGyroHPFINOffsetPitch_FW
0xffa6814c,j_GetGyroHPFINOffsetYaw_FW
0xffa68150,j_GetGyroHPFINPitch_FW
0xffa68154,j_GetGyroHPFINYaw_FW
0xffa67810,j_GetIrisAv_FW
0xffad7550,j_GetISGyro10BitDACPitch_FW
0xffad7558,j_GetISGyro10BitDACYaw_FW
0xffad74e8,j_GetISGyroDataPitch_FW
0xffad74f0,j_GetISGyroDataYaw_FW
0xffad7560,j_GetISGyroHPFINOffsetPitch_FW
0xffad7568,j_GetISGyroHPFINOffsetYaw_FW
0xffad74f8,j_GetISGyroHPFINPitch_FW
0xffad7500,j_GetISGyroHPFINYaw_FW
0xffad70d0,j_GetISGyroPitchGain_FW
0xffad70cc,j_GetISGyroYawGain_FW
0xffad7088,j_GetISHallDevicePitchGain_FW
0xffad7090,j_GetISHallDevicePitchOffset_FW
0xffad7084,j_GetISHallDeviceYawGain_FW
0xffad708c,j_GetISHallDeviceYawOffset_FW
0xffad725c,j_GetISLensCorrectedEViAaxis_FW
0xffad7260,j_GetISLensCorrectedEViBaxis_FW
0xffad7264,j_GetISLensDampAaxis_FW
0xffad7268,j_GetISLensDampBaxis_FW
0xffad7254,j_GetISLensEViAaxis_FW
0xffad7258,j_GetISLensEViBaxis_FW
0xffad714c,j_GetISPitchPWM_FW
0xffad724c,j_GetISShiftLensPitchPosition_FW
0xffad7250,j_GetISShiftLensYawPosition_FW
0xffad7148,j_GetISYawPWM_FW
0xffa678f0,j_GetLensErrorStatus_FW
0xffa67b40,j_GetMechaShutterStatus_FW
0xffad4f5c,j_GetMovieJpegVRAMHPixelsSize_FW
0xffad4f60,j_GetMovieJpegVRAMVPixelsSize_FW
0xff85bed8,j_GetOpticalTemperature_FW
0xff93e018,j_GetSDDetect_FW
0xff93e01c,j_GetSDProtect_FW
0xff93e004,j_GetSwitchStatus_FW
0xffad603c,j_GetVBatVoltage_FW
0xffad46a8,j_GetVRAMHPixelsSize_FW
0xffad46ac,j_GetVRAMVPixelsSize_FW
0xffa5cb08,j_GetZoomActuatorCurrentPosition_FW
0xffad0280,j_GetZoomDrivingTime_FW
0xffa67eac,j_GetZoomLensCurrentPoint_FW
0xffa67eb0,j_GetZoomLensCurrentPosition_FW
0xffa67eb8,j_GetZoomLensMechaEdgePosition_FW
0xffa67eb4,j_GetZoomLensTelePoint_FW
0xffa67978,j_GetZoomPiSensorLevel_FW
0xffad0240,j_GetZoomResetSensorLevel_FW
0xffad023c,j_GetZoomTelePoint_FW
0xff9f79c0,j_InitializeDefectRec_FW
0xff85beec,j_IsBatteryTemperature_FW
0xff85bee8,j_IsCCDTemperature_FW
0xffad12e8,j_IsFocusLensOutSidePosition_FW
0xffa678ec,j_IsLensOutside_FW
0xff85bee4,j_IsOpticalTemperature_FW
0xffa5cb0c,j_IsZoomActuatorResetSensorPlusSide_FW
0xffad046c,j_IsZoomLensOutSidePosition_FW
0xff93dfc0,j_LEDDrive_FW
0xffa0fd2c,j_LiveImageTool.GetDzoomPosition_FW
0xff93e2b8,j_MemoryChecker_FW
0xff93e2b4,j_MonSelEvent_FW
0xffad7248,j_MoveISLensToCentralPosition_FW
0xff8358f0,j_NewTaskShell_FW
0xff8822e0,j_OpLog.WriteToROM_FW
0xff93e32c,j_Peek16_FW
0xff93e328,j_Peek32_FW
0xff93e330,j_Peek8_FW
0xff93e2b0,j_Printf_FW
0xff87096c,j_PT_GetDigitalZoomPosition_FW
0xff88af1c,j_PTM_AllReset_FW
0xff88b518,j_PTM_BackupUIProperty_FW
0xff88b46c,j_PTM_GetWorkingCaptureMode_FW
0xff88b4fc,j_PTM_IsEnableItem_FW
0xff88b4e8,j_PTM_NextItem_FW
0xff88b4ec,j_PTM_PrevItem_FW
0xff88b470,j_PTM_SetCurrentItem_FW
0xff88b500,j_PTM_SetProprietyEnable_FW
0xff835888,j_PutsCameraLogEvent_FW
0xff835440,j_Read_FW
0xfface428,j_ReloadCdsAdjustment_FW
0xffad35c0,j_ReloadColorAdjustment_FW
0xffad3460,j_ReloadEfAdjustment_FW
0xffad0ce0,j_ReloadFocusLensAdjustment_FW
0xffaceb7c,j_ReloadIrisAdjustment_FW
0xffacecd4,j_ReloadNdFilterAdjustment_FW
0xffacfa78,j_ReloadWBAdjustment_FW
0xffad0188,j_ReloadZoomAdjustment_FW
0xff93e2d0,j_SDump_FW
0xffad7244,j_SearchBCentralPosition_FW
0xffad7244,j_SearchISLensCentralPosition_FW
0xffad1320,j_SetFocusResetState_FW
0xffad0478,j_SetZoomResetState_FW
0xff83587c,j_ShowCameraLog_FW
0xff835880,j_ShowCameraLogInfo_FW
0xffad7080,j_StartBDrive_FW
0xffad723c,j_StartBPanDrive_FW
0xff835878,j_StartCameraLog_FW
0xffad7234,j_StartISAdjustmentDrive_FW
0xffad7080,j_StartISDrive_FW
0xffa67ee0,j_StartISLocalAutoCenter_FW
0xffa67edc,j_StartISLocalHallAdjust_FW
0xffad723c,j_StartISPanDrive_FW
0xffad707c,j_StopBDrive_FW
0xffad7240,j_StopBPanDrive_FW
0xff835884,j_StopCameraLog_FW
0xffad46b0,j_StopContinuousVRAMData_FW
0xffad7238,j_StopISAdjustmentDrive_FW
0xffad707c,j_StopISDrive_FW
0xffad7240,j_StopISPanDrive_FW
0xff820394,j_strcmp_FW
0xff9f79c4,j_TerminateDefectRec_FW
0xff93f0f8,j_UIFS_Capture_FW
0xff93f0fc,j_UIFS_CaptureNoneStop_FW
0xff93f4f8,j_UIFS_IsAvailableShots_FW
0xff93f054,j_UIFS_MoveZoomTo_FW
0xff93f100,j_UIFS_StartMovieRecord_FW
0xff93f104,j_UIFS_StopMovieRecord_FW
0xff93f12c,j_UIFS_WriteFirmInfoToFile_FW
0xff93dfbc,j_VbattGet_FW
0xff93e2bc,j_VerifyByte_FW
0xff8335d0,kbd_p1_f
0xff8335dc,kbd_p1_f_cont
0xff832e94,kbd_p2_f
0xff833554,kbd_read_keys
0xff8587b8,kbd_read_keys_r2
0xff8f2e64,LcdCon_GetLcdAdjParameter_FW
0xff8f324c,LcdCon_GetLcdBackLightParameter_FW
0xff8f3074,LcdCon_GetLcdParameter_FW
0xff8f2eec,LcdCon_SaveLcdAdjParameter_FW
0xff8f32d0,LcdCon_SaveLcdBackLightParameter_FW
0xff8f30fc,LcdCon_SaveLcdParameter_FW
0xff8f2dc4,LcdCon_SetLcdAdjParameter_FW
0xff8f31c4,LcdCon_SetLcdBackLightBrightness_FW
0xff8f31f4,LcdCon_SetLcdBackLightParameter_FW
0xff8f2d70,LcdCon_SetLcdDriver_FW
0xff8f2f08,LcdCon_SetLcdParameter_FW
0xff8f2eac,LcdCon_ShowLcdAdjParameter_FW
0xff8f3290,LcdCon_ShowLcdBackLightParameter_FW
0xff8f30bc,LcdCon_ShowLcdParameter_FW
0xffa93628,LCDMsg_ChangeColor_FW
0xffa93450,LCDMsg_Create_FW
0xffa93164,LCDMsg_Delete_FW
0xffa93124,LCDMsg_Move_FW
0xffa93550,LCDMsg_SetNum_FW
0xffa93560,LCDMsg_SetStr_FW
0xffa93500,LCDMsg_SwDisp_FW
0xff8582f4,LEDDrive
0xff8582f4,LEDDrive_FW
0xffa0fcbc,LiveImageTool.ChangeDzoom_FW
0xffa0fd44,LiveImageTool.Dister_FW
0xffa0fc4c,LiveImageTool.DzoomTele_FW
0xffa0fc6c,LiveImageTool.DzoomWide_FW
0xff8da190,LiveImageTool.GetDzoomPosition_FW
0xffa0fd30,LiveImageTool.Jump_FW
0xffa0fc9c,LiveImageTool.Pause_FW
0xffa0fcac,LiveImageTool.Resume_FW
0xffa0f44c,LiveImageTool.StartEVF_FW
0xffa0f4c8,LiveImageTool.StartEVFFocusJet_FW
0xffa0f544,LiveImageTool.StartEVFMF_FW
0xffa0fb50,LiveImageTool.StartEVFMovHD_FW
0xffa0f9dc,LiveImageTool.StartEVFMovQQVGA_FW
0xffa0f864,LiveImageTool.StartEVFMovQVGA60_FW
0xffa0f920,LiveImageTool.StartEVFMovQVGA_FW
0xffa0f7a8,LiveImageTool.StartEVFMovVGA_FW
0xffa0fa98,LiveImageTool.StartEVFMovXGA_FW
0xffa0fc1c,LiveImageTool.StartMjpegMaking_FW
0xffa0fc8c,LiveImageTool.StopDzoom_FW
0xffa0fc0c,LiveImageTool.StopEVF_FW
0xffa0fc3c,LiveImageTool.StopMjpegMaking_FW
0xff85d740,LoadAdjustmentTable_FW
0xff85dbe0,LoadAdjustmentValue_FW
0xff9116e0,LoadDataFromAdjTableBin_FW
0xff85d778,LoadDefectAdjTable_FW
0xffad5eac,LoadFactoryNumber_FW
0xff9115dc,LoadParamDataFromAdjTableBin_FW
0xff87dd4c,LoadScript_FW
0xffad5f48,LoadSerialNumber_FW
0xff87e56c,LocalTime
0xff857610,LockHdmiState_FW
0xff88aa60,LockMainPower
0xff88aa60,LockMainPower_FW
0xff881bd0,LogCameraEvent
0xff8354d0,Lseek
0xff8354d0,lseek
0xff8354d0,Lseek_FW
0xffa6a234,MakeBootDisk_FW
0xff834db4,MakeDirectory_Fut
0xffa6a248,MakeScriptDisk_FW
0xff8140dc,malloc
0xff93ddd8,Mecha.Create_FW
0xff93de30,MechaReset_FW
0xff93de3c,MechaTerminate_FW
0xff93dd98,MechaUnRegisterEventProcedure_FW
0xff8203d8,memcmp
0xff8203d8,memcmp_FW
0xff83de48,memcpy
0xff83de48,memcpy_FW
0xffa6947c,MemoryChecker_FW
0xff9d43b0,memset
0xff9d43b0,memset_FW
0xff810da8,memShow_FW
0xff835828,mkdir
0xff89ea7c,mktime_ext
0xffa69d60,MonSelEvent_FW
0xffad059c,MoveComputerZoomToPoint_FW
0xff889d28,MoveControllerToTopOfZOrder_FW
0xffa66924,MoveCZToPoint_FW
0xffa669bc,MoveCZToPointByOVF_FW
0xffa6698c,MoveCZToTele_FW
0xffa6695c,MoveCZToWide_FW
0xffaee1d4,MoveDCMotorCCW_FW
0xffaee164,MoveDCMotorCW_FW
0xffa66f28,MoveFocusActuator_FW
0xffad108c,MoveFocusDistance_FW
0xffad108c,MoveFocusLensToDistance
0xffad108c,MoveFocusLensToDistance_FW
0xffad0f74,MoveFocusLensToPosition_FW
0xffad0e58,MoveFocusLensToPositionWithMaxSpeed_FW
0xffad0e9c,MoveFocusLensToPositionWithSpeed_FW
0xffa66b98,MoveFocusLensToTerminate_FW
0xffad0d74,MoveFocusLensToTerminatePosition_FW
0xffa66bf4,MoveFocusLensWithDistance_FW
0xffa66d00,MoveFocusLensWithPosition_FW
0xffa66e14,MoveFocusLensWithPositionWithoutBacklash_FW
0xffad0fc4,MoveFocusPosition_FW
0xffad0d74,MoveFocusToTerminate_FW
0xffacec64,MoveIrisFullClose_FW
0xffacec30,MoveIrisFullOpen_FW
0xffaceb30,MoveIrisToAv_FW
0xffa677b8,MoveIrisToTerminatePosition_FW
0xffa677c0,MoveIrisWithAv
0xffa677c0,MoveIrisWithAv_FW
0xffa677e8,MoveIrisWithAvWithoutBacklash_FW
0xffad7054,MoveISLensToBottomLimitPosition_FW
0xff86f7e4,MoveISLensToCentralPosition_FW
0xffad7040,MoveISLensToLeftLimitPosition_FW
0xffad702c,MoveISLensToRightLimitPosition_FW
0xffad7068,MoveISLensToTopLimitPosition_FW
0xffa6786c,MoveLensToFirstPoint_FW
0xffa678b4,MoveLensToTerminatePoint_FW
0xffa5caa0,MoveZoomActuator_FW
0xffa67e14,MoveZoomLensToMechaEdge_FW
0xffad0ae8,MoveZoomLensToMechaEnd_FW
0xffad0560,MoveZoomLensToPoint_FW
0xffad0524,MoveZoomLensToPosition_FW
0xffad0b88,MoveZoomLensToPositionByManual_FW
0xffa67dd4,MoveZoomLensToTerminatePosition_FW
0xffa67d4c,MoveZoomLensWithPoint
0xffa67d4c,MoveZoomLensWithPoint_FW
0xffa67d90,MoveZoomLensWithPosition_FW
0xffad0560,MoveZoomPoint_FW
0xffad0524,MoveZoomPosition_FW
0xff88440c,NewTaskShell
0xff88446c,NewTaskShell_FW
0xff944ab4,NR_GetDarkSubType
0xff944ab4,NR_GetDarkSubType_FW
0xff944b24,NR_GetDefectCorrectType_FW
0xff944a0c,NR_SetDarkSubType
0xff944a0c,NR_SetDarkSubType_FW
0xff944a88,NR_SetDefectCorrectType_FW
0xff944b78,NR_SetDoubleNRType_FW
0xff944b64,NR_SetLotasPonyType_FW
0xff944af4,NR_SetTassenType_FW
0xff93dff4,OffPrintPhySw_FW
0xffacf940,OneShotWhigeBalance_FW
0xffacf940,OneTypeWhiteBalance_FW
0xff93dfe4,OnPrintPhySw_FW
0xff83535c,Open
0xff81a8e0,open
0xff83535c,Open_FW
0xff81f2dc,OpenConsole_FW
0xffa4cf6c,OpenFastDir
0xffacede0,OpenMShutter_FW
0xff83588c,OpLog.Create_FW
0xff882c24,OpLog.Get_FW
0xff882c88,OpLog.Play_FW
0xff882304,OpLog.ReadFromROM_FW
0xff882350,OpLog.ReadFromSD_FW
0xff88220c,OpLog.Show_FW
0xff882d84,OpLog.Start_FW
0xff882284,OpLog.Stop_FW
0xff8822b0,OpLog.WriteToROM_FW
0xff8827a8,OpLog.WriteToSD_FW
0xff911cf4,OutputLogToFile_FW
0xff88d9fc,PB2Rec
0xffa69ca8,Peek16_FW
0xffa69ca0,Peek32_FW
0xffa69cb0,Peek8_FW
0xff9f72d4,PointDefDetect_FW
0xff9f7350,PointDefMergeConvert_FW
0xff9f7508,PointKizuCheck_FW
0xff93e308,Poke16_FW
0xff93e2f8,Poke32_FW
0xff93e318,Poke8_FW
0xff88a35c,PostEventShootSeqToUI_FW
0xff88a298,PostLogicalEventForNotPowerType
0xff88a298,PostLogicalEventForNotPowerType_FW
0xff88a2e4,PostLogicalEventToUI
0xff88a2e4,PostLogicalEventToUI_FW
0xff837f14,PostMessageQueue
0xff83871c,PostMessageQueueStrictly
0xffad3b50,PreFixAE_FW
0xff85de20,PrintAdjKabotanInfo_FW
0xff85dc04,PrintAdjTableMap_FW
0xff90fb3c,PrintAllAEIntegData_FW
0xff87dd40,Printf_FW
0xff911a64,PrintFaexeVersioin_FW
0xff911a30,PrintFirmVersion_FW
0xffad2f40,PrintMultiWinScanTable_FW
0xffad2eac,PrintScanTable_FW
0xff870970,PT_ChangeZoomSpeed_FW
0xff870754,PT_CompleteCaptModeChange_FW
0xff870764,PT_CompleteCharge_FW
0xff87076c,PT_CompleteFileWrite_FW
0xff87071c,PT_CompletePreCapt_FW
0xff87073c,PT_CompleteStopDigZoom_FW
0xff870734,PT_CompleteStopZoom_FW
0xff870744,PT_CompleteStoreLens_FW
0xff87075c,PT_CompleteSynchroWrite_FW
0xff8709a4,PT_DoAELock_FW
0xff870984,PT_DoAFLock_FW
0xff87077c,PT_EraseAllFile_FW
0xff836654,PT_GetDigitalZoomPosition_FW
0xff870958,PT_GetDigitalZoomTele_FW
0xff870884,PT_GetLocalDateAndTimeString_FW
0xff87080c,PT_GetPropertyCaseInt_FW
0xff8707cc,PT_GetSystemTime_FW
0xff8709d4,PT_MFOff_FW
0xff8709c4,PT_MFOn_FW
0xff8707a4,PT_mod_FW
0xff870944,PT_MoveDigitalZoomAt_FW
0xff870924,PT_MoveDigitalZoomToTele_FW
0xff870934,PT_MoveDigitalZoomToWide
0xff870934,PT_MoveDigitalZoomToWide_FW
0xff87090c,PT_MoveOpticalZoomAt
0xff87090c,PT_MoveOpticalZoomAt_FW
0xff8708e4,PT_MoveOpticalZoomToTele_FW
0xff8708f8,PT_MoveOpticalZoomToWide_FW
0xff87074c,PT_MovieRecordStopped_FW
0xff87072c,PT_NextShootAvailable_FW
0xff879708,PT_PlaySound
0xff8708c8,PT_PlaySound_FW
0xff870724,PT_RecreviewAvailable_FW
0xff8707e0,PT_SetPropertyCaseInt_FW
0xff870774,PT_ShootPicture_FW
0xff8709b4,PT_UnlockAE_FW
0xff870994,PT_UnlockAF_FW
0xff96a5f0,PTM_AllReset_FW
0xff88af0c,PTM_AllResetToFactorySetting_FW
0xff96b31c,PTM_BackupUIProperty_FW
0xff88b47c,PTM_GetCurrentItem_FW
0xff96a954,PTM_GetWorkingCaptureMode_FW
0xff96b250,PTM_IsEnableItem_FW
0xff96ad04,PTM_NextItem_FW
0xff96ad0c,PTM_PrevItem_FW
0xff88b51c,PTM_RestoreUIProperty_FW
0xff88b3a4,PTM_SetCurrentCaptureMode_FW
0xff96a96c,PTM_SetCurrentItem_FW
0xff96b008,PTM_SetProprietyEnable_FW
0xffa67bb0,PutInNdFilter
0xffacecec,PutInNdFilter_FW
0xffa67bd4,PutOutNdFilter
0xffaced24,PutOutNdFilter_FW
0xff8818ac,PutsCameraLogEvent_FW
0xffab56b4,qsort
0xffa080a4,QuietImager_FW
0xff8204e0,rand
0xff81ab78,Read
0xff81ab78,read
0xff81ab78,Read_FW
0xffa4d0a0,ReadFastDir
0xff9d442c,realloc
0xffa525b0,reboot_fw_update
0xff88da3c,Rec2PB
0xffa679c0,ReceiveMechaCircuitDataAll_FW
0xff837dc8,ReceiveMessageQueue
0xff8386f0,ReceiveMessageQueueStrictly
0xff85de18,RefreshAdjustmentTableMirror_FW
0xff9d1e70,RefreshPhysicalScreen
0xffad367c,RegistColorMatrix_FW
0xff880acc,RegisterEventProcedure
0xff81e54c,RegisterInterruptHandler
0xff9587d8,RegisterLanguageName_FW
0xff87cb8c,ReleaseRecursiveLock
0xff8d24b4,ReloadCdsAdjustment_FW
0xffa12550,ReloadColorAdjustment_FW
0xffad6cb0,ReloadDefectAdjustmentData_FW
0xffa00df4,ReloadEfAdjustment_FW
0xff935ca4,ReloadFocusLensAdjustment_FW
0xff936744,ReloadIrisAdjustment_FW
0xff938ed8,ReloadNdFilterAdjustment_FW
0xffad6c8c,ReloadShadingAdjustmentData_FW
0xff9f6884,ReloadWBAdjustment_FW
0xff93af68,ReloadZoomAdjustment_FW
0xffa30f08,RemoveTransparentMemory_FW
0xff834cac,RenameFile_Fut
0xffad10f4,ResetFocus_FW
0xffa66ac4,ResetFocusLens
0xffa66ac4,ResetFocusLens_FW
0xffa67794,ResetIris_FW
0xffad0488,ResetZoom_FW
0xffa67ca0,ResetZoomLens
0xffa67ca0,ResetZoomLens_FW
0xffa67ccc,ResetZoomLensToFirst_FW
0xffa67d0c,ResetZoomLensToTermiante_FW
0xffad05d8,ResetZoomToAdjFirstPoint_FW
0xffad061c,ResetZoomToAdjTerminatePoint_FW
0xffad04bc,ResetZoomToFirst_FW
0xffad04bc,ResetZoomToFirstPoint_FW
0xffad04f0,ResetZoomToTerminate_FW
0xffad04f0,ResetZoomToTerminatePoint_FW
0xff839ff0,Restart
0xff883ab4,RomCheckSum_FW
0xff81ef94,RotateConsoleZOder_FW
0xff85db20,SaveAdjustmentTable_FW
0xff85dba8,SaveAdjustmentValue_FW
0xffad5344,SaveBatSenseOffsetAdjustmentTable_FW
0xffad5830,SaveBmpVRAMData_FW
0xff85db90,SaveDefectAdjTable_FW
0xffad6040,SaveFactoryReserveData_FW
0xffad5c78,SaveFromImage_FW
0xff9587d4,SaveLanguageNameList_FW
0xffad5be0,SavePaletteData
0xffad5be0,SavePaletteData_FW
0xff8f767c,Scene.ForbidContiSceneDetect_FW
0xff8f76a8,Scene.TestSunset_FW
0xff9d1c48,ScreenLock
0xff9d1c88,ScreenUnlock
0xffa69a58,SDump_FW
0xff86f77c,SearchBCentralPosition_FW
0xff86f77c,SearchISLensCentralPosition_FW
0xffad1e8c,SelectAdjBPFilter_FW
0xffa683fc,SelectPositionSignal_FW
0xffa6799c,SendMechaCircuitData_FW
0xff88a500,set_control_event
0xffad3ac8,SetAdj_AEMode_FW
0xff911144,SetAdjAEIntegSmearLimitter_FW
0xffad1eac,SetAdjAFWinPos_FW
0xfface568,SetAdjCdsMode_FW
0xffad39b4,SetAE_CdsGainValue_FW
0xffad3878,SetAE_ShutterSpeed
0xffad3878,SetAE_ShutterSpeed_FW
0xff91113c,SetAEIntegAverageOBData_FW
0xff9105c8,SetAEIntegralGetaTime_FW
0xff910584,SetAEIntegralValueProperty_FW
0xff910520,SetAEIntegStrobeProperty_FW
0xff910ddc,SetAEIntegValueBit_FW
0xff910d88,SetAEIntegWindowsMode_FW
0xff88aad4,SetAutoShutdownTime
0xff88aad4,SetAutoShutdownTime_FW
0xffad1eec,SetBPFilterForBP_FW
0xfface478,SetCDSGain_FW
0xfface550,SetCDSGainStep_FW
0xfface478,SetCdsGainValue_FW
0xfface4a4,SetCdsPreGain_FW
0xfface4fc,SetCdsPreGainReg_FW
0xff891b0c,SetCurrentCaptureModeType
0xff891b0c,SetCurrentCaptureModeType_FW
0xffad535c,SetDate_FW
0xffad5558,SetDay_FW
0xff911154,SetDefaultAEIntegSmearLimitter_FW
0xff913f0c,SetDefaultRecParameter_FW
0xff9f77a8,SetDefectRecParam_FW
0xff9142ac,SetDefectRecParameter_FW
0xfface3e4,SetDeltaCDSGain_FW
0xff85c500,SetDUIDFixFlag_FW
0xff87c7dc,SetEventFlag
0xffad3458,SetExStrobeMode_FW
0xff85c41c,SetFactoryMode_FW
0xffad5e9c,SetFactorySerialNumber_FW
0xffa30a10,SetFaexeEventTableActivation_FW
0xff835684,SetFileAttributes
0xff835640,SetFileTimeStamp
0xffa6716c,SetFocusLensAccelerationTable_FW
0xffa672f4,SetFocusLensCondition_FW
0xffa672e0,SetFocusLensDefaultPullOutTable_FW
0xffa67660,SetFocusLensDriveVoltage_FW
0xffa676d8,SetFocusLensHoldVoltage_FW
0xffa6744c,SetFocusLensMaxSpeedLimit_FW
0xffa6769c,SetFocusLensSettingWaitVoltage_FW
0xffa67270,SetFocusLensSlowdownTable_FW
0xffa67034,SetFocusLensSpeed_FW
0xffa670b4,SetFocusLensSpeedTable_FW
0xffa599b0,SetFocusResetState_FW
0xffa680f0,SetGyro10BitDACPitch_FW
0xffa68104,SetGyro10BitDACYaw_FW
0xffa68170,SetGyroFilterChargeStart_FW
0xffa68188,SetGyroFilterChargeStop_FW
0xffa68120,SetGyroHPFINOffsetPitch_FW
0xffa68134,SetGyroHPFINOffsetYaw_FW
0xffad55c0,SetHour_FW
0xff8801d8,SetHPTimerAfterNow
0xff880258,SetHPTimerAfterTimeout
0xff93e020,SetIgnoreAVJACK_FW
0xffad5354,SetImageMode_FW
0xffad5330,SetInputVoltage_FW
0xffad7274,SetISCutOffFreqIndex_FW
0xffa67f08,SetISDriveAaxis_FW
0xffa67f1c,SetISDriveBaxis_FW
0xffad7480,SetISGyro10BitDACPitch_FW
0xffad749c,SetISGyro10BitDACYaw_FW
0xffad75d8,SetISGyroCompensationMode_FW
0xffad7578,SetISGyroFilterCharge_FW
0xffa67f80,SetISGyroGainAaxis_FW
0xffa67f94,SetISGyroGainBaxis_FW
0xffad74b8,SetISGyroHPFINOffsetPitch_FW
0xffad74d4,SetISGyroHPFINOffsetYaw_FW
0xffad71bc,SetISGyroPitchGain_FW
0xffad71d0,SetISGyroPitchOffset_FW
0xffad71a8,SetISGyroYawGain_FW
0xffad71cc,SetISGyroYawOffset_FW
0xffad71ec,SetISHallDevicePitchGain_FW
0xffad7214,SetISHallDevicePitchOffset_FW
0xffad71d8,SetISHallDeviceYawGain_FW
0xffad7200,SetISHallDeviceYawOffset_FW
0xffa67f58,SetISHallGainAaxis_FW
0xffa67f6c,SetISHallGainBaxis_FW
0xffa67f30,SetISHallOffsetAaxis_FW
0xffa67f44,SetISHallOffsetBaxis_FW
0xffa68420,SetISHPFCutoff_FW
0xffad7274,SetISHPFCutOffFreqIndex_FW
0xffad77a0,SetISLensPWMMode_FW
0xffa68534,SetISLPFAaxis_FW
0xffa68548,SetISLPFBaxis_FW
0xffad7284,SetISLPFCutOffFreqAaxis_FW
0xffad7294,SetISLPFCutOffFreqBaxis_FW
0xffa6838c,SetISMovieStatus_FW
0xffad7180,SetISPitchPWM_FW
0xffa6837c,SetISStillStatus_FW
0xffa68158,SetISTuningFlag_FW
0xffad75a0,SetISTuningMode_FW
0xffad75b8,SetISTuningOff_FW
0xffad7194,SetISYawPWM_FW
0xffad57e8,SetLangMenuType_FW
0xff911110,SetLineDefMarkThroughMode_FW
0xff88a7dc,SetLogicalEventActive
0xffad776c,SetLoopGain_FW
0xffa68634,SetLoopGainAdjValue_FW
0xffad72a8,SetLPFForParallelFilter_FW
0xffa683b0,SetLPFParallelBest_FW
0xffa67b2c,SetMechaShutterWaitTimeSetting_FW
0xffad5624,SetMinute_FW
0xffad54fc,SetMonth_FW
0xffa67bf8,SetNdDacSetting_FW
0xfface470,SetObClamp_FW
0xfface470,SetObClampValue_FW
0xffacf8c0,SetOneShotWBParam_FW
0xffacf8c0,SetOneTypeWBParam_FW
0xff96b31c,SetParameterData
0xff88484c,SetPropertyCase
0xff93dfd4,SetRawSWCheckMode_FW
0xffacf9d4,SetReferenceWBGainForCalibration_FW
0xffad1bb0,SetScanLensIndex_FW
0xffad1cb8,SetScanWindowMode_FW
0xff88a82c,SetScriptMode
0xff88a82c,SetScriptMode_FW
0xff93df80,SetSDPwrPort_FW
0xffad5688,SetSecond_FW
0xff914290,SetSensitiveDefectRecParameter_FW
0xff9142a0,SetSensitiveRecParameter_FW
0xffacea24,SetShutterSpeed_FW
0xfface9d4,SetShutterSpeedWithMecha_FW
0xff81e58c,SetSR
0xff9f7600,SetTestRecParamForDefect_FW
0xff862374,SetTestRecSkimmingYUV_FW
0xff838c7c,SetTimerAfter
0xff838cfc,SetTimerWhen
0xffacfa00,SetToolCorrectCoefficient_FW
0xffad40f0,SetVideoOutType_FW
0xffacf994,SetWBYlStandardWidth_FW
0xff910d10,SetWhiteCoefficient_FW
0xffad549c,SetYear_FW
0xffa5cae0,SetZoomActuatorSpeedPPS_FW
0xffad08cc,SetZoomCommonDriveParam_FW
0xffad07d8,SetZoomDriveParam_FW
0xffad0660,SetZoomLensEncoderPowerControl_FW
0xffa67e80,SetZoomLensSpeedMode_FW
0xffad0870,SetZoomNormalDriveParam_FW
0xffad7224,SetZoomPointToIS_FW
0xffa68328,SetZoomPosition_FW
0xffad0824,SetZoomResetDriveParam_FW
0xffa5edbc,SetZoomResetState_FW
0xff93e348,ShowAllTaskInfo_FW
0xff88195c,ShowCameraLog_FW
0xff8818f0,ShowCameraLogInfo_FW
0xffad3820,ShowCurrentExp_FW
0xff85d69c,ShowDefaultAdjTableVersion_FW
0xffa673e8,ShowFocusLensCurrentSpeedTable_FW
0xff9587a8,ShowLanguageNameList_FW
0xff88a3b8,ShowLogicalEventName_FW
0xff93de48,ShowMechaMacro_FW
0xff93dfc4,ShowPhySwStatus_FW
0xff93e008,ShowSDStatus_FW
0xffa30e38,ShowTransparentMemory_FW
0xff885760,ShutdownPlayModeMenu_FW
0xff8858e4,ShutdownPlayModeMenuWithoutPbRedraw_FW
0xff885554,ShutdownRecModeMenu_FW
0xffad3d80,SleepAE_FW
0xff83851c,SleepTask
0xff83851c,SleepTask_FW
0xff8202fc,sprintf_FW
0xff8204d4,srand
0xff8709e4,SS.Create_FW
0xff9d44e4,sscanf_FW
0xffad1ff0,StartAdjAFService_FW
0xff911104,StartAEIntegralService_FW
0xff86f694,StartBDrive_FW
0xff86f6ac,StartBPanDrive_FW
0xff8819ac,StartCameraLog_FW
0xfface80c,StartCaptureDrive_FW
0xff93f108,StartClockMode_FW
0xffad287c,StartCrwCustomScan_FW
0xffad2804,StartCustomScan_FW
0xffad4420,StartEVFDrive_FW
0xffad43dc,StartEVFDriveWithMode_FW
0xff85c5ac,StartFactoryModeController_FW
0xffa68684,StartImStEventProc_FW
0xff86f694,StartISAdjustmentDrive_FW
0xff86f694,StartISDrive_FW
0xffa67ecc,StartISLocalAdjust_FW
0xff86f6d0,StartISLocalAutoCenter_FW
0xff86f710,StartISLocalHallAdjust_FW
0xff86f6ac,StartISPanDrive_FW
0xff91215c,StartLogOut_FW
0xffa685a4,StartLoopGainCalc_FW
0xff8854b4,StartPlayModeMenu_FW
0xff8854d0,StartRecModeMenu
0xff8854d0,StartRecModeMenu_FW
0xff81fb38,StartRedirectUART_FW
0xffa31094,StartSoundPlay_FW
0xffa3105c,StartSoundRecord_FW
0xff88364c,StartWDT_FW
0xff83550c,stat
0xffad23f8,StopAdjAFInteg_FW
0xffad2124,StopAdjAFService_FW
0xff910e10,StopAEIntegralService_FW
0xff86f6a0,StopBDrive_FW
0xff86f6b8,StopBPanDrive_FW
0xff881b70,StopCameraLog_FW
0xfface6a8,StopCaptureDrive_FW
0xff8da3c4,StopContinuousVRAMData_FW
0xffad27d8,StopCustomScan_FW
0xffad4120,StopEVFDrive_FW
0xff86f6a0,StopISAdjustmentDrive_FW
0xff86f6a0,StopISDrive_FW
0xff86f6b8,StopISPanDrive_FW
0xff911e00,StopLogOut_FW
0xffa68674,StopLoopGainCalc_FW
0xffad3518,StopStrobeChargeForFA_FW
0xff8836b0,StopWDT_FW
0xffad0474,StopZoomEmergency_FW
0xff89e238,strcat
0xff813fc0,strchr
0xff820394,strcmp
0xff8203bc,strcmp_FW
0xff82037c,strcpy
0xff82037c,strcpy_FW
0xff89e484,strftime
0xff81400c,strlen
0xff81400c,strlen_FW
0xff813f74,strncmp
0xff813f38,strncpy
0xff813fe4,strrchr
0xff83e128,strtol
0xff83df2c,strtolx
0xffad4020,SwitchOffDisplay_FW
0xffad4058,SwitchOnDisplay_FW
0xff93e9e8,System.Create_FW
0xff93e358,System.Delete_FW
0xff8381e4,TakeSemaphore
0xff8381e4,TakeSemaphore_FW
0xff8386c4,TakeSemaphoreStrictly
0xff849fec,task__ImageSensorTask
0xff8bdc84,task_AfIntSrvTask
0xff846eb8,task_AFTask
0xff85b1b4,task_ASIF
0xffaf2dc0,task_AviRead
0xff856538,task_BeepTask
0xff8ac840,task_BrtMsrTask
0xff839e6c,task_Bye
0xff872f84,task_CaptSeq
0xff872f84,task_CaptSeqTask
0xff9f7d9c,task_ChaseFrame
0xff816078,task_ClockSave
0xffa0171c,task_CntFlashTask
0xff88e558,task_CommonDrivers
0xff9433bc,task_CreateHeaderTask
0xff889368,task_CtrlSrv
0xffa4fd1c,task_DecJpgRd
0xff8b7cb0,task_DetectMoveTask
0xff9da56c,task_DetectVerticalWound
0xff8bb8f8,task_DevelopModule
0xff9f8884,task_DispFace
0xff91fbac,task_DPOFTask
0xff896110,task_DSITask
0xff874488,task_DvlpSeqTask
0xff8bbf7c,task_EFChargeT
0xffaed970,task_EfctConLowTask
0xffaed7d4,task_EfctConTask
0xff884358,task_EvShel
0xff8b2f58,task_ExpDrv
0xff9e3668,task_ExpDrvSubTask
0xff8b2f58,task_ExpDrvTask
0xff895da8,task_FaceFrame
0xff90d5e4,task_Fencing
0xffa47874,task_FileScheduleTask
0xffa488fc,task_FileWrite
0xffa488fc,task_FileWriteTask
0xffa4ef30,task_FilYuvMaker
0xffa56f98,task_FocusEvent
0xffa4c950,task_FORMAT_TASK_NAME
0xffa4c7b4,task_FORMAT_TASK_PROGRESS
0xff8651b8,task_FsIoNotifyTask
0xff856d20,task_HdmiDriverTask
0xffa555f0,task_ImgDLight
0xff92c8fc,task_ImgEdt
0xff86c05c,task_ImgPlayDrv
0xff92d814,task_ImgTrim
0xff88e520,task_InitFileModules
0xff86edb4,task_ISMainTask
0xff857bf8,task_LEDCon
0xff86e0f4,task_LensController
0xffa0eb08,task_LiveImageTask
0xff936a44,task_MechaCom
0xffa5a86c,task_MechaShutter
0xff91a380,task_MetaCtg
0xff8f5934,task_MotionVector
0xffa65f1c,task_MovEdit
0xff93d62c,task_MovieRecord
0xffa601d4,task_MovPlay
0xffaf14a4,task_MovRead
0xffa62ebc,task_MovWrite
0xffa5b1fc,task_Nd
0xff8e6840,task_NormalThumbCache
0xff8b7060,task_OBCtrlTask
0xff882064,task_OpePlay
0xff8331c4,task_PhySw
0xff8da63c,task_PrcssFil
0xffa163b0,task_PTPtoFAPI_EventProcTask
0xffae9524,task_ReadFileTask
0xffa49d8c,task_ReadScheduleTask
0xff86d130,task_RedEyeCapt
0xff92f6c4,task_RedEyePly
0xff8f6fac,task_SceneDetectTask
0xff868b0c,task_SD1stInit
0xff941d9c,task_ShutterSoundTask
0xff8d38f0,task_SsgMainTask
0xff8d3b14,task_SsgPeriodTask
0xff8790c0,task_SsTask
0xff81f804,task_Startup
0xff83a728,task_StartupImage
0xff8db4bc,task_SynchTask
0xff8db434,task_SyncPeriod
0xff831b08,task_TempCheck
0xff8d738c,task_TgTask
0xff85ba80,task_Thermometer
0xff8dd6e4,task_TimerUtility
0xff8ea924,task_TrnsCtrlTask
0xff81f9e4,task_UartLog
0xff8b61a4,task_WBCtrl
0xff8a6dc4,task_WBIntegTask
0xff9f4b00,task_WBLPFace
0xff8834d8,task_WdtPrint
0xff88358c,task_WdtReset
0xffa5bd78,task_ZoomEvent
0xff940140,TerminateAdjustmentSystem_FW
0xff8624b0,Terminatedccd_FW
0xffad6d04,TerminateDefectAdjustment_FW
0xffabf994,TerminateDefectRec_FW
0xff8624b0,TerminateDigicon_FW
0xffad78a0,TerminateMechaDevice_FW
0xffa31110,TerminateSoundRec_FW
0xff8618bc,TerminateTestRec_FW
0xff87eae4,time
0xff837fcc,TryPostMessageQueue
0xff837e90,TryReceiveMessageQueue
0xff838190,TryTakeSemaphore
0xff89764c,TurnOffBackLight
0xff8534f0,TurnOffDisplay
0xff859cb8,TurnOffVideoOutMode_FW
0xff897634,TurnOnBackLight
0xff8534e0,TurnOnDisplay
0xff859c80,TurnOnVideoOutMode_FW
0xff940000,UI.Create_FW
0xff940000,UI_RegistDebugEventProc_FW
0xff93ec0c,UI_ShowStateOfRecMode_FW
0xff88a7dc,UiEvnt_SetLogicalEventActive_FW
0xff88a860,UiEvnt_StartDisguiseCradleStatus_FW
0xff88a870,UiEvnt_StopDisguiseCradleStatus_FW
0xff970664,UIFS_Capture_FW
0xff970738,UIFS_CaptureNoneStop_FW
0xff93f1ac,UIFS_ChangeShootState_FW
0xff93ee74,UIFS_ClosePopupStrobe_FW
0xff93f04c,UIFS_ConnectHDMI_FW
0xff93efec,UIFS_ConnectVideo_FW
0xff93f050,UIFS_DisconnectHDMI_FW
0xff93f01c,UIFS_DisconnectVideo_FW
0xff93f118,UIFS_EndClockMode_FW
0xff93f2c0,UIFS_GetAvItem_FW
0xff93f210,UIFS_GetAvItemCount_FW
0xff93f3f8,UIFS_GetCurrentAvString_FW
0xff93f478,UIFS_GetCurrentTvString_FW
0xff93f1d8,UIFS_GetLastPath_FW
0xff93f130,UIFS_GetMovieRecoadableNumber_FW
0xff93f178,UIFS_GetStillShotableNumber_FW
0xff93f2fc,UIFS_GetTvItem_FW
0xff93f268,UIFS_GetTvItemCount_FW
0xff93eddc,UIFS_IsAvailableISO3200_FW
0xff8940b8,UIFS_IsAvailableShots_FW
0xff93ede4,UIFS_IsCurrentCaptureModeISO3200_FW
0xff93eea4,UIFS_MountExtFlash_FW
0xff9718f0,UIFS_MoveZoomTo_FW
0xff93ee44,UIFS_OpenPopupStrobe_FW
0xff93f0d0,UIFS_PostModeDial_FW
0xff93ef04,UIFS_PressTeleButton_FW
0xff93ef78,UIFS_PressWideButton_FW
0xff93f05c,UIFS_RestartPostingUIEvent_FW
0xff93ee00,UIFS_SetCaptureModeToISO3200_FW
0xff93f094,UIFS_SetCaptureModeToM_FW
0xff93f0c8,UIFS_SetCaptureModeToMacro_FW
0xff93ed38,UIFS_SetCaptureModeToP_FW
0xff93f060,UIFS_SetCaptureModeToTv_FW
0xff93f128,UIFS_SetCradleSetting_FW
0xff93ed7c,UIFS_SetDialMovieRec_FW
0xff93edbc,UIFS_SetDialPlay_FW
0xff93ed18,UIFS_SetDialStillRec_FW
0xff93f1d0,UIFS_ShootSeqToUI_FW
0xff93f108,UIFS_StartClockMode_FW
0xff895348,UIFS_StartMovieRecord_FW
0xff89537c,UIFS_StopMovieRecord_FW
0xff93f058,UIFS_StopPostingUIEvent_FW
0xff93eed4,UIFS_UnmountExtFlash_FW
0xff93ef40,UIFS_UnpressTeleButton_FW
0xff93efb4,UIFS_UnpressWideButton_FW
0xff956720,UIFS_WriteFirmInfoToFile
0xff956720,UIFS_WriteFirmInfoToFile_FW
0xff85c1e8,UndisplayFactoryMode_FW
0xff87dc50,UnLoadScript_FW
0xff836a90,UnlockAE
0xff8368b4,UnlockAF
0xff88a9b4,UnlockMainPower
0xff88a9b4,UnlockMainPower_FW
0xffad36b4,UnregistColorMatrix_FW
0xff81e570,UnregisterInterruptHandler
0xff9712b8,UnsetZoomForMovie
0xff8685f4,UpdateMBROnFlash
0xff831df4,VbattGet
0xff831df4,VbattGet_FW
0xffa6950c,VerifyByte_FW
0xff820340,vsprintf
0xff93e334,Wait_FW
0xff87c71c,WaitForAllEventFlag
0xff838774,WaitForAllEventFlagStrictly
0xff87c638,WaitForAnyEventFlag
0xff838748,WaitForAnyEventFlagStrictly
0xff9f4dc8,wblpface.clear_FW
0xff9f4d88,wblpface.init_FW
0xff9f4da8,wblpface.start_FW
0xff9f4db8,wblpface.stop_FW
0xff9f4d98,wblpface.term_FW
0xff835444,Write
0xff835444,write
0xff835444,Write_FW
0xff85deac,WRITEADJTABLETOFROM_FW
0xff85ded0,WRITEADJUSTMENTDATATOFROM_FW
0xffad70d4,WriteGyroAdjustment_FW
0xffad7094,WriteHallDeviceAdjustment_FW
0xffad7150,WritePWMAdjustment_FW
0xff926644,WriteSDCard
0xff946edc,WriteToRom_FW
