0xff813700,_GetSystemTime
0xff91d198,_log
0xff919f40,_log10
0xff91a0c0,_pow
0xff91bf80,_sqrt
0xffa5955c,AbortAEIntegralValue_FW
0xffb21120,AcquireRecursiveLock
0xffa69fd0,ActivateAdjLog_FW
0xff9b3e64,ActivateImager_FW
0xffa6884c,AddAdjDataToFRom_FW
0xff90b6f0,AddItemToDialogBox_FW
0xffa6abc4,AddTransparentMemory_FW
0xffa618b8,AdjAEWithAperturePriority_FW
0xffa617d4,AfAEWithAperturePriority_FW
0xffa61a9c,AfAEWithCompensation_FW
0xffa38f8c,AFAssistBeam_FW
0xff818678,AllocateMemory
0xff818678,AllocateMemory_FW
0xff81e5b8,AllocateUncacheableMemory
0xff93ba2c,apex2us
0xff9218b0,atol_FW
0xffa6ac0c,AttachToTransparentMemory_FW
0xffa37528,Bat_Calc_FW
0xffa637e0,Bat_Save_FW
0xffa637cc,Bat_VIN_FW
0xffa35eec,BatVoltageToAd_FW
0xffa3835c,BeepDrive_FW
0xffa38370,BeepDriveComp_FW
0xffa5caf8,CalcLog10_FW
0xffa37528,CalculateBatSenseOffset_FW
0xffa5caa0,CalculateLog2ToApex_FW
0xffa5ca6c,CalculatePeakFromLeastSquareResult_FW
0xffa5f4c8,CalculatePeakPositionByLeastSquare_FW
0xffa5cad4,CalculatePow2FromApex_FW
0xffa61728,CancelAdj_AEMode_FW
0xffa5b5f4,CancelAdjCdsMode_FW
0xffa60b84,CancelBPFForBestPintCorrect_FW
0xffa60ef4,CancelExStrobeMode_FW
0xffae0810,CancelFocusLensMaxSpeedLimit_FW
0xff814658,CancelHPTimer
0xff9b4184,CancelImager_FW
0xff813968,CancelTimer
0xff93963c,Capture.Create_FW
0xff9396d8,Capture.Delete_FW
0xffa5b29c,ChangeAdjImgDrvMode_FW
0xffa5b2f4,ChangeAEIntegDrvTypeToAdjImgDriveType_FW
0xffae09b8,ChangeFocusDistanceToPosition_FW
0xff99cab4,ChangeGradeTable_FW
0xff9b4240,ChangeImagerToAlternateDraft_FW
0xff9b42e0,ChangeImagerToDigiconMode_FW
0xff9b4270,ChangeImagerToFocusJet_FW
0xff9b42a0,ChangeImagerToHoneyFlash_FW
0xff9b4250,ChangeImagerToJetDraft_FW
0xff9b4280,ChangeImagerToJumboDraft_FW
0xff9b42b0,ChangeImagerToMangoPudding_FW
0xff9b4290,ChangeImagerToMillefeAdjust_FW
0xff9b42d0,ChangeImagerToMontblancMillefe_FW
0xff9b42c0,ChangeImagerToMontblancWhole_FW
0xff9b4230,ChangeImagerToNarrowDraft_FW
0xff9b42e0,ChangeImagerToOITA_XAVIER_FW
0xff9b4260,ChangeImagerToPetitNarrow_FW
0xff9b4320,ChangeImagerToSmearCorrectAlternate_FW
0xff9b4310,ChangeImagerToSmearCorrectSuper_FW
0xff9b4300,ChangeImagerToSmearCorrectWide_FW
0xff9b4210,ChangeImagerToSuperWideDraft_FW
0xff9b42f0,ChangeImagerToUltraGhostQ_FW
0xff9b41e4,ChangeImagerToWholeParallel_FW
0xff9b4200,ChangeImagerToWholeParallelHalf_FW
0xff9b41b4,ChangeImagerToWholeSerial_FW
0xff9b41cc,ChangeImagerToWholeSerialLineDef_FW
0xff9b4220,ChangeImagerToWideDraft_FW
0xff9b4330,ChangeImagerToXXX_FW
0xff9b44b0,ChangeUseAf_FW
0xffb17af0,ChangeZoomSpeed_FW
0xffa60f04,ChargeStrobe_FW
0xffb1e638,CheckAllEventFlag
0xffb1e628,CheckAnyEventFlag
0xff8181b4,CheckSumAll_FW
0xff99cf88,ClearDefectCount_FW
0xffa6613c,ClearDUIDFixFlag_FW
0xffb1ea38,ClearEventFlag
0xffa660d4,ClearFactoryMode_FW
0xffaee944,ClearPMByFs_FW
0xffaee934,ClearPMByGpio_FW
0xffaa597c,Close
0xff927564,close
0xffaa597c,Close_FW
0xff819530,CloseConsole_FW
0xffb5f9c4,closedir
0xffaea26c,CloseMechaShutter_FW
0xffaea26c,CloseMechaShutterEvent_FW
0xffaea2cc,CloseMechaShutterWithTiming_FW
0xffa5bde0,CloseMShutter_FW
0xffa6f858,CompletePrepareTestRec_FW
0xff90c870,ControlEventHandler_FW
0xffa5b1f8,ConvertAdjImgDrvModeToAdjImgDriveType_FW
0xffa5b1a8,ConvertAEIntegDrvTypeToAdjImgDriveType_FW
0xffa5cbc4,ConvertApexStdToApex_FW
0xffa5cb90,ConvertApexToApexStd_FW
0xffa5d228,ConvertCxCyToWBGain_FW
0xffa5dfbc,ConvertToPositionWithDistanceAndZoomPoint_FW
0xffa5b724,ConvertTvToExposureTime_FW
0xff819268,CPrintf_FW
0xff8192cc,CPutChar_FW
0xffa683b0,CreateAdjustmentTableMirror_FW
0xffb1f7a0,CreateBinarySemaphore
0xffb212f0,CreateBinarySemaphoreStrictly
0xffb3a3d8,CreateController_FW
0xffb1f888,CreateCountingSemaphore
0xffb1f888,CreateCountingSemaphore_FW
0xffb2131c,CreateCountingSemaphoreStrictly
0xff90b1e8,CreateDialogBox_FW
0xff90c668,CreateDialogItem_FW
0xff8cba9c,CreateDpConnectController_FW
0xffb1e37c,CreateEventFlag
0xffb212c4,CreateEventFlagStrictly
0xffa696ec,CreateFADBGSingalID_FW
0xff8b8ba0,CreateLanguageMenu_FW
0xffb1ec68,CreateMessageQueue
0xffb21298,CreateMessageQueueStrictly
0xff88fa64,CreatePlayMyColController_FW
0xff8153ec,CreateProxyOfEventProcedure_FW
0xffb20f6c,CreateRecursiveLock
0xffb21348,CreateRecursiveLockStrictly
0xffb201b8,CreateTask
0xffb201b8,CreateTask_FW
0xffb21258,CreateTaskStrictly
0xffa1790c,CreateVcomUart_FW
0xff8eaec4,DBG_changeTraceLevel_FW
0xffb2c0c4,DebugAssert
0xffb3a49c,DeleteController_FW
0xff90b3e4,DeleteDialogBox_FW
0xff90b604,DeleteDialogBoxAfterGetTopOfControl_FW
0xff90c758,DeleteDialogItem_FW
0xff8cbd10,DeleteDpConnectController_FW
0xffb1e488,DeleteEventFlag
0xffaa0f50,DeleteFile_Fut
0xff90b7c4,DeleteItemFromDialogBox_FW
0xff8b8d64,DeleteLanguageMenu_FW
0xffb1edb8,DeleteMessageQueue
0xff90e34c,DeletePalette_FW
0xff88fab4,DeletePlayMyColController_FW
0xff815474,DeleteProxyOfEventProcedure_FW
0xffb21088,DeleteRecursiveLock
0xffb1f9a0,DeleteSemaphore
0xffb1f9a0,DeleteSemaphore_FW
0xffa17a18,DeleteVcomUart_FW
0xffa64978,DevelopStillPicture_FW
0xffa693b4,DeviceUniqueIDCheckSum_FW
0xffb42408,DisableAutoShutdown_FW
0xffa729fc,DisableDebugLogMode_FW
0xffae086c,DisableFocusLens_FW
0xffae87f8,DisableFocusPiCircuit_FW
0xffae87d8,DisableMechaCircuit_FW
0xff9e0f1c,DisableNotificationPTP_FW
0xff9ba330,DisableOBClampField_FW
0xff9160e4,DisableRefreshPhysicalScreen_FW
0xffae8868,DisableZoomEncoderCircuit_FW
0xffae8830,DisableZoomPiCircuit_FW
0xffa2e97c,DispCon_GetVideoAdjParameter_FW
0xffa2e9ec,DispCon_SaveVideoAdjParameter_FW
0xffa2e7b4,DispCon_SetDisplayType_FW
0xffa2e7f8,DispCon_SetMaxBackLightBrightness_FW
0xffa2e90c,DispCon_SetVideoAdjParameter_FW
0xffa2e6c0,DispCon_ShowBitmapColorBar
0xffa2e6c0,DispCon_ShowBitmapColorBar_FW
0xffa2e6a4,DispCon_ShowBlackChart_FW
0xffa2e4d4,DispCon_ShowColorBar_FW
0xffa2e72c,DispCon_ShowCustomColorBar_FW
0xffa2e548,DispCon_ShowFiveStep_FW
0xffa2e9d0,DispCon_ShowVideoAdjParameter_FW
0xffa2e660,DispCon_ShowWhiteChart_FW
0xffa2e7e8,DispCon_TurnOffDisplay_FW
0xffa2e7d8,DispCon_TurnOnDisplay_FW
0xffa2d164,DispDev_EnableEventProc_FW
0xff90baac,DisplayDialogBox_FW
0xffa65d74,DisplayFactoryMode_FW
0xffb06694,DoAELock
0xffb17b58,DoAELock_FW
0xffb06160,DoAFLock
0xffb17b38,DoAFLock_FW
0xff90bec0,DrawBinaryBitmapToDialog_FW
0xff90c7d8,DrawDialogItem_FW
0xff90bd70,DrawStringToDialog_FW
0xffa330b0,Driver_EnableEventProc_FW
0xff818654,Dump32_FW
0xff818478,Dump_FW
0xffa67e14,DumpAdjMirror_FW
0xffa6ab70,DumpTransparentMemoryItem_FW
0xff9ade18,EF.AdjPreFlash_FW
0xff9ade0c,EF.IsChargeFull_FW
0xff9ade80,EF.SetChargeMode_FW
0xff9add10,EF.SetEFChargeTimeOut_FW
0xff9addf8,EF.SetMainFlashTime_FW
0xff9adca0,EF.StartEFCharge_FW
0xff9add68,EF.StartInternalMainFlash_FW
0xff9add24,EF.StartInternalPreFlash_FW
0xff9add00,EF.StopEFCharge_FW
0xffb42420,EnableAutoShutdown_FW
0xffa729e4,EnableDebugLogMode_FW
0xffae0820,EnableFocusLens_FW
0xffae87e8,EnableFocusPiCircuit_FW
0xffb1ec28,EnableInterrupt
0xffae87c8,EnableMechaCircuit_FW
0xff9e0f30,EnableNotificationPTP_FW
0xff9ba318,EnableOBClampField_FW
0xff9160d0,EnableRefreshPhysicalScreen_FW
0xffae8858,EnableZoomEncoderCircuit_FW
0xffae8820,EnableZoomPiCircuit_FW
0xff8ef020,EndClockMode_FW
0xffa49230,EngDrvBits
0xffa49214,EngDrvIn
0xffa491fc,EngDrvOut
0xffa4921c,EngDrvRead
0xffa582d0,EngineDriver.Create_FW
0xffa582f8,EngineDriver.Delete_FW
0xffa67df4,EraseAdjustmentArea_FW
0xffb1c694,EraseLogSector_FW
0xffb23cac,EraseSectorOfRom_FW
0xff81870c,EraseSignature_FW
0xff9251b8,errnoOfTaskGet
0xffae0064,EscapeFocusLens_FW
0xff818794,exec_FW
0xffa6ff38,ExecuteDigicon_FW
0xff814a6c,ExecuteEventProcedure
0xff814a6c,ExecuteEventProcedure_FW
0xffa3772c,ExecuteLoadTest_FW
0xff8250b8,ExecuteResetFactoryWithRomWrite_FW
0xffa6fbf0,ExecuteTestRec_FW
0xffa6ffb4,ExecuteTestRecCF_FW
0xffb0658c,ExitFromCompensationEVF
0xffb20578,ExitTask
0xffb20578,ExitTask_FW
0xff81d568,ExMem.AllocCacheable_FW
0xff81d53c,ExMem.AllocUncacheable_FW
0xff81d580,ExMem.FreeCacheable_FW
0xff81d554,ExMem.FreeUncacheable_FW
0xff81e514,exmem_free
0xff8153d4,ExportToEventProcedure_FW
0xffa694e8,FA.Create_FW
0xffa6951c,FA.Delete_FW
0xffa697ec,FADBGPrintf_FW
0xffa69704,FADBGSingal_FW
0xffa69980,FAPrintf_FW
0xffaa10c4,Fclose_Fut
0xffaa10c4,Fclose_Fut_FW
0xffaa12c0,Feof_Fut
0xffaa12fc,Fflush_Fut
0xffaa1228,Fgets_Fut
0xff90bd10,FillRectangleToDialog_FW
0xffa6163c,FixAEWithCompensation_FW
0xff8bb0b8,FmtMenu_ExecuteQuickFormat_FW
0xffa61530,FocusAEWithCompensation_FW
0xffaa1084,Fopen_Fut
0xffaa1084,Fopen_Fut_FW
0xffaa1180,Fread_Fut
0xffaa1180,Fread_Fut_FW
0xffa73000,FreeBufferForSoundRec_FW
0xff818664,FreeMemory
0xff818664,FreeMemory_FW
0xffaa1274,Fseek_Fut
0xffaa1274,Fseek_Fut_FW
0xffaa1344,Fut.Save_FW
0xffaa11d4,Fwrite_Fut
0xffaa11d4,Fwrite_Fut_FW
0xffa33fb0,GetAdChValue_FW
0xffa67eb4,GetAdjTableMapVersion_FW
0xffa67ec4,GetAdjTableValueVersion_FW
0xffa67e6c,GetAdjTableVersion_FW
0xffa33fe0,GetAdVBattBottom_FW
0xffa59c10,GetAEIntegralServiceMode_FW
0xffa594b0,GetAEIntegralValue_FW
0xffa59788,GetAEIntegralValueWithFix_FW
0xffa598f8,GetAllAEIntegralAllValueWithFix_FW
0xff90ca48,GetAttributeFromDialogItem_FW
0xffa3fc48,GetBatteryTemperature
0xffa3fc48,GetBatteryTemperature_FW
0xff817f3c,GetBuildDate_FW
0xff817f54,GetBuildTime_FW
0xffa3fc34,GetCCDTemperature
0xffa3fc34,GetCCDTemperature_FW
0xffa5b4fc,GetCdsGainValue_FW
0xff819300,GetCh_FW
0xffa6315c,GetContinuousMovieJpegVRAMData_FW
0xffa626c0,GetContinuousVRAMData_FW
0xffa62fbc,GetContinuousVRAMDataWithRingBuffer_FW
0xffa5b168,GetCurrentAdjImgDriveType_FW
0xffa5babc,GetCurrentAvValue
0xffa5babc,GetCurrentAvValue_FW
0xff82b020,GetCurrentCaptureModeType_FW
0xffa5b760,GetCurrentExposureTime_FW
0xffa5e08c,GetCurrentFocusLensPosition_FW
0xffa5b178,GetCurrentImgDrvMode_FW
0xffa5b778,GetCurrentShutterSpeed_FW
0xffa5e034,GetCurrentTargetDistance
0xffa5e034,GetCurrentTargetDistance_FW
0xffa5d6e8,GetCurrentZoomLensDirection_FW
0xffa5d6d4,GetCurrentZoomLensPoint_FW
0xffa5d6c0,GetCurrentZoomLensPosition_FW
0xffa63bf0,GetDay_FW
0xff99cf98,GetDefectCount_FW
0xff90bf28,GetDialogBoxWindow_FW
0xff90cba8,GetDialogItemPosition_FW
0xff90c0b0,GetDialogItemPositionToDialog_FW
0xff90cc28,GetDialogItemResolution_FW
0xff90c0e4,GetDialogItemResolutionToDialog_FW
0xffa60408,GetDigiconData_FW
0xffaa5168,GetDrive_ClusterSize
0xffaa51e0,GetDrive_FreeClusters
0xffaa51a4,GetDrive_TotalClusters
0xffb1ea88,GetEventFlagValue
0xffa60ee0,GetExStrobeID_FW
0xff817f78,GetFirmwareVersion_FW
0xffa5e00c,GetFocusDefaultResetPosition_FW
0xff90b9d4,GetFocusedItemIDOfDialogItem_FW
0xffae08b8,GetFocusLensCurrentPosition_FW
0xffae09d0,GetFocusLensLoadCamTable_FW
0xffae0988,GetFocusLensLoadSubjectDistance_FW
0xffae0980,GetFocusLensPositionRatio_FW
0xffae0718,GetFocusLensPullInMaxSpeed_FW
0xffae072c,GetFocusLensPullOutMaxSpeed_FW
0xffae0908,GetFocusLensResetDefaultPosition_FW
0xffae08cc,GetFocusLensResetPosition_FW
0xffae08e0,GetFocusLensResetPositionForInside_FW
0xffae08f4,GetFocusLensResetPositionForOutside_FW
0xffae0988,GetFocusLensSubjectDistance,(stubs_entry_2.s)
0xffae0930,GetFocusLensSubjectDistance_FW
0xffae0954,GetFocusLensSubjectDistanceFromLens,(stubs_entry_2.s)
0xffae0954,GetFocusLensSubjectDistanceFromLens_FW
0xffae0978,GetFocusLensSubjectDistanceNumber_FW
0xffae8808,GetFocusPiSensorLevel_FW
0xffa5e020,GetFocusResetPosition_FW
0xff90bfd8,GetFocusScopeToDialog_FW
0xffa63c20,GetHour_FW
0xffa3a364,GetHVSw_FW
0xffae5808,GetIrisAv_FW
0xff90ba0c,GetItemHandleOfDialogBox_FW
0xffa3b17c,GetKbdState
0xffa35eb0,GetLBOffset_FW
0xffae7994,GetLensErrorStatus_FW
0xffa69e18,GetLogData_FW
0xffa69f08,GetLogDataOnlyAddMemory_FW
0xffb3deac,GetLogicalEventName
0xffb1c4e4,GetLogToFile_FW
0xffb4294c,GetMainPowerLockCounter_FW
0xffaea35c,GetMechaShutterStatus_FW
0xffa63c50,GetMinute_FW
0xff9b6768,GetMontblancVSize_FW
0xffa63bb8,GetMonth_FW
0xffa63088,GetMovieJpegVRAMHPixelsSize_FW
0xffa63094,GetMovieJpegVRAMVPixelsSize_FW
0xffb1f720,GetNumberOfPostedMessages
0xffa5b478,GetObClampValue_FW
0xffa3fc20,GetOpticalTemperature
0xffa3fc20,GetOpticalTemperature_FW
0xff90e55c,GetPaletteFromPhysicalScreen_FW
0xffa62df0,GetPixelsOfViewangle_FW
0xff90c960,GetPropertyFromDialogItem_FW
0xff90b658,GetPropertyFromDialogItemWithID_FW
0xffa3a048,GetSDDetect_FW
0xffa3a05c,GetSDProtect
0xffa3a05c,GetSDProtect_FW
0xffa63c80,GetSecond_FW
0xffb3a738,GetSelfControllerHandle_FW
0xffb1fe70,GetSemaphoreValue
0xffa5b8bc,GetShutterSpeedRegularMaxLimit_FW
0xffa5b8e0,GetShutterSpeedRegularMinLimit_FW
0xffb1ebfc,GetSRAndDisableInterrupt
0xff819364,GetStringWithPrompt_FW
0xffa6231c,GetSumYOfVRAMCenterLine_FW
0xffa39f5c,GetSwitchStatus_FW
0xff81873c,GetSystemTime_FW
0xffb2cecc,GetTimeOfSystem_FW
0xffa6ac98,GetTransparentMemory_FW
0xffa6acf0,GetTransparentMemoryPosition_FW
0xffa6ac78,GetTransparentMemorySize_FW
0xffa64640,GetUnpackCrwIntegralValue_FW
0xffa5b8ac,GetUserSetShutterSPeed_FW
0xffa61f10,GetVideoOutType_FW
0xffa625e4,GetVRAMHPixelsSize
0xffa625e4,GetVRAMHPixelsSize_FW
0xffa625f0,GetVRAMVPixelsSize
0xffa625f0,GetVRAMVPixelsSize_FW
0xffa63b80,GetYear_FW
0xffaee8cc,GetZoomActuatorCurrentPosition_FW
0xffaee8b8,GetZoomActuatorSpeedPPS_FW
0xffaf1858,GetZoomLensCurrentPoint
0xffaf1858,GetZoomLensCurrentPoint_FW
0xffaf186c,GetZoomLensCurrentPosition
0xffaf186c,GetZoomLensCurrentPosition_FW
0xffa5db50,GetZoomLensElecCurrent_FW
0xffa5da5c,GetZoomLensResetPlus_FW
0xffa5da84,GetZoomLensSpeed_FW
0xffaf1880,GetZoomLensTelePoint_FW
0xffae8840,GetZoomPiSensorLevel_FW
0xffb1fd84,GiveSemaphore
0xffb1fd84,GiveSemaphore_FW
0xffb42b44,HardwareDefect_FW
0xffb42b74,HardwareDefectWithRestart_FW
0xffa69ff0,InactivateAdjLog_FW
0xffa583ec,InitializeAdjustmentFunction_FW
0xffa5835c,InitializeAdjustmentSystem_FW
0xffa0dd4c,InitializeDCPClassFunctions_FW
0xffa6fe20,InitializeDigicon_FW
0xffa733bc,InitializeSoundRec_FW
0xffa6f97c,InitializeTestRec_FW
0xff939610,InPort_FW
0xff90c58c,InstallDialogItem_FW
0xff928784,iosDevAdd
0xff92875c,iosDevDelete
0xff928a48,iosDrvInstall
0xffa5b610,IsAdjCdsMode_FW
0xff91eb3c,isalpha
0xffb400cc,IsControlEventActive
0xffb400cc,IsControlEventActive_FW
0xff91eb6c,isdigit
0xffb42300,IsDisableAutoShutdown_FW
0xffa6628c,IsDUIDFixFlag_FW
0xff9160f8,IsEnableRefreshPhysicalScreen_FW
0xffa61f50,IsEVFDrive_FW
0xffa622e0,IsEvfDriveMode_FW
0xffa60ee8,IsExStrobeChargeComp_FW
0xffa662c4,IsFactoryMode_FW
0xffae7988,IsLensOutside_FW
0xffa6a02c,IsLogOutType_FW
0xff91eb9c,islower
0xff91ebcc,ispunct
0xff91ebe4,isspace
0xff9ae7d4,IsStrobeChargeCompleted
0xff91ebfc,isupper
0xff91ec14,isxdigit
0xffaee918,IsZoomActuatorResetSensorPlusSide_FW
0xffa395d8,kbd_p1_f
0xffa395e4,kbd_p1_f_cont
0xffa3b1bc,kbd_pwr_off,(stubs_entry_2.s)
0xffa3b17c,kbd_pwr_on,(stubs_entry_2.s)
0xffa396a4,kbd_read_keys
0xffa3ac4c,kbd_read_keys_r2,(stubs_entry_2.s)
0xff90c264,KeepDefaultMoveFocusEventToDialog_FW
0xffa31e30,LcdCon_GetLcdAdjParameter_FW
0xffa3222c,LcdCon_GetLcdBackLightParameter_FW
0xffa31ed8,LcdCon_SaveLcdAdjParameter_FW
0xffa322d4,LcdCon_SaveLcdBackLightParameter_FW
0xffa31d44,LcdCon_SetLcdAdjParameter_FW
0xffa320e8,LcdCon_SetLcdBackLightBrightness_FW
0xffa32188,LcdCon_SetLcdBackLightParameter_FW
0xffa31c20,LcdCon_SetLcdDriver_FW
0xffa31e88,LcdCon_ShowLcdAdjParameter_FW
0xffa32284,LcdCon_ShowLcdBackLightParameter_FW
0xff909ed4,LCDMsg_ChangeColor_FW
0xff909978,LCDMsg_Create_FW
0xff909938,LCDMsg_Delete_FW
0xff909910,LCDMsg_Move_FW
0xff909a0c,LCDMsg_SetNum_FW
0xff909a30,LCDMsg_SetStr_FW
0xff9099f0,LCDMsg_SwDisp_FW
0xffa38f40,LEDDrive
0xffa38f40,LEDDrive_FW
0xffa67f3c,LoadAdjustmentTable_FW
0xffa67fa0,LoadAdjustmentValue_FW
0xffa69288,LoadDataFromAdjTableBin_FW
0xffa6915c,LoadParamDataFromAdjTableBin_FW
0xffb241bc,LoadScript_FW
0xffa37778,LoadTest_Result_Print_Off_FW
0xffa37764,LoadTest_Result_Print_On_FW
0xffb2c990,LocalTime
0xffb427b0,LockMainPower
0xffb427b0,LockMainPower_FW
0xff915f68,LockPhysicalScreen_FW
0xff90c160,LockRefreshDialog_FW
0xff8158b8,LogCameraEvent
0xffa35ed8,LowBat_Result_Print_Off_FW
0xffa35ec0,LowBat_Result_Print_On_FW
0xffaa5a74,Lseek
0xff9276a8,lseek
0xffaa5a74,Lseek_FW
0xff81c944,MakeBootDisk_FW
0xffaa1004,MakeDirectory_Fut
0xff81c958,MakeScriptDisk_FW
0xff92a5a4,malloc_alt
0xffae4d00,MechaRegisterEventProcedure_FW
0xffae4d98,MechaReset_FW
0xffae4dcc,MechaTerminate_FW
0xffae4d40,MechaUnRegisterEventProcedure_FW
0xff922768,memchr
0xff92279c,memcmp
0xff92279c,memcmp_FW
0xff9227d8,memcpy
0xff9227d8,memcpy_FW
0xffb218d4,MemoryChecker_FW
0xff92a9c4,memPartInfoGet
0xff922850,memset
0xff922850,memset_FW
0xff92a9b4,memShow_FW
0xffb17b88,MFOff_FW
0xffb17b78,MFOn_FW
0xff923584,mktime
0xff81f374,ModeLevelMovieRecForScript_FW
0xff81f380,ModeLevelPlayForScript_FW
0xff81f368,ModeLevelStillRecForScript_FW
0xff81875c,MonSelEvent_FW
0xffb3a5d4,MoveControllerToTopOfZOrder_FW
0xffadda14,MoveCZToPoint_FW
0xffaddab0,MoveCZToTele_FW
0xffaddab0,MoveCZToTeleEvent_FW
0xffadda68,MoveCZToWide_FW
0xffaee9b8,MoveDCMotorCCW_FW
0xffaee954,MoveDCMotorCW_FW
0xff90b518,MoveDialogBoxPosition_FW
0xff90c024,MoveDialogControllerToTopOfZOrder_FW
0xff90cab4,MoveDialogItemPosition_FW
0xff90c048,MoveDialogItemPositionToDialog_FW
0xffb17b24,MoveDigitalZoomAt_FW
0xffb17b04,MoveDigitalZoomToTele_FW
0xffb17b14,MoveDigitalZoomToWide_FW
0xffae03c0,MoveFocusActuator_FW
0xffae0144,MoveFocusLensToDistance,(stubs_entry_2.s)
0xffa5e2cc,MoveFocusLensToDistance_FW
0xffa5e194,MoveFocusLensToPosition_FW
0xffa5e130,MoveFocusLensToPositionWithMaxSpeed_FW
0xffae00e4,MoveFocusLensToTerminate_FW
0xffa5e0a0,MoveFocusLensToTerminatePosition_FW
0xffae0144,MoveFocusLensWithDistance_FW
0xffae0218,MoveFocusLensWithPosition_FW
0xffae02ec,MoveFocusLensWithPositionWithoutBacklash_FW
0xffa5ba44,MoveIrisToAv_FW
0xffae5798,MoveIrisToTerminatePosition_FW
0xffae57a0,MoveIrisWithAv
0xffae57a0,MoveIrisWithAv_FW
0xffae57d4,MoveIrisWithAvWithoutBacklash_FW
0xffae78d8,MoveLensToFirstPoint_FW
0xffae78d8,MoveLensToFirstPointEvent_FW
0xffae7938,MoveLensToTerminatePoint_FW
0xffae7938,MoveLensToTerminatePointEvent_FW
0xffb17ad8,MoveOpticalZoomAt_FW
0xffb17aa8,MoveOpticalZoomToTele_FW
0xffb17ac0,MoveOpticalZoomToWide_FW
0xff90b488,MoveViewPortPosition_FW
0xffaee858,MoveZoomActuator_FW
0xffa5dc34,MoveZoomLensToMechaEnd_FW
0xffa5d8e4,MoveZoomLensToPoint_FW
0xffa5d8a0,MoveZoomLensToPosition_FW
0xffa5dcbc,MoveZoomLensToPositionByManual_FW
0xffaf1800,MoveZoomLensToTerminatePosition_FW
0xffaf1730,MoveZoomLensWithPoint
0xffaf1730,MoveZoomLensWithPoint_FW
0xffaf17ac,MoveZoomLensWithPosition_FW
0xff9e0ff8,NotifyConnectPictBridge_FW
0xff9e1010,NotifyDisconnectPictBridge_FW
0xffb11834,NR_GetDarkSubType
0xffb11834,NR_GetDarkSubType_FW
0xffb11880,NR_GetDefectCorrectType_FW
0xffb117a4,NR_SetDarkSubType
0xffb117a4,NR_SetDarkSubType_FW
0xffb11800,NR_SetDefectCorrectType_FW
0xffb118cc,NR_SetLotasPonyType_FW
0xffa3a388,OffPrintHVStatus_FW
0xffa39f48,OffPrintPhySw_FW
0xffa3c48c,OffPrintTouchWheel_FW
0xffa5cde8,OneShotWhigeBalance_FW
0xffa3a374,OnPrintHVStatus_FW
0xffa39f30,OnPrintPhySw_FW
0xffa3c448,OnPrintTouchWheel_FW
0xffaa5954,Open
0xff927ba8,open
0xffaa5954,Open_FW
0xff8193e8,OpenConsole_FW
0xffb5f9f8,opendir
0xffaea29c,OpenMechaShutter_FW
0xffaea29c,OpenMechaShutterEvent_FW
0xffa5be28,OpenMShutter_FW
0xff9395fc,OutPort_FW
0xffa69a9c,OutputLogToFile_FW
0xff821e64,PB2Rec
0xff8186e4,Peek16_FW
0xff8186d8,Peek32_FW
0xff8186f8,Peek8_FW
0xff99cd5c,PointDefDetect_FW
0xff99cea4,PointKizuCheck_FW
0xff8186b0,Poke16_FW
0xff81869c,Poke32_FW
0xff8186c4,Poke8_FW
0xffb3e048,PostEventShootSeqToUI_FW
0xffa38fac,PostLEDMessage_FW
0xffb3df44,PostLogicalEventForNotPowerType
0xffb3df44,PostLogicalEventForNotPowerType_FW
0xffb3dfc0,PostLogicalEventToUI
0xffb3dfc0,PostLogicalEventToUI_FW
0xffb1f3cc,PostMessageQueue
0xffa61758,PreFixAE_FW
0xffa4163c,PrePro.Capture_FW
0xffa41594,PrePro.GetDarkSetUp_FW
0xffa415d4,PrePro.GetDarkSubSetUp_FW
0xffa4168c,PrePro.HybridCrw_FW
0xffa41614,PrePro.LiveImage_FW
0xffa41664,PrePro.MemoryCrw_FW
0xffa415a4,PrePro.SetDarkSetUp_FW
0xffa415e4,PrePro.SetDarkSubSetUp_FW
0xffb71448,PrePro.Unpack_FW
0xffa680dc,PrintAdjTableMap_FW
0xffa5872c,PrintAllAEIntegData_FW
0xff916a20,PrintBmpVramInfo_FW
0xff81228c,printclock_FW
0xff916a50,PrintCurrPalette_FW
0xffb241e0,Printf_FW
0xffa696d8,PrintFaexeVersioin_FW
0xffa69688,PrintFirmVersion_FW
0xffa5ec2c,PrintMultiWinScanTable_FW
0xffa5ea84,PrintScanTable_FW
0xffb168c4,PT_atoi_FW
0xffb16df0,PT_BatLvChange_Low_FW
0xffb16de0,PT_BatLvChange_PreWeak_FW
0xffb16df8,PT_BatLvChange_SysLow_FW
0xffb16de8,PT_BatLvChange_Weak_FW
0xffb171b0,PT_ChangeZoomSpeed_FW
0xffb16854,PT_CompleteCaptModeChange_FW
0xffb16864,PT_CompleteCharge_FW
0xffb16814,PT_CompletePreCapt_FW
0xffb16844,PT_CompletePrepareLens_FW
0xffb16834,PT_CompleteStopDigZoom_FW
0xffb1682c,PT_CompleteStopZoom_FW
0xffb1683c,PT_CompleteStoreLens_FW
0xffb1685c,PT_CompleteSynchroWrite_FW
0xffb17214,PT_DoAELock_FW
0xffb171f4,PT_DoAFLock_FW
0xffb1686c,PT_EraseAllFile_FW
0xffb16f6c,PT_FinishBatteryTest_FW
0xffb16fb4,PT_GetBatteryLevel_FW
0xffb16aac,PT_GetLocalDateAndTimeString_FW
0xffb16a48,PT_GetLocalDateString_FW
0xffb16ba8,PT_GetLocalDayString_FW
0xffb16c04,PT_GetLocalHourMinSecString_FW
0xffb16b54,PT_GetLocalMonthString_FW
0xffb169ec,PT_GetLocalTimeString_FW
0xffb16b00,PT_GetLocalYearString_FW
0xffb1709c,PT_GetLowBatLv_FW
0xffb16fcc,PT_GetPreWeakBatLv_FW
0xffb16940,PT_GetPropertyCaseInt_FW
0xffb1692c,PT_GetPropertyCaseString_FW
0xffb17104,PT_GetSysLowBatLv_FW
0xffb168d0,PT_GetSystemTime
0xffb168d0,PT_GetSystemTime_FW
0xffb17034,PT_GetWeakBatLv_FW
0xffb16cf0,PT_LCD_BkColor_FW
0xffb16dac,PT_LCD_BkColorDef_FW
0xffb17244,PT_MFOff_FW
0xffb17234,PT_MFOn_FW
0xffb168a4,PT_mod_FW
0xffb171e0,PT_MoveDigitalZoomAt_FW
0xffb171c0,PT_MoveDigitalZoomToTele_FW
0xffb171d0,PT_MoveDigitalZoomToWide
0xffb171d0,PT_MoveDigitalZoomToWide_FW
0xffb17194,PT_MoveOpticalZoomAt
0xffb17194,PT_MoveOpticalZoomAt_FW
0xffb1716c,PT_MoveOpticalZoomToTele_FW
0xffb17180,PT_MoveOpticalZoomToWide_FW
0xffb1684c,PT_MovieRecordStopped_FW
0xffb16824,PT_NextShootAvailable_FW
0xffb16c94,PT_PlaySound
0xffb16c94,PT_PlaySound_FW
0xffb1681c,PT_RecreviewAvailable_FW
0xffb16cac,PT_SetMessage_FW
0xffb16904,PT_SetPropertyCaseInt_FW
0xffb168f0,PT_SetPropertyCaseString_FW
0xffb16f18,PT_StartBatteryTest_FW
0xffb16cd4,PT_UndispMessage_FW
0xffb17224,PT_UnlockAE_FW
0xffb17204,PT_UnlockAF_FW
0xffb4343c,PTM_AllResetProperty_FW
0xffb4342c,PTM_AllResetToFactorySetting_FW
0xffb44160,PTM_BackupUIProperty_FW
0xffb44118,PTM_GetCurrentItem_FW
0xffb43634,PTM_GetWorkingCaptureMode_FW
0xffb44130,PTM_NextItem_FW
0xffb44148,PTM_PrevItem_FW
0xffb438ec,PTM_RestoreUIProperty_FW
0xffb440e8,PTM_SetCurrentCaptureMode_FW
0xffb440f8,PTM_SetCurrentItem_FW
0xffb44184,PTM_SetProprietyEnable_FW
0xff9fc6e8,PTPRspnd.EnableGetTreeInfo_FW
0xff9fc728,PTPRspnd.EnableStorage_FW
0xff9fc6dc,PTPRspnd.ResetTable_FW
0xff9fdcc8,PTPRspnd.ShowRemoteStg_FW
0xff9eb684,PTPRspnd.ShutDownPTPFrameworkClient_FW
0xff9eb5d0,PTPRspnd.StartUpPTPFrameworkClient_FW
0xffa5bca0,PutInNdFilter_FW
0xffa5bce8,PutOutNdFilter_FW
0xff815988,PutsCameraLogEvent_FW
0xff921ffc,qsort
0xff9b3f14,QuietImager_FW
0xff922020,rand
0xffaa5a10,Read
0xffaa5a10,Read_FW
0xffb5f990,readdir
0xffb2bcd0,realloc
0xff821ea4,Rec2PB
0xffae88b8,ReceiveMechaCircuitDataAll_FW
0xffb1efb4,ReceiveMessageQueue
0xffa68518,RefreshAdjustmentTableMirror_FW
0xff915ffc,RefreshPhysicalScreen
0xff915ffc,RefreshPhysicalScreen_FW
0xff90bb50,RefreshRectangleToDialog_FW
0xff90bc9c,RefreshRegistedRectangleToDialog_FW
0xff9e0f74,RefreshUSBMode_FW
0xff9e8224,RegComEventProc_FW
0xffa6113c,RegistColorMatrix_FW
0xff90dae4,RegisterDialogAPIForEventProcedure_FW
0xff814960,RegisterEventProcedure_FW
0xffb1ebc0,RegisterInterruptHandler
0xff8b8230,RegisterLanguageName_FW
0xffb11980,RegisterNRTableEvent_FW
0xffb17710,RegisterProductTestEvent_FW
0xff90bbd8,RegisterRefreshToDialog_FW
0xffb17ce0,RegisterShootSeqEvent_FW
0xffb211c8,ReleaseRecursiveLock
0xffa60ba4,ReloadAFAdjustment_FW
0xffa60b90,ReloadBPCoeffAdjustment_FW
0xffa5b460,ReloadCdsAdjustment_FW
0xffa6104c,ReloadColorAdjustment_FW
0xffa60ef8,ReloadEfAdjustment_FW
0xffa5e000,ReloadFocusLensAdjustment_FW
0xffa5bab0,ReloadIrisAdjustment_FW
0xffa5bc78,ReloadNdFilterAdjustment_FW
0xffa5cf64,ReloadWBAdjustment_FW
0xffa5d6f8,ReloadZoomAdjustment_FW
0xffaa599c,Remove
0xffa6ac54,RemoveTransparentMemory_FW
0xffaa0ea8,RenameFile_Fut
0xff99cc00,RenewThermoLogNo_FW
0xffa5e3d4,ResetFocus_FW
0xffae0004,ResetFocusLens
0xffae0004,ResetFocusLens_FW
0xffae5768,ResetIris_FW
0xffae5768,ResetIrisEvent_FW
0xffa5d7ec,ResetZoom_FW
0xffaf1618,ResetZoomLens
0xffaf1618,ResetZoomLens_FW
0xffaf1648,ResetZoomLensToFirst_FW
0xffaf1648,ResetZoomLensToFirstPoint_FW
0xffaf16bc,ResetZoomLensToTermiante_FW
0xffaf16bc,ResetZoomLensToTermiantePoint_FW
0xffa5d94c,ResetZoomToAdjFirstPoint_FW
0xffa5d9c4,ResetZoomToAdjTerminatePoint_FW
0xffa5d828,ResetZoomToFirstPoint_FW
0xffa5d864,ResetZoomToTerminatePoint_FW
0xff90b5b8,ResizeDialogBox_FW
0xff90cb28,ResizeDialogItem_FW
0xff90c07c,ResizeDialogItemToDialog_FW
0xff90b4ec,ResizeVirtualWindow_FW
0xff818120,RomCheckSum_FW
0xff8191c0,RotateConsoleZOder_FW
0xffa67f54,SaveAdjustmentTable_FW
0xffa67f70,SaveAdjustmentValue_FW
0xffa637e0,SaveBatSenseOffsetAdjustmentTable_FW
0xffa63ce8,SaveBmpVRAMData_FW
0xffa60bb0,SaveBPAdjValue_FW
0xffa63eb8,SaveFromImage_FW
0xff8b822c,SaveLanguageNameList_FW
0xffa63de4,SavePaletteData
0xffa63de4,SavePaletteData_FW
0xffb241f8,ScriptDisEnabled_FW
0xffb2420c,ScriptEnabled_FW
0xffae8878,SendMechaCircuitData_FW
0xffb3fc00,set_control_event
0xffa616d8,SetAdj_AEMode_FW
0xffa59fd8,SetAdjAEIntegSmearLimitter_FW
0xffa5b5d8,SetAdjCdsMode_FW
0xffa61624,SetAE_CdsGainValue_FW
0xffa613cc,SetAE_ShutterSpeed
0xffa613cc,SetAE_ShutterSpeed_FW
0xffa59fc8,SetAEIntegAverageOBData_FW
0xffa595f4,SetAEIntegralValueProperty_FW
0xffa59598,SetAEIntegStrobeProperty_FW
0xffa59bf0,SetAEIntegValueBit_FW
0xffa59b30,SetAEIntegWindowsMode_FW
0xff90c9d4,SetAttributeToDialogItem_FW
0xffb426b4,SetAutoShutdownTime
0xffb426b4,SetAutoShutdownTime_FW
0xff90bafc,SetBackgroundColorToDialogBox_FW
0xffa35b58,SetBattCheckMode_FW
0xffa60b70,SetBPFForBestPintCorrect_FW
0xffa5b534,SetCDSGain_FW
0xffa5b57c,SetCDSGainStep_FW
0xffa5b534,SetCdsGainValue_FW
0xff82afd0,SetCurrentCaptureModeType
0xff82afd0,SetCurrentCaptureModeType_FW
0xff911a68,SetCurrentPalette_FW
0xffa63808,SetDate_FW
0xffa639c8,SetDay_FW
0xffaeea1c,SetDCMotorWaitTime_FW
0xffa59ff0,SetDefaultAEIntegSmearLimitter_FW
0xff90c13c,SetDefaultMovingFocusToDialog_FW
0xffa723f4,SetDefaultRecParameter_FW
0xffa72954,SetDefectRecParameter_FW
0xffa5b410,SetDeltaCDSGain_FW
0xffa66180,SetDUIDFixFlag_FW
0xffb1e89c,SetEventFlag
0xffa60ef0,SetExStrobeMode_FW
0xffa66108,SetFactoryMode_FW
0xffaa5b64,SetFileAttributes
0xff90b8b0,SetFocusDirectionToDialogItem_FW
0xff90b8c0,SetFocusItemToDialogItem_FW
0xffae05c4,SetFocusLensCondition_FW
0xffae0700,SetFocusLensDefaultPullOutTable_FW
0xffae0800,SetFocusLensMaxSpeedLimit_FW
0xffae0494,SetFocusLensSpeed_FW
0xffae04d0,SetFocusLensSpeedTable_FW
0xffa5fc44,SetFocusScanAutoStopProperty_FW
0xff90bf68,SetFocusScopeToDialog_FW
0xff81253c,SetHClk18MHz_FW
0xff812508,SetHClk36MHz_FW
0xff8124ac,SetHClk72MHz_FW
0xffa63a38,SetHour_FW
0xff814170,SetHPTimerAfterNow
0xff8141fc,SetHPTimerAfterTimeout
0xffa637f0,SetImageMode_FW
0xffa637cc,SetInputVoltage_FW
0xffa63cb0,SetLangMenuType_FW
0xff8123cc,SetLClk18MHz_FW
0xff8123bc,SetLClk36MHz_FW
0xff8123ac,SetLClk72MHz_FW
0xffa59f28,SetLineDefMarkThroughMode_FW
0xffb40158,SetLogicalEventActive
0xff812628,SetMClk18MHz_FW
0xff8125f4,SetMClk36MHz_FW
0xff812598,SetMClk72MHz_FW
0xffaea310,SetMechaShutterCloseDacSetting_FW
0xffaea32c,SetMechaShutterOpenDacSetting_FW
0xffaea348,SetMechaShutterWaitTimeSetting_FW
0xffa63aa4,SetMinute_FW
0xff9b6750,SetMontblancVSize_FW
0xffa63964,SetMonth_FW
0xffa60ac8,SetMultiWinPos_FW
0xffaea668,SetNdDacSetting_FW
0xffa5b4a8,SetObClamp_FW
0xffa5b4a8,SetObClampValue_FW
0xff90c118,SetOriginTypeToDialog_FW
0xff90e504,SetPaletteToPhysicalScreen_FW
0xffaee924,SetPMByGpio_FW
0xff81bb74,SetPropertyCase
0xff90c8ec,SetPropertyToDialogItem_FW
0xff90b628,SetPropertyToDialogItemWithID_FW
0xffa39f18,SetRawSWCheckMode_FW
0xffa5ceac,SetReferenceWBGainForCalibration_FW
0xffb401bc,SetScriptMode
0xffb401bc,SetScriptMode_FW
0xffa3305c,SetSDPwrPort_FW
0xffa63b14,SetSecond_FW
0xffa72928,SetSensitiveDefectRecParameter_FW
0xffa72940,SetSensitiveRecParameter_FW
0xffa5b800,SetShutterSpeed_FW
0xffa5b78c,SetShutterSpeedWithMecha_FW
0xff9b449c,SetSmearOff_FW
0xff9b4488,SetSmearOn_FW
0xffb1ec08,SetSR
0xff9b4340,SetStartLineForNarrowDraft_FW
0xff911a78,SetSystemColorMode_FW
0xff813854,SetTimerAfter
0xff8138f0,SetTimerWhen
0xffa5cedc,SetToolCorrectCoefficient_FW
0xffa3c428,SetTouchWheelRotateMode_FW
0xff9e0f5c,SetUSBToDCPMode_FW
0xff9e0f48,SetUSBToPTPMode_FW
0xffa61f20,SetVideoOutType_FW
0xffa5ce68,SetWBYlStandardWidth_FW
0xffa59a68,SetWhiteCoefficient_FW
0xffa638fc,SetYear_FW
0xff90e3c4,SetYUVPaletteIndex_FW
0xffaee8a4,SetZoomActuatorSpeedPPS_FW
0xffa5dd4c,SetZoomLensControlGain_FW
0xffaf1850,SetZoomLensSpeedMode_FW
0xffb1b3dc,ShowAllTaskInfo_FW
0xffb423d4,ShowAutoShutdownTime_FW
0xffa35be0,ShowBattCheckMode_FW
0xffa35cd4,ShowBattChkAdj_FW
0xff815b34,ShowCameraLog_FW
0xff815a90,ShowCameraLogInfo_FW
0xffa61334,ShowCurrentExp_FW
0xffa67f08,ShowDefaultAdjTableVersion_FW
0xffb42c0c,ShowErrorNumberList_FW
0xffae0770,ShowFocusLensCurrentSpeedTable_FW
0xff8b81f0,ShowLanguageNameList_FW
0xffb3e0b0,ShowLogicalEventName_FW
0xffae4e24,ShowMechaMacro_FW
0xffa39e24,ShowPhySwStatus_FW
0xffa39fc8,ShowSDStatus_FW
0xffa6ab40,ShowTransparentMemory_FW
0xff8cbe18,shutdownDirectPrintUI_FW
0xff90e20c,ShutdownGUISystem_FW
0xff8aedc4,ShutdownPlayAllMenu_FW
0xff8a416c,ShutdownPlayModeMenu_FW
0xff8a4218,ShutdownPlayModeMenuWithoutPbRedraw_FW
0xff8aed4c,ShutdownRecAllMenu_FW
0xff8a3fe8,ShutdownRecModeMenu_FW
0xffa61a54,SleepAE_FW
0xffb200cc,SleepTask
0xffb200cc,SleepTask_FW
0xff926370,sprintf_FW
0xff922044,srand
0xffb1092c,SS_DumpImgPrcssBuf_FW
0xff9274c4,sscanf_FW
0xffa59d1c,StartAEIntegralService_FW
0xff8eee04,StartClockMode_FW
0xffa6ff20,StartContiMovieFrame_FW
0xffa60a58,StartDigiconFocusScan_FW
0xffa60354,StartDigiconService_FW
0xff8c6d0c,StartDirectTransferManager_FW
0xff8cb408,StartDpConnect_FW
0xff8cd8e8,StartDpDpofMenu_FW
0xff8ce908,StartDpDpofPrinting_FW
0xff8cf764,StartDpDpofStopReconfirm_FW
0xff8d3188,StartDpMainMenu_FW
0xff8eb0c8,StartDpMovieMenu_FW
0xff8a0b64,StartDpofPlayLoading_FW
0xff8d4b44,StartDpPrinting_FW
0xff8d5ea8,StartDpsDpofMenu_FW
0xff8ede84,StartDpsIdPhotoMenu_FW
0xff8dc66c,StartDpsMainMenu_FW
0xff8e247c,StartDpsStop_FW
0xff8e35a8,StartDpStopReconfirm_FW
0xff8e5648,StartDpStyleMenu_FW
0xff8e9158,StartDpTrimming_FW
0xff8c7404,StartDtConfirmMenu_FW
0xff8c7cc0,StartDtExecuteMenu_FW
0xffa6200c,StartEVFDrive_FW
0xffa61fc0,StartEVFDriveWithMode_FW
0xffa66330,StartFactoryModeController_FW
0xff8b5678,StartFirmInfoMenu_FW
0xffa600e4,StartFocusScan_FW
0xffa5fd6c,StartFocusScanWithAutoStop_FW
0xffa5fc6c,StartFocusScanWithAutoStopFix_FW
0xffa5fe20,StartFocusScanWithMode_FW
0xffa60054,StartFocusScanWithRange_FW
0xff90e0e8,StartGUISystem_FW
0xffa6a010,StartLogOut_FW
0xffa60184,StartMultiWinFocusScan_FW
0xff8a3e74,StartPlayModeMenu_FW
0xff89d2c0,StartPrintOrderMenu_FW
0xff8a3f40,StartRecModeMenu
0xff8a3f40,StartRecModeMenu_FW
0xffa73394,StartSoundPlay_FW
0xffa73138,StartSoundRecord_FW
0xff843810,StartSwitchViewFinder_FW
0xff8a127c,StartTransferOrderMenu_FW
0xff81d4d4,StartUARTRedirect_FW
0xff817d4c,StartWDT_FW
0xffb5fa8c,stat
0xff9b4370,StillOnMovieTest_FW
0xffa59c30,StopAEIntegralService_FW
0xff815e14,StopCameraLog_FW
0xff812390,StopClockSaver_FW
0xffa6ff2c,StopContiMovieFrame_FW
0xffa625fc,StopContinuousVRAMData_FW
0xffa603d4,StopDigiconService_FW
0xff8cb680,StopDpConnect_FW
0xff8a0d50,StopDpofPlayLoading_FW
0xffa61f80,StopEVFDrive_FW
0xffa60048,StopFocusScan_FW
0xffa69bd8,StopLogOut_FW
0xff843864,StopSwitchViewFinder_FW
0xff8c74f8,StoptDtConfirmMenu_FW
0xff8c7e08,StoptDtExecuteMenu_FW
0xff81d4ec,StopUARTRedirect_FW
0xff817dc8,StopWDT_FW
0xff922870,strcat
0xff92289c,strchr
0xff9228c0,strcmp
0xff9228c0,strcmp_FW
0xff922a54,strcpy
0xff922a54,strcpy_FW
0xff9240dc,strftime
0xff922bb8,strlen
0xff922bb8,strlen_FW
0xff922c1c,strncmp
0xff922c60,strncpy
0xffa6f874,StrobeChargeCompForTestRec_FW
0xff922ca8,strpbrk
0xff922ce4,strrchr
0xff922438,strtol
0xff9225e0,strtoul
0xffa61ea4,SwitchOffDisplay_FW
0xffa61ed8,SwitchOnDisplay_FW
0xff843890,SwitchViewFinder_FW
0xff8a0d78,SyncStopDpofPlayLoading_FW
0xff81835c,SystemEventDelete_FW
0xff818394,SystemEventInit_FW
0xffb1fb7c,TakeSemaphore
0xffb1fb7c,TakeSemaphore_FW
0xff94b9ec,task_AfIntSrvTask
0xff94c6cc,task_AFTask
0xffa3eab8,task_ASIF
0xffa3c5e8,task_AudioTsk
0xffb01108,task_AviEdit
0xffafa360,task_AviRead
0xffb912e0,task_AviWrite
0xffa37e5c,task_BeepTask
0xff99b8bc,task_BrtMsrTask
0xff81b52c,task_Bye
0xffb0ab2c,task_CaptSeq
0xffb0ab2c,task_CaptSeqTask
0xff812684,task_ClockSave
0xff9e5e54,task_CnctEntiRcv
0xff9e5a48,task_CnctEntiSnd
0xff9af640,task_CntFlashTask
0xff8247c0,task_CommonDrivers
0xffa88434,task_ConfirmPlayOrder
0xffa88434,task_ConfirmPrintOrder
0xffa88434,task_ConfirmTransferOrder
0xff81967c,task_ConsoleSvr
0xffb0e884,task_CreateHeaderTask
0xffb80c8c,task_CtgTotalTask
0xffb39c4c,task_CtrlSrv
0xffadd3b0,task_CZ
0xffa100b4,task_DcpTrnCtrl
0xffa0ff58,task_DcpTrnTrns
0xffabe84c,task_DecJpgRd
0xff9a234c,task_DevelopModule
0xff841b5c,task_DSITask
0xffb0e6cc,task_DvlpSeqTask
0xff9ae58c,task_EFChargeT
0xfface2a0,task_EffctDrv
0xffa83748,task_EnterDPOFAllOrdersTask
0xff9e47e4,task_EntiCtrl
0xff9ea398,task_EvntExec
0xff974c00,task_ExpDrv
0xff976008,task_ExpDrvSubTask
0xff974c00,task_ExpDrvTask
0xff83a0e0,task_FaceFrame
0xffa48cb8,task_Fencing
0xffa8ee6c,task_FileManMarkAllTask
0xffa9bbd4,task_FileScheduleTask
0xffa9ce40,task_FileWrite
0xffa9ce40,task_FileWriteTask
0xffabb364,task_FilYuvMaker
0xffb10ff4,task_FlushWriteCacheTask
0xffaf5630,task_FocusEvent
0xffa78408,task_FolderCreateCheckTask
0xffa9e3e4,task_FORMAT_TASK_NAME
0xffa9e368,task_FORMAT_TASK_PROGRESS
0xff99ee3c,task_FramePosition
0xffaa6008,task_FsIoNotifyTask
0xff9b5ddc,task_ImageSensorTask
0xffad04fc,task_ImgEdt
0xffacbf18,task_ImgPlayDrv
0xff824780,task_InitFileModules
0xffa38ac0,task_LEDCon
0xffae5e54,task_LensController
0xff819818,task_LowConsole
0xffaf6594,task_MechaShutter
0xffa79a90,task_MetaCtg
0xffa7ef68,task_MetaCtgPrsTask
0xffb11f3c,task_MovieCtrlTask
0xffafce1c,task_MoviePlay
0xffb8e924,task_MovieRecord
0xffaf6e30,task_NdActuator
0xff9960e0,task_OBCtrlTask
0xffa39590,task_PhySw
0xff9f7cf8,task_PreLoadTask
0xffb16e58,task_PT_BatTestTask
0xff9f1ac0,task_PTPSessionTASK
0xffa0c3f0,task_RAPI_Task
0xffa08fb0,task_RapiRevr
0xffaa1bd4,task_ReadAsyncTask
0xffad68b4,task_RedEyeCapt
0xffad4940,task_RedEyePly
0xff9e8f74,task_ReqRecev
0xffab9cdc,task_SD1stInit
0xff9e65cc,task_SesnDaem
0xff9e4fe0,task_SesnMngr
0xffb09a54,task_ShootSeqTask
0xffb04b24,task_ShutdownRecTask
0xffb1908c,task_SoundPlay
0xffb18110,task_SoundRecord
0xff9b9078,task_SsgMainTask
0xff9b93a8,task_SsgPeriodTask
0xffb09fd4,task_SsStartupTask
0xff811b84,task_Startup
0xff820188,task_StartupImage
0xff9e0434,task_SynchTask
0xff9e0374,task_SyncPeriod
0xffa36a48,task_TempCheck
0xff9c6418,task_TgTask
0xffa3fa80,task_Thermometer
0xff9e79b0,task_TimerUtility
0xffa3b740,task_TouchW
0xff9ff2e0,task_TrnsCtrlTask
0xff81d014,task_UartLog
0xff81cb04,task_UartSio
0xffb19a6c,task_WavRead
0xffb1a748,task_WavWrite
0xff9837cc,task_WBCtrl
0xff94136c,task_WBIntegTask
0xff817afc,task_WdtPrint
0xff817c24,task_WdtReset
0xffaedf94,task_ZoomEvent
0xff92d204,taskCreateHookAdd
0xff92d140,taskDeleteHookAdd
0xff934da8,taskLock
0xff9345e4,taskName
0xff9349c8,taskResume
0xff9347f4,taskSuspend
0xff934e50,taskUnlock
0xffa583a4,TerminateAdjustmentSystem_FW
0xffa0e730,TerminateDCPClassFunctions_FW
0xffa6fec8,TerminateDigicon_FW
0xff89c334,TerminateDpofUI_FW
0xffa733fc,TerminateSoundRec_FW
0xffa6f9e8,TerminateTestRec_FW
0xff924108,time
0xff91ec2c,tolower
0xff91ec3c,toupper
0xff90be40,TransferBitmapToDialog_FW
0xff90bdd0,TransferRectangleToDialog_FW
0xffb1f5f4,TryPostMessageQueue
0xffb1f228,TryReceiveMessageQueue
0xffb1fd14,TryTakeSemaphore
0xffa37750,TurnOff_LoadTest_DebugMode_FW
0xffadcf68,TurnOffAFLamp_FW
0xff849f2c,TurnOffBackLight
0xffa2e7e8,TurnOffDisplay
0xffaea638,TurnOffNdFilter_FW
0xffaea638,TurnOffNdFilterEvent_FW
0xffa3d324,TurnOffVideoOutMode_FW
0xffa3773c,TurnOn_LoadTest_DebugMode_FW
0xffadcf50,TurnOnAFLamp_FW
0xff849efc,TurnOnBackLight
0xffa2e7d8,TurnOnDisplay
0xffaea608,TurnOnNdFilter_FW
0xffaea608,TurnOnNdFilterEvent_FW
0xffa3d2e8,TurnOnVideoOutMode_FW
0xff81f800,UI_RegistDebugEventProc_FW
0xff81f074,UI_ShowStateOfRecMode_FW
0xff84a7ac,UiComIF_SendEventToUI_FW
0xffb401cc,UiEvnt_ShowBitMaps_FW
0xffb4022c,UiEvnt_StartDisguiseCradleStatus_FW
0xffb40240,UiEvnt_StopDisguiseCradleStatus_FW
0xff81f430,UIFS_Capture_FW
0xff81f440,UIFS_CaptureNoneStop_FW
0xff81f268,UIFS_ClosePopupStrobe_FW
0xff81f29c,UIFS_MountExtFlash_FW
0xff81f234,UIFS_OpenPopupStrobe_FW
0xff81f304,UIFS_PressTeleButton_FW
0xff81f338,UIFS_PressWideButton_FW
0xff81f398,UIFS_RestartPostingUIEvent_FW
0xff81f3e0,UIFS_SetCaptureModeToM_FW
0xff81f41c,UIFS_SetCaptureModeToMacro_FW
0xff81f3a4,UIFS_SetCaptureModeToP_FW
0xff81f464,UIFS_SetCradleSetting_FW
0xff81f214,UIFS_SetDialMovieRec_FW
0xff81f224,UIFS_SetDialPlay_FW
0xff81f204,UIFS_SetDialStillRec_FW
0xff81f44c,UIFS_StartMovieRecord_FW
0xff81f458,UIFS_StopMovieRecord_FW
0xff81f38c,UIFS_StopPostingUIEvent_FW
0xff81f2d0,UIFS_UnmountExtFlash_FW
0xff903254,UiMemory_Show_FW
0xff90bad4,UndisplayDialogBox_FW
0xffa65d8c,UndisplayFactoryMode_FW
0xffb241cc,UnLoadScript_FW
0xffb066e4,UnlockAE
0xffb17b68,UnlockAE_FW
0xffb061e0,UnlockAF
0xffb17b48,UnlockAF_FW
0xffb42848,UnlockMainPower
0xffb42848,UnlockMainPower_FW
0xff90c1a4,UnlockRefreshDialog_FW
0xffaa4d48,Unmount_FileSystem
0xffa61180,UnregistColorMatrix_FW
0xffb1ebe4,UnregisterInterruptHandler
0xffaa4e9c,UpdateMBROnFlash
0xffa370e4,VbattGet
0xffa370e4,VbattGet_FW
0xffb21a04,VerifyByte_FW
0xff9b6f5c,VirtualHeadError_FW
0xff9bcad4,VirtualImageTimeOut_FW
0xff92630c,vsprintf
0xff818688,Wait_FW
0xffb1e88c,WaitForAllEventFlag
0xffb1e87c,WaitForAnyEventFlag
0xffb1e6d8,WaitForEventFlag
0xff9b4354,WithdrawalImagerForEmergency_FW
0xff811e48,wrapped_malloc
0xffaa5a1c,Write
0xffaa5a1c,write
0xffaa5a1c,Write_FW
0xffa68818,WRITEADJTABLETOFROM_FW
0xffb23bd4,WriteToRom_FW
0xff8380a0,ZoomCon_ShowState_FW
