0xff83b244,_GetSystemTime
0xffb93d24,_log
0xffb92c68,_log10
0xffb92dd8,_pow
0xffb950f0,_sqrt
0xff81fc4c,_uartr_req
0xff956b00,AbortAEIntegralValue_FW
0xff891a2c,AcquireRecursiveLock
0xff83aea0,AcquireRecursiveLockStrictly
0xff958964,ActivateAdjLog_FW
0xff908f70,ActivateImager_FW
0xff908ffc,ActivateImagerXOne_FW
0xff9848e4,ActivateUsmCPU_FW
0xffa8ec64,add_ptp_handler
0xff99c3f8,AdditionAgentRAM_FW
0xffab0da4,AddTransparentMemory_FW
0xffb56334,AdjAEWithAperturePriority_FW
0xffae9898,AdjustZoomEncoderPi_FW
0xffb562f0,AfAEWithAperturePriority_FW
0xffb564e0,AfAEWithCompensation_FW
0xffa7d9f4,AFTool.GetEVal_FW
0xffaee234,AllocateMemory
0xffaee234,AllocateMemory_FW
0xff83af98,AllocateUncacheableMemory
0xffa4ea74,apex2us
0xff8b9a14,atol_FW
0xff957874,AttachIntegCrawData_FW
0xffab0ddc,AttachToTransparentMemory_FW
0xffb4a5b8,Bat_Calc_FW
0xffb57950,Bat_Save_FW
0xffb5793c,Bat_VIN_FW
0xff862bac,BeepDrive_FW
0xff862bcc,BeepDriveComp_FW
0xffb5175c,CalcLog10_FW
0xffb5c0a0,CalcLoopGain_FW
0xffb5184c,CalcSqrt_FW
0xffb4a5b8,CalculateBatSenseOffset_FW
0xffb516fc,CalculateLog2ToApex_FW
0xffb516c0,CalculatePeakFromLeastSquareResult_FW
0xffb51710,CalculatePow2FromApex_FW
0xff870d04,CalculateTestRecYUVData_FW
0xffb5610c,CancelAdj_AEMode_FW
0xffb502dc,CancelAdjCdsMode_FW
0xffb54558,CancelBPFilterForBP_FW
0xffb55a68,CancelExStrobeMode_FW
0xffae8d48,CancelFocusLensMaxSpeedLimit_FW
0xff8953ac,CancelHPTimer
0xff909258,CancelImageDrive_FW
0xff909178,CancelImager_FW
0xff880734,CancelLoopGainCalc_FW
0xff83b460,CancelTimer
0xffb53698,CancelVcmOpenDriveMode_FW
0xff991148,Capture.Create_FW
0xffb5056c,CaptureWithParam_FW
0xffab07d4,ChangeAdjImgDrvMode_FW
0xffab0800,ChangeAEIntegDrvTypeToAdjImgDriveType_FW
0xffa6ce50,ChangeCrossThresholdTable_FW
0xffa6d0f0,ChangeDefectRecParam_FW
0xffb5770c,ChangeDistortionSetForLiveImage_FW
0xffb5bcf8,ChangeFilterMode_FW
0xffae8ec0,ChangeFocusDistanceToPosition_FW
0xffa6cd14,ChangeGradeTable_FW
0xffb50580,ChangeImageDrive_FW
0xff909204,ChangeImagerToAlternateDraft_FW
0xff9091b4,ChangeImagerToCombiParallel_FW
0xff9091fc,ChangeImagerToDigiconMode_FW
0xff909224,ChangeImagerToFastBP_FW
0xff9091c4,ChangeImagerToFocusJet_FW
0xff90923c,ChangeImagerToFocusJetHD_FW
0xff90922c,ChangeImagerToHarleyDavidson_FW
0xff9091ec,ChangeImagerToHoneyFlash_FW
0xff90924c,ChangeImagerToHoneyFlashHD_FW
0xff9091dc,ChangeImagerToJetDraft_FW
0xff9091e4,ChangeImagerToJumboDraft_FW
0xff9091cc,ChangeImagerToMangoPudding_FW
0xff909244,ChangeImagerToMangoPuddingHD_FW
0xff9091f4,ChangeImagerToMillefeAdjust_FW
0xff90921c,ChangeImagerToMontblancMillefe_FW
0xff909214,ChangeImagerToMontblancWhole_FW
0xff9091fc,ChangeImagerToOITA_XAVIER_FW
0xff9091d4,ChangeImagerToSuperWideDraft_FW
0xff90920c,ChangeImagerToUltraGhostQ_FW
0xff90919c,ChangeImagerToWholeParallel_FW
0xff9091a4,ChangeImagerToWholeParallelBP_FW
0xff9091ac,ChangeImagerToWholeParallelBPOne_FW
0xff9091bc,ChangeImagerToWideDraft_FW
0xff909234,ChangeImagerToWideDraftHD_FW
0xffae9220,ChangeIrisSpeed_FW
0xffaeb6f0,ChangeParallelMode_FW
0xff880204,ChangeToISCloseControl_FW
0xff984a2c,ChangeUsmSpeed_FW
0xffae986c,ChangeZoomLensMagnificationToPoint_FW
0xffae9864,ChangeZoomLensPointToMagnification_FW
0xffb55aa4,ChargeStrobe_FW
0xffb55ad8,ChargeStrobeForFA_FW
0xff8915b0,CheckAllEventFlag
0xff891568,CheckAnyEventFlag
0xff8988a0,CheckSumAll_FW
0xff836048,ClearDUIDFixFlag_FW
0xff835fd8,ClearDurianMode_FW
0xff8917d0,ClearEventFlag
0xff835fd8,ClearFactoryMode_FW
0xff880514,ClearISCalcZData_FW
0xffaeb764,ClearISIComponent_FW
0xffaeb788,ClearISZData_FW
0xffb52524,ClearZoomCommonDriveParam_FW
0xff9876b8,ClearZoomDriveParam_FW
0xff8370dc,Close
0xff81ab8c,close
0xff8370dc,Close_FW
0xff81f734,CloseConsole_FW
0xffacdf0c,closedir
0xffae958c,CloseMechaShutterWithTiming_FW
0xffb50d6c,CloseMShutter_FW
0xffb79350,CommunicateISCPU_FW
0xffab076c,ConvertAdjImgDrvModeToAdjImgDriveType_FW
0xffab0720,ConvertAEIntegDrvTypeToAdjImgDriveType_FW
0xffb517b4,ConvertApexStdToApex_FW
0xffb51784,ConvertApexToApexStd_FW
0xffb51d50,ConvertCxCyToWBGain_FW
0xffb52c74,ConvertToPositionWithDistanceAndZoomPoint_FW
0xffb506e0,ConvertTvToExposureTime_FW
0xff81f490,CPrintf_FW
0xff81f4ec,CPutChar_FW
0xff86c428,CreateAdjustmentTableMirror_FW
0xff83a778,CreateBinarySemaphore
0xff83ad58,CreateBinarySemaphoreStrictly
0xff89d7d4,CreateController_FW
0xff83a7e0,CreateCountingSemaphore
0xff83a7e0,CreateCountingSemaphore_FW
0xff83ad7c,CreateCountingSemaphoreStrictly
0xff86c438,CreateDefectTableMirror_FW
0xff8914c0,CreateEventFlag
0xff83ad34,CreateEventFlagStrictly
0xff9582a4,CreateFADBGSingalID_FW
0xffb5a394,CreateJumptable
0xff83a3b4,CreateMessageQueue
0xff83ad10,CreateMessageQueueStrictly
0xff896708,CreateProxyOfEventProcedure_FW
0xff89198c,CreateRecursiveLock
0xff83ada0,CreateRecursiveLockStrictly
0xff81e8a0,CreateTask
0xff81e8a0,CreateTask_FW
0xff83acdc,CreateTaskStrictly
0xffa6cd28,CrossDefDetect_FW
0xff97d8c4,CzDebugPrint_FW
0xff97d8cc,CzDebugPrintToFile_FW
0xff81eb78,DebugAssert
0xffb793b4,DelaySet_FW
0xff89d890,DeleteController_FW
0xff836b38,DeleteDirectory_Fut
0xff891518,DeleteEventFlag
0xff836a54,DeleteFile_Fut
0xff83a438,DeleteMessageQueue
0xff896760,DeleteProxyOfEventProcedure_FW
0xff8919dc,DeleteRecursiveLock
0xff83a838,DeleteSemaphore
0xff83a838,DeleteSemaphore_FW
0xffb5a1f4,DevelopStillPicture_FW
0xffa6d214,DevelopTool.DevelopTest_FW
0xff95800c,DeviceUniqueIDCheckSum_FW
0xff95aa1c,DisableDebugLogMode_FW
0xffae8da4,DisableFocusLens_FW
0xffae8e24,DisableFocusLensGainLock_FW
0xffae8f40,DisableFocusLensPort_FW
0xffae8e50,DisableFocusLensWaveLock_FW
0xffae93e8,DisableFocusPiCircuit_FW
0xffae91fc,DisableIris_FW
0xffadca54,DisableIrisActuator_FW
0xffaeb8e0,DisableISAutoGyroOffset_FW
0xffaeb8c0,DisableISDriveError_FW
0xffae9334,DisableLensError_FW
0xffae93c8,DisableMechaCircuit_FW
0xff984b88,DisableUsmEncErrorDetect_FW
0xff984bdc,DisableUsmEncLed_FW
0xff984c60,DisableUsmEncLevelDetect_FW
0xff984c1c,DisableUsmEncPhaseDetect_FW
0xff984bb0,DisableUsmSpeedLog_FW
0xffb79984,DisableVcmDacOut_FW
0xffb7965c,DisableVcmOpenDrive_FW
0xffb79484,DisableVcmPiDetectStop_FW
0xffb79458,DisableVcmSettingWait_FW
0xff98975c,DisableVcmSrAmpCorrect_FW
0xffb79628,DisableVcmSrAmplitudeComp_FW
0xffb797e8,DisableVcmTravelTimeMeasure_FW
0xff985c5c,DisableZoomActuatorSpeedControl_FW
0xffb52738,DisableZoomDriveLog_FW
0xffae9430,DisableZoomEncoderCircuit_FW
0xffb52544,DisableZoomEncPhaseDif_FW
0xffae9834,DisableZoomLensEncoderPowerControl_FW
0xffae9854,DisableZoomLensResetEscapeMove_FW
0xffae940c,DisableZoomPiCircuit_FW
0xffb5267c,DisableZoomSpeedCont_FW
0xff85f3c4,DispCon_GetLcdGainAdjParameter_FW
0xff85f1e4,DispCon_GetVideoAdjParameter_FW
0xff85f410,DispCon_SaveLcdGainAdjParameter_FW
0xff85f284,DispCon_SaveVideoAdjParameter_FW
0xff85edd0,DispCon_SetDisplayType_FW
0xff85f300,DispCon_SetLcdGainAdjParameter_FW
0xff85f0e8,DispCon_SetMaxBackLightBrightness_FW
0xff85f168,DispCon_SetVideoAdjParameter_FW
0xff85ece8,DispCon_ShowBitmapColorBar
0xff85ece8,DispCon_ShowBitmapColorBar_FW
0xff85eccc,DispCon_ShowBlackChart_FW
0xff85eab8,DispCon_ShowColorBar_FW
0xff85edf0,DispCon_ShowColorChart_FW
0xff85ed5c,DispCon_ShowCustomColorBar_FW
0xff85eb44,DispCon_ShowFiveStep_FW
0xff85f42c,DispCon_ShowHdChart_FW
0xff85f400,DispCon_ShowLcdGainAdjParameter_FW
0xff85f24c,DispCon_ShowVideoAdjParameter_FW
0xff85ec78,DispCon_ShowWhiteChart_FW
0xff85ee14,DispCon_ShowWhiteLine_FW
0xff85f0d8,DispCon_TurnOffBackLight_FW
0xff85f0b8,DispCon_TurnOffDisplay_FW
0xff85f0c8,DispCon_TurnOnBackLight_FW
0xff85f0a8,DispCon_TurnOnDisplay_FW
0xff9910d8,DispDev.Create_FW
0xff98ee34,DispDev_EnableEventProc_FW
0xff835b9c,DisplayFactoryMode_FW
0xff838de8,DoAELock
0xff838ab8,DoAFLock
0xff98ef34,Driver.Create_FW
0xff98ef34,Driver_EnableEventProc_FW
0xffb53988,DriveVcmOpenDrive_FW
0xff815f58,drysh_FW
0xff98f2bc,Dump32_FW
0xff98f2ac,Dump_FW
0xff86bbb4,DumpAdjMirror_FW
0xffab0d64,DumpTransparentMemoryItem_FW
0xff908c80,E2LatOn_FW
0xff86412c,EdidDump_FW
0xffa7adbc,EF.AdjPreFlash_FW
0xff8ec16c,EF.IsChargeFull_FW
0xffa7ae00,EF.SetChargeMode_FW
0xffa7accc,EF.SetEFChargeTimeOut_FW
0xffa7ae14,EF.SetFlashTime_FW
0xffa7ada4,EF.SetMainFlashTime_FW
0xffa7ac6c,EF.StartEFCharge_FW
0xffa7ad1c,EF.StartInternalMainFlash_FW
0xffa7ace0,EF.StartInternalPreFlash_FW
0xffa7acbc,EF.StopEFCharge_FW
0xff95aa08,EnableDebugLogMode_FW
0xffae8d58,EnableFocusLens_FW
0xffae8df0,EnableFocusLensGainLockWithVoltage_FW
0xffae8f30,EnableFocusLensPort_FW
0xffae8e34,EnableFocusLensWaveLock_FW
0xffae93d8,EnableFocusPiCircuit_FW
0xff81e898,EnableInterrupt
0xffae91d8,EnableIris_FW
0xffadca30,EnableIrisActuator_FW
0xffaeb8d0,EnableISAutoGyroOffset_FW
0xffaeb8b0,EnableISDriveError_FW
0xffae9324,EnableLensError_FW
0xffae93b8,EnableMechaCircuit_FW
0xff984b74,EnableUsmEncErrorDetect_FW
0xff984bc8,EnableUsmEncLed_FW
0xff984c50,EnableUsmEncLevelDetect_FW
0xff984c08,EnableUsmEncPhaseDetect_FW
0xff984b9c,EnableUsmSpeedLog_FW
0xffb79974,EnableVcmDacOut_FW
0xffb7964c,EnableVcmOpenDrive_FW
0xffb79470,EnableVcmPiDetectStop_FW
0xffb79448,EnableVcmSettingWait_FW
0xff989744,EnableVcmSrAmpCorrect_FW
0xffb79618,EnableVcmSrAmplitudeComp_FW
0xffb797d8,EnableVcmTravelTimeMeasure_FW
0xff985c48,EnableZoomActuatorSpeedControl_FW
0xffb52a20,EnableZoomDriveLog_FW
0xffae9420,EnableZoomEncoderCircuit_FW
0xffb5252c,EnableZoomEncPhaseDif_FW
0xffae9824,EnableZoomLensEncoderPowerControl_FW
0xffae9844,EnableZoomLensResetEscapeMove_FW
0xffae93fc,EnableZoomPiCircuit_FW
0xffb52668,EnableZoomSpeedCont_FW
0xff934d4c,EngApp.Create_FW
0xff934d20,EngApp.Delete_FW
0xff8358d4,EngDrvBits
0xffaa76d0,EngDrvBits_FW
0xff8358b8,EngDrvIn
0xffaa76c0,EngDrvIn_FW
0xff8358a0,EngDrvOut
0xffaa76a4,EngDrvOut_FW
0xff8358c0,EngDrvRead
0xffaa76c8,EngDrvRead_FW
0xffaa76f4,EngDrvReadDump_FW
0xff991188,EngineDriver.Create_FW
0xff838d44,EnterToCompensationEVF
0xff86bba8,EraseAdjustmentArea_FW
0xff9976dc,EraseLogSector_FW
0xff892b10,EraseSectorOfRom_FW
0xff98f298,EraseSignature_FW
0xff815fd4,err_init_task
0xffae85e8,EscapeFocusLens_FW
0xffaee2a0,exec_FW
0xff871600,Executedccd_FW
0xffa6d100,ExecuteDefectRec_FW
0xffa6d114,ExecuteDefectRecAndSaveImage_FW
0xff870f00,ExecuteDigicon_FW
0xff895cc4,ExecuteEventProcedure
0xff895d3c,ExecuteEventProcedure_FW
0xffb55b44,ExecuteInternalPreFlash_FW
0xff9c2b84,ExecuteResetFactory_FW
0xff9c2b6c,ExecuteResetFactoryWithRomWrite_FW
0xff8922ac,ExecuteShutDownPropertyService_FW
0xff870544,ExecuteTestRec_FW
0xff870558,ExecuteTestRecCF_FW
0xff8705d4,ExecuteTestRecDevelopProcess_FW
0xff870558,ExecuteTestRecSD_FW
0xff870588,ExecuteTestRecSw1_FW
0xff870570,ExecuteTestRecWithInteg_FW
0xffb793a4,ExecVcmFirm_FW
0xff838d88,ExitFromCompensationEVF
0xff81eb30,ExitTask
0xff81eb30,ExitTask_FW
0xff894560,ExMem.AllocCacheable_FW
0xff8943a4,ExMem.AllocUncacheable_FW
0xff8945e8,ExMem.FreeCacheable_FW
0xff8944e4,ExMem.FreeUncacheable_FW
0xff893eb8,ExMem.View_FW
0xff8944f8,exmem_alloc
0xff894570,exmem_free
0xff83765c,ExMem_FW
0xff8cc618,ExpCtrlTool.SetExpMode_FW
0xff8474fc,ExpCtrlTool_StartContiAE
0xff847688,ExpCtrlTool_StopContiAE
0xff8966fc,ExportToEventProcedure_FW
0xff9910b4,FA.Create_FW
0xff9910a0,FA.Delete_FW
0xff958354,FADBGPrintf_FW
0xff9582b4,FADBGSingal_FW
0xff9584d4,FAPrintf_FW
0xff836bd0,Fclose_Fut
0xff836bd0,Fclose_Fut_FW
0xff836dbc,Feof_Fut
0xff836df8,Fflush_Fut
0xff836d24,Fgets_Fut
0xffb56074,FixAEWithCompensation_FW
0xff9b2a3c,FmtMenu_ExecuteQuickFormat_FW
0xffb55f48,FocusAEWithCompensation_FW
0xff836b90,Fopen_Fut
0xff836b90,Fopen_Fut_FW
0xff836c7c,Fread_Fut
0xff836c7c,Fread_Fut_FW
0xff814244,free
0xffaee22c,FreeMemory
0xffaee22c,FreeMemory_FW
0xff83afd8,FreeUncacheableMemory
0xff836d70,Fseek_Fut
0xff836d70,Fseek_Fut_FW
0xff836cd0,Fwrite_Fut
0xff836cd0,Fwrite_Fut_FW
0xff860bd4,GetAdChValue_FW
0xffb549a4,GetAdjAFInteg_FW
0xff86bc0c,GetAdjTableMapVersion_FW
0xff86bc1c,GetAdjTableValueVersion_FW
0xff86bbd8,GetAdjTableVersion_FW
0xff860bcc,GetAdVBattBottom_FW
0xff9574f0,GetAEIntegralServiceMode_FW
0xff957190,GetAEIntegralValueWithFix_FW
0xff9574e4,GetAEIntegValueBit_FW
0xff956e08,GetAEIntegWinData_FW
0xff9570a8,GetAEIntegWinDataWithMode_FW
0xff9572b4,GetAllAEIntegralAllValueWithFix_FW
0xff8349e4,GetBatteryCoverClose_FW
0xff8697ac,GetBatteryTemperature
0xff8697ac,GetBatteryTemperature_FW
0xff86cb94,GetBpDBAdjustmentOffset_FW
0xff898784,GetBuildDate_FW
0xff89878c,GetBuildTime_FW
0xffab0894,GetCameraInformationData_FW
0xffb59e20,GetCaptureInfoData_FW
0xff869738,GetCCDTemperature
0xff869738,GetCCDTemperature_FW
0xffb50118,GetCdsGainValue_FW
0xffb50208,GetCdsPreGain_FW
0xffb50260,GetCdsPreGainReg_FW
0xff81f518,GetCh_FW
0xffb57694,GetContinuousMovieJpegVRAMData_FW
0xffb56d38,GetContinuousVRAMData_FW
0xffb574d4,GetContinuousVRAMDataWithRingBuffer_FW
0xffb50588,GetCrwImageInfo_FW
0xffab06f4,GetCurrentAdjImgDriveType_FW
0xff980704,GetCurrentAvValue
0xff980704,GetCurrentAvValue_FW
0xff8a9268,GetCurrentCaptureModeType_FW
0xffab084c,GetCurrentCcdTemp_FW
0xff8bea64,GetCurrentExposureTime_FW
0xff97eb6c,GetCurrentFocusLensPosition_FW
0xff97eb6c,GetCurrentFocusPosition_FW
0xffab0700,GetCurrentImgDrvMode_FW
0xff98094c,GetCurrentIrisPosition_FW
0xff9589b0,GetCurrentMaximumLogSize_FW
0xffab0868,GetCurrentOptTemp_FW
0xff8be78c,GetCurrentShutterSpeed_FW
0xff97eb04,GetCurrentTargetDistance_FW
0xffb51f6c,GetCurrentZoomLensDirection_FW
0xff87e9c4,GetCurrentZoomLensPoint_FW
0xff87e6ac,GetCurrentZoomLensPosition_FW
0xff87e9c4,GetCurrentZoomPoint_FW
0xff87e6ac,GetCurrentZoomPosition_FW
0xff98f1e4,GetDateAndTime_FW
0xffb57d54,GetDay_FW
0xff86cb9c,GetDccdAdjustmentOffset_FW
0xff87170c,GetdccdFilterValue_FW
0xff871678,GetdccdImage_FW
0xff86c8e0,GetDCPAdjOffset_FW
0xffa6cf84,GetDefectCrawInfo_FW
0xff8349dc,GetDialEventId_FW
0xff87724c,GetDrive_ClusterSize
0xff8772ac,GetDrive_FreeClusters
0xff877280,GetDrive_TotalClusters
0xff86c978,GetDurianAdjustmentOffset_FW
0xff891808,GetEventFlagValue
0xffb55a54,GetExStrobeID_FW
0xff898794,GetFirmwareVersion_FW
0xff97f070,GetFocusDefaultResetPosition_FW
0xffadb7c8,GetFocusLensCurrentPosition_FW
0xffae8ec8,GetFocusLensLoadCamTable_FW
0xffae8ea0,GetFocusLensLoadSubjectDistance_FW
0xffae8efc,GetFocusLensMoveMaxPosition_FW
0xffae8f14,GetFocusLensMoveMinPosition_FW
0xffae8e98,GetFocusLensPositionRatio_FW
0xff97e8cc,GetFocusLensPullInMaxSpeed_FW
0xffae8e6c,GetFocusLensResetDefaultPosition_FW
0xffae8e64,GetFocusLensResetPosition_FW
0xff97eb04,GetFocusLensSubjectDistance
0xffae8e74,GetFocusLensSubjectDistance_FW
0xff97ef7c,GetFocusLensSubjectDistanceFromLens
0xffae8e90,GetFocusLensSubjectDistanceNumber_FW
0xff9827a8,GetFocusPiSensorLevel_FW
0xff97eff8,GetFocusResetPosition_FW
0xff87dbdc,GetFocusStartZoomPosition_FW
0xffb50834,GetFrameRateWithApex_FW
0xff8803d8,GetGyro10BitDACPitch_FW
0xff8803e4,GetGyro10BitDACYaw_FW
0xff880388,GetGyroDataPitch_FW
0xff8803a4,GetGyroDataYaw_FW
0xffaeb5d0,GetGyroFilterCharge_FW
0xffb5c184,GetGyroFilterChargeStatus_FW
0xff880410,GetGyroHPFINOffsetPitch_FW
0xff88042c,GetGyroHPFINOffsetYaw_FW
0xff880448,GetGyroHPFINPitch_FW
0xff8804a4,GetGyroHPFINYaw_FW
0xffb57d7c,GetHour_FW
0xffab9490,getImageDirName
0xff95f174,GetImageFolder
0xff980704,GetIrisAv_FW
0xff98094c,GetIrisCurrentPosition_FW
0xffb50b2c,GetIrisPRResetPosition_FW
0xffaebad4,GetISCenterShiftA_FW
0xffaebb70,GetISCenterShiftB_FW
0xffaeba0c,GetISCrossTalkComp_FW
0xffb5c234,GetISCrossTalkCompCoeff_FW
0xffaeb2e8,GetISDriveAaxis_FW
0xffaeb308,GetISDriveBaxis_FW
0xffaeb5f0,GetISFirmVersion_FW
0xff8803d8,GetISGyro10BitDACPitch_FW
0xff8803e4,GetISGyro10BitDACYaw_FW
0xff880388,GetISGyroDataPitch_FW
0xff8803a4,GetISGyroDataYaw_FW
0xffaeb3e8,GetISGyroGainAaxis_FW
0xffaeb408,GetISGyroGainBaxis_FW
0xff880410,GetISGyroHPFINOffsetPitch_FW
0xff88042c,GetISGyroHPFINOffsetYaw_FW
0xff880448,GetISGyroHPFINPitch_FW
0xff8804a4,GetISGyroHPFINYaw_FW
0xff880340,GetISGyroPitchGain_FW
0xffb5b9d0,GetISGyroPitchOffset_FW
0xff88034c,GetISGyroYawGain_FW
0xffb5b9c8,GetISGyroYawOffset_FW
0xffaeb904,GetISHallAmpFirstGain_FW
0xff880328,GetISHallDevicePitchGain_FW
0xff88028c,GetISHallDevicePitchOffset_FW
0xff880334,GetISHallDeviceYawGain_FW
0xff88031c,GetISHallDeviceYawOffset_FW
0xffaeb3a8,GetISHallGainAaxis_FW
0xffaeb3c8,GetISHallGainBaxis_FW
0xffaeb368,GetISHallOffsetAaxis_FW
0xffaeb388,GetISHallOffsetBaxis_FW
0xffaeb798,GetISHallOut1Amp_FW
0xff881150,GetISLensCorrectedEViAaxis_FW
0xff88116c,GetISLensCorrectedEViBaxis_FW
0xff8810a8,GetISLensDampAaxis_FW
0xff8810b4,GetISLensDampBaxis_FW
0xff8810d8,GetISLensEViAaxis_FW
0xff8810f4,GetISLensEViBaxis_FW
0xffaeb640,GetISParamVersion_FW
0xff880358,GetISPitchPWM_FW
0xffaeb328,GetISPositionAaxis_FW
0xffaeb348,GetISPositionBaxis_FW
0xff880370,GetISShiftLensPitchPosition_FW
0xff88037c,GetISShiftLensYawPosition_FW
0xff880364,GetISYawPWM_FW
0xff865a28,GetKbdState
0xffb587d4,GetLastVBatADLevel_FW
0xff934634,GetLatestHVPosition_FW
0xff8349e0,GetLcdPosition_FW
0xff980c4c,GetLensErrorStatus_FW
0xff958954,GetLogData_FW
0xff95895c,GetLogDataOnlyAddMemory_FW
0xff9976b4,GetLogToFile_FW
0xffb5c15c,GetLoopGain_FW
0xffaeb9d8,GetLoopGainAdjValue_FW
0xffaeb968,GetLoopGainCalcData_FW
0xffaeb720,GetLPFParallelBest_FW
0xff84cf70,GetMacroSupportZoomPoint_FW
0xffade6b0,GetMechaDeviceComparatorHysteresis_FW
0xffade728,GetMechaDeviceComparatorThreshold_FW
0xffaeb618,GetMechaDSPVersion_FW
0xff983d18,GetMechaShutterMoveTime_FW
0xff983d40,GetMechaShutterStatus_FW
0xff81a264,GetMemInfo
0xffb57da4,GetMinute_FW
0xff850590,GetMontblancVSize_FW
0xffb57d28,GetMonth_FW
0xff854154,GetMovieJpegVRAMHPixelsSize_FW
0xff854160,GetMovieJpegVRAMVPixelsSize_FW
0xff83a70c,GetNumberOfPostedMessages
0xffb50188,GetObClampValue_FW
0xff957388,GetOnlyAEIntegData_FW
0xff869820,GetOpticalTemperature
0xff869820,GetOpticalTemperature_FW
0xff9c2898,GetParameterData
0xffb57430,GetPixelsOfViewangle_FW
0xff8999cc,GetPropertyCase
0xff8349b8,GetSDDetect_FW
0xff8349c0,GetSDProtect
0xff8349c0,GetSDProtect_FW
0xffb57dcc,GetSecond_FW
0xff89db50,GetSelfControllerHandle_FW
0xff83a9ec,GetSemaphoreValue
0xffb507e0,GetShutterSpeedRegularMaxLimit_FW
0xffb507f8,GetShutterSpeedRegularMinLimit_FW
0xff81e874,GetSRAndDisableInterrupt
0xff81f568,GetStringWithPrompt_FW
0xffb56c4c,GetSumYOfVRAMCenterLine_FW
0xff83494c,GetSwitchStatus_FW
0xffaee28c,GetSystemTime
0xffaee28c,GetSystemTime_FW
0xff86f278,GetTestRecCrawAddress_FW
0xff893c3c,GetTimeOfSystem_FW
0xffab0e48,GetTransparentMemory_FW
0xffab0e8c,GetTransparentMemoryPosition_FW
0xffab0e34,GetTransparentMemorySize_FW
0xffb59da8,GetUnpackCrwIntegralMultiValueForShading_FW
0xffb599d8,GetUnpackCrwIntegralValue_FW
0xffb59c60,GetUnpackCrwIntegralValueForColorShading_FW
0xffb599f8,GetUnpackCrwIntegralValueForShading_FW
0xffb50c44,GetUsableMaxAv_FW
0xffb50c2c,GetUsableMinAv_FW
0xffb507d0,GetUserSetShutterSPeed_FW
0xff984a40,GetUsmCurrentPosition_FW
0xff9847c4,GetUsmEncDuty_FW
0xff984c48,GetUsmEncHighTime_FW
0xff984c40,GetUsmEncMultiplyTime_FW
0xff984c38,GetUsmEncPeriodTime_FW
0xff98477c,GetUsmEncPhase_FW
0xff984528,GetUsmTargetFreq_FW
0xff984a60,GetUsmTargetSpeed_FW
0xff833178,GetVBatVoltage_FW
0xff98929c,GetVcmAlarm_FW
0xffb79394,GetVcmCheckSum_FW
0xff989080,GetVcmCurrentPosition_FW
0xff989d74,GetVcmDacOutData_FW
0xff989934,GetVcmDGain_FW
0xff989950,GetVcmEViClamp_FW
0xffb79818,GetVcmFirmVersion_FW
0xff989918,GetVcmIGain_FW
0xffb79914,GetVcmLog_FW
0xff989cd4,GetVcmLogData_FW
0xff989cf0,GetVcmLogSampleTime_FW
0xff989d0c,GetVcmLogTrigger_FW
0xff9897c8,GetVcmOpenDriveDuty_FW
0xffb79728,GetVcmParamLPF2_FW
0xffb79754,GetVcmParamPLF_FW
0xff9898fc,GetVcmPGain_FW
0xff989a94,GetVcmPiAdValue_FW
0xff989188,GetVcmPiPosition_FW
0xff9891b0,GetVcmPiStatus_FW
0xff989234,GetVcmScaleResetThreshold_FW
0xffb53930,GetVcmSrAD_FW
0xffb79848,GetVcmSrAd_FW
0xff989390,GetVcmSrAPos_FW
0xffb53640,GetVcmSrAPosition_FW
0xff9893fc,GetVcmSrBPos_FW
0xffb53660,GetVcmSrBPosition_FW
0xff9896bc,GetVcmSrCAdValue_FW
0xff989560,GetVcmSrCGain_FW
0xff989684,GetVcmSrCNegPeak_FW
0xff98951c,GetVcmSrCOffset_FW
0xff989468,GetVcmSrCompPos_FW
0xff989668,GetVcmSrCPosPeak_FW
0xffb535e8,GetVcmSrDAC_FW
0xffb538c8,GetVcmSrDigGain_FW
0xffb538a8,GetVcmSrDigOffset_FW
0xff989588,GetVcmSrHGain_FW
0xff9896d8,GetVcmSrPositionOffset_FW
0xff9895a4,GetVcmSrRefV_FW
0xff9896a0,GetVcmSrSAdValue_FW
0xff989538,GetVcmSrSGain_FW
0xffb53908,GetVcmSrSignalNegPeak_FW
0xffb53900,GetVcmSrSignalPosPeak_FW
0xff98964c,GetVcmSrSNegPeak_FW
0xff989500,GetVcmSrSOffset_FW
0xff989630,GetVcmSrSPosPeak_FW
0xff98903c,GetVcmTargetPosition_FW
0xff989b88,GetVcmTravelTime_FW
0xff989328,GetVcmVdPosition_FW
0xffb565d4,GetVideoOutType_FW
0xff85413c,GetVRAMHPixelsSize
0xff85413c,GetVRAMHPixelsSize_FW
0xff854148,GetVRAMVPixelsSize
0xff854148,GetVRAMVPixelsSize_FW
0xffb57cf8,GetYear_FW
0xff9843c0,GetZoomActuatorCurrentICPosition_FW
0xff9843c8,GetZoomActuatorCurrentPosition_FW
0xffb524d8,GetZoomDefaultCommonDriveParam_FW
0xffb52424,GetZoomDefaultDriveParam_FW
0xffb52aac,GetZoomDriveLog_FW
0xffb52a28,GetZoomDriveLogRange_FW
0xff87f3f0,GetZoomDrivingTime_FW
0xffb525f4,GetZoomEncPhaseDifMinAngle_FW
0xffb52628,GetZoomEncPhaseDifMinDuty_FW
0xff98787c,GetZoomEncPhaseDifMinTime_FW
0xff987880,GetZoomEncPhaseHighTime_FW
0xff987878,GetZoomEncPhasePeriodTime_FW
0xff87e9c4,GetZoomLensCurrentPoint
0xff87e9c4,GetZoomLensCurrentPoint_FW
0xff986530,GetZoomLensCurrentPosition
0xff87e6ac,GetZoomLensCurrentPosition_FW
0xff987874,GetZoomLensEncDuty_FW
0xff987870,GetZoomLensEncPhase_FW
0xff87f3e8,GetZoomLensMechaEdgePosition_FW
0xff87eedc,GetZoomLensTelePoint_FW
0xffb5249c,GetZoomNormalDriveParam_FW
0xff982774,GetZoomPiSensorLevel_FW
0xffb52460,GetZoomResetDriveParam_FW
0xff987694,GetZoomResetSensorLevel_FW
0xff87eedc,GetZoomTelePoint_FW
0xff83a9b4,GiveSemaphore
0xff83a9b4,GiveSemaphore_FW
0xffb7987c,GotoPi_FW
0xff8b790c,GUISrv_StartGUISystem
0xff8b790c,GUISrv_StartGUISystem_FW
0xff8a0538,HardwareDefect_FW
0xff8a04e8,HardwareDefectWithRestart_FW
0xff8640e0,HdmiHpd5VOutput_FW
0xff8641f4,HdmiRegDump_FW
0xff864014,HdmiSimulateModeStart_FW
0xff863fec,HdmiSimulateModeStop_FW
0xffb5ba10,HitISLensAgainstBottomEdge_FW
0xffb5b9fc,HitISLensAgainstLeftEdge_FW
0xffb5b9e8,HitISLensAgainstRightEdge_FW
0xffb5ba24,HitISLensAgainstTopEdge_FW
0xffb5bd20,HitISMechaEdgeInOpenControl_FW
0xff8640c4,i2c_read_event_FW
0xff86407c,i2c_write_event_FW
0xff958978,InactivateAdjLog_FW
0xff9848f4,InactivateUsmCPU_FW
0xff991078,InitializeAdjustmentFunction_FW
0xff991008,InitializeAdjustmentSystem_FW
0xff870e00,Initializedccd_FW
0xffb59fd0,InitializeDefectAdjustment_FW
0xffb45f94,InitializeDefectRec_FW
0xff870e00,InitializeDigicon_FW
0xffb5a2ec,InitializeMechaDevice_FW
0xffab1440,InitializeSoundRec_FW
0xff870244,InitializeTestRec_FW
0xffb503c0,IsAdjCdsMode_FW
0xffaeb1fc,ISAutoCenter_FW
0xff869934,IsBatteryTemperature_FW
0xff869900,IsCCDTemperature_FW
0xffaeb238,ISChangeOPENtoCLOSE_FW
0xff89ff60,IsControlEventActive_FW
0xffaeb67c,ISControlStart_FW
0xffaeb68c,ISControlStop_FW
0xff836118,IsDUIDFixFlag_FW
0xffb56708,IsEVFDrive_FW
0xffb56a7c,IsEvfDriveMode_FW
0xffb55a5c,IsExStrobeChargeComp_FW
0xff8360bc,IsFactoryMode_FW
0xff97efd4,IsFocusLensOutSidePosition_FW
0xff8349ec,IsHvSensorExist_FW
0xff87f9c4,ISInitMotion_FW
0xff87c590,IsLensOutside_FW
0xff9589a4,IsLogOutType_FW
0xffaeb868,ISMDStart_FW
0xffaeb878,ISMDStop_FW
0xffaeb224,ISMoveToMechaEdgeOPEN_FW
0xff836160,IsNormalCameraMode_FW
0xff8698cc,IsOpticalTemperature_FW
0xffaeb69c,ISPanModeStart_FW
0xffaeb6ac,ISPanModeStop_FW
0xff8ec16c,IsStrobeChargeCompleted
0xff87f200,IsZoomLensOutSidePosition_FW
0xff98eea8,j_BeepDrive_FW
0xff98eeac,j_BeepDriveComp_FW
0xffb50448,j_CancelImageDrive_FW
0xffb5c030,j_CancelLoopGainCalc_FW
0xffb5bd30,j_ChangeToISCloseControl_FW
0xffb5bd00,j_ClearISCalcZData_FW
0xffb520d0,j_ClearZoomDriveParam_FW
0xffb5388c,j_DisableVcmSrAmpCorrect_FW
0xff909278,j_E2LatOn_FW
0xffa7adb8,j_EF.IsChargeFull_FW
0xffb53888,j_EnableVcmSrAmpCorrect_FW
0xff98f31c,j_exec_FW
0xff9c2b9c,j_ExecuteShutDownPropertyService_FW
0xff837654,j_ExMem.AllocCacheable_FW
0xff83764c,j_ExMem.AllocUncacheable_FW
0xff837658,j_ExMem.FreeCacheable_FW
0xff837650,j_ExMem.FreeUncacheable_FW
0xff837648,j_ExMem.View_FW
0xff98eea4,j_GetAdChValue_FW
0xff98eea0,j_GetAdVBattBottom_FW
0xff9570a4,j_GetAEIntegWinData_FW
0xff98ef2c,j_GetBatteryCoverClose_FW
0xff86998c,j_GetBatteryTemperature_FW
0xffab08d0,j_GetCameraInformationData_FW
0xff869988,j_GetCCDTemperature_FW
0xffb50230,j_GetCdsPreGain_FW
0xffb50288,j_GetCdsPreGainReg_FW
0xffb509b8,j_GetCurrentAvValue_FW
0xffb50700,j_GetCurrentExposureTime_FW
0xffb52cfc,j_GetCurrentFocusLensPosition_FW
0xffb52cfc,j_GetCurrentFocusPosition_FW
0xffb50a84,j_GetCurrentIrisPosition_FW
0xffb50708,j_GetCurrentShutterSpeed_FW
0xffb52ca4,j_GetCurrentTargetDistance_FW
0xffb51f68,j_GetCurrentZoomLensPoint_FW
0xffb51f64,j_GetCurrentZoomLensPosition_FW
0xffb51f68,j_GetCurrentZoomPoint_FW
0xffb51f64,j_GetCurrentZoomPosition_FW
0xffb58958,j_GetDCPAdjOffset_FW
0xff98ef24,j_GetDialEventId_FW
0xffb52c9c,j_GetFocusDefaultResetPosition_FW
0xffae8e60,j_GetFocusLensCurrentPosition_FW
0xffae8f2c,j_GetFocusLensPullInMaxSpeed_FW
0xffae93f8,j_GetFocusPiSensorLevel_FW
0xffb52ca0,j_GetFocusResetPosition_FW
0xffae9320,j_GetFocusStartZoomPosition_FW
0xffaeb458,j_GetGyro10BitDACPitch_FW
0xffaeb45c,j_GetGyro10BitDACYaw_FW
0xffaeb428,j_GetGyroDataPitch_FW
0xffaeb42c,j_GetGyroDataYaw_FW
0xffaeb488,j_GetGyroHPFINOffsetPitch_FW
0xffaeb48c,j_GetGyroHPFINOffsetYaw_FW
0xffaeb490,j_GetGyroHPFINPitch_FW
0xffaeb494,j_GetGyroHPFINYaw_FW
0xffae9144,j_GetIrisAv_FW
0xffae9148,j_GetIrisCurrentPosition_FW
0xffb5bef4,j_GetISGyro10BitDACPitch_FW
0xffb5befc,j_GetISGyro10BitDACYaw_FW
0xffb5bed4,j_GetISGyroDataPitch_FW
0xffb5bedc,j_GetISGyroDataYaw_FW
0xffb5bf04,j_GetISGyroHPFINOffsetPitch_FW
0xffb5bf0c,j_GetISGyroHPFINOffsetYaw_FW
0xffb5bee4,j_GetISGyroHPFINPitch_FW
0xffb5beec,j_GetISGyroHPFINYaw_FW
0xffb5baec,j_GetISGyroPitchGain_FW
0xffb5bae8,j_GetISGyroYawGain_FW
0xffb5baa4,j_GetISHallDevicePitchGain_FW
0xffb5baac,j_GetISHallDevicePitchOffset_FW
0xffb5baa0,j_GetISHallDeviceYawGain_FW
0xffb5baa8,j_GetISHallDeviceYawOffset_FW
0xffb5bc90,j_GetISLensCorrectedEViAaxis_FW
0xffb5bc94,j_GetISLensCorrectedEViBaxis_FW
0xffb5bc98,j_GetISLensDampAaxis_FW
0xffb5bc9c,j_GetISLensDampBaxis_FW
0xffb5bc88,j_GetISLensEViAaxis_FW
0xffb5bc8c,j_GetISLensEViBaxis_FW
0xffb5bb68,j_GetISPitchPWM_FW
0xffb5bc80,j_GetISShiftLensPitchPosition_FW
0xffb5bc84,j_GetISShiftLensYawPosition_FW
0xffb5bb64,j_GetISYawPWM_FW
0xff98ef28,j_GetLcdPosition_FW
0xffae931c,j_GetLensErrorStatus_FW
0xffae9458,j_GetMechaDeviceComparatorHysteresis_FW
0xffae9440,j_GetMechaDeviceComparatorThreshold_FW
0xffae9614,j_GetMechaShutterMoveTime_FW
0xffae9610,j_GetMechaShutterStatus_FW
0xffb57568,j_GetMovieJpegVRAMHPixelsSize_FW
0xffb5756c,j_GetMovieJpegVRAMVPixelsSize_FW
0xff869984,j_GetOpticalTemperature_FW
0xff98ef0c,j_GetSDDetect_FW
0xff98ef10,j_GetSDProtect_FW
0xff98eef8,j_GetSwitchStatus_FW
0xff984c34,j_GetUsmEncDuty_FW
0xff984c30,j_GetUsmEncPhase_FW
0xff984a80,j_GetUsmTargetFreq_FW
0xffb587dc,j_GetVBatVoltage_FW
0xffb79494,j_GetVcmAlarm_FW
0xffb79404,j_GetVcmCurrentPosition_FW
0xffb799a8,j_GetVcmDacOutData_FW
0xffb796f0,j_GetVcmDGain_FW
0xffb79708,j_GetVcmEViClamp_FW
0xffb796ec,j_GetVcmIGain_FW
0xffb79968,j_GetVcmLogData_FW
0xffb7996c,j_GetVcmLogSampleTime_FW
0xffb79970,j_GetVcmLogTrigger_FW
0xffb79680,j_GetVcmOpenDriveDuty_FW
0xffb796e8,j_GetVcmPGain_FW
0xffb797b4,j_GetVcmPiAdValue_FW
0xffb79468,j_GetVcmPiPosition_FW
0xffb7946c,j_GetVcmPiStatus_FW
0xffb797d4,j_GetVcmScaleResetThreshold_FW
0xffb794c4,j_GetVcmSrAPos_FW
0xffb79514,j_GetVcmSrBPos_FW
0xffb79610,j_GetVcmSrCAdValue_FW
0xffb7958c,j_GetVcmSrCGain_FW
0xffb79608,j_GetVcmSrCNegPeak_FW
0xffb79548,j_GetVcmSrCOffset_FW
0xffb79518,j_GetVcmSrCompPos_FW
0xffb79604,j_GetVcmSrCPosPeak_FW
0xffb79590,j_GetVcmSrHGain_FW
0xffb79614,j_GetVcmSrPositionOffset_FW
0xffb795a8,j_GetVcmSrRefV_FW
0xffb7960c,j_GetVcmSrSAdValue_FW
0xffb79588,j_GetVcmSrSGain_FW
0xffb79600,j_GetVcmSrSNegPeak_FW
0xffb79544,j_GetVcmSrSOffset_FW
0xffb795fc,j_GetVcmSrSPosPeak_FW
0xffb793ec,j_GetVcmTargetPosition_FW
0xffb79814,j_GetVcmTravelTime_FW
0xffb79498,j_GetVcmVdPosition_FW
0xffb56cb4,j_GetVRAMHPixelsSize_FW
0xffb56cb8,j_GetVRAMVPixelsSize_FW
0xff985c44,j_GetZoomActuatorCurrentICPosition_FW
0xff985c40,j_GetZoomActuatorCurrentPosition_FW
0xffb5208c,j_GetZoomDrivingTime_FW
0xffb52660,j_GetZoomEncPhaseDifMinTime_FW
0xffb52664,j_GetZoomEncPhaseHighTime_FW
0xffb5265c,j_GetZoomEncPhasePeriodTime_FW
0xffae9814,j_GetZoomLensCurrentPoint_FW
0xffae9818,j_GetZoomLensCurrentPosition_FW
0xffae98a4,j_GetZoomLensEncDuty_FW
0xffae98a0,j_GetZoomLensEncPhase_FW
0xffae9820,j_GetZoomLensMechaEdgePosition_FW
0xffae981c,j_GetZoomLensTelePoint_FW
0xffae941c,j_GetZoomPiSensorLevel_FW
0xffb5204c,j_GetZoomResetSensorLevel_FW
0xffb52048,j_GetZoomTelePoint_FW
0xffa6d164,j_InitializeDefectRec_FW
0xff869998,j_IsBatteryTemperature_FW
0xff869994,j_IsCCDTemperature_FW
0xffb5327c,j_IsFocusLensOutSidePosition_FW
0xff98ef30,j_IsHvSensorExist_FW
0xffae9318,j_IsLensOutside_FW
0xff869990,j_IsOpticalTemperature_FW
0xffb52228,j_IsZoomLensOutSidePosition_FW
0xff98eeb4,j_LEDDrive_FW
0xffa83b84,j_LiveImageTool.GetDzoomPosition_FW
0xff98f290,j_MemoryChecker_FW
0xff98f28c,j_MonSelEvent_FW
0xffb5bc7c,j_MoveISLensToCentralPosition_FW
0xff837644,j_NewTaskShell_FW
0xff897334,j_OpLog.WriteToROM_FW
0xff98f304,j_Peek16_FW
0xff98f300,j_Peek32_FW
0xff98f308,j_Peek8_FW
0xff98f288,j_Printf_FW
0xff883c68,j_PT_GetDigitalZoomPosition_FW
0xff8a0768,j_PTM_AllReset_FW
0xff8a0bcc,j_PTM_BackupUIProperty_FW
0xff8a0b1c,j_PTM_GetWorkingCaptureMode_FW
0xff8a0bb0,j_PTM_IsEnableItem_FW
0xff8a0b9c,j_PTM_NextItem_FW
0xff8a0ba0,j_PTM_PrevItem_FW
0xff8a0b24,j_PTM_SetCurrentItem_FW
0xff8a0bb4,j_PTM_SetProprietyEnable_FW
0xff8375dc,j_PutsCameraLogEvent_FW
0xff837168,j_Read_FW
0xffb554c8,j_ReloadAFAdjustment_FW
0xffb50184,j_ReloadCdsAdjustment_FW
0xffb55bcc,j_ReloadColorAdjustment_FW
0xffb55a6c,j_ReloadEfAdjustment_FW
0xffb509b4,j_ReloadGetaAdjustment_FW
0xffb51a30,j_ReloadWBAdjustment_FW
0xff98f2a8,j_SDump_FW
0xffb5bc78,j_SearchBCentralPosition_FW
0xffb5bc78,j_SearchISLensCentralPosition_FW
0xffb532b4,j_SetFocusResetState_FW
0xffb52234,j_SetZoomResetState_FW
0xff8375d0,j_ShowCameraLog_FW
0xff8375d4,j_ShowCameraLogInfo_FW
0xffb5ba9c,j_StartBDrive_FW
0xffb5bc70,j_StartBPanDrive_FW
0xff8375cc,j_StartCameraLog_FW
0xffb5bc68,j_StartISAdjustmentDrive_FW
0xffb5ba9c,j_StartISDrive_FW
0xffaeb220,j_StartISLocalAutoCenter_FW
0xffaeb21c,j_StartISLocalHallAdjust_FW
0xffb5bc70,j_StartISPanDrive_FW
0xffb5ba98,j_StopBDrive_FW
0xffb5bc74,j_StopBPanDrive_FW
0xff8375d8,j_StopCameraLog_FW
0xffb56cbc,j_StopContinuousVRAMData_FW
0xffb5bc6c,j_StopISAdjustmentDrive_FW
0xffb5ba98,j_StopISDrive_FW
0xffb5bc74,j_StopISPanDrive_FW
0xffb52230,j_StopZoomEmergency_FW
0xff82068c,j_strcmp_FW
0xffa6d168,j_TerminateDefectRec_FW
0xff990020,j_UIFS_Capture_FW
0xff990024,j_UIFS_CaptureNoneStop_FW
0xff990478,j_UIFS_GetNumberOfDisplayedImage_FW
0xff990474,j_UIFS_IsAvailableShots_FW
0xff98ffec,j_UIFS_MoveZoomTo_FW
0xff99047c,j_UIFS_PlayTrimExecuteAllImageSize_FW
0xff990028,j_UIFS_StartMovieRecord_FW
0xff99002c,j_UIFS_StopMovieRecord_FW
0xff990054,j_UIFS_WriteFirmInfoToFile_FW
0xff98eeb0,j_VbattGet_FW
0xff98f294,j_VerifyByte_FW
0xff834a68,kbd_p1_f
0xff834a74,kbd_p1_f_cont
0xff8342b8,kbd_p2_f
0xff8349f0,kbd_read_keys
0xff8651a4,kbd_read_keys_r2
0xff933b44,LcdCon_GetCvfAdjParameter_FW
0xff93379c,LcdCon_GetCvfBackLightParameter_FW
0xff933d4c,LcdCon_GetCvfParameter_FW
0xff930f90,LcdCon_GetLcdAdjParameter_FW
0xff930c04,LcdCon_GetLcdBackLightParameter_FW
0xff93119c,LcdCon_GetLcdParameter_FW
0xff933bcc,LcdCon_SaveCvfAdjParameter_FW
0xff933820,LcdCon_SaveCvfBackLightParameter_FW
0xff933dd4,LcdCon_SaveCvfParameter_FW
0xff931018,LcdCon_SaveLcdAdjParameter_FW
0xff930c88,LcdCon_SaveLcdBackLightParameter_FW
0xff931224,LcdCon_SaveLcdParameter_FW
0xff933aa4,LcdCon_SetCvfAdjParameter_FW
0xff933714,LcdCon_SetCvfBackLightBrightness_FW
0xff933744,LcdCon_SetCvfBackLightParameter_FW
0xff933a50,LcdCon_SetCvfDriver_FW
0xff933be8,LcdCon_SetCvfParameter_FW
0xff930ef0,LcdCon_SetLcdAdjParameter_FW
0xff930b7c,LcdCon_SetLcdBackLightBrightness_FW
0xff930bac,LcdCon_SetLcdBackLightParameter_FW
0xff930e9c,LcdCon_SetLcdDriver_FW
0xff931034,LcdCon_SetLcdParameter_FW
0xff930ad0,LcdCon_SetLcdType_FW
0xff933b8c,LcdCon_ShowCvfAdjParameter_FW
0xff9337e0,LcdCon_ShowCvfBackLightParameter_FW
0xff933d94,LcdCon_ShowCvfParameter_FW
0xff930fd8,LcdCon_ShowLcdAdjParameter_FW
0xff930c48,LcdCon_ShowLcdBackLightParameter_FW
0xff9311e4,LcdCon_ShowLcdParameter_FW
0xff85fd20,LcdCon_StartLcdPeriodicalSetting_FW
0xff85fd70,LcdCon_StopLcdPeriodicalSetting_FW
0xffb1d4b8,LCDMsg_ChangeColor_FW
0xffb1d2f0,LCDMsg_Create_FW
0xffb1cff0,LCDMsg_Delete_FW
0xffb1cfb0,LCDMsg_Move_FW
0xffb1d3e0,LCDMsg_SetNum_FW
0xffb1d3f0,LCDMsg_SetStr_FW
0xffb1d390,LCDMsg_SwDisp_FW
0xff864bd4,LEDDrive
0xff864c9c,LEDDrive_FW
0xffa6ce64,LineDefDetect_FW
0xffa6cf4c,LineKizuCheck_FW
0xffa83b14,LiveImageTool.ChangeDzoom_FW
0xffa83b9c,LiveImageTool.Dister_FW
0xffa83aa4,LiveImageTool.DzoomTele_FW
0xffa83ac4,LiveImageTool.DzoomWide_FW
0xff8532d8,LiveImageTool.GetDzoomPosition_FW
0xffa83b88,LiveImageTool.Jump_FW
0xffa83af4,LiveImageTool.Pause_FW
0xffa83b04,LiveImageTool.Resume_FW
0xffa83898,LiveImageTool.StartEVF_FW
0xffa838a4,LiveImageTool.StartEVFFocusJet_FW
0xffa838b0,LiveImageTool.StartEVFMF_FW
0xffa839e8,LiveImageTool.StartEVFMovHD_FW
0xffa83a18,LiveImageTool.StartEVFMovQQVGA_FW
0xffa83a04,LiveImageTool.StartEVFMovQVGA60_FW
0xffa839cc,LiveImageTool.StartEVFMovQVGA_FW
0xffa839b8,LiveImageTool.StartEVFMovVGA_FW
0xffa83a2c,LiveImageTool.StartEVFMovXGA_FW
0xffa83a74,LiveImageTool.StartMjpegMaking_FW
0xffa83ae4,LiveImageTool.StopDzoom_FW
0xffa83a40,LiveImageTool.StopEVF_FW
0xffa83a94,LiveImageTool.StopMjpegMaking_FW
0xff86bcd4,LoadAdjustmentTable_FW
0xff86c130,LoadAdjustmentValue_FW
0xff957f10,LoadDataFromAdjTableBin_FW
0xff86bd0c,LoadDefectAdjTable_FW
0xffb58610,LoadFactoryNumber_FW
0xff957e0c,LoadParamDataFromAdjTableBin_FW
0xff892dd0,LoadScript_FW
0xffb586f0,LoadSerialNumber_FW
0xff8935ac,LocalTime
0xff8640e4,LockHdmiState_FW
0xff8a0294,LockMainPower
0xff8a0294,LockMainPower_FW
0xff896c9c,LogCameraEvent
0xff8371f8,Lseek
0xff8371f8,lseek
0xff8371f8,Lseek_FW
0xffaee7e8,MakeBootDisk_FW
0xff836ac8,MakeDirectory_Fut
0xffaee7fc,MakeScriptDisk_FW
0xff8141e8,malloc
0xffb53938,MeasureVcmDriveTimeWithPosition_FW
0xff98ecd0,Mecha.Create_FW
0xff98ed28,MechaReset_FW
0xff98ed34,MechaTerminate_FW
0xff98ec94,MechaUnRegisterEventProcedure_FW
0xff8206d0,memcmp
0xff8206d0,memcmp_FW
0xff840750,memcpy
0xff840750,memcpy_FW
0xffaedcf4,MemoryChecker_FW
0xffa4da70,memset
0xffa4da70,memset_FW
0xff810dc8,memShow_FW
0xffa6c964,MergeAndConvertDefect_FW
0xff837578,mkdir
0xff8ba264,mktime_ext
0xffaee314,MonSelEvent_FW
0xffb52358,MoveComputerZoomToPoint_FW
0xff89da10,MoveControllerToTopOfZOrder_FW
0xff97d8bc,MoveCzPeakPositon_FW
0xffae8444,MoveCZToPoint_FW
0xffae84dc,MoveCZToPointByOVF_FW
0xffae84ac,MoveCZToTele_FW
0xffae847c,MoveCZToWide_FW
0xffae89d0,MoveFocusActuator_FW
0xffb5303c,MoveFocusDistance_FW
0xffb5303c,MoveFocusLensToDistance
0xffb5303c,MoveFocusLensToDistance_FW
0xffb52f24,MoveFocusLensToPosition_FW
0xffb52e10,MoveFocusLensToPositionWithMaxSpeed_FW
0xffb52e54,MoveFocusLensToPositionWithSpeed_FW
0xffae8660,MoveFocusLensToTerminate_FW
0xffb52d2c,MoveFocusLensToTerminatePosition_FW
0xffae86bc,MoveFocusLensWithDistance_FW
0xffae87c0,MoveFocusLensWithPosition_FW
0xffae88c8,MoveFocusLensWithPositionWithoutBacklash_FW
0xffb52f74,MoveFocusPosition_FW
0xffb52d2c,MoveFocusToTerminate_FW
0xffb50ac4,MoveIrisFullClose_FW
0xffb50a90,MoveIrisFullOpen_FW
0xffb50b68,MoveIrisMechaPositionWithBacklash_FW
0xffb50ba4,MoveIrisMechaPositionWithoutBacklash_FW
0xffb50908,MoveIrisToAv_FW
0xffb50be0,MoveIrisToAvWithoutBacklash_FW
0xffae911c,MoveIrisToFullClose_FW
0xffae90f4,MoveIrisToFullOpen_FW
0xffae90a0,MoveIrisToPositionWithBacklash_FW
0xffae9178,MoveIrisToPositionWithoutBacklash_FW
0xffae9018,MoveIrisToStandbyPosition_FW
0xffae90cc,MoveIrisToTerminatePosition_FW
0xffae9040,MoveIrisWithAv
0xffae9040,MoveIrisWithAv_FW
0xffae906c,MoveIrisWithAvAndSpeed_FW
0xffae91a4,MoveIrisWithAvAndSpeedWithoutBacklash_FW
0xffae914c,MoveIrisWithAvWithoutBacklash_FW
0xffb50b34,MoveIrisWithTerminatePosition_FW
0xffb5ba70,MoveISLensToBottomLimitPosition_FW
0xff8801bc,MoveISLensToCentralPosition_FW
0xffb5ba5c,MoveISLensToLeftLimitPosition_FW
0xffb5ba48,MoveISLensToRightLimitPosition_FW
0xffb5ba84,MoveISLensToTopLimitPosition_FW
0xffae9298,MoveLensToFirstPoint_FW
0xffae92e0,MoveLensToTerminatePoint_FW
0xff984928,MoveUsm_FW
0xff984998,MoveUsmWithFreq_FW
0xffb79408,MoveVcm_FW
0xffb79418,MoveVcmWithTrigger_FW
0xff985bfc,MoveZoomActuator_FW
0xffb5231c,MoveZoomLensToPoint_FW
0xffb522e0,MoveZoomLensToPosition_FW
0xffae97c0,MoveZoomLensToTerminatePosition_FW
0xffae9738,MoveZoomLensWithPoint
0xffae9738,MoveZoomLensWithPoint_FW
0xffae977c,MoveZoomLensWithPosition_FW
0xffb5231c,MoveZoomPoint_FW
0xffb522e0,MoveZoomPosition_FW
0xff8993e8,NewTaskShell
0xff899448,NewTaskShell_FW
0xff995900,NR_GetDarkSubType
0xff995900,NR_GetDarkSubType_FW
0xff995970,NR_GetDefectCorrectType_FW
0xff995850,NR_SetDarkSubType
0xff995850,NR_SetDarkSubType_FW
0xff9958d4,NR_SetDefectCorrectType_FW
0xff9959c4,NR_SetDoubleNRType_FW
0xff9959b0,NR_SetLotasPonyType_FW
0xff995940,NR_SetTassenType_FW
0xff98eee8,OffPrintPhySw_FW
0xffb518f8,OneShotWhigeBalance_FW
0xffb518f8,OneTypeWhiteBalance_FW
0xff98eed8,OnPrintPhySw_FW
0xff837070,Open
0xff81aadc,open
0xff837070,Open_FW
0xff81f5c8,OpenConsole_FW
0xffacdf5c,OpenFastDir
0xff837218,OpenForScrip_FW
0xffb50da4,OpenMShutter_FW
0xff8375e0,OpLog.Create_FW
0xff897c24,OpLog.Get_FW
0xff897c44,OpLog.Play_FW
0xff897344,OpLog.ReadFromROM_FW
0xff897390,OpLog.ReadFromSD_FW
0xff897d74,OpLog.Start_FW
0xff8972d8,OpLog.Stop_FW
0xff897304,OpLog.WriteToROM_FW
0xff8977d0,OpLog.WriteToSD_FW
0xff958524,OutputLogToFile_FW
0xff8a30fc,PB2Rec
0xffaee25c,Peek16_FW
0xffaee254,Peek32_FW
0xffaee264,Peek8_FW
0xffa6c7c8,PointDefDetect_FW
0xffa6cc84,PointKizuCheck_FW
0xff98f2e0,Poke16_FW
0xff98f2d0,Poke32_FW
0xff98f2f0,Poke8_FW
0xff89e0f0,PostEventShootSeqToUI_FW
0xff89e02c,PostLogicalEventForNotPowerType
0xff89e02c,PostLogicalEventForNotPowerType_FW
0xff89e078,PostLogicalEventToUI
0xff89e078,PostLogicalEventToUI_FW
0xff83a614,PostMessageQueue
0xff83ae1c,PostMessageQueueStrictly
0xffb5615c,PreFixAE_FW
0xff86c448,PrintAdjKabotanInfo_FW
0xff86c154,PrintAdjTableMap_FW
0xff95625c,PrintAllAEIntegData_FW
0xff892dc4,Printf_FW
0xff958294,PrintFaexeVersioin_FW
0xff958260,PrintFirmVersion_FW
0xffb55598,PrintMultiWinScanTable_FW
0xffb55504,PrintScanTable_FW
0xff883c6c,PT_ChangeZoomSpeed_FW
0xff883ac4,PT_CompleteCaptModeChange_FW
0xff883ad4,PT_CompleteCharge_FW
0xff883adc,PT_CompleteFileWrite_FW
0xff883a8c,PT_CompletePreCapt_FW
0xff883aac,PT_CompleteStopDigZoom_FW
0xff883aa4,PT_CompleteStopZoom_FW
0xff883ab4,PT_CompleteStoreLens_FW
0xff883acc,PT_CompleteSynchroWrite_FW
0xff883ca0,PT_DoAELock_FW
0xff883c80,PT_DoAFLock_FW
0xff883aec,PT_EraseAllFile_FW
0xff838554,PT_GetDigitalZoomPosition_FW
0xff883c54,PT_GetDigitalZoomTele_FW
0xff883b68,PT_GetPropertyCaseInt_FW
0xff883cd0,PT_MFOff_FW
0xff883cc0,PT_MFOn_FW
0xff883b14,PT_mod_FW
0xff883c40,PT_MoveDigitalZoomAt_FW
0xff883c20,PT_MoveDigitalZoomToTele_FW
0xff883c30,PT_MoveDigitalZoomToWide
0xff883c30,PT_MoveDigitalZoomToWide_FW
0xff883c08,PT_MoveOpticalZoomAt
0xff883c08,PT_MoveOpticalZoomAt_FW
0xff883be0,PT_MoveOpticalZoomToTele_FW
0xff883bf4,PT_MoveOpticalZoomToWide_FW
0xff883abc,PT_MovieRecordStopped_FW
0xff883a9c,PT_NextShootAvailable_FW
0xff88e660,PT_PlaySound
0xff883a94,PT_RecreviewAvailable_FW
0xff883b3c,PT_SetPropertyCaseInt_FW
0xff883ae4,PT_ShootPicture_FW
0xff883cb0,PT_UnlockAE_FW
0xff883c90,PT_UnlockAF_FW
0xff9c17fc,PTM_AllReset_FW
0xff8a0758,PTM_AllResetToFactorySetting_FW
0xff9c2770,PTM_BackupUIProperty_FW
0xff8a0b30,PTM_GetCurrentItem_FW
0xff9c1c94,PTM_GetWorkingCaptureMode_FW
0xff9c26a8,PTM_IsEnableItem_FW
0xff9c2008,PTM_NextItem_FW
0xff9c2010,PTM_PrevItem_FW
0xff8a0bd4,PTM_RestoreUIProperty_FW
0xff8a0a58,PTM_SetCurrentCaptureMode_FW
0xff9c1cac,PTM_SetCurrentItem_FW
0xff9c23c0,PTM_SetProprietyEnable_FW
0xffb50cb0,PutInNdFilter
0xffb50cb0,PutInNdFilter_FW
0xffb50ce8,PutOutNdFilter
0xffb50ce8,PutOutNdFilter_FW
0xff896978,PutsCameraLogEvent_FW
0xffb40888,qsort
0xff9090cc,QuietImager_FW
0xffa4dbb0,rand
0xff81ad74,Read
0xff81ad74,read
0xff81ad74,Read_FW
0xfface0b0,ReadFastDir
0xffa4daec,realloc
0xffad34d0,reboot_fw_update
0xff8a1b40,Rec2PB
0xffae9494,ReceiveMechaCircuitDataAll_FW
0xff83a4c8,ReceiveMessageQueue
0xff83adf0,ReceiveMessageQueueStrictly
0xff86c430,RefreshAdjustmentTableMirror_FW
0xff86c440,RefreshDefectTableMirror_FW
0xff8b8114,RefreshPhysicalScreen
0xffb55c88,RegistColorMatrix_FW
0xff895b98,RegisterEventProcedure
0xff81e838,RegisterInterruptHandler
0xff871900,RegistFirmScanNoticeCBR_FW
0xff891b4c,ReleaseRecursiveLock
0xff84e088,ReloadAFAdjustment_FW
0xff9086fc,ReloadCdsAdjustment_FW
0xff918d14,ReloadColorAdjustment_FW
0xffb59f8c,ReloadDefectAdjustmentData_FW
0xffa75084,ReloadEfAdjustment_FW
0xffb52c8c,ReloadFocusLensAdjustment_FW
0xff980ba0,ReloadGetaAdjustment_FW
0xffb50954,ReloadIrisAdjustment_FW
0xffb5c064,ReloadISAdjustment_FW
0xffb50c98,ReloadNdFilterAdjustment_FW
0xffb59f6c,ReloadShadingAdjustmentData_FW
0xff8e276c,ReloadWBAdjustment_FW
0xffb51f88,ReloadZoomAdjustment_FW
0xffab0e14,RemoveTransparentMemory_FW
0xff8369c0,RenameFile_Fut
0xffb530a4,ResetFocus_FW
0xffae8588,ResetFocusLens
0xffae8588,ResetFocusLens_FW
0xffae8fbc,ResetIris_FW
0xffadca78,ResetIrisActuator_FW
0xffb50af8,ResetIrisPosition_FW
0xff8710fc,ResetRegistNoticeCBR_FW
0xffb52244,ResetZoom_FW
0xffae968c,ResetZoomLens
0xffae968c,ResetZoomLens_FW
0xffae96b8,ResetZoomLensToFirst_FW
0xffae96f8,ResetZoomLensToTermiante_FW
0xffb52394,ResetZoomToAdjFirstPoint_FW
0xffb523d8,ResetZoomToAdjTerminatePoint_FW
0xffb52278,ResetZoomToFirst_FW
0xffb52278,ResetZoomToFirstPoint_FW
0xffb522ac,ResetZoomToTerminate_FW
0xffb522ac,ResetZoomToTerminatePoint_FW
0xff83c788,Restart
0xff898a90,RomCheckSum_FW
0xff81f280,RotateConsoleZOder_FW
0xff86c070,SaveAdjustmentTable_FW
0xff86c0f8,SaveAdjustmentValue_FW
0xffb57950,SaveBatSenseOffsetAdjustmentTable_FW
0xffb57f80,SaveBmpVRAMData_FW
0xff86c0e0,SaveDefectAdjTable_FW
0xffb587e0,SaveFactoryReserveData_FW
0xffb583a8,SaveFromImage_FW
0xffb58310,SavePaletteData
0xffb58310,SavePaletteData_FW
0xff93aae8,Scene.ForbidContiSceneDetect_FW
0xff93ab14,Scene.TestSunset_FW
0xff8b9344,ScreenLock
0xff8b93a8,ScreenUnlock
0xffaee00c,SDump_FW
0xff880154,SearchBCentralPosition_FW
0xff880154,SearchISLensCentralPosition_FW
0xffb544d8,SelectAdjBPFilter_FW
0xffaeb750,SelectPositionSignal_FW
0xffae9470,SendMechaCircuitData_FW
0xffa6cce0,SensDefCrowdCheck_FW
0xff89fbc0,set_control_event
0xffb560d4,SetAdj_AEMode_FW
0xff957854,SetAdjAEIntegSmearLimitter_FW
0xffb54a1c,SetAdjAFIntegCrwAdd_FW
0xffb544f8,SetAdjAFWinPos_FW
0xffb502c4,SetAdjCdsMode_FW
0xffb55fc0,SetAE_CdsGainValue_FW
0xffb55e84,SetAE_ShutterSpeed
0xffb55e84,SetAE_ShutterSpeed_FW
0xff95784c,SetAEIntegAverageOBData_FW
0xff956be0,SetAEIntegCorrectProperty_FW
0xff956c84,SetAEIntegralGetaTime_FW
0xff956c40,SetAEIntegralValueProperty_FW
0xff956b54,SetAEIntegStrobeProperty_FW
0xff9574c8,SetAEIntegValueBit_FW
0xff957474,SetAEIntegWindowsMode_FW
0xff8a0308,SetAutoShutdownTime
0xff8a0308,SetAutoShutdownTime_FW
0xffb54538,SetBPFilterForBP_FW
0xffb501d4,SetCDSGain_FW
0xffb502ac,SetCDSGainStep_FW
0xffb501d4,SetCdsGainValue_FW
0xffb50200,SetCdsPreGain_FW
0xffb50258,SetCdsPreGainReg_FW
0xff8a922c,SetCurrentCaptureModeType
0xff8a922c,SetCurrentCaptureModeType_FW
0xffb57968,SetDate_FW
0xffb57b64,SetDay_FW
0xff957864,SetDefaultAEIntegSmearLimitter_FW
0xff95a808,SetDefaultRecParameter_FW
0xffa6cfec,SetDefectRecParam_FW
0xffb50140,SetDeltaCDSGain_FW
0xff836080,SetDUIDFixFlag_FW
0xff835fa0,SetDurianMode_FW
0xff89179c,SetEventFlag
0xffb55a64,SetExStrobeMode_FW
0xff836010,SetFactoryMode_FW
0xffb58600,SetFactorySerialNumber_FW
0xffab091c,SetFaexeEventTableActivation_FW
0xff8373d4,SetFileAttributes
0xff837378,SetFileTimeStamp
0xffae8b6c,SetFocusLensCondition_FW
0xffae8b58,SetFocusLensDefaultPullOutTable_FW
0xffae8d38,SetFocusLensMaxSpeedLimit_FW
0xffae85d8,SetFocusLensReseted_FW
0xffae8a80,SetFocusLensSpeed_FW
0xffae8a98,SetFocusLensSpeedTable_FW
0xffadbc64,SetFocusResetState_FW
0xffaeb430,SetGyro10BitDACPitch_FW
0xffaeb444,SetGyro10BitDACYaw_FW
0xffaeb4b0,SetGyroFilterChargeStart_FW
0xffaeb4c8,SetGyroFilterChargeStop_FW
0xffaeb460,SetGyroHPFINOffsetPitch_FW
0xffaeb474,SetGyroHPFINOffsetYaw_FW
0xffb57bcc,SetHour_FW
0xff8952a4,SetHPTimerAfterNow
0xff895324,SetHPTimerAfterTimeout
0xff98ef14,SetIgnoreAVJACK_FW
0xffb57960,SetImageMode_FW
0xffb5793c,SetInputVoltage_FW
0xffaebaac,SetISCenterShiftA_FW
0xffaebac0,SetISCenterShiftB_FW
0xffaeb6bc,SetISControlType_FW
0xffaeba5c,SetISCrossTalkCompA1_FW
0xffaeba70,SetISCrossTalkCompA2_FW
0xffaeba84,SetISCrossTalkCompB1_FW
0xffaeba98,SetISCrossTalkCompB2_FW
0xffb5c210,SetISCrossTalkCompCoeff_FW
0xffb5bca8,SetISCutOffFreqIndex_FW
0xffaeb248,SetISDriveAaxis_FW
0xffaeb25c,SetISDriveBaxis_FW
0xffb5be6c,SetISGyro10BitDACPitch_FW
0xffb5be88,SetISGyro10BitDACYaw_FW
0xffb5bf94,SetISGyroCompensationMode_FW
0xffb5bf1c,SetISGyroFilterCharge_FW
0xffaeb2c0,SetISGyroGainAaxis_FW
0xffaeb2d4,SetISGyroGainBaxis_FW
0xffb5bea4,SetISGyroHPFINOffsetPitch_FW
0xffb5bec0,SetISGyroHPFINOffsetYaw_FW
0xffb5bbd8,SetISGyroPitchGain_FW
0xffb5bbec,SetISGyroPitchOffset_FW
0xffb5bbc4,SetISGyroYawGain_FW
0xffb5bbe8,SetISGyroYawOffset_FW
0xffaeb8f0,SetISHallAmpFirstGain_FW
0xffb5bc08,SetISHallDevicePitchGain_FW
0xffb5bc30,SetISHallDevicePitchOffset_FW
0xffb5bbf4,SetISHallDeviceYawGain_FW
0xffb5bc1c,SetISHallDeviceYawOffset_FW
0xffaeb298,SetISHallGainAaxis_FW
0xffaeb2ac,SetISHallGainBaxis_FW
0xffaeb270,SetISHallOffsetAaxis_FW
0xffaeb284,SetISHallOffsetBaxis_FW
0xffaeb774,SetISHPFCutoff_FW
0xffb5bca8,SetISHPFCutOffFreqIndex_FW
0xffb5c178,SetISLensPWMMode_FW
0xffaeb888,SetISLPFAaxis_FW
0xffaeb89c,SetISLPFBaxis_FW
0xffb5bcb8,SetISLPFCutOffFreqAaxis_FW
0xffb5bcc8,SetISLPFCutOffFreqBaxis_FW
0xffaeb6e0,SetISMovieStatus_FW
0xffb5bb9c,SetISPitchPWM_FW
0xffaeb6d0,SetISStillStatus_FW
0xffaeb498,SetISTuningFlag_FW
0xffb5bf5c,SetISTuningMode_FW
0xffb5bf74,SetISTuningOff_FW
0xffb5bbb0,SetISYawPWM_FW
0xffb57df4,SetLangMenuType_FW
0xffae9344,SetLensOutsideFlag_FW
0xff957820,SetLineDefMarkThroughMode_FW
0xff89ffd0,SetLogicalEventActive
0xffb5c144,SetLoopGain_FW
0xffaeb9bc,SetLoopGainAdjValue_FW
0xffb5bcdc,SetLPFForParallelFilter_FW
0xffaeb704,SetLPFParallelBest_FW
0xffae945c,SetMechaDeviceComparatorHysteresis_FW
0xffae9444,SetMechaDeviceComparatorThreshold_FW
0xffae95fc,SetMechaShutterWaitTimeSetting_FW
0xffb57c30,SetMinute_FW
0xff85057c,SetMontblancVSize_FW
0xffb57b08,SetMonth_FW
0xffb501cc,SetObClamp_FW
0xffb501cc,SetObClampValue_FW
0xffb51878,SetOneShotWBParam_FW
0xffb51878,SetOneTypeWBParam_FW
0xff9c2770,SetParameterData
0xffb588f0,SetProductVolume_FW
0xff8998a4,SetPropertyCase
0xff98eec8,SetRawSWCheckMode_FW
0xffb5198c,SetReferenceWBGainForCalibration_FW
0xffb541fc,SetScanLensIndex_FW
0xffb54304,SetScanWindowMode_FW
0xff8a0020,SetScriptMode
0xff8a0020,SetScriptMode_FW
0xff98ee74,SetSDPwrPort_FW
0xffb57c94,SetSecond_FW
0xffb50784,SetShutterSpeed_FW
0xffb50734,SetShutterSpeedWithMecha_FW
0xff81e878,SetSR
0xff870d6c,SetTestRecSkimmingYUV_FW
0xff83b37c,SetTimerAfter
0xff83b3fc,SetTimerWhen
0xffb519b8,SetToolCorrectCoefficient_FW
0xff984a48,SetUsmCurrentPosition_FW
0xff984bf0,SetUsmEncLedDuty_FW
0xff984b40,SetUsmEncLPF_FW
0xff984a98,SetUsmFreqRange_FW
0xff984b1c,SetUsmPulseWidth_FW
0xff984aec,SetUsmStopSpeed_FW
0xff984b08,SetUsmSweepEndMarginSpeed_FW
0xff984ab4,SetUsmSweepFreq_FW
0xff984a84,SetUsmTargetFreq_FW
0xff984a6c,SetUsmTargetSpeed_FW
0xffb79994,SetVcmDacOutData_FW
0xffb796d4,SetVcmDGain_FW
0xffb796f4,SetVcmEViClamp_FW
0xffb796c0,SetVcmIGain_FW
0xffb79924,SetVcmLogData_FW
0xffb79938,SetVcmLogSampleTime_FW
0xffb79954,SetVcmLogTrigger_FW
0xffb7966c,SetVcmOpenDriveDuty_FW
0xffb536b8,SetVcmOpenDriveMode_FW
0xffb79698,SetVcmOpenDriveVoltageToInf_FW
0xffb79684,SetVcmOpenDriveVoltageToNear_FW
0xffb7970c,SetVcmParamLPF2_FW
0xffb79738,SetVcmParamPLF_FW
0xffb796ac,SetVcmPGain_FW
0xffb79764,SetVcmPiDefaultPosition_FW
0xffb7978c,SetVcmPiFallThresholdLevel_FW
0xffb797a0,SetVcmPiOverrunPulse_FW
0xffb79778,SetVcmPiRiseThresholdLevel_FW
0xffb79638,SetVcmPwmFrequency_FW
0xffb797b8,SetVcmScaleResetThreshold_FW
0xffb7949c,SetVcmSrAPos_FW
0xffb53920,SetVcmSrAPosition_FW
0xffb794b0,SetVcmSrBPos_FW
0xffb53928,SetVcmSrBPosition_FW
0xffb79560,SetVcmSrCGain_FW
0xffb795e8,SetVcmSrCNegPeak_FW
0xffb79530,SetVcmSrCOffset_FW
0xffb795d4,SetVcmSrCPosPeak_FW
0xffb53910,SetVcmSrDAC_FW
0xffb538b0,SetVcmSrDigGain_FW
0xffb53890,SetVcmSrDigOffset_FW
0xffb79574,SetVcmSrHGain_FW
0xffb79594,SetVcmSrRefV_FW
0xffb7954c,SetVcmSrSGain_FW
0xffb538e8,SetVcmSrSignalNegPeak_FW
0xffb538d0,SetVcmSrSignalPosPeak_FW
0xffb795c0,SetVcmSrSNegPeak_FW
0xffb7951c,SetVcmSrSOffset_FW
0xffb795ac,SetVcmSrSPosPeak_FW
0xffb793d8,SetVcmTargetPosition_FW
0xffb793f0,SetVcmTargetSpeed_FW
0xffb797f8,SetVcmTravelTimeMeasurePosition_FW
0xffb56700,SetVideoOutType_FW
0xffb5194c,SetWBYlStandardWidth_FW
0xff9573fc,SetWhiteCoefficient_FW
0xffb57aa8,SetYear_FW
0xffb524e8,SetZoomCommonDriveParam_FW
0xffb52434,SetZoomDriveParam_FW
0xffb52a10,SetZoomEncComparatorHysterisis_FW
0xffb52a00,SetZoomEncComparatorThreshold_FW
0xffb52ab8,SetZoomLensCounter_FW
0xffae98a8,SetZoomLensEncLedDuty_FW
0xffb5241c,SetZoomLensEncoderPowerControl_FW
0xffadf2f8,SetZoomLensICDriveData_FW
0xffae9800,SetZoomLensSpeedMode_FW
0xffb524ac,SetZoomNormalDriveParam_FW
0xffb5bc40,SetZoomPointToIS_FW
0xffaeb668,SetZoomPosition_FW
0xffb52470,SetZoomResetDriveParam_FW
0xff9878bc,SetZoomResetState_FW
0xff98f320,ShowAllTaskInfo_FW
0xff896a28,ShowCameraLog_FW
0xff8969bc,ShowCameraLogInfo_FW
0xffb55e2c,ShowCurrentExp_FW
0xff86bc30,ShowDefaultAdjTableVersion_FW
0xffae8c64,ShowFocusLensCurrentSpeedTable_FW
0xff89e14c,ShowLogicalEventName_FW
0xff98ed40,ShowMechaMacro_FW
0xff98eeb8,ShowPhySwStatus_FW
0xff98eefc,ShowSDStatus_FW
0xffab0d44,ShowTransparentMemory_FW
0xff89a84c,ShutdownPlayModeMenu_FW
0xff89a9d0,ShutdownPlayModeMenuWithoutPbRedraw_FW
0xff89a5f8,ShutdownRecModeMenu_FW
0xffb5638c,SleepAE_FW
0xff83ac1c,SleepTask
0xff83ac1c,SleepTask_FW
0xff8205f4,sprintf_FW
0xffa4dba4,srand
0xff883ce0,SS.Create_FW
0xffa4dbe0,sscanf_FW
0xffb54a0c,StartAdjAFInteg_FW
0xffb54658,StartAdjAFService_FW
0xff957814,StartAEIntegralService_FW
0xff88006c,StartBDrive_FW
0xff880084,StartBPanDrive_FW
0xff896a78,StartCameraLog_FW
0xffb50564,StartCaptureDrive_FW
0xffb54ed4,StartCrwCustomScan_FW
0xffb54e5c,StartCustomScan_FW
0xff97d8b4,StartCzTuning_FW
0xffb56a2c,StartEVFDrive_FW
0xffb569e8,StartEVFDriveWithMode_FW
0xff836178,StartFactoryModeController_FW
0xffaebb8c,StartImStEventProc_FW
0xff88006c,StartISAdjustmentDrive_FW
0xff88006c,StartISDrive_FW
0xffaeb20c,StartISLocalAdjust_FW
0xff8800a8,StartISLocalAutoCenter_FW
0xff8800e8,StartISLocalHallAdjust_FW
0xff880084,StartISPanDrive_FW
0xff95898c,StartLogOut_FW
0xffaeb92c,StartLoopGainCalc_FW
0xff89a550,StartPlayModeMenu_FW
0xff89a56c,StartRecModeMenu
0xff89a56c,StartRecModeMenu_FW
0xff81fe30,StartRedirectUART_FW
0xffab1408,StartSoundPlay_FW
0xffab13d0,StartSoundRecord_FW
0xffb792e4,StartVcmClk_FW
0xffb793c8,StartVcmControl_FW
0xff898630,StartWDT_FW
0xff837240,stat
0xffb549b0,StopAdjAFInteg_FW
0xffb547d8,StopAdjAFService_FW
0xff9574fc,StopAEIntegralService_FW
0xff880078,StopBDrive_FW
0xff880090,StopBPanDrive_FW
0xff896c3c,StopCameraLog_FW
0xffb50404,StopCaptureDrive_FW
0xff854238,StopContinuousVRAMData_FW
0xffb54df4,StopCustomScan_FW
0xffb56730,StopEVFDrive_FW
0xff880078,StopISAdjustmentDrive_FW
0xff880078,StopISDrive_FW
0xff880090,StopISPanDrive_FW
0xff958630,StopLogOut_FW
0xffaeb9fc,StopLoopGainCalc_FW
0xffb55b24,StopStrobeChargeForFA_FW
0xff984a08,StopUsm_FW
0xff984a18,StopUsmEmergency_FW
0xffb79428,StopVcm_FW
0xffb79438,StopVcmEmergency_FW
0xffb79300,StopVcmvClk_FW
0xff898694,StopWDT_FW
0xff87edbc,StopZoomEmergency_FW
0xff8b9a20,strcat
0xff8140b4,strchr
0xff82068c,strcmp
0xff8206b4,strcmp_FW
0xff820674,strcpy
0xff820674,strcpy_FW
0xff8b9c6c,strftime
0xff814100,strlen
0xff814100,strlen_FW
0xff814068,strncmp
0xff81402c,strncpy
0xff8140d8,strrchr
0xff840a30,strtol
0xff840834,strtolx
0xffb56630,SwitchOffDisplay_FW
0xffb56668,SwitchOnDisplay_FW
0xff98f9ec,System.Create_FW
0xff98f330,System.Delete_FW
0xff83a8e4,TakeSemaphore
0xff83a8e4,TakeSemaphore_FW
0xff83adc4,TakeSemaphoreStrictly
0xff84fcb8,task__ImageSensorTask
0xff8ee784,task_AfIntSrvTask
0xff84bf88,task_AFTask
0xff868bd0,task_ASIF
0xff934a00,task_AudioLvl
0xff93c2ac,task_AutoShutterMan
0xffb7a6f0,task_AviRead
0xff832b9c,task_BatteryTask
0xff862828,task_BeepTask
0xff8c9530,task_BrtMsrTask
0xff83c5e8,task_Bye
0xff8868c4,task_CaptSeq
0xff8868c4,task_CaptSeqTask
0xff8e57fc,task_ChaseFrame
0xff816124,task_ClockSave
0xff8a3b88,task_CommonDrivers
0xffaae574,task_CorrectLiveTassenTask
0xff993df8,task_CreateHeaderTask
0xff89d044,task_CtrlSrv
0xffad0c3c,task_DecJpgRd
0xff8e4498,task_DetectMoveTask
0xff8e8d88,task_DevelopModule
0xff8e6640,task_DispFace
0xff9657dc,task_DPOFTask
0xff8aec7c,task_DSITask
0xff8882f4,task_DvlpSeqTask
0xffb75978,task_EfctConLowTask
0xffb757dc,task_EfctConTask
0xff899334,task_EvShel
0xff8d081c,task_ExpDrv
0xff8d081c,task_ExpDrvTask
0xff8ae7e8,task_FaceFrame
0xff954490,task_Fencing
0xffacaf88,task_FileScheduleTask
0xffacbf84,task_FileWrite
0xffacbf84,task_FileWriteTask
0xffacfe50,task_FilYuvMaker
0xffad9910,task_FocusEvent
0xffacd68c,task_FORMAT_TASK_NAME
0xffacd4a4,task_FORMAT_TASK_PROGRESS
0xff873c14,task_FsIoNotifyTask
0xff863598,task_HdmiDriverTask
0xffad8124,task_ImgDLight
0xff974474,task_ImgEdt
0xff87ad54,task_ImgPlayDrv
0xff9753bc,task_ImgTrim
0xff8a3b50,task_InitFileModules
0xffadbcac,task_IrisEvent
0xff87f69c,task_ISMainTask
0xff85f564,task_LcdConTask
0xff8647f4,task_LEDCon
0xff87c5b4,task_LensController
0xff913f84,task_LiveImageTask
0xff9834c4,task_MechaAlarm
0xff980f2c,task_MechaCom
0xff87de90,task_MechaLog
0xffade7d0,task_MechaShutter
0xff960300,task_MetaCtg
0xff937208,task_MotionVector
0xffae7838,task_MovEdit
0xff88334c,task_MovieRecord
0xffae3910,task_MovPlay
0xffae1614,task_MovRead
0xff98c7e0,task_MovWrite
0xff926dec,task_NormalThumbCache
0xff8e2f7c,task_OBCtrlTask
0xff897130,task_OpePlay
0xff8345e8,task_PhySw
0xff854330,task_PrcssFil
0xffa8e224,task_PTPtoFAPI_EventProcTask
0xffb8a9a0,task_ReadFileTask
0xffb0aec4,task_ReadMultiConTask
0xffb6e800,task_ReadScheduleTask
0xff9cb8d4,task_RealTimeHist
0xff87c10c,task_RedEyeCapt
0xff977608,task_RedEyePly
0xff865d08,task_RotaryEncoder
0xff939fb0,task_SceneDetectTask
0xff877614,task_SD1stInit
0xffaec9e8,task_ShutterSoundTask
0xff90a158,task_SsgMainTask
0xff90a350,task_SsgPeriodTask
0xff88decc,task_SsTask
0xff81faf0,task_Startup
0xff83d078,task_StartupImage
0xff91ab38,task_SynchTask
0xff91aab0,task_SyncPeriod
0xff90dc8c,task_TgTask
0xff869540,task_Thermometer
0xff91cd4c,task_TimerUtility
0xff983ea8,task_TmgGen
0xff92aba8,task_TrnsCtrlTask
0xff81fcdc,task_UartLog
0xff988df8,task_VcmMainTask
0xff8493b0,task_WBCtrl
0xff8c2e34,task_WBIntegTask
0xff8e06d8,task_WBLPFace
0xff8984bc,task_WdtPrint
0xff898570,task_WdtReset
0xff984ec0,task_ZoomEvent
0xff991040,TerminateAdjustmentSystem_FW
0xff870eac,Terminatedccd_FW
0xffb59fe0,TerminateDefectAdjustment_FW
0xffb46000,TerminateDefectRec_FW
0xff870eac,TerminateDigicon_FW
0xffb5a324,TerminateMechaDevice_FW
0xffab1490,TerminateSoundRec_FW
0xff8702ac,TerminateTestRec_FW
0xff893b8c,time
0xff83a6cc,TryPostMessageQueue
0xff83a590,TryReceiveMessageQueue
0xff83a890,TryTakeSemaphore
0xff8b059c,TurnOffBackLight
0xff85f0b8,TurnOffDisplay
0xff83c534,TurnOffE1_FW
0xff8673e0,TurnOffVideoOutMode_FW
0xff8b0584,TurnOnBackLight
0xff85f0a8,TurnOnDisplay
0xff8673a8,TurnOnVideoOutMode_FW
0xff990f14,UI.Create_FW
0xff990f14,UI_RegistDebugEventProc_FW
0xff990f00,UI_ShowStateOfRecMode_FW
0xff89ffd0,UiEvnt_SetLogicalEventActive_FW
0xff8a0090,UiEvnt_StartDisguiseCradleStatus_FW
0xff8a00a0,UiEvnt_StopDisguiseCradleStatus_FW
0xff9c9168,UIFS_Capture_FW
0xff9c923c,UIFS_CaptureNoneStop_FW
0xff9900e8,UIFS_ChangeShootState_FW
0xff98fefc,UIFS_ClosePopupStrobe_FW
0xff98ff8c,UIFS_ConnectVideo_FW
0xff98ffbc,UIFS_DisconnectVideo_FW
0xff990040,UIFS_EndClockMode_FW
0xff990218,UIFS_GetAvItem_FW
0xff990168,UIFS_GetAvItemCount_FW
0xff990370,UIFS_GetCurrentAvString_FW
0xff9903f0,UIFS_GetCurrentTvString_FW
0xff990130,UIFS_GetLastPath_FW
0xff990058,UIFS_GetMovieRecoadableNumber_FW
0xffa08df8,UIFS_GetNumberOfDisplayedImage_FW
0xff9900a0,UIFS_GetStillShotableNumber_FW
0xff990334,UIFS_GetTvItem_FW
0xff9901c0,UIFS_GetTvItemCount_FW
0xff98fc80,UIFS_IsAutoPopupDownStrobe_FW
0xff98fc88,UIFS_IsAvailableAvTvMode_FW
0xff98fc68,UIFS_IsAvailableMovieRecDigZoom_FW
0xff98fc60,UIFS_IsAvailableMovieRecOptZoom_FW
0xff98fc78,UIFS_IsAvailableRecMenuAFMode_FW
0xff98fc70,UIFS_IsAvailableServoAF_FW
0xff8ac31c,UIFS_IsAvailableShots_FW
0xff98ff2c,UIFS_MountExtFlash_FW
0xff9ca3e4,UIFS_MoveZoomTo_FW
0xff98fecc,UIFS_OpenPopupStrobe_FW
0xffb12004,UIFS_PlayTrimExecuteAllImageSize_FW
0xff98fff8,UIFS_PostModeDial_FW
0xff98fff4,UIFS_RestartPostingUIEvent_FW
0xff98fe2c,UIFS_SetCaptureModeToP_FW
0xff990050,UIFS_SetCradleSetting_FW
0xff98fe6c,UIFS_SetDialMovieRec_FW
0xff98feac,UIFS_SetDialPlay_FW
0xff98fe0c,UIFS_SetDialStillRec_FW
0xff99010c,UIFS_ShootSeqToUI_FW
0xff990030,UIFS_StartClockMode_FW
0xff8adcb4,UIFS_StartMovieRecord_FW
0xff8adcd8,UIFS_StopMovieRecord_FW
0xff98fff0,UIFS_StopPostingUIEvent_FW
0xff98ff5c,UIFS_UnmountExtFlash_FW
0xff9aef3c,UIFS_WriteFirmInfoToFile
0xff9aef3c,UIFS_WriteFirmInfoToFile_FW
0xff835ba8,UndisplayFactoryMode_FW
0xff892cd8,UnLoadScript_FW
0xff838e0c,UnlockAE
0xff838af0,UnlockAF
0xff8a01e8,UnlockMainPower
0xff8a01e8,UnlockMainPower_FW
0xffb55cc0,UnregistColorMatrix_FW
0xff81e85c,UnregisterInterruptHandler
0xff8770cc,UpdateMBROnFlash
0xffaeaf74,UsmEnc_FW
0xffae9d98,UsmEncLevel_FW
0xffaea89c,UsmFN_FW
0xffaeabd4,UsmFNForSD_FW
0xffae9ce4,UsmGainChangeSpeedGet_FW
0xffae9d18,UsmGainChangeSpeedSet_FW
0xffae9c18,UsmGainGet_FW
0xffae9c7c,UsmGainSet_FW
0xffae9d50,UsmLGainGet_FW
0xffae9d6c,UsmLGainSet_FW
0xffae98bc,UsmMenu_FW
0xffaea5b8,UsmTuning_FW
0xffaea02c,UsmWowFla_FW
0xffaea208,UsmWowFlaForSD_FW
0xff833178,VbattGet
0xff833178,VbattGet_FW
0xffb79340,VcmFirmTransfer_FW
0xffb79318,VcmResetHigh_FW
0xffb7932c,VcmResetLow_FW
0xffaede30,VerifyByte_FW
0xff820638,vsprintf
0xff98f30c,Wait_FW
0xff8916dc,WaitForAllEventFlag
0xff83ae74,WaitForAllEventFlagStrictly
0xff8915f8,WaitForAnyEventFlag
0xff83ae48,WaitForAnyEventFlagStrictly
0xff83716c,Write
0xff83716c,write
0xff83716c,Write_FW
0xff86c4d4,WRITEADJTABLETOFROM_FW
0xff86c4f8,WRITEADJUSTMENTDATATOFROM_FW
0xffb5baf0,WriteGyroAdjustment_FW
0xffb5bab0,WriteHallDeviceAdjustment_FW
0xffae9394,WriteMechaLogToFile_FW
0xffae9374,WriteMechaLogToRom_FW
0xffb5bb6c,WritePWMAdjustment_FW
0xff96db38,WriteSDCard
0xff892a80,WriteToRom_FW
