0xffc00bd0,memShow_FW
0xffc039c4,malloc
0xffc03a98,free
0xffc03b78,realloc
0xffc03c40,GetMemInfo
0xffc04e1c,drysh_FW
0xffc04e98,err_init_task
0xffc050b4,task_ClockSave
0xffc09ec4,open
0xffc09f74,close
0xffc0a15c,Read
0xffc0a15c,read
0xffc0a15c,Read_FW
0xffc0b5a0,RegisterInterruptHandler
0xffc0b5c4,UnregisterInterruptHandler
0xffc0b5dc,GetSRAndDisableInterrupt
0xffc0b5e0,SetSR
0xffc0b600,EnableInterrupt
0xffc0b608,CreateBinarySemaphore
0xffc0b670,CreateCountingSemaphore
0xffc0b670,CreateCountingSemaphore_FW
0xffc0b6c8,DeleteSemaphore
0xffc0b6c8,DeleteSemaphore_FW
0xffc0b720,TryTakeSemaphore
0xffc0b774,TakeSemaphore
0xffc0b774,TakeSemaphore_FW
0xffc0b844,GiveSemaphore
0xffc0b844,GiveSemaphore_FW
0xffc0b87c,GetSemaphoreValue
0xffc0b8e0,CreateTask
0xffc0b8e0,CreateTask_FW
0xffc0bb70,ExitTask
0xffc0bb70,ExitTask_FW
0xffc0bbb8,CreateTaskStrictly
0xffc0bbec,CreateMessageQueueStrictly
0xffc0bc10,CreateEventFlagStrictly
0xffc0bc34,CreateBinarySemaphoreStrictly
0xffc0bc58,CreateCountingSemaphoreStrictly
0xffc0bc7c,CreateRecursiveLockStrictly
0xffc0bca0,TakeSemaphoreStrictly
0xffc0bccc,ReceiveMessageQueueStrictly
0xffc0bcf8,PostMessageQueueStrictly
0xffc0bd24,WaitForAnyEventFlagStrictly
0xffc0bd50,WaitForAllEventFlagStrictly
0xffc0bd7c,AcquireRecursiveLockStrictly
0xffc0bdb8,DebugAssert
0xffc0c4c0,RotateConsoleZOder_FW
0xffc0c6d0,CPrintf_FW
0xffc0c72c,CPutChar_FW
0xffc0c758,GetCh_FW
0xffc0c7a8,GetStringWithPrompt_FW
0xffc0c808,OpenConsole_FW
0xffc0c96c,CloseConsole_FW
0xffc0cd28,task_Startup
0xffc0ce68,_uartr_req
0xffc0cef8,task_UartLog
0xffc0d04c,StartRedirectUART_FW
0xffc0d7c8,sprintf_FW
0xffc0d80c,vsprintf
0xffc0d88c,strcpy
0xffc0d88c,strcpy_FW
0xffc0d8a4,j_strcmp_FW
0xffc0d8a4,strcmp
0xffc0d8cc,strcmp_FW
0xffc0d8e8,strlen
0xffc0d8e8,strlen_FW
0xffc0d90c,memcmp
0xffc0d90c,memcmp_FW
0xffc0da08,srand
0xffc0da14,rand
0xffc105d0,VbattGet
0xffc105d0,VbattGet_FW
0xffc107b8,task_TempCheck
0xffc11548,kbd_p2_f
0xffc118a4,task_PhySw
0xffc11ab4,GetSwitchStatus_FW
0xffc11be4,GetSDDetect_FW
0xffc11bec,GetSDProtect
0xffc11bec,GetSDProtect_FW
0xffc11c08,GetDialEventId_FW
0xffc11c0c,kbd_read_keys
0xffc11d08,kbd_p1_f
0xffc11d14,kbd_p1_f_cont
0xffc12b28,EngDrvOut
0xffc12b40,EngDrvIn
0xffc12b48,EngDrvRead
0xffc12b5c,EngDrvBits
0xffc133b4,RenameFile_Fut
0xffc13408,DeleteFile_Fut
0xffc1347c,MakeDirectory_Fut
0xffc134ec,DeleteDirectory_Fut
0xffc13544,Fopen_Fut
0xffc13544,Fopen_Fut_FW
0xffc13584,Fclose_Fut
0xffc13584,Fclose_Fut_FW
0xffc13630,Fread_Fut
0xffc13630,Fread_Fut_FW
0xffc13684,Fwrite_Fut
0xffc13684,Fwrite_Fut_FW
0xffc136d8,Fgets_Fut
0xffc13724,Fseek_Fut
0xffc13724,Fseek_Fut_FW
0xffc13770,Feof_Fut
0xffc137ac,Fflush_Fut
0xffc13b34,Open
0xffc13b34,Open_FW
0xffc13b5c,Close
0xffc13b5c,Close_FW
0xffc13c04,j_Read_FW
0xffc13c08,Write
0xffc13c08,write
0xffc13c08,Write_FW
0xffc13c9c,Lseek
0xffc13c9c,lseek
0xffc13c9c,Lseek_FW
0xffc13d64,j_Lseek_FW
0xffc13d68,stat
0xffc13e38,SetFileTimeStamp
0xffc13e88,SetFileAttributes
0xffc13f00,mkdir
0xffc1422c,j_StartCameraLog_FW
0xffc14230,j_ShowCameraLog_FW
0xffc14234,j_ShowCameraLogInfo_FW
0xffc14238,j_StopCameraLog_FW
0xffc1423c,j_PutsCameraLogEvent_FW
0xffc14240,OpLog.Create_FW
0xffc142bc,j_NewTaskShell_FW
0xffc142c0,j_ExMem.View_FW
0xffc142c4,j_ExMem.AllocUncacheable_FW
0xffc142c8,j_ExMem.FreeUncacheable_FW
0xffc142cc,j_ExMem.AllocCacheable_FW
0xffc142d0,j_ExMem.FreeCacheable_FW
0xffc142d4,ExMem_FW
0xffc157a0,DoAFLock
0xffc158b8,UnlockAF
0xffc15a90,EnterToCompensationEVF
0xffc15bdc,ExitFromCompensationEVF
0xffc15c80,DoAELock
0xffc15cb0,UnlockAE
0xffc17114,CreateEventFlag
0xffc1716c,DeleteEventFlag
0xffc171bc,CheckAnyEventFlag
0xffc17204,CheckAllEventFlag
0xffc1724c,WaitForAnyEventFlag
0xffc172f0,WaitForAllEventFlag
0xffc173b8,SetEventFlag
0xffc173ec,ClearEventFlag
0xffc17424,GetEventFlagValue
0xffc17528,CreateMessageQueue
0xffc175ac,DeleteMessageQueue
0xffc1763c,ReceiveMessageQueue
0xffc176e8,TryReceiveMessageQueue
0xffc17764,PostMessageQueue
0xffc17800,TryPostMessageQueue
0xffc17840,GetNumberOfPostedMessages
0xffc178b0,CreateRecursiveLock
0xffc17900,DeleteRecursiveLock
0xffc17950,AcquireRecursiveLock
0xffc17a54,ReleaseRecursiveLock
0xffc17c9c,SleepTask
0xffc17c9c,SleepTask_FW
0xffc17e18,AllocateUncacheableMemory
0xffc17e4c,FreeUncacheableMemory
0xffc180b8,_GetSystemTime
0xffc181f0,SetTimerAfter
0xffc18270,SetTimerWhen
0xffc182d4,CancelTimer
0xffc19504,task_Bye
0xffc19690,Restart
0xffc19d68,task_StartupImage
0xffc1d81c,strncpy
0xffc1d858,strtolx
0xffc1da54,strtol
0xffc1db34,task_AFTask
0xffc218c8,ExpCtrlTool_StartContiAE
0xffc21a0c,ExpCtrlTool_StopContiAE
0xffc23b54,task_FramePosition
0xffc26464,task_ImageSensorTask
0xffc26c24,SetMontblancVSize_FW
0xffc26c38,GetMontblancVSize_FW
0xffc27598,SetUSBToDCPMode_FW
0xffc29af4,task_UsbHal
0xffc2cac4,DispCon_ShowColorBar_FW
0xffc2cb20,DispCon_ShowFiveStep_FW
0xffc2cc00,DispCon_ShowWhiteChart_FW
0xffc2cc38,DispCon_ShowBlackChart_FW
0xffc2cc54,DispCon_ShowBitmapColorBar
0xffc2cc54,DispCon_ShowBitmapColorBar_FW
0xffc2ccb4,DispCon_ShowCustomColorBar_FW
0xffc2cd18,DispCon_SetDisplayType_FW
0xffc2cd38,DispCon_TurnOnDisplay_FW
0xffc2cd38,TurnOnDisplay
0xffc2cd48,DispCon_TurnOffDisplay_FW
0xffc2cd48,TurnOffDisplay
0xffc2cd58,DispCon_SetMaxBackLightBrightness_FW
0xffc2cdd8,DispCon_SetVideoAdjParameter_FW
0xffc2ce38,DispCon_GetVideoAdjParameter_FW
0xffc2ce80,DispCon_ShowVideoAdjParameter_FW
0xffc2ce98,DispCon_SaveVideoAdjParameter_FW
0xffc2cf10,DispCon_SetLcdGainAdjParameter_FW
0xffc2cff0,DispCon_GetLcdGainAdjParameter_FW
0xffc2d040,DispCon_ShowLcdGainAdjParameter_FW
0xffc2d064,DispCon_SaveLcdGainAdjParameter_FW
0xffc2d148,task_LcdConTask
0xffc2d4c0,LcdCon_StartLcdPeriodicalSetting_FW
0xffc2d4ec,LcdCon_StopLcdPeriodicalSetting_FW
0xffc2eccc,GetAdVBattBottom_FW
0xffc2ecd4,GetAdChValue_FW
0xffc2fed4,task_BeepTask
0xffc302bc,BeepDrive_FW
0xffc30324,task_LEDCon
0xffc30884,LEDDrive
0xffc30884,LEDDrive_FW
0xffc30bec,kbd_read_keys_r2
0xffc30fdc,GetKbdState
0xffc3109c,task_AudioTsk
0xffc32660,task_FWDDATA
0xffc32e64,task_Thermometer
0xffc3302c,GetCCDTemperature
0xffc3302c,GetCCDTemperature_FW
0xffc3309c,GetBatteryTemperature
0xffc3309c,GetBatteryTemperature_FW
0xffc3310c,GetOpticalTemperature
0xffc3310c,GetOpticalTemperature_FW
0xffc331c0,j_GetOpticalTemperature_FW
0xffc331c4,j_GetCCDTemperature_FW
0xffc331c8,j_GetBatteryTemperature_FW
0xffc33cec,DisplayFactoryMode_FW
0xffc33cf8,UndisplayFactoryMode_FW
0xffc33eac,ClearFactoryMode_FW
0xffc33ed8,SetFactoryMode_FW
0xffc33f98,ClearDUIDFixFlag_FW
0xffc33fd0,SetDUIDFixFlag_FW
0xffc3400c,IsFactoryMode_FW
0xffc3403c,IsDUIDFixFlag_FW
0xffc3407c,StartFactoryModeController_FW
0xffc34f50,EraseAdjustmentArea_FW
0xffc34f5c,DumpAdjMirror_FW
0xffc34f80,GetAdjTableVersion_FW
0xffc34fb4,GetAdjTableMapVersion_FW
0xffc34fc4,GetAdjTableValueVersion_FW
0xffc34fd8,ShowDefaultAdjTableVersion_FW
0xffc35094,LoadAdjustmentTable_FW
0xffc350a4,CreateAdjustmentTableMirror_FW
0xffc35274,SaveAdjustmentTable_FW
0xffc3528c,SaveAdjustmentValue_FW
0xffc352b0,LoadAdjustmentValue_FW
0xffc352d4,PrintAdjTableMap_FW
0xffc354c4,RefreshAdjustmentTableMirror_FW
0xffc355ac,WRITEADJTABLETOFROM_FW
0xffc355c8,AddAdjDataToFRom_FW
0xffc38c40,InitializeTestRec_FW
0xffc38ca8,TerminateTestRec_FW
0xffc38e88,ExecuteTestRec_FW
0xffc38f54,ExecuteTestRecCF_FW
0xffc3900c,Initializedccd_FW
0xffc3900c,InitializeDigicon_FW
0xffc39138,Terminatedccd_FW
0xffc39138,TerminateDigicon_FW
0xffc39180,ExecuteDigicon_FW
0xffc3977c,Executedccd_FW
0xffc3980c,GetdccdImage_FW
0xffc398a0,GetdccdFilterValue_FW
0xffc3cc2c,UpdateMBROnFlash
0xffc3cdec,GetDrive_ClusterSize
0xffc3ce20,GetDrive_TotalClusters
0xffc3ce54,GetDrive_FreeClusters
0xffc3d1e8,task_FsIoNotifyTask
0xffc3fca8,task_SD1stInit
0xffc41f2c,task_ImgPlayDrv
0xffc430dc,task_RedEyeCapt
0xffc4366c,task_LensController
0xffc4489c,IsLensOutside_FW
0xffc448c0,GetLensErrorStatus_FW
0xffc458f4,task_MovieRecord
0xffc465f0,PT_PlaySound
0xffc46794,PT_CompletePreCapt_FW
0xffc4679c,PT_RecreviewAvailable_FW
0xffc467a4,PT_NextShootAvailable_FW
0xffc467ac,PT_CompleteStopZoom_FW
0xffc467b4,PT_CompleteStopDigZoom_FW
0xffc467bc,PT_CompleteStoreLens_FW
0xffc467c4,PT_MovieRecordStopped_FW
0xffc467cc,PT_CompleteCaptModeChange_FW
0xffc467d4,PT_CompleteSynchroWrite_FW
0xffc467dc,PT_CompleteCharge_FW
0xffc467e4,PT_CompleteFileWrite_FW
0xffc467ec,PT_BatLvChange_PreWeak_FW
0xffc467f4,PT_BatLvChange_Weak_FW
0xffc467fc,PT_BatLvChange_Low_FW
0xffc46804,PT_BatLvChange_SysLow_FW
0xffc4680c,task_PT_BatTestTask
0xffc46888,PT_StartBatteryTest_FW
0xffc468c4,PT_FinishBatteryTest_FW
0xffc468e0,PT_GetBatteryLevel_FW
0xffc468f4,PT_GetPreWeakBatLv_FW
0xffc4694c,PT_GetWeakBatLv_FW
0xffc469a4,PT_GetLowBatLv_FW
0xffc469fc,PT_GetSysLowBatLv_FW
0xffc46ac8,PT_EraseAllFile_FW
0xffc46af0,PT_mod_FW
0xffc46b18,PT_GetSystemTime_FW
0xffc46b2c,PT_SetPropertyCaseInt_FW
0xffc46b58,PT_GetPropertyCaseInt_FW
0xffc46bd0,PT_GetLocalDateAndTimeString_FW
0xffc46c14,PT_PlaySound_FW
0xffc46c30,PT_LCD_BkColorDef_FW
0xffc46cb4,PT_MoveOpticalZoomToTele_FW
0xffc46cc8,PT_MoveOpticalZoomToWide_FW
0xffc46cdc,PT_MoveOpticalZoomAt
0xffc46cdc,PT_MoveOpticalZoomAt_FW
0xffc46cf4,PT_MoveDigitalZoomToTele_FW
0xffc46d04,PT_MoveDigitalZoomToWide
0xffc46d04,PT_MoveDigitalZoomToWide_FW
0xffc46d14,PT_MoveDigitalZoomAt_FW
0xffc46d28,PT_ChangeZoomSpeed_FW
0xffc46d3c,PT_DoAFLock_FW
0xffc46d4c,PT_UnlockAF_FW
0xffc46d5c,PT_DoAELock_FW
0xffc46d6c,PT_UnlockAE_FW
0xffc46d7c,PT_MFOn_FW
0xffc46d8c,PT_MFOff_FW
0xffc46d9c,SS.Create_FW
0xffc48058,task_SsStartupTask
0xffc48dc0,task_CaptSeq
0xffc48dc0,task_CaptSeqTask
0xffc4a0b0,task_MovieCtrlTask
0xffc4cd3c,task_SsTask
0xffc4e2b4,GetLogToFile_FW
0xffc4e4f8,EraseLogSector_FW
0xffc50b5c,UnLoadScript_FW
0xffc50c04,Printf_FW
0xffc50c10,LoadScript_FW
0xffc513f8,time
0xffc51544,LocalTime
0xffc51710,ExMem.View_FW
0xffc51eb8,ExMem.AllocUncacheable_FW
0xffc51ff8,ExMem.FreeUncacheable_FW
0xffc5200c,exmem_alloc
0xffc52074,ExMem.AllocCacheable_FW
0xffc52084,exmem_free
0xffc52180,ExMem.FreeCacheable_FW
0xffc52c58,SetHPTimerAfterNow
0xffc52cd8,SetHPTimerAfterTimeout
0xffc52d60,CancelHPTimer
0xffc536f8,RegisterEventProcedure
0xffc53824,ExecuteEventProcedure
0xffc5389c,ExecuteEventProcedure_FW
0xffc5425c,ExportToEventProcedure_FW
0xffc54268,CreateProxyOfEventProcedure_FW
0xffc542c0,DeleteProxyOfEventProcedure_FW
0xffc544d8,PutsCameraLogEvent_FW
0xffc5451c,ShowCameraLogInfo_FW
0xffc54588,ShowCameraLog_FW
0xffc545d0,StartCameraLog_FW
0xffc54794,StopCameraLog_FW
0xffc547f4,LogCameraEvent
0xffc54b80,task_OpePlay
0xffc54d94,OpLog.Stop_FW
0xffc54dc0,OpLog.ReadFromROM_FW
0xffc54e40,OpLog.ReadFromSD_FW
0xffc551e8,OpLog.WriteToSD_FW
0xffc555f0,OpLog.WriteToROM_FW
0xffc55618,OpLog.Get_FW
0xffc55638,OpLog.Show_FW
0xffc556d4,OpLog.Play_FW
0xffc55808,OpLog.Start_FW
0xffc55fbc,task_WdtPrint
0xffc56070,task_WdtReset
0xffc56130,StartWDT_FW
0xffc56194,StopWDT_FW
0xffc56284,GetBuildDate_FW
0xffc5628c,GetBuildTime_FW
0xffc56294,GetFirmwareVersion_FW
0xffc563a0,CheckSumAll_FW
0xffc56590,RomCheckSum_FW
0xffc56e34,task_EvShel
0xffc56ee8,NewTaskShell
0xffc56f48,NewTaskShell_FW
0xffc57324,SetPropertyCase
0xffc57424,GetPropertyCase
0xffc59c54,FmtMenu_ExecuteQuickFormat_FW
0xffc5a1b0,task_CtrlSrv
0xffc5a938,CreateController_FW
0xffc5a9f4,DeleteController_FW
0xffc5ab78,MoveControllerToTopOfZOrder_FW
0xffc5acbc,GetSelfControllerHandle_FW
0xffc5b0f4,PostLogicalEventForNotPowerType
0xffc5b0f4,PostLogicalEventForNotPowerType_FW
0xffc5b140,PostLogicalEventToUI
0xffc5b140,PostLogicalEventToUI_FW
0xffc5b1b8,PostEventShootSeqToUI_FW
0xffc5b20c,ShowLogicalEventName_FW
0xffc5b574,set_control_event
0xffc5b7b0,IsControlEventActive_FW
0xffc5b820,SetLogicalEventActive
0xffc5b870,SetScriptMode
0xffc5b870,SetScriptMode_FW
0xffc5b898,UiEvnt_StartDisguiseCradleStatus_FW
0xffc5b8a8,UiEvnt_StopDisguiseCradleStatus_FW
0xffc5b9d8,UnlockMainPower
0xffc5b9d8,UnlockMainPower_FW
0xffc5ba84,LockMainPower
0xffc5ba84,LockMainPower_FW
0xffc5baf8,SetAutoShutdownTime
0xffc5baf8,SetAutoShutdownTime_FW
0xffc5bcd0,HardwareDefectWithRestart_FW
0xffc5bd20,HardwareDefect_FW
0xffc5bf34,PTM_AllResetToFactorySetting_FW
0xffc5bf44,j_PTM_AllReset_FW
0xffc5c2ac,PTM_SetCurrentCaptureMode_FW
0xffc5c3c4,j_PTM_GetWorkingCaptureMode_FW
0xffc5c3c8,j_PTM_SetCurrentItem_FW
0xffc5c3d4,PTM_GetCurrentItem_FW
0xffc5c440,j_PTM_NextItem_FW
0xffc5c444,j_PTM_PrevItem_FW
0xffc5c454,j_PTM_IsEnableItem_FW
0xffc5c458,j_PTM_SetProprietyEnable_FW
0xffc5c470,j_PTM_BackupUIProperty_FW
0xffc5c474,PTM_RestoreUIProperty_FW
0xffc5e6a4,PB2Rec
0xffc5e6d4,Rec2PB
0xffc5f114,task_InitFileModules
0xffc5f14c,task_CommonDrivers
0xffc61d9c,SetCurrentCaptureModeType
0xffc61d9c,SetCurrentCaptureModeType_FW
0xffc61dd8,GetCurrentCaptureModeType_FW
0xffc65314,UIFS_StartMovieRecord_FW
0xffc65348,UIFS_StopMovieRecord_FW
0xffc65d24,task_FaceFrame
0xffc65f58,task_DSITask
0xffc662b4,TurnOnBackLight
0xffc662cc,TurnOffBackLight
0xffc6e854,StartGUISystem_FW
0xffc6e994,atol_FW
0xffc6e9a0,strcat
0xffc6e9dc,strncmp
0xffc6ea28,strchr
0xffc6ea4c,strrchr
0xffc6ebb4,memcpy
0xffc6ebb4,memcpy_FW
0xffc6ee28,strftime
0xffc6f420,mktime_ext
0xffc73808,task_WBIntegTask
0xffc77de0,task_AfIntSrvTask
0xffc8552c,task_BrtMsrTask
0xffc8d018,ExpCtrlTool.SetExpMode_FW
0xffc905d4,task_ExpDrv
0xffc905d4,task_ExpDrvTask
0xffc93510,task_WBCtrl
0xffc94424,task_OBCtrlTask
0xffc95424,task_DetectMoveTask
0xffc96fe0,task_DevelopModule
0xffc9735c,task_EFChargeT
0xffc97624,EF.IsChargeFull_FW
0xffc97624,IsStrobeChargeCompleted
0xffc9a060,E2LatOn_FW
0xffc9b47c,task_SsgMainTask
0xffc9b6a0,task_SsgPeriodTask
0xffc9e45c,task_TgTask
0xffca1ca8,LiveImageTool.GetDzoomPosition_FW
0xffca1ddc,GetVRAMHPixelsSize
0xffca1de8,GetVRAMVPixelsSize
0xffca2874,task_SyncPeriod
0xffca28fc,task_SynchTask
0xffca48dc,task_SesnMngr
0xffca53fc,task_TimerUtility
0xffca5af0,COMFACHK_StartService_FW
0xffca5b40,COMFACHK_StopService_FW
0xffca5be0,COMFACHK_StartSendData_FW
0xffca5c1c,COMFACHK_StartSendLargeData_FW
0xffca5c80,COMFACHK_GetTransferTime_FW
0xffca5ce0,COMFACHK_SetSendDataSize_FW
0xffcaea20,task_PreLoadTask
0xffcb3120,task_TrnsCtrlTask
0xffcb5b84,task_RapiRevr
0xffcb7ea0,j_InitializeDCPClassFunctions_FW
0xffcb81e0,InitializeDCPClassFunctions_FW
0xffcba608,task_SRM
0xffcc3cc4,LcdCon_SetLcdDriver_FW
0xffcc3d2c,LcdCon_SetLcdAdjParameter_FW
0xffcc3dcc,LcdCon_GetLcdAdjParameter_FW
0xffcc3f30,LcdCon_ShowLcdAdjParameter_FW
0xffcc3f98,LcdCon_SaveLcdAdjParameter_FW
0xffcc3fb4,LcdCon_IsNewLcd_FW
0xffcc3fc8,LcdCon_IsNewLcdType_FW
0xffcc3fdc,LcdCon_SetLcdParameter_FW
0xffcc40d4,LcdCon_GetLcdParameter_FW
0xffcc4188,LcdCon_ShowLcdParameter_FW
0xffcc4294,LcdCon_SaveLcdParameter_FW
0xffcc43b0,LcdCon_SetLcdBackLightBrightness_FW
0xffcc43fc,LcdCon_SetLcdBackLightParameter_FW
0xffcc4468,LcdCon_GetLcdBackLightParameter_FW
0xffcc44c0,LcdCon_ShowLcdBackLightParameter_FW
0xffcc4528,LcdCon_SaveLcdBackLightParameter_FW
0xffccd32c,task_Fencing
0xffcd6134,LoadParamDataFromAdjTableBin_FW
0xffcd6238,LoadDataFromAdjTableBin_FW
0xffcd6334,DeviceUniqueIDCheckSum_FW
0xffcd657c,PrintFirmVersion_FW
0xffcd65b0,PrintFaexeVersioin_FW
0xffcd65c0,CreateFADBGSingalID_FW
0xffcd65d0,FADBGSingal_FW
0xffcd667c,FADBGPrintf_FW
0xffcd67fc,FAPrintf_FW
0xffcd684c,OutputLogToFile_FW
0xffcd694c,StopLogOut_FW
0xffcd6aac,GetLogData_FW
0xffcd6b64,GetLogDataOnlyAddMemory_FW
0xffcd6bcc,ActivateAdjLog_FW
0xffcd6be0,InactivateAdjLog_FW
0xffcd6bf4,StartLogOut_FW
0xffcd6c0c,IsLogOutType_FW
0xffcd8c9c,SetDefaultRecParameter_FW
0xffcd8fc8,SetSensitiveDefectRecParameter_FW
0xffcd8fd8,SetSensitiveRecParameter_FW
0xffcd8fe4,SetDefectRecParameter_FW
0xffcd9298,EnableDebugLogMode_FW
0xffcd92ac,DisableDebugLogMode_FW
0xffcdfe0c,task_FolderCreateCheckTask
0xffce0590,task_MetaCtg
0xffce6e3c,task_DPOFTask
0xffceece0,task_FORMAT_TASK_PROGRESS
0xffceede0,task_FORMAT_TASK_NAME
0xffcf9440,WriteSDCard
0xffcfc764,task_ImgTrim
0xffcfe580,task_RedEyePly
0xffd0195c,task_CZ
0xffd02e1c,GetFocusLensSubjectDistance
0xffd03128,GetFocusLensSubjectDistanceFromLens
0xffd03d24,GetCurrentAvValue
0xffd03d24,GetIrisAv_FW
0xffd04500,GetZoomPiSensorLevel_FW
0xffd04548,GetFocusPiSensorLevel_FW
0xffd04bd8,GetMechaShutterStatus_FW
0xffd06ab8,GetZoomLensCurrentPosition_FW
0xffd06ae0,GetZoomLensCurrentPoint
0xffd06ae0,GetZoomLensCurrentPoint_FW
0xffd06e9c,GetZoomLensTelePoint_FW
0xffd07444,GetZoomLensMechaEdgePosition_FW
0xffd0847c,task_AviWrite
0xffd09e58,MechaUnRegisterEventProcedure_FW
0xffd09e94,Mecha.Create_FW
0xffd09ee8,MechaReset_FW
0xffd09ef4,MechaTerminate_FW
0xffd09f00,ShowMechaMacro_FW
0xffd09fe4,DispDev_EnableEventProc_FW
0xffd0a024,SetSDPwrPort_FW
0xffd0a050,j_GetAdVBattBottom_FW
0xffd0a054,j_GetAdChValue_FW
0xffd0a058,j_BeepDrive_FW
0xffd0a05c,j_VbattGet_FW
0xffd0a060,j_LEDDrive_FW
0xffd0a064,ShowPhySwStatus_FW
0xffd0a074,SetRawSWCheckMode_FW
0xffd0a084,OnPrintPhySw_FW
0xffd0a094,OffPrintPhySw_FW
0xffd0a0a4,j_GetSwitchStatus_FW
0xffd0a0a8,ShowSDStatus_FW
0xffd0a0b8,j_GetSDDetect_FW
0xffd0a0bc,j_GetSDProtect_FW
0xffd0a0c0,SetIgnoreAVJACK_FW
0xffd0a0d0,j_GetDialEventId_FW
0xffd0a0d4,Driver.Create_FW
0xffd0a0d4,Driver_EnableEventProc_FW
0xffd0a2e4,j_Printf_FW
0xffd0a2e8,j_MonSelEvent_FW
0xffd0a2ec,j_MemoryChecker_FW
0xffd0a2f0,j_VerifyByte_FW
0xffd0a2f4,EraseSignature_FW
0xffd0a304,j_SDump_FW
0xffd0a308,Dump_FW
0xffd0a318,Dump32_FW
0xffd0a32c,Poke32_FW
0xffd0a33c,Poke16_FW
0xffd0a34c,Poke8_FW
0xffd0a35c,j_Peek32_FW
0xffd0a360,j_Peek16_FW
0xffd0a364,j_Peek8_FW
0xffd0a368,Wait_FW
0xffd0a378,j_exec_FW
0xffd0a37c,ShowAllTaskInfo_FW
0xffd0a38c,System.Delete_FW
0xffd0aa1c,System.Create_FW
0xffd0aa1c,SystemEventInit_FW
0xffd0ac64,UI_ShowStateOfRecMode_FW
0xffd0ad64,UIFS_SetDialStillRec_FW
0xffd0ad8c,UIFS_SetDialMovieRec_FW
0xffd0adb4,UIFS_SetDialPlay_FW
0xffd0addc,UIFS_OpenPopupStrobe_FW
0xffd0ae0c,UIFS_ClosePopupStrobe_FW
0xffd0ae3c,UIFS_MountExtFlash_FW
0xffd0ae6c,UIFS_UnmountExtFlash_FW
0xffd0ae9c,UIFS_PressTeleButton_FW
0xffd0aed8,UIFS_UnpressTeleButton_FW
0xffd0af10,UIFS_PressWideButton_FW
0xffd0af4c,UIFS_UnpressWideButton_FW
0xffd0af84,UIFS_ConnectVideo_FW
0xffd0afb4,UIFS_DisconnectVideo_FW
0xffd0afe4,j_UIFS_MoveZoomTo_FW
0xffd0afe8,UIFS_StopPostingUIEvent_FW
0xffd0afec,UIFS_RestartPostingUIEvent_FW
0xffd0aff0,UIFS_SetCaptureModeToP_FW
0xffd0b024,UIFS_SetCaptureModeToTv_FW
0xffd0b058,UIFS_SetCaptureModeToM_FW
0xffd0b08c,UIFS_SetCaptureModeToMacro_FW
0xffd0b094,UIFS_SetCaptureModeToISO3200_FW
0xffd0b09c,j_UIFS_Capture_FW
0xffd0b0a0,j_UIFS_CaptureNoneStop_FW
0xffd0b0a4,j_UIFS_StartMovieRecord_FW
0xffd0b0a8,j_UIFS_StopMovieRecord_FW
0xffd0b0ac,StartClockMode_FW
0xffd0b0ac,UIFS_StartClockMode_FW
0xffd0b0b4,EndClockMode_FW
0xffd0b0b4,UIFS_EndClockMode_FW
0xffd0b0bc,UIFS_SetCradleSetting_FW
0xffd0b0c0,j_UIFS_WriteFirmInfoToFile_FW
0xffd0b0c4,UIFS_GetMovieRecoadableNumber_FW
0xffd0b10c,UIFS_GetStillShotableNumber_FW
0xffd0ba10,UI.Create_FW
0xffd0ba10,UI_RegistDebugEventProc_FW
0xffd0bb14,InitializeAdjustmentSystem_FW
0xffd0bb4c,TerminateAdjustmentSystem_FW
0xffd0bb84,InitializeAdjustmentFunction_FW
0xffd0bbac,FA.Delete_FW
0xffd0bbc0,FA.Create_FW
0xffd0bbe4,DispDev.Create_FW
0xffd0bc54,Capture.Create_FW
0xffd0bc94,EngineDriver.Create_FW
0xffd0e0c0,task_DvlpSeqTask
0xffd0e64c,NR_SetDarkSubType
0xffd0e64c,NR_SetDarkSubType_FW
0xffd0e694,NR_SetDefectCorrectType_FW
0xffd0e6c0,NR_GetDarkSubType
0xffd0e6c0,NR_GetDarkSubType_FW
0xffd0e700,NR_GetDefectCorrectType_FW
0xffd0e740,NR_SetLotasPonyType_FW
0xffd0fd20,task_SoundRecord
0xffd106bc,task_SoundPlay
0xffd10d10,task_WavRead
0xffd11be4,WriteToRom_FW
0xffd11c94,EraseSectorOfRom_FW
0xffd15bb8,GetTimeOfSystem_FW
0xffd1f898,StartPlayModeMenu_FW
0xffd1f900,StartRecModeMenu
0xffd1f900,StartRecModeMenu_FW
0xffd1f974,ShutdownRecModeMenu_FW
0xffd1fa14,ShutdownPlayModeMenu_FW
0xffd1fa98,ShutdownPlayModeMenuWithoutPbRedraw_FW
0xffd201e4,UIFS_WriteFirmInfoToFile
0xffd201e4,UIFS_WriteFirmInfoToFile_FW
0xffd21ae4,ShowLanguageNameList_FW
0xffd21b10,SaveLanguageNameList_FW
0xffd21b14,RegisterLanguageName_FW
0xffd21bd4,DeleteLanguageMenu_FW
0xffd22018,CreateLanguageMenu_FW
0xffd29920,PTM_AllReset_FW
0xffd29c84,PTM_GetWorkingCaptureMode_FW
0xffd29c9c,PTM_SetCurrentItem_FW
0xffd2a034,PTM_NextItem_FW
0xffd2a03c,PTM_PrevItem_FW
0xffd2a338,PTM_SetProprietyEnable_FW
0xffd2a580,PTM_IsEnableItem_FW
0xffd2a64c,PTM_BackupUIProperty_FW
0xffd2a64c,SetParameterData
0xffd2a6dc,GetParameterData
0xffd2aa54,ExecuteResetFactoryWithRomWrite_FW
0xffd2ec94,UIFS_Capture_FW
0xffd2ed9c,UIFS_CaptureNoneStop_FW
0xffd2f750,UnsetZoomForMovie
0xffd2fcdc,UIFS_MoveZoomTo_FW
0xffd6789c,RefreshPhysicalScreen
0xffd67c50,memset
0xffd67c50,memset_FW
0xffd68158,qsort
0xffd68194,sscanf_FW
0xffd68dd8,apex2us
0xffd6cc74,AFTool.GetEVal_FW
0xffd8274c,ChangeGradeTable_FW
0xffd82760,PointDefDetect_FW
0xffd828b4,PointKizuCheck_FW
0xffd82918,GetDefectCount_FW
0xffd82938,LineDefDetect_FW
0xffd8299c,LineKizuCheck_FW
0xffd83634,DevelopTool.DevelopTest_FW
0xffd889f0,task_CntFlashTask
0xffd89b28,EF.StartEFCharge_FW
0xffd89b78,EF.StopEFCharge_FW
0xffd89b88,EF.SetEFChargeTimeOut_FW
0xffd89b9c,EF.StartInternalPreFlash_FW
0xffd89bd8,EF.StartInternalMainFlash_FW
0xffd89c60,EF.SetMainFlashTime_FW
0xffd89c74,j_EF.IsChargeFull_FW
0xffd89c78,EF.AdjPreFlash_FW
0xffd89cbc,EF.SetChargeMode_FW
0xffd89cd0,EF.SetFlashTime_FW
0xffd8b01c,ActivateImager_FW
0xffd8b0a8,ActivateImagerXOne_FW
0xffd8b178,QuietImager_FW
0xffd8b200,CancelImager_FW
0xffd8b224,ChangeImagerToWholeParallel_FW
0xffd8b240,ChangeImagerToWholeParallelBP_FW
0xffd8b25c,ChangeImagerToWideDraft_FW
0xffd8b264,ChangeImagerToFocusJet_FW
0xffd8b26c,ChangeImagerToMangoPudding_FW
0xffd8b274,ChangeImagerToSuperWideDraft_FW
0xffd8b27c,ChangeImagerToJetDraft_FW
0xffd8b284,ChangeImagerToJumboDraft_FW
0xffd8b28c,ChangeImagerToHoneyFlash_FW
0xffd8b294,ChangeImagerToMillefeAdjust_FW
0xffd8b29c,ChangeImagerToDigiconMode_FW
0xffd8b29c,ChangeImagerToOITA_XAVIER_FW
0xffd8b2a4,ChangeImagerToAlternateDraft_FW
0xffd8b2ac,ChangeImagerToUltraGhostQ_FW
0xffd8b2b4,ChangeImagerToMontblancWhole_FW
0xffd8b2bc,ChangeImagerToMontblancMillefe_FW
0xffd8b2c8,j_E2LatOn_FW
0xffd8f398,LiveImageTool.StartEVF_FW
0xffd8f414,LiveImageTool.StartEVFFocusJet_FW
0xffd8f490,LiveImageTool.StartEVFMF_FW
0xffd8f524,LiveImageTool.StartEVFMovVGA_FW
0xffd8f5f8,LiveImageTool.StartEVFMovQVGA60_FW
0xffd8f6b4,LiveImageTool.StartEVFMovQVGA_FW
0xffd8f770,LiveImageTool.StartEVFMovQQVGA_FW
0xffd8f82c,LiveImageTool.StartEVFMovXGA_FW
0xffd8f8e4,LiveImageTool.StartEVFMovHD_FW
0xffd8f99c,LiveImageTool.StopEVF_FW
0xffd8f9ac,LiveImageTool.StartMjpegMaking_FW
0xffd8f9cc,LiveImageTool.StopMjpegMaking_FW
0xffd8f9dc,LiveImageTool.DzoomTele_FW
0xffd8f9fc,LiveImageTool.DzoomWide_FW
0xffd8fa1c,LiveImageTool.StopDzoom_FW
0xffd8fa2c,LiveImageTool.Pause_FW
0xffd8fa3c,LiveImageTool.Resume_FW
0xffd8fa4c,LiveImageTool.ChangeDzoom_FW
0xffd8fabc,j_LiveImageTool.GetDzoomPosition_FW
0xffd8fac0,LiveImageTool.Jump_FW
0xffd95c18,task_DirectOpEventQueueMngr
0xffd96b20,add_ptp_handler
0xffd99168,task_SelectThumbCache
0xffd9f164,task_DCPClassTask
0xffda5e90,TurnOnAFLamp_FW
0xffda5eac,TurnOffAFLamp_FW
0xffda7a64,EngDrvOut_FW
0xffda7a80,EngDrvIn_FW
0xffda7a88,EngDrvRead_FW
0xffda7a90,EngDrvBits_FW
0xffda7ab4,EngDrvReadDump_FW
0xffdac870,ShowTransparentMemory_FW
0xffdac890,DumpTransparentMemoryItem_FW
0xffdac8d0,AddTransparentMemory_FW
0xffdac908,AttachToTransparentMemory_FW
0xffdac940,RemoveTransparentMemory_FW
0xffdac960,GetTransparentMemorySize_FW
0xffdac974,GetTransparentMemory_FW
0xffdac9b8,GetTransparentMemoryPosition_FW
0xffdace34,FreeBufferForSoundRec_FW
0xffdaceb0,StartSoundRecord_FW
0xffdacee8,StartSoundPlay_FW
0xffdacf30,InitializeSoundRec_FW
0xffdacf64,TerminateSoundRec_FW
0xffdc0aac,task_FileScheduleTask
0xffdc18e4,task_FileWrite
0xffdc18e4,task_FileWriteTask
0xffdc2c18,task_ReadScheduleTask
0xffdc4b08,OpenFastDir
0xffdc4b9c,ReadFastDir
0xffdc4c6c,closedir
0xffdc86d0,task_FilYuvMaker
0xffdc9470,reboot_fw_update
0xffdcb098,task_FocusEvent
0xffdcd250,GetFocusLensResetPosition_FW
0xffdcd260,GetFocusLensResetDefaultPosition_FW
0xffdcd9f8,GetFocusLensCurrentPosition_FW
0xffdcde48,GetFocusLensDriveVoltage_FW
0xffdcdec4,GetFocusLensSettingWaitVoltage_FW
0xffdcdf10,GetFocusLensHoldVoltage_FW
0xffdcf2c8,task_MechaShutter
0xffdcfc44,task_Nd
0xffdd0af0,task_ZoomEvent
0xffdd12a4,IsZoomActuatorResetSensorPlusSide_FW
0xffdd183c,MoveZoomActuator_FW
0xffdd187c,SetZoomActuatorSpeedPPS_FW
0xffdd1898,GetZoomActuatorSpeedPPS_FW
0xffdd18a4,j_GetZoomActuatorCurrentPosition_FW
0xffdd18a8,j_IsZoomActuatorResetSensorPlusSide_FW
0xffdd18ac,GetZoomActuatorCurrentPosition_FW
0xffdd26d0,GetZoomLensCurrentPosition
0xffdd3c18,task_AviRead
0xffdd5ac4,task_MoviePlay
0xffdd69d8,MoveCZToPoint_FW
0xffdd6a10,MoveCZToWide_FW
0xffdd6a40,MoveCZToTele_FW
0xffdd6af4,ResetFocusLens
0xffdd6af4,ResetFocusLens_FW
0xffdd6b50,EscapeFocusLens_FW
0xffdd6bc8,MoveFocusLensToTerminate_FW
0xffdd6c24,MoveFocusLensWithDistance_FW
0xffdd6d30,MoveFocusLensWithPosition_FW
0xffdd6e44,MoveFocusLensWithPositionWithoutBacklash_FW
0xffdd6f58,MoveFocusActuator_FW
0xffdd7014,SetFocusLensSpeed_FW
0xffdd7040,SetFocusLensSpeedTable_FW
0xffdd70fc,SetFocusLensDefaultPullOutTable_FW
0xffdd7110,SetFocusLensCondition_FW
0xffdd7240,ShowFocusLensCurrentSpeedTable_FW
0xffdd72b4,SetFocusLensMaxSpeedLimit_FW
0xffdd72c4,CancelFocusLensMaxSpeedLimit_FW
0xffdd72d4,EnableFocusLens_FW
0xffdd7320,DisableFocusLens_FW
0xffdd736c,EnableFocusLensGainLockWithVoltage_FW
0xffdd73a0,DisableFocusLensGainLock_FW
0xffdd73b0,EnableFocusLensWaveLock_FW
0xffdd73cc,DisableFocusLensWaveLock_FW
0xffdd73dc,j_GetFocusLensCurrentPosition_FW
0xffdd73e0,j_GetFocusLensResetPosition_FW
0xffdd73e4,j_GetFocusLensResetDefaultPosition_FW
0xffdd73e8,GetFocusLensSubjectDistance_FW
0xffdd7404,GetFocusLensSubjectDistanceNumber_FW
0xffdd740c,GetFocusLensPositionRatio_FW
0xffdd7414,GetFocusLensLoadSubjectDistance_FW
0xffdd747c,ChangeFocusDistanceToPosition_FW
0xffdd7484,GetFocusLensLoadCamTable_FW
0xffdd74b8,j_GetFocusLensDriveVoltage_FW
0xffdd74bc,SetFocusLensDriveVoltage_FW
0xffdd74f4,j_GetFocusLensSettingWaitVoltage_FW
0xffdd74f8,SetFocusLensSettingWaitVoltage_FW
0xffdd7530,j_GetFocusLensHoldVoltage_FW
0xffdd7534,SetFocusLensHoldVoltage_FW
0xffdd756c,j_GetFocusLensResetVoltage_FW
0xffdd7570,GetFocusLensMoveMaxPosition_FW
0xffdd7588,GetFocusLensMoveMinPosition_FW
0xffdd75ec,ResetIris_FW
0xffdd7610,MoveIrisToTerminatePosition_FW
0xffdd7618,MoveIrisWithAv
0xffdd7618,MoveIrisWithAv_FW
0xffdd7640,MoveIrisWithAvWithoutBacklash_FW
0xffdd7668,j_GetIrisAv_FW
0xffdd76c4,MoveLensToFirstPoint_FW
0xffdd770c,MoveLensToTerminatePoint_FW
0xffdd7744,j_IsLensOutside_FW
0xffdd7748,j_GetLensErrorStatus_FW
0xffdd7768,EnableMechaCircuit_FW
0xffdd7778,DisableMechaCircuit_FW
0xffdd7788,EnableFocusPiCircuit_FW
0xffdd7798,DisableFocusPiCircuit_FW
0xffdd77a8,j_GetFocusPiSensorLevel_FW
0xffdd77ac,EnableZoomPiCircuit_FW
0xffdd77bc,DisableZoomPiCircuit_FW
0xffdd77cc,j_GetZoomPiSensorLevel_FW
0xffdd77d0,EnableZoomEncoderCircuit_FW
0xffdd77e0,DisableZoomEncoderCircuit_FW
0xffdd77f0,SendMechaCircuitData_FW
0xffdd7814,ReceiveMechaCircuitDataAll_FW
0xffdd790c,CloseMechaShutterWithTiming_FW
0xffdd797c,SetMechaShutterWaitTimeSetting_FW
0xffdd7990,j_GetMechaShutterStatus_FW
0xffe271f0,PutInNdFilter,(stubs_entry_2.s)
0xffe27228,PutOutNdFilter,(stubs_entry_2.s)
0xffdd7a48,SetNdDacSetting_FW
0xffdd7a6c,EnableZoomLensEncoderPowerControl_FW
0xffdd7a7c,DisableZoomLensEncoderPowerControl_FW
0xffdd7af0,ResetZoomLens
0xffdd7af0,ResetZoomLens_FW
0xffdd7b1c,ResetZoomLensToFirst_FW
0xffdd7b5c,ResetZoomLensToTermiante_FW
0xffdd7b9c,MoveZoomLensWithPoint
0xffdd7b9c,MoveZoomLensWithPoint_FW
0xffdd7be0,MoveZoomLensWithPosition_FW
0xffdd7c24,MoveZoomLensToTerminatePosition_FW
0xffdd7c64,MoveZoomLensToMechaEdge_FW
0xffdd7ccc,SetZoomLensSpeedMode_FW
0xffdd7cd4,j_GetZoomLensCurrentPoint_FW
0xffdd7cfc,j_GetZoomLensCurrentPosition_FW
0xffdd7d00,j_GetZoomLensTelePoint_FW
0xffdd7d04,j_GetZoomLensMechaEdgePosition_FW
0xffdd8838,task_CreateHeaderTask
0xffdd9d94,task_WavWrite
0xffddaaa0,MemoryChecker_FW
0xffddab34,VerifyByte_FW
0xffddb07c,SDump_FW
0xffddb29c,FreeMemory
0xffddb29c,FreeMemory_FW
0xffddb2a4,AllocateMemory
0xffddb2a4,AllocateMemory_FW
0xffddb2c4,Peek32_FW
0xffddb2cc,Peek16_FW
0xffddb2d4,Peek8_FW
0xffddb2fc,GetSystemTime
0xffddb2fc,GetSystemTime_FW
0xffddb310,exec_FW
0xffddb384,MonSelEvent_FW
0xffddba18,MakeBootDisk_FW
0xffddba2c,MakeScriptDisk_FW
0xffddba40,AdditionAgentRAM_FW
0xffddffa8,StartTransferOrderMenu_FW
0xffdef984,StartDirectTransferManager_FW
0xffdf0508,StoptDtConfirmMenu_FW
0xffdf0650,StartDtConfirmMenu_FW
0xffe066fc,LCDMsg_Move_FW
0xffe0673c,LCDMsg_Delete_FW
0xffe06a40,LCDMsg_Create_FW
0xffe06af0,LCDMsg_SwDisp_FW
0xffe06b40,LCDMsg_SetNum_FW
0xffe06b50,LCDMsg_SetStr_FW
0xffe06c24,LCDMsg_ChangeColor_FW
0xffe28e90,MoveFocusLensToDistance
0xffe2b554,SetAE_ShutterSpeed
0xffe2d5b0,SavePaletteData
0xffe2e788,CreateJumptable
0xffe3b404,task_ReadFileTask
0xffe3e20c,task_EffctDrv
0xffe3fc80,MoveDCMotorCW_FW
0xffe3fcf0,MoveDCMotorCCW_FW
0xffe40878,GetFocusLensResetVoltage_FW
0xffe41424,SetZoomLensICDriveData_FW
0xffe45144,StartDtExecuteMenu_FW
0xffe4eea0,_log10
0xffe4f010,_pow
0xffe4ff5c,_log
0xffe512c4,_sqrt
