0xff83c344,_GetSystemTime
0xffb9cc10,_log
0xffb9d150,_log10
0xffb9d2c8,_pow
0xffb9eeec,_sqrt
0xff81fe10,_uartr_req
0xff951d98,AbortAEIntegralValue_FW
0xff88de64,AcquireRecursiveLock
0xff83bfb0,AcquireRecursiveLockStrictly
0xff953bd8,ActivateAdjLog_FW
0xff905530,ActivateImager_FW
0xff9055bc,ActivateImagerXOne_FW
0xffaf0100,ActivateISMD_FW
0xffa7be20,add_ptp_handler
0xff9948f0,AdditionAgentRAM_FW
0xffaabeb4,AddTransparentMemory_FW
0xffb5d750,AdjAEWithAperturePriority_FW
0xffb5d6fc,AfAEWithAperturePriority_FW
0xffb5d8f8,AfAEWithCompensation_FW
0xffa6dd98,AFTool.GetEVal_FW
0xffaf24dc,AllocateMemory
0xffaf24dc,AllocateMemory_FW
0xff83c0a8,AllocateUncacheableMemory
0xffa3b18c,apex2us
0xff8b35bc,atol_FW
0xff952b3c,AttachIntegCrawData_FW
0xffaabeec,AttachToTransparentMemory_FW
0xffb4d644,Bat_Calc_FW
0xffb5ed60,Bat_Save_FW
0xffb5ed4c,Bat_VIN_FW
0xff863500,BeepDrive_FW
0xff863520,BeepDriveComp_FW
0xffb58b24,CalcLog10_FW
0xffb63428,CalcLoopGain_FW
0xffb58c14,CalcSqrt_FW
0xffb4d644,CalculateBatSenseOffset_FW
0xffb5c898,CalculateInterpolationByLS_FW
0xffb58ac4,CalculateLog2ToApex_FW
0xffb58a8c,CalculatePeakFromLeastSquareResult_FW
0xffb5c838,CalculatePeakPosByLS_FW
0xffb58ad8,CalculatePow2FromApex_FW
0xff86fc20,CalculateTestRecYUVData_FW
0xffb5d524,CancelAdj_AEMode_FW
0xffb578d0,CancelAdjCdsMode_FW
0xffb5b380,CancelBPFilterForBP_FW
0xffb5ce74,CancelExStrobeMode_FW
0xffaee8ec,CancelFocusLensMaxSpeedLimit_FW
0xff8917e0,CancelHPTimer
0xff90586c,CancelImageDrive_FW
0xff90575c,CancelImager_FW
0xff87edf0,CancelLoopGainCalc_FW
0xff83c560,CancelTimer
0xff98914c,Capture.Create_FW
0xffb57b58,CaptureWithParam_FW
0xff86421c,CecRegDump_FW
0xffaab8e8,ChangeAdjImgDrvMode_FW
0xffaab914,ChangeAEIntegDrvTypeToAdjImgDriveType_FW
0xffa5b0c8,ChangeCrossThresholdTable_FW
0xffa5b38c,ChangeDefectRecParam_FW
0xffb5eb20,ChangeDistortionSetForLiveImage_FW
0xffb63088,ChangeFilterMode_FW
0xffaeea54,ChangeFocusDistanceToPosition_FW
0xffa5af98,ChangeGradeTable_FW
0xffb57b6c,ChangeImageDrive_FW
0xff9057e8,ChangeImagerToAlternateDraft_FW
0xff905798,ChangeImagerToCombiParallel_FW
0xff9057e0,ChangeImagerToDigiconMode_FW
0xff905828,ChangeImagerToFantaJungle_FW
0xff905810,ChangeImagerToFastBP_FW
0xff9057a8,ChangeImagerToFocusJet_FW
0xff905838,ChangeImagerToFocusJetHD_FW
0xff905818,ChangeImagerToHarleyDavidson_FW
0xff9057d0,ChangeImagerToHoneyFlash_FW
0xff905850,ChangeImagerToHoneyFlashDark_FW
0xff905848,ChangeImagerToHoneyFlashHD_FW
0xff905858,ChangeImagerToHoneyHDFlashDark_FW
0xff9057c0,ChangeImagerToJetDraft_FW
0xff9057c8,ChangeImagerToJumboDraft_FW
0xff905820,ChangeImagerToMachDashV_FW
0xff9057b0,ChangeImagerToMangoPudding_FW
0xff905840,ChangeImagerToMangoPuddingHD_FW
0xff9057d8,ChangeImagerToMillefeAdjust_FW
0xff905800,ChangeImagerToMontblancMillefe_FW
0xff905808,ChangeImagerToMontblancMovie_FW
0xff9057f8,ChangeImagerToMontblancWhole_FW
0xff9057e0,ChangeImagerToOITA_XAVIER_FW
0xff905860,ChangeImagerToRoadKing_FW
0xff9057b8,ChangeImagerToSuperWideDraft_FW
0xff9057f0,ChangeImagerToUltraGhostQ_FW
0xff905780,ChangeImagerToWholeParallel_FW
0xff905788,ChangeImagerToWholeParallelBP_FW
0xff905790,ChangeImagerToWholeParallelBPOne_FW
0xff9057a0,ChangeImagerToWideDraft_FW
0xff905830,ChangeImagerToWideDraftHD_FW
0xffaeed00,ChangeIrisSpeed_FW
0xffaefbf0,ChangeParallelMode_FW
0xff863e48,ChangePowerState_FW
0xff87e840,ChangeToISCloseControl_FW
0xffaef564,ChangeZoomLensMagnificationToPoint_FW
0xffaef55c,ChangeZoomLensPointToMagnification_FW
0xffb5ceb0,ChargeStrobe_FW
0xffb5cee4,ChargeStrobeForFA_FW
0xff88d9ec,CheckAllEventFlag
0xff88d9a4,CheckAnyEventFlag
0xff894d60,CheckSumAll_FW
0xff8371cc,ClearDUIDFixFlag_FW
0xff8370d8,ClearDurianMode_FW
0xff88dc0c,ClearEventFlag
0xff8370d8,ClearFactoryMode_FW
0xff87ebd0,ClearISCalcZData_FW
0xffaefc64,ClearISIComponent_FW
0xffaefc88,ClearISZData_FW
0xffb7f5cc,ClearPMByFs_FW
0xffb7f5a4,ClearPMByGpio_FW
0xffb59d7c,ClearZoomCommonDriveParam_FW
0xffade5f0,ClearZoomDriveParam_FW
0xff8383e8,Close
0xff81abb4,close
0xff8383e8,Close_FW
0xff81f820,CloseConsole_FW
0xffaca118,closedir
0xffaeefe0,CloseMechaShutter_FW
0xffaef028,CloseMechaShutterWithTiming_FW
0xffb58138,CloseMShutter_FW
0xffaf0118,CommunicateMechaCPU_FW
0xffaab880,ConvertAdjImgDrvModeToAdjImgDriveType_FW
0xffaab834,ConvertAEIntegDrvTypeToAdjImgDriveType_FW
0xffb58b7c,ConvertApexStdToApex_FW
0xffb58b4c,ConvertApexToApexStd_FW
0xffb59110,ConvertCxCyToWBGain_FW
0xffb5a05c,ConvertToPositionWithDistanceAndZoomPoint_FW
0xffb57ccc,ConvertTvToExposureTime_FW
0xff81f584,CPrintf_FW
0xff81f5dc,CPutChar_FW
0xff86b41c,CreateAdjustmentTableMirror_FW
0xff83b864,CreateBinarySemaphore
0xff83be68,CreateBinarySemaphoreStrictly
0xff899cec,CreateController_FW
0xff83b8cc,CreateCountingSemaphore
0xff83b8cc,CreateCountingSemaphore_FW
0xff83be8c,CreateCountingSemaphoreStrictly
0xff86b42c,CreateDefectTableMirror_FW
0xff88d8fc,CreateEventFlag
0xff83be44,CreateEventFlagStrictly
0xff95351c,CreateFADBGSingalID_FW
0xffb617e0,CreateJumptable
0xff83b4a0,CreateMessageQueue
0xff83be20,CreateMessageQueueStrictly
0xff892a44,CreateProxyOfEventProcedure_FW
0xff88ddc4,CreateRecursiveLock
0xff83beb0,CreateRecursiveLockStrictly
0xff81e9b0,CreateTask
0xff81e9b0,CreateTask_FW
0xff83bdec,CreateTaskStrictly
0xffa5afac,CrossDefDetect_FW
0xff97aacc,CzDebugPrint_FW
0xff97aad4,CzDebugPrintToFile_FW
0xff81ec88,DebugAssert
0xff899da8,DeleteController_FW
0xff837de4,DeleteDirectory_Fut
0xff88d954,DeleteEventFlag
0xff837d00,DeleteFile_Fut
0xff83b524,DeleteMessageQueue
0xff892a9c,DeleteProxyOfEventProcedure_FW
0xff88de14,DeleteRecursiveLock
0xff83b924,DeleteSemaphore
0xff83b924,DeleteSemaphore_FW
0xffb6163c,DevelopStillPicture_FW
0xffa5b488,DevelopTool.DevelopTest_FW
0xff953280,DeviceUniqueIDCheckSum_FW
0xff955cbc,DisableDebugLogMode_FW
0xffaeffb0,DisableDISModeChange_FW
0xffaee948,DisableFocusLens_FW
0xffaee9c0,DisableFocusLensGainLock_FW
0xffaee9ec,DisableFocusLensWaveLock_FW
0xffaeeeb0,DisableFocusPiCircuit_FW
0xffaefd34,DisableISAutoGyroOffset_FW
0xffaefd14,DisableISDriveError_FW
0xffaeee18,DisableLensError_FW
0xffaeee90,DisableMechaCircuit_FW
0xffaeeef8,DisableZoomEncoderCircuit_FW
0xffaef538,DisableZoomLensElectricControl_FW
0xffaef244,DisableZoomLensEncoderPowerControl_FW
0xffaef510,DisableZoomLensSpeedControl_FW
0xffaeeed4,DisableZoomPiCircuit_FW
0xff86046c,DispCon_GetLcdGainAdjParameter_FW
0xff8602a4,DispCon_GetVideoAdjParameter_FW
0xff8604b8,DispCon_SaveLcdGainAdjParameter_FW
0xff86032c,DispCon_SaveVideoAdjParameter_FW
0xff85fdb4,DispCon_SetDisplayType_FW
0xff8603a8,DispCon_SetLcdGainAdjParameter_FW
0xff8601b8,DispCon_SetMaxBackLightBrightness_FW
0xff860238,DispCon_SetVideoAdjParameter_FW
0xff85fcd8,DispCon_ShowBitmapColorBar
0xff85fcd8,DispCon_ShowBitmapColorBar_FW
0xff85fcbc,DispCon_ShowBlackChart_FW
0xff85faa8,DispCon_ShowColorBar_FW
0xff85fdd4,DispCon_ShowColorChart_FW
0xff85fd48,DispCon_ShowCustomColorBar_FW
0xff85fb34,DispCon_ShowFiveStep_FW
0xff8604d4,DispCon_ShowHdChart_FW
0xff8604a8,DispCon_ShowLcdGainAdjParameter_FW
0xff860028,DispCon_ShowNStepsChart_FW
0xff860300,DispCon_ShowVideoAdjParameter_FW
0xff85fc68,DispCon_ShowWhiteChart_FW
0xff85fdf8,DispCon_ShowWhiteLine_FW
0xff8601a8,DispCon_TurnOffBackLight_FW
0xff860188,DispCon_TurnOffDisplay_FW
0xff860198,DispCon_TurnOnBackLight_FW
0xff860178,DispCon_TurnOnDisplay_FW
0xff9890d0,DispDev.Create_FW
0xff986cc0,DispDev_EnableEventProc_FW
0xff836e6c,DisplayFactoryMode_FW
0xff839f1c,DoAELock
0xff839c28,DoAFLock
0xff986dc8,Driver.Create_FW
0xff986dc8,Driver_EnableEventProc_FW
0xff815f58,drysh_FW
0xff9871cc,Dump32_FW
0xff9871bc,Dump_FW
0xff86ab3c,DumpAdjMirror_FW
0xffaabe74,DumpTransparentMemoryItem_FW
0xff905238,E2LatOn_FW
0xff864134,EdidDump_FW
0xff86405c,EdidHoldView_FW
0xff8640c8,EdidView_FW
0xffa67d7c,EF.AdjPreFlash_FW
0xff8e8b94,EF.IsChargeFull_FW
0xffa67db8,EF.SetChargeMode_FW
0xffa67c98,EF.SetEFChargeTimeOut_FW
0xffa67dcc,EF.SetFlashTime_FW
0xffa67d64,EF.SetMainFlashTime_FW
0xffa67c3c,EF.StartEFCharge_FW
0xffa67ce0,EF.StartInternalMainFlash_FW
0xffa67cac,EF.StartInternalPreFlash_FW
0xffa67c88,EF.StopEFCharge_FW
0xff955ca8,EnableDebugLogMode_FW
0xffaeffc0,EnableDISModeChange_FW
0xffaee8fc,EnableFocusLens_FW
0xffaee994,EnableFocusLensGainLockWithVoltage_FW
0xffaee9d0,EnableFocusLensWaveLock_FW
0xffaeeea0,EnableFocusPiCircuit_FW
0xff81e9a8,EnableInterrupt
0xffaefd24,EnableISAutoGyroOffset_FW
0xffaefd04,EnableISDriveError_FW
0xffaeee08,EnableLensError_FW
0xffaeee80,EnableMechaCircuit_FW
0xffaeeee8,EnableZoomEncoderCircuit_FW
0xffaef524,EnableZoomLensElectricControl_FW
0xffaef234,EnableZoomLensEncoderPowerControl_FW
0xffaef4fc,EnableZoomLensSpeedControl_FW
0xffaeeec4,EnableZoomPiCircuit_FW
0xff930920,EngApp.Create_FW
0xff9308f4,EngApp.Delete_FW
0xff835d70,EngDrvBits
0xffaa16b0,EngDrvBits_FW
0xff835d54,EngDrvIn
0xffaa16a0,EngDrvIn_FW
0xff835d3c,EngDrvOut
0xffaa1684,EngDrvOut_FW
0xff835d5c,EngDrvRead
0xffaa16a8,EngDrvRead_FW
0xffaa16d4,EngDrvReadDump_FW
0xff989190,EngineDriver.Create_FW
0xff839e84,EnterToCompensationEVF
0xff86ab30,EraseAdjustmentArea_FW
0xff98fad4,EraseLogSector_FW
0xff88ef4c,EraseSectorOfRom_FW
0xff9871a8,EraseSignature_FW
0xff815fd4,err_init_task
0xffaedfdc,EscapeFocusLens_FW
0xffaf2548,exec_FW
0xff870528,Executedccd_FW
0xffa5b39c,ExecuteDefectRec_FW
0xffa5b3b0,ExecuteDefectRecAndSaveImage_FW
0xff86fe20,ExecuteDigicon_FW
0xff8920f8,ExecuteEventProcedure
0xff892170,ExecuteEventProcedure_FW
0xffb5cf50,ExecuteInternalPreFlash_FW
0xff9b26dc,ExecuteResetFactory_FW
0xff9b26c4,ExecuteResetFactoryWithRomWrite_FW
0xff88e6ec,ExecuteShutDownPropertyService_FW
0xff86f488,ExecuteTestRec_FW
0xff86f49c,ExecuteTestRecCF_FW
0xff86f518,ExecuteTestRecDevelopProcess_FW
0xff86f49c,ExecuteTestRecSD_FW
0xff86f4cc,ExecuteTestRecSw1_FW
0xff86f4b4,ExecuteTestRecWithInteg_FW
0xff839ec8,ExitFromCompensationEVF
0xff81ec40,ExitTask
0xff81ec40,ExitTask_FW
0xff8909b8,ExMem.AllocCacheable_FW
0xff890800,ExMem.AllocUncacheable_FW
0xff890a40,ExMem.FreeCacheable_FW
0xff89093c,ExMem.FreeUncacheable_FW
0xff890324,ExMem.View_FW
0xff890950,exmem_alloc
0xff8909c8,exmem_free
0xff838b28,ExMem_FW
0xff8c6dc4,ExpCtrlTool.SetExpMode_FW
0xff848730,ExpCtrlTool_StartContiAE
0xff848808,ExpCtrlTool_StopContiAE
0xff892a38,ExportToEventProcedure_FW
0xff9890ac,FA.Create_FW
0xff989098,FA.Delete_FW
0xff9535cc,FADBGPrintf_FW
0xff95352c,FADBGSingal_FW
0xff95374c,FAPrintf_FW
0xff837e7c,Fclose_Fut
0xff837e7c,Fclose_Fut_FW
0xff838068,Feof_Fut
0xff8380a4,Fflush_Fut
0xff837fd0,Fgets_Fut
0xffb5d498,FixAEWithCompensation_FW
0xff9a5cec,FmtMenu_ExecuteQuickFormat_FW
0xffb5d358,FocusAEWithCompensation_FW
0xff837e3c,Fopen_Fut
0xff837e3c,Fopen_Fut_FW
0xff837f28,Fread_Fut
0xff837f28,Fread_Fut_FW
0xff814244,free
0xffaf24d4,FreeMemory
0xffaf24d4,FreeMemory_FW
0xff83c0e8,FreeUncacheableMemory
0xff83801c,Fseek_Fut
0xff83801c,Fseek_Fut_FW
0xff837f7c,Fwrite_Fut
0xff837f7c,Fwrite_Fut_FW
0xff8616c4,GetAdChValue_FW
0xffb5b7e0,GetAdjAFInteg_FW
0xff86bc04,GetAdjDataAreaAddress_FW
0xff86ab94,GetAdjTableMapVersion_FW
0xff86aba4,GetAdjTableValueVersion_FW
0xff86ab60,GetAdjTableVersion_FW
0xff8616bc,GetAdVBattBottom_FW
0xff9522d4,GetAEIntegralServiceMode_FW
0xff9523e0,GetAEIntegralValueWithFix_FW
0xff95272c,GetAEIntegValueBit_FW
0xff9522e0,GetAEIntegWinData_FW
0xff9522f4,GetAEIntegWinDataWithMode_FW
0xff952504,GetAllAEIntegralAllValueWithFix_FW
0xff834e0c,GetBatteryCoverClose_FW
0xff868d7c,GetBatteryTemperature
0xff868d7c,GetBatteryTemperature_FW
0xff86bbb0,GetBpDBAdjustmentOffset_FW
0xff894c48,GetBuildDate_FW
0xff894c50,GetBuildTime_FW
0xffaab9a8,GetCameraInformationData_FW
0xffb6125c,GetCaptureInfoData_FW
0xff868d08,GetCCDTemperature
0xff868d08,GetCCDTemperature_FW
0xffb57728,GetCdsGainValue_FW
0xffb577fc,GetCdsPreGain_FW
0xffb57854,GetCdsPreGainReg_FW
0xff81f604,GetCh_FW
0xffb5eaa8,GetContinuousMovieJpegVRAMData_FW
0xffb5e148,GetContinuousVRAMData_FW
0xffb5e8e4,GetContinuousVRAMDataWithRingBuffer_FW
0xffb57b74,GetCrwImageInfo_FW
0xffaab808,GetCurrentAdjImgDriveType_FW
0xff97cb48,GetCurrentAvValue
0xff97cb48,GetCurrentAvValue_FW
0xff8a354c,GetCurrentCaptureModeType_FW
0xffaab960,GetCurrentCcdTemp_FW
0xff8b85f4,GetCurrentExposureTime_FW
0xff97bc4c,GetCurrentFocusLensPosition_FW
0xff97bc4c,GetCurrentFocusPosition_FW
0xffaab814,GetCurrentImgDrvMode_FW
0xff953c24,GetCurrentMaximumLogSize_FW
0xffaab97c,GetCurrentOptTemp_FW
0xff8b831c,GetCurrentShutterSpeed_FW
0xff97bbe4,GetCurrentTargetDistance_FW
0xffb59454,GetCurrentZoomLensDirection_FW
0xff9801ec,GetCurrentZoomLensPoint_FW
0xff98013c,GetCurrentZoomLensPosition_FW
0xff9801ec,GetCurrentZoomPoint_FW
0xff98013c,GetCurrentZoomPosition_FW
0xffaedea0,GetCZMovieDefaultSpeed_FW
0xffaede88,GetCZMovieHighSpeed_FW
0xffaede90,GetCZMovieLowSpeed_FW
0xffaede98,GetCZStillDefaultSpeed_FW
0xffaede78,GetCZStillHighSpeed_FW
0xffaede80,GetCZStillLowSpeed_FW
0xff9870f4,GetDateAndTime_FW
0xffb5f16c,GetDay_FW
0xff86bbb8,GetDccdAdjustmentOffset_FW
0xff870630,GetdccdFilterValue_FW
0xff8705a0,GetdccdImage_FW
0xff86b8f8,GetDCPAdjOffset_FW
0xffa5b0dc,GetDefectCrawInfo_FW
0xffa5b140,GetDefectTvAdj_FW
0xff834e00,GetDialEventId_FW
0xff87f07c,GetDISModeParameter_FW
0xffaeff90,GetDISModeParamType_FW
0xff87630c,GetDrive_ClusterSize
0xff876364,GetDrive_FreeClusters
0xff87633c,GetDrive_TotalClusters
0xff88dc44,GetEventFlagValue
0xffb5ce60,GetExStrobeID_FW
0xff894c58,GetFirmwareVersion_FW
0xff87f0c8,GetFixedPWMOutA_FW
0xff87f0d4,GetFixedPWMOutB_FW
0xff97c12c,GetFocusDefaultResetPosition_FW
0xffad89d8,GetFocusLensCurrentPosition_FW
0xffad8a04,GetFocusLensDriveVoltage_FW
0xffad8adc,GetFocusLensHoldVoltage_FW
0xffaeeab0,GetFocusLensLoadCamTable_FW
0xffaeea34,GetFocusLensLoadSubjectDistance_FW
0xffaeeb98,GetFocusLensMoveMaxPosition_FW
0xffaeebb0,GetFocusLensMoveMinPosition_FW
0xffaeebcc,GetFocusLensMoveRangeOfTelePoint_FW
0xffaeea2c,GetFocusLensPositionRatio_FW
0xff97b8c4,GetFocusLensPullInMaxSpeed_FW
0xffad81b8,GetFocusLensResetDefaultPosition_FW
0xffad81a8,GetFocusLensResetPosition_FW
0xffb80664,GetFocusLensResetVoltage_FW
0xffad8a90,GetFocusLensSettingWaitVoltage_FW
0xff97bbe4,GetFocusLensSubjectDistance
0xffaeea08,GetFocusLensSubjectDistance_FW
0xff97c044,GetFocusLensSubjectDistanceFromLens
0xffaeea24,GetFocusLensSubjectDistanceNumber_FW
0xff97e780,GetFocusPiSensorLevel_FW
0xff97c0c0,GetFocusResetPosition_FW
0xff87d89c,GetFocusStartZoomPosition_FW
0xffb57e20,GetFrameRateWithApex_FW
0xff87ea94,GetGyro10BitDACPitch_FW
0xff87eaa0,GetGyro10BitDACYaw_FW
0xff87ea44,GetGyroDataPitch_FW
0xff87ea60,GetGyroDataYaw_FW
0xffaefa30,GetGyroFilterCharge_FW
0xffb63544,GetGyroFilterChargeStatus_FW
0xff87eacc,GetGyroHPFINOffsetPitch_FW
0xff87eae8,GetGyroHPFINOffsetYaw_FW
0xff87eb04,GetGyroHPFINPitch_FW
0xff87eb60,GetGyroHPFINYaw_FW
0xffb5f194,GetHour_FW
0xff95b7d8,getImageDirName
0xff959b4c,GetImageFolder
0xff97cb48,GetIrisAv_FW
0xffaf0008,GetISCenterShiftA_FW
0xffaf0024,GetISCenterShiftB_FW
0xffaefedc,GetISCrossTalkComp_FW
0xffb635e8,GetISCrossTalkCompCoeff_FW
0xffaef6ac,GetISDriveAaxis_FW
0xffaef6cc,GetISDriveBaxis_FW
0xffaefa50,GetISFirmVersion_FW
0xff87ea94,GetISGyro10BitDACPitch_FW
0xff87eaa0,GetISGyro10BitDACYaw_FW
0xff87ea44,GetISGyroDataPitch_FW
0xff87ea60,GetISGyroDataYaw_FW
0xffaef804,GetISGyroGainAaxis_FW
0xffaef92c,GetISGyroGainBaxis_FW
0xffaef94c,GetISGyroGainbyAxisType_FW
0xff87eacc,GetISGyroHPFINOffsetPitch_FW
0xff87eae8,GetISGyroHPFINOffsetYaw_FW
0xff87eb04,GetISGyroHPFINPitch_FW
0xff87eb60,GetISGyroHPFINYaw_FW
0xff87e9f0,GetISGyroPitchGain_FW
0xffb62c00,GetISGyroPitchOffset_FW
0xff87e9fc,GetISGyroYawGain_FW
0xffb62bf8,GetISGyroYawOffset_FW
0xffaefd58,GetISHallAmpFirstGain_FW
0xff87e9cc,GetISHallDevicePitchGain_FW
0xff87e9a8,GetISHallDevicePitchOffset_FW
0xff87e9d8,GetISHallDeviceYawGain_FW
0xff87e9b4,GetISHallDeviceYawOffset_FW
0xffaef798,GetISHallGainAaxis_FW
0xffaef7b8,GetISHallGainBaxis_FW
0xffaef7d8,GetISHallGainbyAxisType_FW
0xffaef72c,GetISHallOffsetAaxis_FW
0xffaef74c,GetISHallOffsetBaxis_FW
0xffaef76c,GetISHallOffsetbyAxisType_FW
0xffaefc98,GetISHallOut1Amp_FW
0xff87f924,GetISLensCorrectedEViAaxis_FW
0xff87f940,GetISLensCorrectedEViBaxis_FW
0xff87f864,GetISLensDampAaxis_FW
0xff87f870,GetISLensDampBaxis_FW
0xff87f894,GetISLensEViAaxis_FW
0xff87f8b0,GetISLensEViBaxis_FW
0xffaefaa0,GetISParamVersion_FW
0xff87ea14,GetISPitchPWM_FW
0xffaef6ec,GetISPositionAaxis_FW
0xffaef70c,GetISPositionBaxis_FW
0xff87ea2c,GetISShiftLensPitchPosition_FW
0xff87ea38,GetISShiftLensYawPosition_FW
0xff87ea20,GetISYawPWM_FW
0xff865558,GetKbdState
0xffb5fbf0,GetLastVBatADLevel_FW
0xff930580,GetLatestHVPosition_FW
0xff834e04,GetLcdPosition_FW
0xff97cea8,GetLensErrorStatus_FW
0xff953bc8,GetLogData_FW
0xff953bd0,GetLogDataOnlyAddMemory_FW
0xff98fa98,GetLogToFile_FW
0xffb634e0,GetLoopGain_FW
0xffaefea8,GetLoopGainAdjValue_FW
0xffaefdb4,GetLoopGainCalcData_FW
0xffaefc20,GetLPFParallelBest_FW
0xff84ee64,GetMacroSupportZoomPoint_FW
0xffaefa78,GetMechaDSPVersion_FW
0xffaef07c,GetMechaShutterCloseDacSetting_FW
0xff97fb4c,GetMechaShutterMoveTime_FW
0xffaef0cc,GetMechaShutterOpenDacSetting_FW
0xff97fb74,GetMechaShutterStatus_FW
0xff81a29c,GetMemInfo
0xffb5f1bc,GetMinute_FW
0xffb5f140,GetMonth_FW
0xff856318,GetMovieJpegVRAMHPixelsSize_FW
0xff856324,GetMovieJpegVRAMVPixelsSize_FW
0xffada960,GetNdMoveTime_FW
0xff83b7f8,GetNumberOfPostedMessages
0xffb57798,GetObClampValue_FW
0xff9525d4,GetOnlyAEIntegData_FW
0xff868df0,GetOpticalTemperature
0xff868df0,GetOpticalTemperature_FW
0xff9b2394,GetParameterData
0xffb5e840,GetPixelsOfViewangle_FW
0xff86bbe8,GetProductID_FW
0xff895e60,GetPropertyCase
0xff834dd8,GetSDDetect_FW
0xff834de0,GetSDProtect
0xff834de0,GetSDProtect_FW
0xffb5f1e4,GetSecond_FW
0xff89a06c,GetSelfControllerHandle_FW
0xff83bad8,GetSemaphoreValue
0xffb57dcc,GetShutterSpeedRegularMaxLimit_FW
0xffb57de4,GetShutterSpeedRegularMinLimit_FW
0xff81e984,GetSRAndDisableInterrupt
0xff81f654,GetStringWithPrompt_FW
0xffb5e05c,GetSumYOfVRAMCenterLine_FW
0xff834d6c,GetSwitchStatus_FW
0xffaf2534,GetSystemTime
0xffaf2534,GetSystemTime_FW
0xff86e1a4,GetTestRecCrawAddress_FW
0xff890014,GetTimeOfSystem_FW
0xffaabf54,GetTransparentMemory_FW
0xffaabf98,GetTransparentMemoryPosition_FW
0xffaabf44,GetTransparentMemorySize_FW
0xffb611e4,GetUnpackCrwIntegralMultiValueForShading_FW
0xffb60e14,GetUnpackCrwIntegralValue_FW
0xffb61098,GetUnpackCrwIntegralValueForColorShading_FW
0xffb60e30,GetUnpackCrwIntegralValueForShading_FW
0xffb57dbc,GetUserSetShutterSPeed_FW
0xff833050,GetVBatVoltage_FW
0xffb5d9f8,GetVideoOutType_FW
0xff856300,GetVRAMHPixelsSize
0xff856300,GetVRAMHPixelsSize_FW
0xff85630c,GetVRAMVPixelsSize
0xff85630c,GetVRAMVPixelsSize_FW
0xffb5f110,GetYear_FW
0xffadbdec,GetZoomActuatorCurrentPosition_FW
0xffadbdc0,GetZoomActuatorSpeedPPS_FW
0xffb59bdc,GetZoomDefaultCommonDriveParam_FW
0xffb59af8,GetZoomDefaultDriveParam_FW
0xff980d64,GetZoomDrivingTime_FW
0xff9801ec,GetZoomLensCurrentPoint
0xff9801ec,GetZoomLensCurrentPoint_FW
0xffadcc9c,GetZoomLensCurrentPosition
0xff98013c,GetZoomLensCurrentPosition_FW
0xffaef4dc,GetZoomLensDriveAmpereDac_FW
0xff980d60,GetZoomLensMechaEdgePosition_FW
0xffb59278,GetZoomLensResetPlus_FW
0xff980648,GetZoomLensTelePoint_FW
0xffb59b90,GetZoomNormalDriveParam_FW
0xff97e738,GetZoomPiSensorLevel_FW
0xffb59b44,GetZoomResetDriveParam_FW
0xffade5e4,GetZoomResetSensorLevel_FW
0xff980648,GetZoomTelePoint_FW
0xff83baa0,GiveSemaphore
0xff83baa0,GiveSemaphore_FW
0xff8b15b8,GUISrv_StartGUISystem
0xff8b15b8,GUISrv_StartGUISystem_FW
0xff89b038,HardwareDefect_FW
0xff89afe8,HardwareDefectWithRestart_FW
0xff864018,HdmiHpd5VOutput_FW
0xff86430c,HdmiRegDump_FW
0xff863f50,HdmiSimulateModeStart_FW
0xff863f24,HdmiSimulateModeStop_FW
0xff92e0a0,HdmiViewParameter_FW
0xff863e7c,HecHdmiCecPhysicalCheckForScript_FW
0xffb62c40,HitISLensAgainstBottomEdge_FW
0xffb62c2c,HitISLensAgainstLeftEdge_FW
0xffb62c18,HitISLensAgainstRightEdge_FW
0xffb62c54,HitISLensAgainstTopEdge_FW
0xffb630b0,HitISMechaEdgeInOpenControl_FW
0xff8338e4,i2c_Bl_Pwr_Ctrl_FW
0xff833b80,i2c_dcdc_dump_FW
0xff833a74,i2c_Hdmi_Bus_Pwr_Ctrl_FW
0xff863ffc,i2c_read_event_FW
0xff833b24,i2c_Sd_Pwr_Ctrl_FW
0xff863fb4,i2c_write_event_FW
0xff953bec,InactivateAdjLog_FW
0xff989070,InitializeAdjustmentFunction_FW
0xff989000,InitializeAdjustmentSystem_FW
0xff86fd18,Initializedccd_FW
0xffb6141c,InitializeDefectAdjustment_FW
0xffb42850,InitializeDefectRec_FW
0xff86fd18,InitializeDigicon_FW
0xffb61734,InitializeMechaDevice_FW
0xffaac564,InitializeSoundRec_FW
0xff86f188,InitializeTestRec_FW
0xffb578e8,IsAdjCdsMode_FW
0xffaef56c,ISAutoCenter_FW
0xff868f08,IsBatteryTemperature_FW
0xff868ed4,IsCCDTemperature_FW
0xffaef5a8,ISChangeOPENtoCLOSE_FW
0xff89aa7c,IsControlEventActive_FW
0xffaefadc,ISControlStart_FW
0xffaefaec,ISControlStop_FW
0xff8372a8,IsDUIDFixFlag_FW
0xffb5db28,IsEVFDrive_FW
0xffb5de94,IsEvfDriveMode_FW
0xffb5ce68,IsExStrobeChargeComp_FW
0xff837240,IsFactoryMode_FW
0xffaf0054,ISFixedPWMOFF_FW
0xffaf0040,ISFixedPWMON_FW
0xff97c09c,IsFocusLensOutSidePosition_FW
0xff834e14,IsHvSensorExist_FW
0xff87df80,ISInitMotion_FW
0xff87d878,IsLensOutside_FW
0xff953c18,IsLogOutType_FW
0xffaefcbc,ISMDStart_FW
0xffaefccc,ISMDStop_FW
0xffaef594,ISMoveToMechaEdgeOPEN_FW
0xff8372f0,IsNormalCameraMode_FW
0xff868ea0,IsOpticalTemperature_FW
0xffaefafc,ISPanModeStart_FW
0xffaefb0c,ISPanModeStop_FW
0xff98fac0,IsRomLogAvailable_FW
0xff8e8b94,IsStrobeChargeCompleted
0xffadb604,IsZoomActuatorResetSensorPlusSide_FW
0xff980a04,IsZoomLensOutSidePosition_FW
0xff986d38,j_BeepDrive_FW
0xff986d3c,j_BeepDriveComp_FW
0xffb57a1c,j_CancelImageDrive_FW
0xffb633b4,j_CancelLoopGainCalc_FW
0xffb630c0,j_ChangeToISCloseControl_FW
0xffb63090,j_ClearISCalcZData_FW
0xffb59670,j_ClearZoomDriveParam_FW
0xff838494,j_Close_FW
0xff90588c,j_E2LatOn_FW
0xffa67d78,j_EF.IsChargeFull_FW
0xff98722c,j_exec_FW
0xff9b26f4,j_ExecuteShutDownPropertyService_FW
0xff838b20,j_ExMem.AllocCacheable_FW
0xff838b18,j_ExMem.AllocUncacheable_FW
0xff838b24,j_ExMem.FreeCacheable_FW
0xff838b1c,j_ExMem.FreeUncacheable_FW
0xff838b14,j_ExMem.View_FW
0xff986d34,j_GetAdChValue_FW
0xff986d30,j_GetAdVBattBottom_FW
0xff9522f0,j_GetAEIntegWinData_FW
0xff986dc0,j_GetBatteryCoverClose_FW
0xff868f60,j_GetBatteryTemperature_FW
0xffaab9e4,j_GetCameraInformationData_FW
0xff868f5c,j_GetCCDTemperature_FW
0xffb57824,j_GetCdsPreGain_FW
0xffb5787c,j_GetCdsPreGainReg_FW
0xffb57f00,j_GetCurrentAvValue_FW
0xffb57cec,j_GetCurrentExposureTime_FW
0xffb5a0d8,j_GetCurrentFocusLensPosition_FW
0xffb5a0d8,j_GetCurrentFocusPosition_FW
0xffb57cf4,j_GetCurrentShutterSpeed_FW
0xffb5a080,j_GetCurrentTargetDistance_FW
0xffb59450,j_GetCurrentZoomLensPoint_FW
0xffb5944c,j_GetCurrentZoomLensPosition_FW
0xffb59450,j_GetCurrentZoomPoint_FW
0xffb5944c,j_GetCurrentZoomPosition_FW
0xffb5fd70,j_GetDCPAdjOffset_FW
0xff986db8,j_GetDialEventId_FW
0xffb6353c,j_GetDISModeParameter_FW
0xffaf0090,j_GetFixedPWMOutA_FW
0xffaf0094,j_GetFixedPWMOutB_FW
0xffb5a078,j_GetFocusDefaultResetPosition_FW
0xffaee9fc,j_GetFocusLensCurrentPosition_FW
0xffaeeae0,j_GetFocusLensDriveVoltage_FW
0xffaeeb58,j_GetFocusLensHoldVoltage_FW
0xffaeebc8,j_GetFocusLensPullInMaxSpeed_FW
0xffaeea04,j_GetFocusLensResetDefaultPosition_FW
0xffaeea00,j_GetFocusLensResetPosition_FW
0xffaeeb94,j_GetFocusLensResetVoltage_FW
0xffaeeb1c,j_GetFocusLensSettingWaitVoltage_FW
0xffaeeec0,j_GetFocusPiSensorLevel_FW
0xffb5a07c,j_GetFocusResetPosition_FW
0xffaeee04,j_GetFocusStartZoomPosition_FW
0xffaef9a8,j_GetGyro10BitDACPitch_FW
0xffaef9ac,j_GetGyro10BitDACYaw_FW
0xffaef978,j_GetGyroDataPitch_FW
0xffaef97c,j_GetGyroDataYaw_FW
0xffaef9d8,j_GetGyroHPFINOffsetPitch_FW
0xffaef9dc,j_GetGyroHPFINOffsetYaw_FW
0xffaef9e0,j_GetGyroHPFINPitch_FW
0xffaef9e4,j_GetGyroHPFINYaw_FW
0xffaeecfc,j_GetIrisAv_FW
0xffb63274,j_GetISGyro10BitDACPitch_FW
0xffb6327c,j_GetISGyro10BitDACYaw_FW
0xffb63254,j_GetISGyroDataPitch_FW
0xffb6325c,j_GetISGyroDataYaw_FW
0xffb63284,j_GetISGyroHPFINOffsetPitch_FW
0xffb6328c,j_GetISGyroHPFINOffsetYaw_FW
0xffb63264,j_GetISGyroHPFINPitch_FW
0xffb6326c,j_GetISGyroHPFINYaw_FW
0xffb62d80,j_GetISGyroPitchGain_FW
0xffb62d7c,j_GetISGyroYawGain_FW
0xffb62cd4,j_GetISHallDevicePitchGain_FW
0xffb62cdc,j_GetISHallDevicePitchOffset_FW
0xffb62cd0,j_GetISHallDeviceYawGain_FW
0xffb62cd8,j_GetISHallDeviceYawOffset_FW
0xffb63028,j_GetISLensCorrectedEViAaxis_FW
0xffb6302c,j_GetISLensCorrectedEViBaxis_FW
0xffb63030,j_GetISLensDampAaxis_FW
0xffb63034,j_GetISLensDampBaxis_FW
0xffb63020,j_GetISLensEViAaxis_FW
0xffb63024,j_GetISLensEViBaxis_FW
0xffb62e18,j_GetISPitchPWM_FW
0xffb63018,j_GetISShiftLensPitchPosition_FW
0xffb6301c,j_GetISShiftLensYawPosition_FW
0xffb62e14,j_GetISYawPWM_FW
0xff986dbc,j_GetLcdPosition_FW
0xffaeee00,j_GetLensErrorStatus_FW
0xffaef118,j_GetMechaShutterMoveTime_FW
0xffaef114,j_GetMechaShutterStatus_FW
0xffb5e978,j_GetMovieJpegVRAMHPixelsSize_FW
0xffb5e97c,j_GetMovieJpegVRAMVPixelsSize_FW
0xffaef1f4,j_GetNdMoveTime_FW
0xff868f58,j_GetOpticalTemperature_FW
0xff986da0,j_GetSDDetect_FW
0xff986da4,j_GetSDProtect_FW
0xff986d8c,j_GetSwitchStatus_FW
0xffb5fbf8,j_GetVBatVoltage_FW
0xffb5e0c4,j_GetVRAMHPixelsSize_FW
0xffb5e0c8,j_GetVRAMVPixelsSize_FW
0xffadbdcc,j_GetZoomActuatorCurrentPosition_FW
0xffb595fc,j_GetZoomDrivingTime_FW
0xffaef54c,j_GetZoomLensCurrentPoint_FW
0xffaef550,j_GetZoomLensCurrentPosition_FW
0xffaef558,j_GetZoomLensMechaEdgePosition_FW
0xffaef554,j_GetZoomLensTelePoint_FW
0xffaeeee4,j_GetZoomPiSensorLevel_FW
0xffb595c0,j_GetZoomResetSensorLevel_FW
0xffb595bc,j_GetZoomTelePoint_FW
0xffa5b3fc,j_InitializeDefectRec_FW
0xff868f6c,j_IsBatteryTemperature_FW
0xff868f68,j_IsCCDTemperature_FW
0xffb5a650,j_IsFocusLensOutSidePosition_FW
0xff986dc4,j_IsHvSensorExist_FW
0xffaeedfc,j_IsLensOutside_FW
0xff868f64,j_IsOpticalTemperature_FW
0xffadbdd0,j_IsZoomActuatorResetSensorPlusSide_FW
0xffb597e8,j_IsZoomLensOutSidePosition_FW
0xff986d48,j_LEDDrive_FW
0xffa738c4,j_LiveImageTool.GetDzoomPosition_FW
0xff9871a0,j_MemoryChecker_FW
0xff98719c,j_MonSelEvent_FW
0xffb63014,j_MoveISLensToCentralPosition_FW
0xff838b10,j_NewTaskShell_FW
0xff838490,j_Open_FW
0xff893628,j_OpLog.WriteToROM_FW
0xff987214,j_Peek16_FW
0xff987210,j_Peek32_FW
0xff987218,j_Peek8_FW
0xff987198,j_Printf_FW
0xff87fc04,j_PT_GetDigitalZoomPosition_FW
0xff89b268,j_PTM_AllReset_FW
0xff89b6cc,j_PTM_BackupUIProperty_FW
0xff89b620,j_PTM_GetWorkingCaptureMode_FW
0xff89b6b0,j_PTM_IsEnableItem_FW
0xff89b69c,j_PTM_NextItem_FW
0xff89b6a0,j_PTM_PrevItem_FW
0xff89b624,j_PTM_SetCurrentItem_FW
0xff89b6b4,j_PTM_SetProprietyEnable_FW
0xff838a9c,j_PutsCameraLogEvent_FW
0xff838594,j_Read_FW
0xffb5c8ec,j_ReloadAFAdjustment_FW
0xffb57794,j_ReloadCdsAdjustment_FW
0xffb5cfe0,j_ReloadColorAdjustment_FW
0xffb5ce78,j_ReloadEfAdjustment_FW
0xffb5a074,j_ReloadFocusLensAdjustment_FW
0xffb57efc,j_ReloadGetaAdjustment_FW
0xffb57ef8,j_ReloadIrisAdjustment_FW
0xffb58060,j_ReloadNdFilterAdjustment_FW
0xffb58df0,j_ReloadWBAdjustment_FW
0xffb59508,j_ReloadZoomAdjustment_FW
0xff9871b8,j_SDump_FW
0xffb63010,j_SearchBCentralPosition_FW
0xffb63010,j_SearchISLensCentralPosition_FW
0xffb5a688,j_SetFocusResetState_FW
0xff986d40,j_SetStereoSeparation_FW
0xffb597f4,j_SetZoomResetState_FW
0xff838a90,j_ShowCameraLog_FW
0xff838a94,j_ShowCameraLogInfo_FW
0xffb62ccc,j_StartBDrive_FW
0xffb63008,j_StartBPanDrive_FW
0xff838a8c,j_StartCameraLog_FW
0xffb63000,j_StartISAdjustmentDrive_FW
0xffb62ccc,j_StartISDrive_FW
0xffaef590,j_StartISLocalAutoCenter_FW
0xffaef58c,j_StartISLocalHallAdjust_FW
0xffb63008,j_StartISPanDrive_FW
0xffb62cc8,j_StopBDrive_FW
0xffb6300c,j_StopBPanDrive_FW
0xff838a98,j_StopCameraLog_FW
0xffb5e0cc,j_StopContinuousVRAMData_FW
0xffb63004,j_StopISAdjustmentDrive_FW
0xffb62cc8,j_StopISDrive_FW
0xffb6300c,j_StopISPanDrive_FW
0xff8208f0,j_strcmp_FW
0xffa5b400,j_TerminateDefectRec_FW
0xff987f9c,j_UIFS_Capture_FW
0xff987fa0,j_UIFS_CaptureNoneStop_FW
0xff988430,j_UIFS_GetNumberOfDisplayedImage_FW
0xff98842c,j_UIFS_IsAvailableShots_FW
0xff987f68,j_UIFS_MoveZoomTo_FW
0xff988434,j_UIFS_PlayTrimExecuteAllImageSize_FW
0xff987fa4,j_UIFS_StartMovieRecord_FW
0xff987fa8,j_UIFS_StopMovieRecord_FW
0xff987fd0,j_UIFS_WriteFirmInfoToFile_FW
0xff986d44,j_VbattGet_FW
0xff9871a4,j_VerifyByte_FW
0xff838598,j_Write_FW
0xff834e94,kbd_p1_f
0xff834ea0,kbd_p1_f_cont
0xff83468c,kbd_p2_f
0xff834e18,kbd_read_keys
0xff864f74,kbd_read_keys_r2
0xff92a14c,LcdCon_GetLcdAdjParameter_FW
0xff929dc8,LcdCon_GetLcdBackLightParameter_FW
0xff92a358,LcdCon_GetLcdParameter_FW
0xff92a1d4,LcdCon_SaveLcdAdjParameter_FW
0xff929e4c,LcdCon_SaveLcdBackLightParameter_FW
0xff92a3e0,LcdCon_SaveLcdParameter_FW
0xff92a0b0,LcdCon_SetLcdAdjParameter_FW
0xff929d48,LcdCon_SetLcdBackLightBrightness_FW
0xff929d74,LcdCon_SetLcdBackLightParameter_FW
0xff92a064,LcdCon_SetLcdDriver_FW
0xff92a1f0,LcdCon_SetLcdParameter_FW
0xff92a194,LcdCon_ShowLcdAdjParameter_FW
0xff929e0c,LcdCon_ShowLcdBackLightParameter_FW
0xff92a3a0,LcdCon_ShowLcdParameter_FW
0xffb1d0f0,LCDMsg_ChangeColor_FW
0xffb1cf34,LCDMsg_Create_FW
0xffb1cc28,LCDMsg_Delete_FW
0xffb1cbe8,LCDMsg_Move_FW
0xffb1d018,LCDMsg_SetNum_FW
0xffb1d028,LCDMsg_SetStr_FW
0xffb1cfc8,LCDMsg_SwDisp_FW
0xff864a7c,LEDDrive
0xff864b48,LEDDrive_FW
0xffa73854,LiveImageTool.ChangeDzoom_FW
0xffa738dc,LiveImageTool.Dister_FW
0xffa737e4,LiveImageTool.DzoomTele_FW
0xffa73804,LiveImageTool.DzoomWide_FW
0xff8557d4,LiveImageTool.GetDzoomPosition_FW
0xffa738c8,LiveImageTool.Jump_FW
0xffa73834,LiveImageTool.Pause_FW
0xffa73844,LiveImageTool.Resume_FW
0xffa73568,LiveImageTool.StartEVF_FW
0xffa73574,LiveImageTool.StartEVFFocusJet_FW
0xffa73580,LiveImageTool.StartEVFMF_FW
0xffa73770,LiveImageTool.StartEVFMovHD_FW
0xffa737ac,LiveImageTool.StartEVFMovQQVGA_FW
0xffa73798,LiveImageTool.StartEVFMovQVGA60_FW
0xffa7370c,LiveImageTool.StartEVFMovQVGA_FW
0xffa736f8,LiveImageTool.StartEVFMovVGA_FW
0xffa737c0,LiveImageTool.StartEVFMovXGA_FW
0xffa73824,LiveImageTool.StopDzoom_FW
0xffa737d4,LiveImageTool.StopEVF_FW
0xff86ac58,LoadAdjustmentTable_FW
0xff86b128,LoadAdjustmentValue_FW
0xff953194,LoadDataFromAdjTableBin_FW
0xff86ac90,LoadDefectAdjTable_FW
0xffb5fa2c,LoadFactoryNumber_FW
0xff953094,LoadParamDataFromAdjTableBin_FW
0xff88f1f4,LoadScript_FW
0xffb5fb0c,LoadSerialNumber_FW
0xff88f988,LocalTime
0xff864058,LockHdmiState_FW
0xff89ad84,LockMainPower
0xff89ad84,LockMainPower_FW
0xff892fe4,LogCameraEvent
0xff838604,Lseek
0xff838604,lseek
0xff838604,Lseek_FW
0xffaf2a8c,MakeBootDisk_FW
0xff837d74,MakeDirectory_Fut
0xffaf2aa0,MakeScriptDisk_FW
0xff87659c,MakeSDCardBootable
0xff8141ec,malloc
0xff986b4c,Mecha.Create_FW
0xffaf0154,MechaCPUMemoryDump_FW
0xffaf0170,MechaCPUMemoryWrite_FW
0xff986ba8,MechaReset_FW
0xff986bb4,MechaTerminate_FW
0xff986b0c,MechaUnRegisterEventProcedure_FW
0xff820934,memcmp
0xff820934,memcmp_FW
0xff84179c,memcpy
0xff84179c,memcpy_FW
0xffaf1fb8,MemoryChecker_FW
0xffa3a18c,memset
0xffa3a18c,memset_FW
0xff810dcc,memShow_FW
0xffa5ab28,MergeAndConvertDefect_FW
0xff838884,mkdir
0xff8b3e10,mktime_ext
0xffaf25b8,MonSelEvent_FW
0xffb59948,MoveComputerZoomToPoint_FW
0xff899f2c,MoveControllerToTopOfZOrder_FW
0xff97aac4,MoveCzPeakPositon_FW
0xffaedd84,MoveCZToPoint_FW
0xffaede1c,MoveCZToPointByOVF_FW
0xffaeddec,MoveCZToTele_FW
0xffaeddbc,MoveCZToWide_FW
0xffb7f64c,MoveDCMotorCCW_FW
0xffb7f5dc,MoveDCMotorCW_FW
0xffaee3d0,MoveFocusActuator_FW
0xffb5a418,MoveFocusDistance_FW
0xffb5a418,MoveFocusLensToDistance
0xffb5a418,MoveFocusLensToDistance_FW
0xffb5a304,MoveFocusLensToPosition_FW
0xffb5a1ec,MoveFocusLensToPositionWithMaxSpeed_FW
0xffb5a230,MoveFocusLensToPositionWithSpeed_FW
0xffaee054,MoveFocusLensToTerminate_FW
0xffb5a108,MoveFocusLensToTerminatePosition_FW
0xffaee0b0,MoveFocusLensWithDistance_FW
0xffaee1b8,MoveFocusLensWithPosition_FW
0xffaee2c4,MoveFocusLensWithPositionWithoutBacklash_FW
0xffb5a350,MoveFocusPosition_FW
0xffb5a108,MoveFocusToTerminate_FW
0xffb57fec,MoveIrisFullClose_FW
0xffb57fb8,MoveIrisFullOpen_FW
0xffb57eac,MoveIrisToAv_FW
0xffaeeca4,MoveIrisToTerminatePosition_FW
0xffaeecac,MoveIrisWithAv
0xffaeecac,MoveIrisWithAv_FW
0xffaeecd4,MoveIrisWithAvWithoutBacklash_FW
0xffb62ca0,MoveISLensToBottomLimitPosition_FW
0xff87e7f8,MoveISLensToCentralPosition_FW
0xffb62c8c,MoveISLensToLeftLimitPosition_FW
0xffb62c78,MoveISLensToRightLimitPosition_FW
0xffb62cb4,MoveISLensToTopLimitPosition_FW
0xffaeed7c,MoveLensToFirstPoint_FW
0xffaeedc4,MoveLensToTerminatePoint_FW
0xffadbd64,MoveZoomActuator_FW
0xffaef42c,MoveZoomLensToMechaEdge_FW
0xffb59e88,MoveZoomLensToMechaEnd_FW
0xffb5990c,MoveZoomLensToPoint_FW
0xffb598d0,MoveZoomLensToPosition_FW
0xffb59f1c,MoveZoomLensToPositionByManual_FW
0xffaef3ec,MoveZoomLensToTerminatePosition_FW
0xffaef364,MoveZoomLensWithPoint
0xffaef364,MoveZoomLensWithPoint_FW
0xffaef3a8,MoveZoomLensWithPosition_FW
0xffb5990c,MoveZoomPoint_FW
0xffb598d0,MoveZoomPosition_FW
0xff8eab9c,MovieAF.Resume_FW
0xff8eab88,MovieAF.Suspend_FW
0xff8958a8,NewTaskShell
0xff895908,NewTaskShell_FW
0xff98dc48,NR_GetDarkSubType
0xff98dc48,NR_GetDarkSubType_FW
0xff98dca8,NR_GetDefectCorrectType_FW
0xff98db80,NR_SetDarkSubType
0xff98db80,NR_SetDarkSubType_FW
0xff98dc1c,NR_SetDefectCorrectType_FW
0xff98dcfc,NR_SetDoubleNRType_FW
0xff98dce8,NR_SetLotasPonyType_FW
0xff98dc88,NR_SetTassenType_FW
0xff986d7c,OffPrintPhySw_FW
0xffb58cc0,OneShotWhigeBalance_FW
0xffb58cc0,OneTypeWhiteBalance_FW
0xff986d6c,OnPrintPhySw_FW
0xff838320,Open
0xff81ab04,open
0xff838320,Open_FW
0xff81f6f4,OpenConsole_FW
0xffaca168,OpenFastDir
0xff838624,OpenForScrip_FW
0xffaef004,OpenMechaShutter_FW
0xffb58170,OpenMShutter_FW
0xff838aa0,OpLog.Create_FW
0xff894010,OpLog.Get_FW
0xff894030,OpLog.Play_FW
0xff89365c,OpLog.ReadFromROM_FW
0xff8936c4,OpLog.ReadFromSD_FW
0xff894174,OpLog.Start_FW
0xff8935cc,OpLog.Stop_FW
0xff894250,OpLog.Terminate_FW
0xff8935f8,OpLog.WriteToROM_FW
0xff893b04,OpLog.WriteToSD_FW
0xff95379c,OutputLogToFile_FW
0xff89dd28,PB2Rec
0xffaf2504,Peek16_FW
0xffaf24fc,Peek32_FW
0xffaf250c,Peek8_FW
0xffa5a8fc,PointDefDetect_FW
0xffa5af08,PointKizuCheck_FW
0xff9871f0,Poke16_FW
0xff9871e0,Poke32_FW
0xff987200,Poke8_FW
0xff89a604,PostEventShootSeqToUI_FW
0xff89a540,PostLogicalEventForNotPowerType
0xff89a540,PostLogicalEventForNotPowerType_FW
0xff89a58c,PostLogicalEventToUI
0xff89a58c,PostLogicalEventToUI_FW
0xff83b700,PostMessageQueue
0xff83bf2c,PostMessageQueueStrictly
0xffb5d574,PreFixAE_FW
0xff86b43c,PrintAdjKabotanInfo_FW
0xff86b14c,PrintAdjTableMap_FW
0xff95150c,PrintAllAEIntegData_FW
0xff88f1e8,Printf_FW
0xff95350c,PrintFaexeVersioin_FW
0xff9534d8,PrintFirmVersion_FW
0xffb5c9bc,PrintMultiWinScanTable_FW
0xffb5c928,PrintScanTable_FW
0xff87fc08,PT_ChangeZoomSpeed_FW
0xff87fa64,PT_CompleteCaptModeChange_FW
0xff87fa74,PT_CompleteCharge_FW
0xff87fa7c,PT_CompleteFileWrite_FW
0xff87fa2c,PT_CompletePreCapt_FW
0xff87fa4c,PT_CompleteStopDigZoom_FW
0xff87fa44,PT_CompleteStopZoom_FW
0xff87fa54,PT_CompleteStoreLens_FW
0xff87fa6c,PT_CompleteSynchroWrite_FW
0xff87fc3c,PT_DoAELock_FW
0xff87fc1c,PT_DoAFLock_FW
0xff87fa8c,PT_EraseAllFile_FW
0xff839978,PT_GetDigitalZoomPosition_FW
0xff87fbf0,PT_GetDigitalZoomTele_FW
0xff87fb04,PT_GetPropertyCaseInt_FW
0xff87fc6c,PT_MFOff_FW
0xff87fc5c,PT_MFOn_FW
0xff87fab8,PT_mod_FW
0xff87fbdc,PT_MoveDigitalZoomAt_FW
0xff87fbbc,PT_MoveDigitalZoomToTele_FW
0xff87fbcc,PT_MoveDigitalZoomToWide
0xff87fbcc,PT_MoveDigitalZoomToWide_FW
0xff87fba4,PT_MoveOpticalZoomAt
0xff87fba4,PT_MoveOpticalZoomAt_FW
0xff87fb7c,PT_MoveOpticalZoomToTele_FW
0xff87fb90,PT_MoveOpticalZoomToWide_FW
0xff87fa5c,PT_MovieRecordStopped_FW
0xff87fa3c,PT_NextShootAvailable_FW
0xff88a774,PT_PlaySound
0xff87fa34,PT_RecreviewAvailable_FW
0xff87fadc,PT_SetPropertyCaseInt_FW
0xff87fa84,PT_ShootPicture_FW
0xff87fc4c,PT_UnlockAE_FW
0xff87fc2c,PT_UnlockAF_FW
0xff9b165c,PTM_AllReset_FW
0xff89b258,PTM_AllResetToFactorySetting_FW
0xff9b2304,PTM_BackupUIProperty_FW
0xff89b630,PTM_GetCurrentItem_FW
0xff9b19bc,PTM_GetWorkingCaptureMode_FW
0xff9b2238,PTM_IsEnableItem_FW
0xff9b1cec,PTM_NextItem_FW
0xff9b1cf4,PTM_PrevItem_FW
0xff89b6d0,PTM_RestoreUIProperty_FW
0xff89b4f4,PTM_SetCurrentCaptureMode_FW
0xff9b19d4,PTM_SetCurrentItem_FW
0xff9b1ff0,PTM_SetProprietyEnable_FW
0xffaef1ac,PutInNdFilter
0xffb58078,PutInNdFilter_FW
0xffaef1d0,PutOutNdFilter
0xffb580b0,PutOutNdFilter_FW
0xff892cbc,PutsCameraLogEvent_FW
0xffb3d66c,qsort
0xff90568c,QuietImager_FW
0xffa3a2cc,rand
0xff81ad58,Read
0xff81ad58,read
0xff81ad58,Read_FW
0xffaca2bc,ReadFastDir
0xffa3a208,realloc
0xffacf758,reboot_fw_update
0xff89dd68,Rec2PB
0xffaeef2c,ReceiveMechaCircuitDataAll_FW
0xff83b5b4,ReceiveMessageQueue
0xff83bf00,ReceiveMessageQueueStrictly
0xff86b424,RefreshAdjustmentTableMirror_FW
0xff86b434,RefreshDefectTableMirror_FW
0xff8b1da0,RefreshPhysicalScreen
0xffb5d098,RegistColorMatrix_FW
0xff891fd0,RegisterEventProcedure
0xff81e948,RegisterInterruptHandler
0xff870820,RegistFirmScanNoticeCBR_FW
0xff88df84,ReleaseRecursiveLock
0xff84ffa0,ReloadAFAdjustment_FW
0xff904c1c,ReloadCdsAdjustment_FW
0xffa769b4,ReloadColorAdjustment_FW
0xffb613d8,ReloadDefectAdjustmentData_FW
0xffa657a0,ReloadEfAdjustment_FW
0xff97c198,ReloadFocusLensAdjustment_FW
0xff97ce38,ReloadGetaAdjustment_FW
0xff97ce20,ReloadIrisAdjustment_FW
0xffb633e8,ReloadISAdjustment_FW
0xff97fcc4,ReloadNdFilterAdjustment_FW
0xffb613b4,ReloadShadingAdjustmentData_FW
0xff8df64c,ReloadWBAdjustment_FW
0xff980b38,ReloadZoomAdjustment_FW
0xffaabf24,RemoveTransparentMemory_FW
0xff837c6c,RenameFile_Fut
0xffb5a480,ResetFocus_FW
0xffaedf80,ResetFocusLens
0xffaedf80,ResetFocusLens_FW
0xffaeec80,ResetIris_FW
0xff870024,ResetRegistNoticeCBR_FW
0xffb59834,ResetZoom_FW
0xffaef2b8,ResetZoomLens
0xffaef2b8,ResetZoomLens_FW
0xffaef2e4,ResetZoomLensToFirst_FW
0xffaef324,ResetZoomLensToTermiante_FW
0xffb59984,ResetZoomToAdjFirstPoint_FW
0xffb599c8,ResetZoomToAdjTerminatePoint_FW
0xffb59868,ResetZoomToFirst_FW
0xffb59868,ResetZoomToFirstPoint_FW
0xffb5989c,ResetZoomToTerminate_FW
0xffb5989c,ResetZoomToTerminatePoint_FW
0xff83d8bc,Restart
0xff894f48,RomCheckSum_FW
0xff81f374,RotateConsoleZOder_FW
0xff86b074,SaveAdjustmentTable_FW
0xff86b0f4,SaveAdjustmentValue_FW
0xffb5ed60,SaveBatSenseOffsetAdjustmentTable_FW
0xffb5f398,SaveBmpVRAMData_FW
0xff86b0dc,SaveDefectAdjTable_FW
0xffb5fbfc,SaveFactoryReserveData_FW
0xffb5f7c0,SaveFromImage_FW
0xffb5f728,SavePaletteData
0xffb5f728,SavePaletteData_FW
0xff936f14,Scene.ForbidContiSceneDetect_FW
0xff936f40,Scene.TestSunset_FW
0xff8b2f98,ScreenLock
0xff8b2ffc,ScreenUnlock
0xffaf22b4,SDump_FW
0xff87e790,SearchBCentralPosition_FW
0xff87e790,SearchISLensCentralPosition_FW
0xffb5b300,SelectAdjBPFilter_FW
0xffaefc50,SelectPositionSignal_FW
0xffaeef08,SendMechaCircuitData_FW
0xffa5af64,SensDefCrowdCheck_FW
0xff89a7b0,set_control_event
0xffb5d4f8,SetAdj_AEMode_FW
0xff952aa0,SetAdjAEIntegSmearLimitter_FW
0xffb5b86c,SetAdjAFIntegCrwAdd_FW
0xffb5b320,SetAdjAFWinPos_FW
0xffb578b8,SetAdjCdsMode_FW
0xffb5d3d0,SetAE_CdsGainValue_FW
0xffb5d294,SetAE_ShutterSpeed
0xffb5d294,SetAE_ShutterSpeed_FW
0xff952a98,SetAEIntegAverageOBData_FW
0xff951e70,SetAEIntegCorrectProperty_FW
0xff951f0c,SetAEIntegralGetaTime_FW
0xff951ecc,SetAEIntegralValueProperty_FW
0xff951de8,SetAEIntegStrobeProperty_FW
0xff952710,SetAEIntegValueBit_FW
0xff9526bc,SetAEIntegWindowsMode_FW
0xff89adf8,SetAutoShutdownTime
0xff89adf8,SetAutoShutdownTime_FW
0xffb5b360,SetBPFilterForBP_FW
0xffb577c8,SetCDSGain_FW
0xffb578a0,SetCDSGainStep_FW
0xffb577c8,SetCdsGainValue_FW
0xffb577f4,SetCdsPreGain_FW
0xffb5784c,SetCdsPreGainReg_FW
0xff8a3510,SetCurrentCaptureModeType
0xff8a3510,SetCurrentCaptureModeType_FW
0xffb5ed78,SetDate_FW
0xffb5ef7c,SetDay_FW
0xffb7f6bc,SetDCMotorWaitTime_FW
0xff952ab0,SetDefaultAEIntegSmearLimitter_FW
0xff955aa8,SetDefaultRecParameter_FW
0xffa5b258,SetDefectRecParam_FW
0xffb57750,SetDeltaCDSGain_FW
0xffaeff7c,SetDISModeParam_FW
0xffb6351c,SetDISModeParameter_FW
0xff837204,SetDUIDFixFlag_FW
0xff8370a0,SetDurianMode_FW
0xff88dbd8,SetEventFlag
0xffb5ce70,SetExStrobeMode_FW
0xff837194,SetFactoryMode_FW
0xffb5fa1c,SetFactorySerialNumber_FW
0xffaaba30,SetFaexeEventTableActivation_FW
0xff8387ec,SetFileAttributes
0xff838774,SetFileTimeStamp
0xffaf0068,SetFixedPWMOutA_FW
0xffaf007c,SetFixedPWMOutB_FW
0xffaee600,SetFocusLensAccelerationTable_FW
0xffaee788,SetFocusLensCondition_FW
0xffaee774,SetFocusLensDefaultPullOutTable_FW
0xffaeeae4,SetFocusLensDriveVoltage_FW
0xffaeeb5c,SetFocusLensHoldVoltage_FW
0xffaee8dc,SetFocusLensMaxSpeedLimit_FW
0xffaeeb20,SetFocusLensSettingWaitVoltage_FW
0xffaee700,SetFocusLensSlowdownTable_FW
0xffaee4d0,SetFocusLensSpeed_FW
0xffaee54c,SetFocusLensSpeedTable_FW
0xffad89d4,SetFocusResetState_FW
0xffaef980,SetGyro10BitDACPitch_FW
0xffaef994,SetGyro10BitDACYaw_FW
0xffaefa00,SetGyroFilterChargeStart_FW
0xffaefa18,SetGyroFilterChargeStop_FW
0xffaef9b0,SetGyroHPFINOffsetPitch_FW
0xffaef9c4,SetGyroHPFINOffsetYaw_FW
0xffb5efe4,SetHour_FW
0xff8916d8,SetHPTimerAfterNow
0xff891758,SetHPTimerAfterTimeout
0xff986da8,SetIgnoreAVJACK_FW
0xffb5ed70,SetImageMode_FW
0xffb5ed4c,SetInputVoltage_FW
0xffaeffd0,SetISAdjData_FW
0xffaeffe0,SetISCenterShiftA_FW
0xffaefff4,SetISCenterShiftB_FW
0xffaefbbc,SetISControlType_FW
0xffaeff2c,SetISCrossTalkCompA1_FW
0xffaeff40,SetISCrossTalkCompA2_FW
0xffaeff54,SetISCrossTalkCompB1_FW
0xffaeff68,SetISCrossTalkCompB2_FW
0xffb635c4,SetISCrossTalkCompCoeff_FW
0xffb63040,SetISCutOffFreqIndex_FW
0xffaef5b8,SetISDriveAaxis_FW
0xffaef5cc,SetISDriveBaxis_FW
0xffb631ec,SetISGyro10BitDACPitch_FW
0xffb63208,SetISGyro10BitDACYaw_FW
0xffb63318,SetISGyroCompensationMode_FW
0xffb6329c,SetISGyroFilterCharge_FW
0xffaef668,SetISGyroGainAaxis_FW
0xffaef67c,SetISGyroGainBaxis_FW
0xffaef690,SetISGyroGainbyAxisType_FW
0xffb63224,SetISGyroHPFINOffsetPitch_FW
0xffb63240,SetISGyroHPFINOffsetYaw_FW
0xffb62ef8,SetISGyroPitchGain_FW
0xffb62f0c,SetISGyroPitchOffset_FW
0xffb62ec8,SetISGyroYawGain_FW
0xffb62f08,SetISGyroYawOffset_FW
0xffaefd44,SetISHallAmpFirstGain_FW
0xffb62f64,SetISHallDevicePitchGain_FW
0xffb62fc8,SetISHallDevicePitchOffset_FW
0xffb62f34,SetISHallDeviceYawGain_FW
0xffb62f98,SetISHallDeviceYawOffset_FW
0xffaef624,SetISHallGainAaxis_FW
0xffaef638,SetISHallGainBaxis_FW
0xffaef64c,SetISHallGainbyAxisType_FW
0xffaef5e0,SetISHallOffsetAaxis_FW
0xffaef5f4,SetISHallOffsetBaxis_FW
0xffaef608,SetISHallOffsetbyAxisType_FW
0xffaefc74,SetISHPFCutoff_FW
0xffb63040,SetISHPFCutOffFreqIndex_FW
0xffb634fc,SetISLensPWMMode_FW
0xffaefcdc,SetISLPFAaxis_FW
0xffaefcf0,SetISLPFBaxis_FW
0xffb63050,SetISLPFCutOffFreqAaxis_FW
0xffb63060,SetISLPFCutOffFreqBaxis_FW
0xffaefbe0,SetISMovieStatus_FW
0xffb62e80,SetISPitchPWM_FW
0xffaefbd0,SetISStillStatus_FW
0xffaef9e8,SetISTuningFlag_FW
0xffb632c4,SetISTuningMode_FW
0xffb632f8,SetISTuningOff_FW
0xffb62e94,SetISYawPWM_FW
0xffb5f20c,SetLangMenuType_FW
0xffaeee28,SetLensOutsideFlag_FW
0xff952a6c,SetLineDefMarkThroughMode_FW
0xff89aaec,SetLogicalEventActive
0xffb634c8,SetLoopGain_FW
0xffaefe08,SetLoopGainAdjValue_FW
0xffb63074,SetLPFForParallelFilter_FW
0xffaefc04,SetLPFParallelBest_FW
0xffaef060,SetMechaShutterCloseDacSetting_FW
0xffaef11c,SetMechaShutterMoveTime_FW
0xffaef0b0,SetMechaShutterOpenDacSetting_FW
0xffaef100,SetMechaShutterWaitTimeSetting_FW
0xffb5f048,SetMinute_FW
0xffb5ef20,SetMonth_FW
0xffaef20c,SetNdDacSetting_FW
0xffaef1f8,SetNdMoveTime_FW
0xffb577c0,SetObClamp_FW
0xffb577c0,SetObClampValue_FW
0xffb58c40,SetOneShotWBParam_FW
0xffb58c40,SetOneTypeWBParam_FW
0xff9b2304,SetParameterData
0xffb7f594,SetPMByGpio_FW
0xffb5fd08,SetProductVolume_FW
0xff895d44,SetPropertyCase
0xff986d5c,SetRawSWCheckMode_FW
0xffb58d4c,SetReferenceWBGainForCalibration_FW
0xffb5b024,SetScanLensIndex_FW
0xffb5b128,SetScanWindowMode_FW
0xff89ab3c,SetScriptMode
0xff89ab3c,SetScriptMode_FW
0xff986d04,SetSDPwrPort_FW
0xffb5f0ac,SetSecond_FW
0xffb57d70,SetShutterSpeed_FW
0xffb57d20,SetShutterSpeedWithMecha_FW
0xff81e988,SetSR
0xff867074,SetStereoSeparation_FW
0xff86fc88,SetTestRecSkimmingYUV_FW
0xff83c47c,SetTimerAfter
0xff83c4fc,SetTimerWhen
0xffb58d78,SetToolCorrectCoefficient_FW
0xffb5db20,SetVideoOutType_FW
0xffb58d10,SetWBYlStandardWidth_FW
0xff952644,SetWhiteCoefficient_FW
0xffb5eec0,SetYear_FW
0xffadbda4,SetZoomActuatorSpeedPPS_FW
0xffb59c04,SetZoomCommonDriveParam_FW
0xffb59b10,SetZoomDriveParam_FW
0xffaef4e4,SetZoomLensDriveAmpereDac_FW
0xffb59aac,SetZoomLensEncoderPowerControl_FW
0xffaef494,SetZoomLensSpeedMode_FW
0xffb59ba8,SetZoomNormalDriveParam_FW
0xffb62fd8,SetZoomPointToIS_FW
0xffaefac8,SetZoomPosition_FW
0xffb59b5c,SetZoomResetDriveParam_FW
0xffade730,SetZoomResetState_FW
0xffb59ab4,SetZoomSpeedMode_FW
0xff987230,ShowAllTaskInfo_FW
0xff892d6c,ShowCameraLog_FW
0xff892d00,ShowCameraLogInfo_FW
0xffb5d23c,ShowCurrentExp_FW
0xff86abb8,ShowDefaultAdjTableVersion_FW
0xffaee878,ShowFocusLensCurrentSpeedTable_FW
0xff89a660,ShowLogicalEventName_FW
0xff986bc0,ShowMechaMacro_FW
0xff986d4c,ShowPhySwStatus_FW
0xff986d90,ShowSDStatus_FW
0xffaabe54,ShowTransparentMemory_FW
0xff896be0,ShutdownPlayModeMenu_FW
0xff896d2c,ShutdownPlayModeMenuWithoutPbRedraw_FW
0xff896990,ShutdownRecModeMenu_FW
0xffb5d7a4,SleepAE_FW
0xff83bd4c,SleepTask
0xff83bd4c,SleepTask_FW
0xff820854,sprintf_FW
0xffa3a2c0,srand
0xff87fc7c,SS.Create_FW
0xffa3a2fc,sscanf_FW
0xffb5b85c,StartAdjAFInteg_FW
0xffb5b52c,StartAdjAFService_FW
0xff952a60,StartAEIntegralService_FW
0xff87e6a8,StartBDrive_FW
0xff87e6c0,StartBPanDrive_FW
0xff892dbc,StartCameraLog_FW
0xffb57b50,StartCaptureDrive_FW
0xffb5bfa0,StartCrwCustomScan_FW
0xffb5bf30,StartCustomScan_FW
0xff97aabc,StartCzTuning_FW
0xffb5de44,StartEVFDrive_FW
0xffb5de00,StartEVFDriveWithMode_FW
0xff837308,StartFactoryModeController_FW
0xffaf0194,StartImStEventProc_FW
0xff87e6a8,StartISAdjustmentDrive_FW
0xff87e6a8,StartISDrive_FW
0xffaef57c,StartISLocalAdjust_FW
0xff87e6e4,StartISLocalAutoCenter_FW
0xff87e724,StartISLocalHallAdjust_FW
0xff87e6c0,StartISPanDrive_FW
0xff953c00,StartLogOut_FW
0xffaefd80,StartLoopGainCalc_FW
0xff8968f0,StartPlayModeMenu_FW
0xff89690c,StartRecModeMenu
0xff89690c,StartRecModeMenu_FW
0xff820044,StartRedirectUART_FW
0xffaac52c,StartSoundPlay_FW
0xffaac4f4,StartSoundRecord_FW
0xff894ae8,StartWDT_FW
0xff83864c,stat
0xffb5b800,StopAdjAFInteg_FW
0xffb5b63c,StopAdjAFService_FW
0xff952738,StopAEIntegralService_FW
0xff87e6b4,StopBDrive_FW
0xff87e6cc,StopBPanDrive_FW
0xff892f84,StopCameraLog_FW
0xffb579e8,StopCaptureDrive_FW
0xff8563f0,StopContinuousVRAMData_FW
0xffb5bec8,StopCustomScan_FW
0xffaede4c,StopCZ_FW
0xffb5db50,StopEVFDrive_FW
0xff87e6b4,StopISAdjustmentDrive_FW
0xff87e6b4,StopISDrive_FW
0xff87e6cc,StopISPanDrive_FW
0xff9538a8,StopLogOut_FW
0xffaefecc,StopLoopGainCalc_FW
0xff820158,StopRedirectUART_FW
0xffb5cf30,StopStrobeChargeForFA_FW
0xff894b48,StopWDT_FW
0xffb597f0,StopZoomEmergency_FW
0xff8b35c8,strcat
0xff8140b8,strchr
0xff8208f0,strcmp
0xff820918,strcmp_FW
0xff8208d8,strcpy
0xff8208d8,strcpy_FW
0xff8b3810,strftime
0xff814104,strlen
0xff814104,strlen_FW
0xff81406c,strncmp
0xff814030,strncpy
0xff8140dc,strrchr
0xff841a9c,strtol
0xff8418a0,strtolx
0xffb5da54,SwitchOffDisplay_FW
0xffb5da88,SwitchOnDisplay_FW
0xff987920,System.Create_FW
0xff987240,System.Delete_FW
0xff83b9d0,TakeSemaphore
0xff83b9d0,TakeSemaphore_FW
0xff83bed4,TakeSemaphoreStrictly
0xff8ec240,task_AfIntSrvTask
0xff84e2e8,task_AFTask
0xff868238,task_ASIF
0xff938a74,task_AutoShutterMan
0xffaec7d4,task_AviRead
0xff8329a0,task_BatteryTask
0xff863180,task_BeepTask
0xff8c3c00,task_BrtMsrTask
0xff83d704,task_Bye
0xff882920,task_CaptSeq
0xff882920,task_CaptSeqTask
0xff92f580,task_CecTask
0xff8e2b38,task_ChaseFrame
0xff936be8,task_ChaseTask
0xff816124,task_ClockSave
0xffa66118,task_CntFlashTask
0xff89e6a4,task_CommonDrivers
0xff98be54,task_CreateHeaderTask
0xff899518,task_CtrlSrv
0xffacceb4,task_DecJpgRd
0xff8e17e4,task_DetectMoveTask
0xff8e76b4,task_DevelopModule
0xff8e4360,task_DispFace
0xff9621a0,task_DPOFTask
0xff8a8bbc,task_DSITask
0xff884794,task_DvlpSeqTask
0xff8e883c,task_EFChargeT
0xffb7d1e0,task_EfctConLowTask
0xffb7d03c,task_EfctConTask
0xff8957f4,task_EvShel
0xff8cbcbc,task_ExpDrv
0xffa4ceb8,task_ExpDrvSubTask
0xff8cbcbc,task_ExpDrvTask
0xff8a87b0,task_FaceFrame
0xff94f590,task_Fencing
0xffac7170,task_FileScheduleTask
0xffac816c,task_FileWrite
0xffac816c,task_FileWriteTask
0xffacc0cc,task_FilYuvMaker
0xffad5f68,task_FocusEvent
0xffac988c,task_FORMAT_TASK_NAME
0xffac96ac,task_FORMAT_TASK_PROGRESS
0xff872d5c,task_FsIoNotifyTask
0xff92d4e0,task_HdmiTask
0xff863b04,task_HecMngTask
0xffad44b0,task_ImgDLight
0xff971624,task_ImgEdt
0xff87ab60,task_ImgPlayDrv
0xff97256c,task_ImgTrim
0xff89e66c,task_InitFileModules
0xff87dcc0,task_ISMainTask
0xff8646a0,task_LEDCon
0xff87c43c,task_LensController
0xff910bf0,task_LiveImageTask
0xff936d44,task_MainTargetTask
0xff97cf80,task_MechaAlarm
0xff97d6bc,task_MechaCom
0xffade880,task_MechaNCTask
0xffad997c,task_MechaShutter
0xff95c284,task_MetaCtg
0xff932f20,task_MotionVector
0xffaeb5f8,task_MovEdit
0xff985e5c,task_MovieRecord
0xffae2ba8,task_MovPlay
0xffae0818,task_MovRead
0xffae6824,task_MovWrite
0xffada3ac,task_Nd
0xff920170,task_NormalThumbCache
0xff8dff3c,task_OBCtrlTask
0xff893424,task_OpePlay
0xff8349b8,task_PhySw
0xff9130ec,task_PrcssFil
0xffa7b3e0,task_PTPtoFAPI_EventProcTask
0xffb94bf8,task_ReadFileTask
0xffb0d918,task_ReadMultiConTask
0xffb760c8,task_ReadScheduleTask
0xff87bed0,task_RedEyeCapt
0xff974838,task_RedEyePly
0xff936070,task_SceneDetectTask
0xff8766b0,task_SD1stInit
0xff98aef8,task_ShutterSoundTask
0xff9067a4,task_SsgMainTask
0xff906954,task_SsgPeriodTask
0xff88a10c,task_SsTask
0xff81fbf4,task_Startup
0xff83e178,task_StartupImage
0xff914480,task_SynchTask
0xff9143ec,task_SyncPeriod
0xff909f68,task_TgTask
0xff868b10,task_Thermometer
0xff9166f0,task_TimerUtility
0xff9835fc,task_TmgGen
0xff923f48,task_TrnsCtrlTask
0xff81fea0,task_UartLog
0xff84a584,task_WBCtrl
0xff8bca9c,task_WBIntegTask
0xff8dc940,task_WBLPFace
0xff894974,task_WdtPrint
0xff894a28,task_WdtReset
0xffadab28,task_ZoomActuatorSpeedCheck
0xffadacc8,task_ZoomEvent
0xff989038,TerminateAdjustmentSystem_FW
0xff86fdc8,Terminatedccd_FW
0xffb6142c,TerminateDefectAdjustment_FW
0xffb428bc,TerminateDefectRec_FW
0xff86fdc8,TerminateDigicon_FW
0xffb6176c,TerminateMechaDevice_FW
0xffaac5b4,TerminateSoundRec_FW
0xff86f1f0,TerminateTestRec_FW
0xff88ff64,time
0xff83b7b8,TryPostMessageQueue
0xff83b67c,TryReceiveMessageQueue
0xff83b97c,TryTakeSemaphore
0xff8aa31c,TurnOffBackLight
0xff860188,TurnOffDisplay
0xff83d650,TurnOffE1_FW
0xffaef1d0,TurnOffNdFilter_FW
0xff866b54,TurnOffVideoOutMode_FW
0xff8aa304,TurnOnBackLight
0xff860178,TurnOnDisplay
0xffaef1ac,TurnOnNdFilter_FW
0xff866b1c,TurnOnVideoOutMode_FW
0xff988f00,UI.Create_FW
0xff988438,UI.CreatePublic_FW
0xff988f00,UI_RegistDebugEventProc_FW
0xff988eec,UI_ShowStateOfRecMode_FW
0xff89aaec,UiEvnt_SetLogicalEventActive_FW
0xff89aba4,UiEvnt_StartDisguiseCradleStatus_FW
0xff89abb4,UiEvnt_StopDisguiseCradleStatus_FW
0xff9b83b4,UIFS_Capture_FW
0xff9b8488,UIFS_CaptureNoneStop_FW
0xff988064,UIFS_ChangeShootState_FW
0xff987e78,UIFS_ClosePopupStrobe_FW
0xff987f08,UIFS_ConnectVideo_FW
0xff987f38,UIFS_DisconnectVideo_FW
0xff987fbc,UIFS_EndClockMode_FW
0xff9882b8,UIFS_GetAvItem_FW
0xff9880e4,UIFS_GetAvItemCount_FW
0xff988328,UIFS_GetCurrentAvString_FW
0xff9883a8,UIFS_GetCurrentTvString_FW
0xff9880ac,UIFS_GetLastPath_FW
0xff987fd4,UIFS_GetMovieRecoadableNumber_FW
0xff9ef8e0,UIFS_GetNumberOfDisplayedImage_FW
0xff98801c,UIFS_GetStillShotableNumber_FW
0xff9882f0,UIFS_GetTvItem_FW
0xff988154,UIFS_GetTvItemCount_FW
0xff987bf4,UIFS_IsAutoPopupDownStrobe_FW
0xff987bfc,UIFS_IsAvailableAvTvMode_FW
0xff987bdc,UIFS_IsAvailableMovieRecDigZoom_FW
0xff987bd4,UIFS_IsAvailableMovieRecOptZoom_FW
0xff987bec,UIFS_IsAvailableRecMenuAFMode_FW
0xff987be4,UIFS_IsAvailableServoAF_FW
0xff8a6298,UIFS_IsAvailableShots_FW
0xff987ea8,UIFS_MountExtFlash_FW
0xff9b96f4,UIFS_MoveZoomTo_FW
0xff987e48,UIFS_OpenPopupStrobe_FW
0xffa0865c,UIFS_PlayTrimExecuteAllImageSize_FW
0xff987f74,UIFS_PostModeDial_FW
0xff987f70,UIFS_RestartPostingUIEvent_FW
0xff987dac,UIFS_SetCaptureModeToP_FW
0xff987fcc,UIFS_SetCradleSetting_FW
0xff987df0,UIFS_SetDialMovieRec_FW
0xff987e28,UIFS_SetDialPlay_FW
0xff987d8c,UIFS_SetDialStillRec_FW
0xff988088,UIFS_ShootSeqToUI_FW
0xff987fac,UIFS_StartClockMode_FW
0xff8a7b0c,UIFS_StartMovieRecord_FW
0xff8a7b30,UIFS_StopMovieRecord_FW
0xff987f6c,UIFS_StopPostingUIEvent_FW
0xff987ed8,UIFS_UnmountExtFlash_FW
0xff9a2184,UIFS_WriteFirmInfoToFile
0xff9a2184,UIFS_WriteFirmInfoToFile_FW
0xff836e78,UndisplayFactoryMode_FW
0xff88f0fc,UnLoadScript_FW
0xff839f40,UnlockAE
0xff839c60,UnlockAF
0xff89acd8,UnlockMainPower
0xff89acd8,UnlockMainPower_FW
0xffb5d0d0,UnregistColorMatrix_FW
0xff81e96c,UnregisterInterruptHandler
0xff833050,VbattGet
0xff833050,VbattGet_FW
0xffaf20dc,VerifyByte_FW
0xff820898,vsprintf
0xff98721c,Wait_FW
0xff88db18,WaitForAllEventFlag
0xff83bf84,WaitForAllEventFlagStrictly
0xff88da34,WaitForAnyEventFlag
0xff83bf58,WaitForAnyEventFlagStrictly
0xff83843c,Write
0xff83843c,write
0xff83843c,Write_FW
0xff86b4c8,WRITEADJTABLETOFROM_FW
0xff86b4ec,WRITEADJUSTMENTDATATOFROM_FW
0xffb62d84,WriteGyroAdjustment_FW
0xffb62ce4,WriteHallDeviceAdjustment_FW
0xffaeee64,WriteMechaLogToFile_FW
0xffaeee5c,WriteMechaLogToRom_FW
0xffb62e1c,WritePWMAdjustment_FW
0xff96b024,WriteSDCard
0xff88eebc,WriteToRom_FW
