0xff828278,_GetSystemTime
0xffb01a40,_log
0xffb006cc,_log10
0xffb0083c,_pow
0xffb0369c,_sqrt
0xff81c294,_uartr_req
0xffaca0b4,AbortAEIntegralValue_FW
0xff871734,AcquireRecursiveLock
0xff827ed4,AcquireRecursiveLockStrictly
0xff90da98,ActivateAdjLog_FW
0xffa0c9b4,ActivateImager_FW
0xffa0ca40,ActivateImagerXOne_FW
0xff940234,ActivateUsmCPU_FW
0xffa1731c,add_ptp_handler
0xff9563cc,AdditionAgentRAM_FW
0xffa30ad0,AddTransparentMemory_FW
0xffad0d98,AdjAEWithAperturePriority_FW
0xffa5c6c0,AdjustZoomEncoderPi_FW
0xffad0d54,AfAEWithAperturePriority_FW
0xffad0f44,AfAEWithCompensation_FW
0xffa0b2b8,AFTool.GetEVal_FW
0xffa67c20,AllocateMemory
0xffa67c20,AllocateMemory_FW
0xff827fcc,AllocateUncacheableMemory
0xff9e01c8,apex2us
0xff89b930,atol_FW
0xffacab94,AttachIntegCrawData_FW
0xffa30b08,AttachToTransparentMemory_FW
0xff849dd0,Bat_Calc_FW
0xffad230c,Bat_Save_FW
0xffad22f8,Bat_VIN_FW
0xff84a3ec,BeepDrive_FW
0xffacc4a4,CalcLog10_FW
0xffad41f0,CalcLoopGain_FW
0xffacc594,CalcSqrt_FW
0xff849dd0,CalculateBatSenseOffset_FW
0xffacc444,CalculateLog2ToApex_FW
0xffacc408,CalculatePeakFromLeastSquareResult_FW
0xffacc458,CalculatePow2FromApex_FW
0xffad0b70,CancelAdj_AEMode_FW
0xffacb360,CancelAdjCdsMode_FW
0xffacef88,CancelBPFilterForBP_FW
0xffad04cc,CancelExStrobeMode_FW
0xffa62f58,CancelFocusLensMaxSpeedLimit_FW
0xff874fcc,CancelHPTimer
0xffa0cb98,CancelImager_FW
0xff862270,CancelLoopGainCalc_FW
0xff828494,CancelTimer
0xfface0cc,CancelVcmOpenDriveMode_FW
0xff94a1f0,Capture.Create_FW
0xffad4494,CaptureWithParam_FW
0xffacb100,ChangeAdjImgDrvMode_FW
0xffacb12c,ChangeAEIntegDrvTypeToAdjImgDriveType_FW
0xff90fa68,ChangeDefectRecExpGain_FW
0xff90fa3c,ChangeDefectRecExpTv_FW
0xff90fad0,ChangeDefectRecPeakHoldSetting_FW
0xffad20cc,ChangeDistortionSetForLiveImage_FW
0xffad3fb0,ChangeFilterMode_FW
0xffa630d0,ChangeFocusDistanceToPosition_FW
0xff9ff244,ChangeGradeTable_FW
0xffad44a8,ChangeImageDrive_FW
0xffa0cc58,ChangeImagerToAlternateDraft_FW
0xffa0cc50,ChangeImagerToDigiconMode_FW
0xffa0cc78,ChangeImagerToFastBP_FW
0xffa0cc18,ChangeImagerToFocusJet_FW
0xffa0cc40,ChangeImagerToHoneyFlash_FW
0xffa0cc30,ChangeImagerToJetDraft_FW
0xffa0cc38,ChangeImagerToJumboDraft_FW
0xffa0cc20,ChangeImagerToMangoPudding_FW
0xffa0cc48,ChangeImagerToMillefeAdjust_FW
0xffa0cc70,ChangeImagerToMontblancMillefe_FW
0xffa0cc68,ChangeImagerToMontblancWhole_FW
0xffa0cc50,ChangeImagerToOITA_XAVIER_FW
0xffa0cc28,ChangeImagerToSuperWideDraft_FW
0xffa0cc60,ChangeImagerToUltraGhostQ_FW
0xffa0cbbc,ChangeImagerToWholeParallel_FW
0xffa0cbd8,ChangeImagerToWholeParallelBP_FW
0xffa0cbf4,ChangeImagerToWholeParallelBPOne_FW
0xffa0cc10,ChangeImagerToWideDraft_FW
0xffa656d8,ChangeParallelMode_FW
0xff861dec,ChangeToISCloseControl_FW
0xff940384,ChangeUsmSpeed_FW
0xffad0508,ChargeStrobe_FW
0xffad053c,ChargeStrobeForFA_FW
0xff8712b8,CheckAllEventFlag
0xff871270,CheckAnyEventFlag
0xff8786d0,CheckSumAll_FW
0xff84f4c0,ClearDUIDFixFlag_FW
0xff8714d8,ClearEventFlag
0xff84f468,ClearFactoryMode_FW
0xff862078,ClearISCalcZData_FW
0xffa6574c,ClearISIComponent_FW
0xffa65770,ClearISZData_FW
0xffacd170,ClearZoomCommonDriveParam_FW
0xffa5c440,ClearZoomDriveParam_FW
0xff823a64,Close
0xff819864,close
0xff823a64,Close_FW
0xff81bd88,CloseConsole_FW
0xffa49294,closedir
0xffa63704,CloseMechaShutterWithTiming_FW
0xffacbaa8,CloseMShutter_FW
0xffaeafbc,CommunicateISCPU_FW
0xffacb09c,ConvertAdjImgDrvModeToAdjImgDriveType_FW
0xffacb050,ConvertAEIntegDrvTypeToAdjImgDriveType_FW
0xffacc4fc,ConvertApexStdToApex_FW
0xffacc4cc,ConvertApexToApexStd_FW
0xffacca98,ConvertCxCyToWBGain_FW
0xffacd6ac,ConvertToPositionWithDistanceAndZoomPoint_FW
0xffacb484,ConvertTvToExposureTime_FW
0xff81bae4,CPrintf_FW
0xff81bb40,CPutChar_FW
0xff8506e0,CreateAdjustmentTableMirror_FW
0xff8277ac,CreateBinarySemaphore
0xff827d8c,CreateBinarySemaphoreStrictly
0xff87e598,CreateController_FW
0xff827814,CreateCountingSemaphore
0xff827814,CreateCountingSemaphore_FW
0xff827db0,CreateCountingSemaphoreStrictly
0xff8711c8,CreateEventFlag
0xff827d68,CreateEventFlagStrictly
0xff90d3d8,CreateFADBGSingalID_FW
0xffad44bc,CreateJumptable
0xff9659bc,CreateLanguageMenu_FW
0xff8273e8,CreateMessageQueue
0xff827d44,CreateMessageQueueStrictly
0xff8764d4,CreateProxyOfEventProcedure_FW
0xff871694,CreateRecursiveLock
0xff827dd4,CreateRecursiveLockStrictly
0xff81aef4,CreateTask
0xff81aef4,CreateTask_FW
0xff827d10,CreateTaskStrictly
0xff939384,CzDebugPrint_FW
0xff93938c,CzDebugPrintToFile_FW
0xff81b1cc,DebugAssert
0xffaeb020,DelaySet_FW
0xff87e654,DeleteController_FW
0xff8233f4,DeleteDirectory_Fut
0xff871220,DeleteEventFlag
0xff823310,DeleteFile_Fut
0xff965558,DeleteLanguageMenu_FW
0xff82746c,DeleteMessageQueue
0xff87652c,DeleteProxyOfEventProcedure_FW
0xff8716e4,DeleteRecursiveLock
0xff82786c,DeleteSemaphore
0xff82786c,DeleteSemaphore_FW
0xffad3b84,DevelopStillPicture_FW
0xff9ffa20,DevelopTool.DevelopTest_FW
0xff90d140,DeviceUniqueIDCheckSum_FW
0xff90fdc4,DisableDebugLogMode_FW
0xffa62fb4,DisableFocusLens_FW
0xffa63034,DisableFocusLensGainLock_FW
0xffa6314c,DisableFocusLensPort_FW
0xffa63060,DisableFocusLensWaveLock_FW
0xffa6355c,DisableFocusPiCircuit_FW
0xffa63408,DisableIris_FW
0xffa56420,DisableIrisActuator_FW
0xffa6353c,DisableMechaCircuit_FW
0xff9404c8,DisableUsmEncErrorDetect_FW
0xff940564,DisableUsmEncPhaseDetect_FW
0xff9405c4,DisableUsmLogPrint_FW
0xff94050c,DisableUsmSpeedLog_FW
0xffaeb2c8,DisableVcmOpenDrive_FW
0xffaeb0f0,DisableVcmPiDetectStop_FW
0xffaeb0c4,DisableVcmSettingWait_FW
0xffaeb294,DisableVcmSrAmplitudeComp_FW
0xffaeb3c4,DisableVcmTravelTimeMeasure_FW
0xffa5ac50,DisableZoomActuatorSpeedControl_FW
0xffacd330,DisableZoomDriveLog_FW
0xffa635a4,DisableZoomEncoderCircuit_FW
0xffacd190,DisableZoomEncPhaseDif_FW
0xffa63a70,DisableZoomLensEncoderPowerControl_FW
0xffa63a90,DisableZoomLensResetEscapeMove_FW
0xffa63580,DisableZoomPiCircuit_FW
0xffacd2c4,DisableZoomSpeedCont_FW
0xff847028,DispCon_GetLcdGainAdjParameter_FW
0xff846e20,DispCon_GetVideoAdjParameter_FW
0xff847074,DispCon_SaveLcdGainAdjParameter_FW
0xff846ea8,DispCon_SaveVideoAdjParameter_FW
0xff846cac,DispCon_SetDisplayType_FW
0xff846fd4,DispCon_SetLcdGainAdjParameter_FW
0xff846d30,DispCon_SetMaxBackLightBrightness_FW
0xff846db0,DispCon_SetVideoAdjParameter_FW
0xff846bf4,DispCon_ShowBitmapColorBar
0xff846bf4,DispCon_ShowBitmapColorBar_FW
0xff846bd8,DispCon_ShowBlackChart_FW
0xff846a88,DispCon_ShowColorBar_FW
0xff846ccc,DispCon_ShowColorChart_FW
0xff846c54,DispCon_ShowCustomColorBar_FW
0xff846ad8,DispCon_ShowFiveStep_FW
0xff847064,DispCon_ShowLcdGainAdjParameter_FW
0xff846e7c,DispCon_ShowVideoAdjParameter_FW
0xff846ba0,DispCon_ShowWhiteChart_FW
0xff846d20,DispCon_TurnOffBackLight_FW
0xff846d00,DispCon_TurnOffDisplay_FW
0xff846d10,DispCon_TurnOnBackLight_FW
0xff846cf0,DispCon_TurnOnDisplay_FW
0xff94a180,DispDev.Create_FW
0xff948370,DispDev_EnableEventProc_FW
0xff84f264,DisplayFactoryMode_FW
0xff825bb4,DoAELock
0xff825864,DoAFLock
0xff948464,Driver.Create_FW
0xff948464,Driver_EnableEventProc_FW
0xfface3a0,DriveVcmOpenDrive_FW
0xff814e04,drysh_FW
0xff9486cc,Dump32_FW
0xff9486bc,Dump_FW
0xff850598,DumpAdjMirror_FW
0xffa30a90,DumpTransparentMemoryItem_FW
0xff8cc438,E2LatOn_FW
0xffa094b8,EF.AdjPreFlash_FW
0xff8b6aa0,EF.IsChargeFull_FW
0xffa094fc,EF.SetChargeMode_FW
0xffa093c8,EF.SetEFChargeTimeOut_FW
0xffa09510,EF.SetFlashTime_FW
0xffa094a0,EF.SetMainFlashTime_FW
0xffa09368,EF.StartEFCharge_FW
0xffa09418,EF.StartInternalMainFlash_FW
0xffa093dc,EF.StartInternalPreFlash_FW
0xffa093b8,EF.StopEFCharge_FW
0xff90fdb0,EnableDebugLogMode_FW
0xffa62f68,EnableFocusLens_FW
0xffa63000,EnableFocusLensGainLockWithVoltage_FW
0xffa6313c,EnableFocusLensPort_FW
0xffa63044,EnableFocusLensWaveLock_FW
0xffa6354c,EnableFocusPiCircuit_FW
0xff81aeec,EnableInterrupt
0xffa633e4,EnableIris_FW
0xffa563fc,EnableIrisActuator_FW
0xff8331b4,EnableLog_FW
0xffa6352c,EnableMechaCircuit_FW
0xff9404b4,EnableUsmEncErrorDetect_FW
0xff940550,EnableUsmEncPhaseDetect_FW
0xff940598,EnableUsmLogPrint_FW
0xff9404dc,EnableUsmSpeedLog_FW
0xffaeb2b8,EnableVcmOpenDrive_FW
0xffaeb0dc,EnableVcmPiDetectStop_FW
0xffaeb0b4,EnableVcmSettingWait_FW
0xffaeb284,EnableVcmSrAmplitudeComp_FW
0xffaeb3b4,EnableVcmTravelTimeMeasure_FW
0xffa5ac3c,EnableZoomActuatorSpeedControl_FW
0xffacd4d8,EnableZoomDriveLog_FW
0xffa63594,EnableZoomEncoderCircuit_FW
0xffacd178,EnableZoomEncPhaseDif_FW
0xffa63a60,EnableZoomLensEncoderPowerControl_FW
0xffa63a80,EnableZoomLensResetEscapeMove_FW
0xffa63570,EnableZoomPiCircuit_FW
0xffacd2b0,EnableZoomSpeedCont_FW
0xff9494b0,EndClockMode_FW
0xff8f5270,EngApp.Create_FW
0xff8f5258,EngApp.Delete_FW
0xff822a64,EngDrvBits
0xffa2a3c4,EngDrvBits_FW
0xff822a48,EngDrvIn
0xffa2a3b4,EngDrvIn_FW
0xff822a30,EngDrvOut
0xffa2a398,EngDrvOut_FW
0xff822a50,EngDrvRead
0xffa2a3bc,EngDrvRead_FW
0xffa2a3e8,EngDrvReadDump_FW
0xff94a230,EngineDriver.Create_FW
0xff825b10,EnterToCompensationEVF
0xff85058c,EraseAdjustmentArea_FW
0xff951964,EraseLogSector_FW
0xff952184,EraseSectorOfRom_FW
0xff9486a8,EraseSignature_FW
0xff814e80,err_init_task
0xffa627f0,EscapeFocusLens_FW
0xffa67c8c,exec_FW
0xff8552dc,Executedccd_FW
0xff854cac,ExecuteDigicon_FW
0xff875a90,ExecuteEventProcedure
0xff875b08,ExecuteEventProcedure_FW
0xffad05a8,ExecuteInternalPreFlash_FW
0xff9757ec,ExecuteResetFactoryWithRomWrite_FW
0xff85498c,ExecuteTestRec_FW
0xff854a5c,ExecuteTestRecCF_FW
0xffaeb010,ExecVcmFirm_FW
0xff825b54,ExitFromCompensationEVF
0xff81b184,ExitTask
0xff81b184,ExitTask_FW
0xff8741d4,ExMem.AllocCacheable_FW
0xff87401c,ExMem.AllocUncacheable_FW
0xff87425c,ExMem.FreeCacheable_FW
0xff874158,ExMem.FreeUncacheable_FW
0xff873b38,ExMem.View_FW
0xff87416c,exmem_alloc
0xff8741e4,exmem_free
0xff8241c4,ExMem_FW
0xff8aa244,ExpCtrlTool.SetExpMode_FW
0xff8311d8,ExpCtrlTool_StartContiAE
0xff83131c,ExpCtrlTool_StopContiAE
0xff8764c8,ExportToEventProcedure_FW
0xff94a15c,FA.Create_FW
0xff94a148,FA.Delete_FW
0xff90d488,FADBGPrintf_FW
0xff90d3e8,FADBGSingal_FW
0xff90d608,FAPrintf_FW
0xff82348c,Fclose_Fut
0xff82348c,Fclose_Fut_FW
0xff823678,Feof_Fut
0xff8236b4,Fflush_Fut
0xff8235e0,Fgets_Fut
0xffad0ad8,FixAEWithCompensation_FW
0xff966ffc,FmtMenu_ExecuteQuickFormat_FW
0xffad09ac,FocusAEWithCompensation_FW
0xff82344c,Fopen_Fut
0xff82344c,Fopen_Fut_FW
0xff823538,Fread_Fut
0xff823538,Fread_Fut_FW
0xff813a7c,free
0xffa30c18,FreeBufferForSoundRec_FW
0xffa67c18,FreeMemory
0xffa67c18,FreeMemory_FW
0xff82800c,FreeUncacheableMemory
0xff82362c,Fseek_Fut
0xff82362c,Fseek_Fut_FW
0xff82358c,Fwrite_Fut
0xff82358c,Fwrite_Fut_FW
0xff848c64,GetAdChValue_FW
0xffacf514,GetAdjAFInteg_FW
0xff8505f0,GetAdjTableMapVersion_FW
0xff850600,GetAdjTableValueVersion_FW
0xff8505bc,GetAdjTableVersion_FW
0xff848c5c,GetAdVBattBottom_FW
0xffaca860,GetAEIntegralServiceMode_FW
0xffaca50c,GetAEIntegralValueWithFix_FW
0xffaca854,GetAEIntegValueBit_FW
0xffaca254,GetAEIntegWinData_FW
0xffaca39c,GetAEIntegWinDataWithMode_FW
0xffaca630,GetAllAEIntegralAllValueWithFix_FW
0xff821b0c,GetBatteryCoverClose_FW
0xff84e660,GetBatteryTemperature
0xff84e660,GetBatteryTemperature_FW
0xff8785b4,GetBuildDate_FW
0xff8785bc,GetBuildTime_FW
0xffad3970,GetCaptureInfoData_FW
0xff84e5f0,GetCCDTemperature
0xff84e5f0,GetCCDTemperature_FW
0xffacb19c,GetCdsGainValue_FW
0xffacb28c,GetCdsPreGain_FW
0xffacb2e4,GetCdsPreGainReg_FW
0xff81bb6c,GetCh_FW
0xffad2068,GetContinuousMovieJpegVRAMData_FW
0xffad1704,GetContinuousVRAMData_FW
0xffad1ea8,GetContinuousVRAMDataWithRingBuffer_FW
0xffacb024,GetCurrentAdjImgDriveType_FW
0xff93bf24,GetCurrentAvValue
0xff93bf24,GetCurrentAvValue_FW
0xff888790,GetCurrentCaptureModeType_FW
0xff84e5f0,GetCurrentCcdTemp_FW
0xff89d270,GetCurrentExposureTime_FW
0xff93a414,GetCurrentFocusLensPosition_FW
0xff93a414,GetCurrentFocusPosition_FW
0xffacb030,GetCurrentImgDrvMode_FW
0xff93c0d0,GetCurrentIrisPosition_FW
0xff90dae4,GetCurrentMaximumLogSize_FW
0xff84e6d0,GetCurrentOptTemp_FW
0xff89cf98,GetCurrentShutterSpeed_FW
0xff93a3ac,GetCurrentTargetDistance_FW
0xffaccb94,GetCurrentZoomLensDirection_FW
0xff9411d0,GetCurrentZoomLensPoint_FW
0xff9408fc,GetCurrentZoomLensPosition_FW
0xff9411d0,GetCurrentZoomPoint_FW
0xff9408fc,GetCurrentZoomPosition_FW
0xffad2710,GetDay_FW
0xff8553e8,GetdccdFilterValue_FW
0xff855354,GetdccdImage_FW
0xff9ff4e8,GetDefectCount_FW
0xff821b08,GetDialEventId_FW
0xff85ae98,GetDrive_ClusterSize
0xff85af00,GetDrive_FreeClusters
0xff85aecc,GetDrive_TotalClusters
0xff871510,GetEventFlagValue
0xffad04b8,GetExStrobeID_FW
0xff8785c4,GetFirmwareVersion_FW
0xff93a884,GetFocusDefaultResetPosition_FW
0xffa55254,GetFocusLensCurrentPosition_FW
0xffa630d8,GetFocusLensLoadCamTable_FW
0xffa630b0,GetFocusLensLoadSubjectDistance_FW
0xffa63108,GetFocusLensMoveMaxPosition_FW
0xffa63120,GetFocusLensMoveMinPosition_FW
0xffa630a8,GetFocusLensPositionRatio_FW
0xff93a174,GetFocusLensPullInMaxSpeed_FW
0xffa6307c,GetFocusLensResetDefaultPosition_FW
0xffa63074,GetFocusLensResetPosition_FW
0xff93a3ac,GetFocusLensSubjectDistance
0xffa63084,GetFocusLensSubjectDistance_FW
0xff93a6b8,GetFocusLensSubjectDistanceFromLens
0xffa630a0,GetFocusLensSubjectDistanceNumber_FW
0xff93c92c,GetFocusPiSensorLevel_FW
0xff93a80c,GetFocusResetPosition_FW
0xff861084,GetFocusStartZoomPosition_FW
0xff861f4c,GetGyro10BitDACPitch_FW
0xff861f54,GetGyro10BitDACYaw_FW
0xff861f24,GetGyroDataPitch_FW
0xff861f2c,GetGyroDataYaw_FW
0xff861f7c,GetGyroHPFINOffsetPitch_FW
0xff861f94,GetGyroHPFINOffsetYaw_FW
0xff861fac,GetGyroHPFINPitch_FW
0xff862008,GetGyroHPFINYaw_FW
0xffad2738,GetHour_FW
0xff93bf24,GetIrisAv_FW
0xff93c0d0,GetIrisCurrentPosition_FW
0xffa65330,GetISDriveAaxis_FW
0xffa65350,GetISDriveBaxis_FW
0xffa65614,GetISFirmVersion_FW
0xff861f4c,GetISGyro10BitDACPitch_FW
0xff861f54,GetISGyro10BitDACYaw_FW
0xff861f24,GetISGyroDataPitch_FW
0xff861f2c,GetISGyroDataYaw_FW
0xffa65430,GetISGyroGainAaxis_FW
0xffa65450,GetISGyroGainBaxis_FW
0xff861f7c,GetISGyroHPFINOffsetPitch_FW
0xff861f94,GetISGyroHPFINOffsetYaw_FW
0xff861fac,GetISGyroHPFINPitch_FW
0xff862008,GetISGyroHPFINYaw_FW
0xff861e74,GetISGyroPitchGain_FW
0xffad3c88,GetISGyroPitchOffset_FW
0xff861e7c,GetISGyroYawGain_FW
0xffad3c80,GetISGyroYawOffset_FW
0xff861e64,GetISHallDevicePitchGain_FW
0xff861e54,GetISHallDevicePitchOffset_FW
0xff861e6c,GetISHallDeviceYawGain_FW
0xff861e5c,GetISHallDeviceYawOffset_FW
0xffa653f0,GetISHallGainAaxis_FW
0xffa65410,GetISHallGainBaxis_FW
0xffa653b0,GetISHallOffsetAaxis_FW
0xffa653d0,GetISHallOffsetBaxis_FW
0xffa65780,GetISHallOut1Amp_FW
0xff862968,GetISLensDampAaxis_FW
0xff862970,GetISLensDampBaxis_FW
0xffad3f28,GetISLensEViAaxis_FW
0xffad3f3c,GetISLensEViBaxis_FW
0xffa6563c,GetISParamVersion_FW
0xff861e84,GetISPitchPWM_FW
0xffa65370,GetISPositionAaxis_FW
0xffa65390,GetISPositionBaxis_FW
0xff861e94,GetISShiftLensPitchPosition_FW
0xff861e9c,GetISShiftLensYawPosition_FW
0xff861e8c,GetISYawPWM_FW
0xff84b660,GetKbdState
0xffad2f4c,GetLastVBatADLevel_FW
0xff8610c4,GetLensErrorStatus_FW
0xff90da88,GetLogData_FW
0xff90da90,GetLogDataOnlyAddMemory_FW
0xff95193c,GetLogToFile_FW
0xffad42e0,GetLoopGain_FW
0xffa6592c,GetLoopGainAdjValue_FW
0xffa658bc,GetLoopGainCalcData_FW
0xffa65708,GetLPFParallelBest_FW
0xffa5886c,GetMechaDeviceComparatorHysteresis_FW
0xffa58894,GetMechaDeviceComparatorThreshold_FW
0xff93d074,GetMechaShutterStatus_FW
0xff813c24,GetMemInfo
0xffad2760,GetMinute_FW
0xffad26e4,GetMonth_FW
0xff83cccc,GetMovieJpegVRAMHPixelsSize_FW
0xff83ccd8,GetMovieJpegVRAMVPixelsSize_FW
0xff827740,GetNumberOfPostedMessages
0xffacb20c,GetObClampValue_FW
0xffaca704,GetOnlyAEIntegData_FW
0xff84e6d0,GetOpticalTemperature
0xff84e6d0,GetOpticalTemperature_FW
0xff9754d4,GetParameterData
0xffad1e04,GetPixelsOfViewangle_FW
0xff879778,GetPropertyCase
0xff821ae4,GetSDDetect_FW
0xff821aec,GetSDProtect
0xff821aec,GetSDProtect_FW
0xffad2788,GetSecond_FW
0xff87e908,GetSelfControllerHandle_FW
0xff827a20,GetSemaphoreValue
0xffacb584,GetShutterSpeedRegularMaxLimit_FW
0xffacb59c,GetShutterSpeedRegularMinLimit_FW
0xff81aec8,GetSRAndDisableInterrupt
0xff81bbbc,GetStringWithPrompt_FW
0xffad1618,GetSumYOfVRAMCenterLine_FW
0xff821a78,GetSwitchStatus_FW
0xffa67c78,GetSystemTime
0xffa67c78,GetSystemTime_FW
0xff8738bc,GetTimeOfSystem_FW
0xffa30b74,GetTransparentMemory_FW
0xffa30bb8,GetTransparentMemoryPosition_FW
0xffa30b60,GetTransparentMemorySize_FW
0xffad3834,GetUnpackCrwIntegralValue_FW
0xffacb980,GetUsableMaxAv_FW
0xffacb968,GetUsableMinAv_FW
0xffacb574,GetUserSetShutterSPeed_FW
0xff940398,GetUsmCurrentPosition_FW
0xff93fc80,GetUsmEncDuty_FW
0xff940590,GetUsmEncHighTime_FW
0xff940588,GetUsmEncMultiplyTime_FW
0xff940580,GetUsmEncPeriodTime_FW
0xff93fc38,GetUsmEncPhase_FW
0xff940524,GetUsmMaxSpeedLog_FW
0xff940530,GetUsmMinSpeedLog_FW
0xff93f664,GetUsmTargetFreq_FW
0xff9403b8,GetUsmTargetSpeed_FW
0xff82046c,GetVBatVoltage_FW
0xff943eb0,GetVcmAlarm_FW
0xffaeb000,GetVcmCheckSum_FW
0xff943d18,GetVcmCurrentPosition_FW
0xff944464,GetVcmDGain_FW
0xffaeb3f4,GetVcmFirmVersion_FW
0xff944448,GetVcmIGain_FW
0xffaeb4ec,GetVcmLog_FW
0xff944670,GetVcmLogData_FW
0xff94468c,GetVcmLogSampleTime_FW
0xff9446a8,GetVcmLogTrigger_FW
0xff944380,GetVcmOpenDriveDuty_FW
0xff94442c,GetVcmPGain_FW
0xff9444a0,GetVcmPiAdValue_FW
0xff943e20,GetVcmPiPosition_FW
0xff943e48,GetVcmPiStatus_FW
0xfface348,GetVcmSrAD_FW
0xffaeb424,GetVcmSrAd_FW
0xff943f78,GetVcmSrAPos_FW
0xfface074,GetVcmSrAPosition_FW
0xff943fe4,GetVcmSrBPos_FW
0xfface094,GetVcmSrBPosition_FW
0xff944278,GetVcmSrCAdValue_FW
0xff94411c,GetVcmSrCGain_FW
0xff944240,GetVcmSrCNegPeak_FW
0xff9440d8,GetVcmSrCOffset_FW
0xff944050,GetVcmSrCompPos_FW
0xff944224,GetVcmSrCPosPeak_FW
0xfface01c,GetVcmSrDAC_FW
0xfface2e0,GetVcmSrDigGain_FW
0xfface2c0,GetVcmSrDigOffset_FW
0xff944144,GetVcmSrHGain_FW
0xff944294,GetVcmSrPositionOffset_FW
0xff944160,GetVcmSrRefV_FW
0xff94425c,GetVcmSrSAdValue_FW
0xff9440f4,GetVcmSrSGain_FW
0xfface320,GetVcmSrSignalNegPeak_FW
0xfface318,GetVcmSrSignalPosPeak_FW
0xff944208,GetVcmSrSNegPeak_FW
0xff9440bc,GetVcmSrSOffset_FW
0xff9441ec,GetVcmSrSPosPeak_FW
0xff943c94,GetVcmTargetPosition_FW
0xff944528,GetVcmTravelTime_FW
0xff943f10,GetVcmVdPosition_FW
0xffad1038,GetVideoOutType_FW
0xff83ccb4,GetVRAMHPixelsSize
0xff83ccb4,GetVRAMHPixelsSize_FW
0xff83ccc0,GetVRAMVPixelsSize
0xff83ccc0,GetVRAMVPixelsSize_FW
0xffad26b4,GetYear_FW
0xff93f4f4,GetZoomActuatorCurrentICPosition_FW
0xff93f508,GetZoomActuatorCurrentPosition_FW
0xffacd124,GetZoomDefaultCommonDriveParam_FW
0xffacd070,GetZoomDefaultDriveParam_FW
0xffacd564,GetZoomDriveLog_FW
0xffacd4e0,GetZoomDriveLogRange_FW
0xff94159c,GetZoomDrivingTime_FW
0xffacd23c,GetZoomEncPhaseDifMinAngle_FW
0xffacd270,GetZoomEncPhaseDifMinDuty_FW
0xffa5c5fc,GetZoomEncPhaseDifMinTime_FW
0xffa5c600,GetZoomEncPhaseHighTime_FW
0xffa5c5f8,GetZoomEncPhasePeriodTime_FW
0xff9411d0,GetZoomLensCurrentPoint
0xff9411d0,GetZoomLensCurrentPoint_FW
0xffa5b350,GetZoomLensCurrentPosition
0xff9408fc,GetZoomLensCurrentPosition_FW
0xffa5c5f4,GetZoomLensEncDuty_FW
0xffa5c5f0,GetZoomLensEncPhase_FW
0xff941594,GetZoomLensMechaEdgePosition_FW
0xff9410c4,GetZoomLensTelePoint_FW
0xffacd0e8,GetZoomNormalDriveParam_FW
0xff93c8f8,GetZoomPiSensorLevel_FW
0xffacd0ac,GetZoomResetDriveParam_FW
0xffa5c41c,GetZoomResetSensorLevel_FW
0xff9410c4,GetZoomTelePoint_FW
0xff8279e8,GiveSemaphore
0xff8279e8,GiveSemaphore_FW
0xffaeb458,GotoPi_FW
0xff8812ac,HardwareDefect_FW
0xff88125c,HardwareDefectWithRestart_FW
0xffad3cc8,HitISLensAgainstBottomEdge_FW
0xffad3cb4,HitISLensAgainstLeftEdge_FW
0xffad3ca0,HitISLensAgainstRightEdge_FW
0xffad3cdc,HitISLensAgainstTopEdge_FW
0xffad3fd8,HitISMechaEdgeInOpenControl_FW
0xff90daac,InactivateAdjLog_FW
0xff940244,InactivateUsmCPU_FW
0xff94a120,InitializeAdjustmentFunction_FW
0xff94a0b0,InitializeAdjustmentSystem_FW
0xff854b18,Initializedccd_FW
0xff854b18,InitializeDigicon_FW
0xffad4394,InitializeMechaDevice_FW
0xffa30d14,InitializeSoundRec_FW
0xff854740,InitializeTestRec_FW
0xffacb444,IsAdjCdsMode_FW
0xffa65244,ISAutoCenter_FW
0xffa65280,ISChangeOPENtoCLOSE_FW
0xff880c60,IsControlEventActive_FW
0xffa65678,ISControlStart_FW
0xffa65688,ISControlStop_FW
0xff84f5d8,IsDUIDFixFlag_FW
0xffad1118,IsEVFDrive_FW
0xffad1448,IsEvfDriveMode_FW
0xffad04c0,IsExStrobeChargeComp_FW
0xff84f5a8,IsFactoryMode_FW
0xff93a710,IsFocusLensOutSidePosition_FW
0xff86179c,ISInitMotion_FW
0xff85fb1c,IsLensOutside_FW
0xff90dad8,IsLogOutType_FW
0xffa657a4,ISMDStart_FW
0xffa657b4,ISMDStop_FW
0xffa6526c,ISMoveToMechaEdgeOPEN_FW
0xffa65698,ISPanModeStart_FW
0xffa656a8,ISPanModeStop_FW
0xff8b6aa0,IsStrobeChargeCompleted
0xff9413cc,IsZoomLensOutSidePosition_FW
0xffa63aa0,j_AdjustZoomEncoderPi_FW
0xff9483e4,j_BeepDrive_FW
0xffad41d0,j_CancelLoopGainCalc_FW
0xffad3fe8,j_ChangeToISCloseControl_FW
0xffad3fb8,j_ClearISCalcZData_FW
0xffaccd18,j_ClearZoomDriveParam_FW
0xffa0cca4,j_E2LatOn_FW
0xffa094b4,j_EF.IsChargeFull_FW
0xff94872c,j_exec_FW
0xff8241bc,j_ExMem.AllocCacheable_FW
0xff8241b4,j_ExMem.AllocUncacheable_FW
0xff8241c0,j_ExMem.FreeCacheable_FW
0xff8241b8,j_ExMem.FreeUncacheable_FW
0xff8241b0,j_ExMem.View_FW
0xff9483e0,j_GetAdChValue_FW
0xff9483dc,j_GetAdVBattBottom_FW
0xffaca398,j_GetAEIntegWinData_FW
0xff948460,j_GetBatteryCoverClose_FW
0xff84e788,j_GetBatteryTemperature_FW
0xff84e784,j_GetCCDTemperature_FW
0xffacb2b4,j_GetCdsPreGain_FW
0xffacb30c,j_GetCdsPreGainReg_FW
0xffacb704,j_GetCurrentAvValue_FW
0xffad27ec,j_GetCurrentCcdTemp_FW
0xffacb4a4,j_GetCurrentExposureTime_FW
0xffacd710,j_GetCurrentFocusLensPosition_FW
0xffacd710,j_GetCurrentFocusPosition_FW
0xffacb7d0,j_GetCurrentIrisPosition_FW
0xffad27f0,j_GetCurrentOptTemp_FW
0xffacb4ac,j_GetCurrentShutterSpeed_FW
0xffacd6d4,j_GetCurrentTargetDistance_FW
0xffaccb90,j_GetCurrentZoomLensPoint_FW
0xffaccb8c,j_GetCurrentZoomLensPosition_FW
0xffaccb90,j_GetCurrentZoomPoint_FW
0xffaccb8c,j_GetCurrentZoomPosition_FW
0xff94845c,j_GetDialEventId_FW
0xffacd6cc,j_GetFocusDefaultResetPosition_FW
0xffa63070,j_GetFocusLensCurrentPosition_FW
0xffa63138,j_GetFocusLensPullInMaxSpeed_FW
0xffa6356c,j_GetFocusPiSensorLevel_FW
0xffacd6d0,j_GetFocusResetPosition_FW
0xffa6350c,j_GetFocusStartZoomPosition_FW
0xffa654a0,j_GetGyro10BitDACPitch_FW
0xffa654a4,j_GetGyro10BitDACYaw_FW
0xffa65470,j_GetGyroDataPitch_FW
0xffa65474,j_GetGyroDataYaw_FW
0xffa654d0,j_GetGyroHPFINOffsetPitch_FW
0xffa654d4,j_GetGyroHPFINOffsetYaw_FW
0xffa654d8,j_GetGyroHPFINPitch_FW
0xffa654dc,j_GetGyroHPFINYaw_FW
0xffa63350,j_GetIrisAv_FW
0xffa63354,j_GetIrisCurrentPosition_FW
0xffad410c,j_GetISGyro10BitDACPitch_FW
0xffad4114,j_GetISGyro10BitDACYaw_FW
0xffad40ec,j_GetISGyroDataPitch_FW
0xffad40f4,j_GetISGyroDataYaw_FW
0xffad411c,j_GetISGyroHPFINOffsetPitch_FW
0xffad4124,j_GetISGyroHPFINOffsetYaw_FW
0xffad40fc,j_GetISGyroHPFINPitch_FW
0xffad4104,j_GetISGyroHPFINYaw_FW
0xffad3da4,j_GetISGyroPitchGain_FW
0xffad3da0,j_GetISGyroYawGain_FW
0xffad3d5c,j_GetISHallDevicePitchGain_FW
0xffad3d64,j_GetISHallDevicePitchOffset_FW
0xffad3d58,j_GetISHallDeviceYawGain_FW
0xffad3d60,j_GetISHallDeviceYawOffset_FW
0xffad3f50,j_GetISLensDampAaxis_FW
0xffad3f54,j_GetISLensDampBaxis_FW
0xffad3e20,j_GetISPitchPWM_FW
0xffad3f20,j_GetISShiftLensPitchPosition_FW
0xffad3f24,j_GetISShiftLensYawPosition_FW
0xffad3e1c,j_GetISYawPWM_FW
0xffa63508,j_GetLensErrorStatus_FW
0xffa635cc,j_GetMechaDeviceComparatorHysteresis_FW
0xffa635b4,j_GetMechaDeviceComparatorThreshold_FW
0xffa63788,j_GetMechaShutterStatus_FW
0xffad1f3c,j_GetMovieJpegVRAMHPixelsSize_FW
0xffad1f40,j_GetMovieJpegVRAMVPixelsSize_FW
0xff84e780,j_GetOpticalTemperature_FW
0xff948444,j_GetSDDetect_FW
0xff948448,j_GetSDProtect_FW
0xff948430,j_GetSwitchStatus_FW
0xff94057c,j_GetUsmEncDuty_FW
0xff940578,j_GetUsmEncPhase_FW
0xff9403d8,j_GetUsmTargetFreq_FW
0xffad2f54,j_GetVBatVoltage_FW
0xffaeb100,j_GetVcmAlarm_FW
0xffaeb070,j_GetVcmCurrentPosition_FW
0xffaeb35c,j_GetVcmDGain_FW
0xffaeb358,j_GetVcmIGain_FW
0xffaeb540,j_GetVcmLogData_FW
0xffaeb544,j_GetVcmLogSampleTime_FW
0xffaeb548,j_GetVcmLogTrigger_FW
0xffaeb2ec,j_GetVcmOpenDriveDuty_FW
0xffaeb354,j_GetVcmPGain_FW
0xffaeb3b0,j_GetVcmPiAdValue_FW
0xffaeb0d4,j_GetVcmPiPosition_FW
0xffaeb0d8,j_GetVcmPiStatus_FW
0xffaeb130,j_GetVcmSrAPos_FW
0xffaeb180,j_GetVcmSrBPos_FW
0xffaeb27c,j_GetVcmSrCAdValue_FW
0xffaeb1f8,j_GetVcmSrCGain_FW
0xffaeb274,j_GetVcmSrCNegPeak_FW
0xffaeb1b4,j_GetVcmSrCOffset_FW
0xffaeb184,j_GetVcmSrCompPos_FW
0xffaeb270,j_GetVcmSrCPosPeak_FW
0xffaeb1fc,j_GetVcmSrHGain_FW
0xffaeb280,j_GetVcmSrPositionOffset_FW
0xffaeb214,j_GetVcmSrRefV_FW
0xffaeb278,j_GetVcmSrSAdValue_FW
0xffaeb1f4,j_GetVcmSrSGain_FW
0xffaeb26c,j_GetVcmSrSNegPeak_FW
0xffaeb1b0,j_GetVcmSrSOffset_FW
0xffaeb268,j_GetVcmSrSPosPeak_FW
0xffaeb058,j_GetVcmTargetPosition_FW
0xffaeb3f0,j_GetVcmTravelTime_FW
0xffaeb104,j_GetVcmVdPosition_FW
0xffad1680,j_GetVRAMHPixelsSize_FW
0xffad1684,j_GetVRAMVPixelsSize_FW
0xffa5ac38,j_GetZoomActuatorCurrentICPosition_FW
0xffa5ac34,j_GetZoomActuatorCurrentPosition_FW
0xffacccb4,j_GetZoomDrivingTime_FW
0xffacd2a8,j_GetZoomEncPhaseDifMinTime_FW
0xffacd2ac,j_GetZoomEncPhaseHighTime_FW
0xffacd2a4,j_GetZoomEncPhasePeriodTime_FW
0xffa63a50,j_GetZoomLensCurrentPoint_FW
0xffa63a54,j_GetZoomLensCurrentPosition_FW
0xffa63aa8,j_GetZoomLensEncDuty_FW
0xffa63aa4,j_GetZoomLensEncPhase_FW
0xffa63a5c,j_GetZoomLensMechaEdgePosition_FW
0xffa63a58,j_GetZoomLensTelePoint_FW
0xffa63590,j_GetZoomPiSensorLevel_FW
0xffaccc74,j_GetZoomResetSensorLevel_FW
0xffaccc70,j_GetZoomTelePoint_FW
0xffacdcb4,j_IsFocusLensOutSidePosition_FW
0xffa63504,j_IsLensOutside_FW
0xffacceb0,j_IsZoomLensOutSidePosition_FW
0xff9483ec,j_LEDDrive_FW
0xffa0fbd0,j_LiveImageTool.GetDzoomPosition_FW
0xff823c6c,j_Lseek_FW
0xff9486a0,j_MemoryChecker_FW
0xff94869c,j_MonSelEvent_FW
0xffad3f1c,j_MoveISLensToCentralPosition_FW
0xff8241ac,j_NewTaskShell_FW
0xff948714,j_Peek16_FW
0xff948710,j_Peek32_FW
0xff948718,j_Peek8_FW
0xff948698,j_Printf_FW
0xff8814d0,j_PTM_AllReset_FW
0xff88192c,j_PTM_BackupUIProperty_FW
0xff88187c,j_PTM_GetWorkingCaptureMode_FW
0xff881910,j_PTM_IsEnableItem_FW
0xff8818fc,j_PTM_NextItem_FW
0xff881900,j_PTM_PrevItem_FW
0xff881884,j_PTM_SetCurrentItem_FW
0xff881914,j_PTM_SetProprietyEnable_FW
0xff824144,j_PutsCameraLogEvent_FW
0xff823b0c,j_Read_FW
0xffacb208,j_ReloadCdsAdjustment_FW
0xffad0630,j_ReloadColorAdjustment_FW
0xffad04d0,j_ReloadEfAdjustment_FW
0xffacb9d4,j_ReloadNdFilterAdjustment_FW
0xffacc778,j_ReloadWBAdjustment_FW
0xff9486b8,j_SDump_FW
0xffad3f18,j_SearchBCentralPosition_FW
0xffad3f18,j_SearchISLensCentralPosition_FW
0xffacdcec,j_SetFocusResetState_FW
0xffaccebc,j_SetZoomResetState_FW
0xff824138,j_ShowCameraLog_FW
0xff82413c,j_ShowCameraLogInfo_FW
0xffad3d54,j_StartBDrive_FW
0xffad3f10,j_StartBPanDrive_FW
0xff824134,j_StartCameraLog_FW
0xffad3f08,j_StartISAdjustmentDrive_FW
0xffad3d54,j_StartISDrive_FW
0xffa65268,j_StartISLocalAutoCenter_FW
0xffa65264,j_StartISLocalHallAdjust_FW
0xffad3f10,j_StartISPanDrive_FW
0xffad3d50,j_StopBDrive_FW
0xffad3f14,j_StopBPanDrive_FW
0xff824140,j_StopCameraLog_FW
0xffad1688,j_StopContinuousVRAMData_FW
0xffad3f0c,j_StopISAdjustmentDrive_FW
0xffad3d50,j_StopISDrive_FW
0xffad3f14,j_StopISPanDrive_FW
0xffacceb8,j_StopZoomEmergency_FW
0xff81cb3c,j_strcmp_FW
0xff949490,j_UIFS_Capture_FW
0xff949494,j_UIFS_CaptureNoneStop_FW
0xff9494c8,j_UIFS_DeleteAllSound_FW
0xff9493cc,j_UIFS_MoveZoomTo_FW
0xff949498,j_UIFS_StartMovieRecord_FW
0xff9494c0,j_UIFS_StartRecordSound_FW
0xff94949c,j_UIFS_StopMovieRecord_FW
0xff9494c4,j_UIFS_StopRecordSound_FW
0xff9494d0,j_UIFS_WriteFirmInfoToFile_FW
0xff9483e8,j_VbattGet_FW
0xff9486a4,j_VerifyByte_FW
0xff821c10,kbd_p1_f
0xff821c1c,kbd_p1_f_cont
0xff821428,kbd_p2_f
0xff821b14,kbd_read_keys
0xff84af6c,kbd_read_keys_r2
0xff8f43c4,LcdCon_GetCvfAdjParameter_FW
0xff8f4980,LcdCon_GetCvfBackLightParameter_FW
0xff8f464c,LcdCon_GetCvfParameter_FW
0xff8f41b0,LcdCon_GetLcdAdjParameter_FW
0xff8f4858,LcdCon_GetLcdBackLightParameter_FW
0xff8f4508,LcdCon_GetLcdParameter_FW
0xff8f444c,LcdCon_SaveCvfAdjParameter_FW
0xff8f4ae0,LcdCon_SaveCvfBackLightParameter_FW
0xff8f46d4,LcdCon_SaveCvfParameter_FW
0xff8f4238,LcdCon_SaveLcdAdjParameter_FW
0xff8f48dc,LcdCon_SaveLcdBackLightParameter_FW
0xff8f4590,LcdCon_SaveLcdParameter_FW
0xff8f4254,LcdCon_SetCvfAdjParameter_FW
0xff8f48f8,LcdCon_SetCvfBackLightBrightness_FW
0xff8f4928,LcdCon_SetCvfBackLightParameter_FW
0xff8f45ac,LcdCon_SetCvfParameter_FW
0xff8f4110,LcdCon_SetLcdAdjParameter_FW
0xff8f47d0,LcdCon_SetLcdBackLightBrightness_FW
0xff8f4800,LcdCon_SetLcdBackLightParameter_FW
0xff8f40bc,LcdCon_SetLcdDriver_FW
0xff8f4468,LcdCon_SetLcdParameter_FW
0xff8476c4,LcdCon_SetLcdType_FW
0xff8f440c,LcdCon_ShowCvfAdjParameter_FW
0xff8f4aa0,LcdCon_ShowCvfBackLightParameter_FW
0xff8f4694,LcdCon_ShowCvfParameter_FW
0xff8f41f8,LcdCon_ShowLcdAdjParameter_FW
0xff8f489c,LcdCon_ShowLcdBackLightParameter_FW
0xff8f4550,LcdCon_ShowLcdParameter_FW
0xffaa5c68,LCDMsg_ChangeColor_FW
0xffaa5a90,LCDMsg_Create_FW
0xffaa579c,LCDMsg_Delete_FW
0xffaa575c,LCDMsg_Move_FW
0xffaa5b90,LCDMsg_SetNum_FW
0xffaa5ba0,LCDMsg_SetStr_FW
0xffaa5b40,LCDMsg_SwDisp_FW
0xff84ab48,LEDDrive
0xff84ab48,LEDDrive_FW
0xffa0fb60,LiveImageTool.ChangeDzoom_FW
0xffa0faf0,LiveImageTool.DzoomTele_FW
0xffa0fb10,LiveImageTool.DzoomWide_FW
0xff83cb80,LiveImageTool.GetDzoomPosition_FW
0xffa0fbd4,LiveImageTool.Jump_FW
0xffa0fb40,LiveImageTool.Pause_FW
0xffa0fb50,LiveImageTool.Resume_FW
0xffa0f4a0,LiveImageTool.StartEVF_FW
0xffa0f51c,LiveImageTool.StartEVFFocusJet_FW
0xffa0f598,LiveImageTool.StartEVFMF_FW
0xffa0f9f8,LiveImageTool.StartEVFMovHD_FW
0xffa0f884,LiveImageTool.StartEVFMovQQVGA_FW
0xffa0f70c,LiveImageTool.StartEVFMovQVGA60_FW
0xffa0f7c8,LiveImageTool.StartEVFMovQVGA_FW
0xffa0f62c,LiveImageTool.StartEVFMovVGA_FW
0xffa0f940,LiveImageTool.StartEVFMovXGA_FW
0xffa0fac0,LiveImageTool.StartMjpegMaking_FW
0xffa0fb30,LiveImageTool.StopDzoom_FW
0xffa0fab0,LiveImageTool.StopEVF_FW
0xffa0fae0,LiveImageTool.StopMjpegMaking_FW
0xff8506d0,LoadAdjustmentTable_FW
0xff850aec,LoadAdjustmentValue_FW
0xff90d044,LoadDataFromAdjTableBin_FW
0xffad2d30,LoadFactoryNumber_FW
0xff90cf40,LoadParamDataFromAdjTableBin_FW
0xff872a14,LoadScript_FW
0xffad2e60,LoadSerialNumber_FW
0xff87322c,LocalTime
0xff881010,LockMainPower
0xff881010,LockMainPower_FW
0xff876a68,LogCameraEvent
0xff823ba4,Lseek
0xff823ba4,lseek
0xff823ba4,Lseek_FW
0xffa68354,MakeBootDisk_FW
0xff823384,MakeDirectory_Fut
0xffa68368,MakeScriptDisk_FW
0xff8139a8,malloc
0xfface350,MeasureVcmDriveTimeWithPosition_FW
0xff94820c,Mecha.Create_FW
0xff948264,MechaReset_FW
0xff948270,MechaTerminate_FW
0xff9481cc,MechaUnRegisterEventProcedure_FW
0xff81cba4,memcmp
0xff81cba4,memcmp_FW
0xff89bb28,memcpy
0xff89bb28,memcpy_FW
0xffa67370,MemoryChecker_FW
0xff9df500,memset
0xff9df500,memset_FW
0xff810bc4,memShow_FW
0xff823e08,mkdir
0xff89c394,mktime_ext
0xffa67d00,MonSelEvent_FW
0xff87e7d8,MoveControllerToTopOfZOrder_FW
0xff93937c,MoveCzPeakPositon_FW
0xffa6264c,MoveCZToPoint_FW
0xffa626e4,MoveCZToPointByOVF_FW
0xffa626b4,MoveCZToTele_FW
0xffa62684,MoveCZToWide_FW
0xffa62be0,MoveFocusActuator_FW
0xffacda58,MoveFocusDistance_FW
0xffacda58,MoveFocusLensToDistance
0xffacda58,MoveFocusLensToDistance_FW
0xffacd940,MoveFocusLensToPosition_FW
0xffacd824,MoveFocusLensToPositionWithMaxSpeed_FW
0xffacd868,MoveFocusLensToPositionWithSpeed_FW
0xffa62868,MoveFocusLensToTerminate_FW
0xffacd740,MoveFocusLensToTerminatePosition_FW
0xffa628c4,MoveFocusLensWithDistance_FW
0xffa629c8,MoveFocusLensWithPosition_FW
0xffa62ad4,MoveFocusLensWithPositionWithoutBacklash_FW
0xffacd990,MoveFocusPosition_FW
0xffacd740,MoveFocusToTerminate_FW
0xffacb808,MoveIrisFullClose_FW
0xffacb7d4,MoveIrisFullOpen_FW
0xffacb8a4,MoveIrisMechaPositionWithBacklash_FW
0xffacb8e0,MoveIrisMechaPositionWithoutBacklash_FW
0xffacb680,MoveIrisToAv_FW
0xffacb91c,MoveIrisToAvWithoutBacklash_FW
0xffa63328,MoveIrisToFullClose_FW
0xffa63300,MoveIrisToFullOpen_FW
0xffa632ac,MoveIrisToPositionWithBacklash_FW
0xffa63384,MoveIrisToPositionWithoutBacklash_FW
0xffa63224,MoveIrisToStandbyPosition_FW
0xffa632d8,MoveIrisToTerminatePosition_FW
0xffa6324c,MoveIrisWithAv
0xffa6324c,MoveIrisWithAv_FW
0xffa63278,MoveIrisWithAvAndSpeed_FW
0xffa633b0,MoveIrisWithAvAndSpeedWithoutBacklash_FW
0xffa63358,MoveIrisWithAvWithoutBacklash_FW
0xffacb870,MoveIrisWithTerminatePosition_FW
0xffad3d28,MoveISLensToBottomLimitPosition_FW
0xff861da8,MoveISLensToCentralPosition_FW
0xffad3d14,MoveISLensToLeftLimitPosition_FW
0xffad3d00,MoveISLensToRightLimitPosition_FW
0xffad3d3c,MoveISLensToTopLimitPosition_FW
0xffa63484,MoveLensToFirstPoint_FW
0xffa634cc,MoveLensToTerminatePoint_FW
0xff940278,MoveUsm_FW
0xff9402ec,MoveUsmWithFreq_FW
0xffaeb074,MoveVcm_FW
0xffaeb084,MoveVcmWithTrigger_FW
0xffa5abf0,MoveZoomActuator_FW
0xffaccfa4,MoveZoomLensToPoint_FW
0xffaccf68,MoveZoomLensToPosition_FW
0xffa639fc,MoveZoomLensToTerminatePosition_FW
0xffa63974,MoveZoomLensWithPoint
0xffa63974,MoveZoomLensWithPoint_FW
0xffa639b8,MoveZoomLensWithPosition_FW
0xffaccfa4,MoveZoomPoint_FW
0xffaccf68,MoveZoomPosition_FW
0xff879220,NewTaskShell
0xff879280,NewTaskShell_FW
0xff94de7c,NR_GetDarkSubType
0xff94de7c,NR_GetDarkSubType_FW
0xff94deac,NR_GetDefectCorrectType_FW
0xff94ddd0,NR_SetDarkSubType
0xff94ddd0,NR_SetDarkSubType_FW
0xff94de50,NR_SetDefectCorrectType_FW
0xff94dedc,NR_SetLotasPonyType_FW
0xff948420,OffPrintPhySw_FW
0xffacc640,OneShotWhigeBalance_FW
0xffacc640,OneTypeWhiteBalance_FW
0xff948410,OnPrintPhySw_FW
0xff823a3c,Open
0xff8197b4,open
0xff823a3c,Open_FW
0xff81bc1c,OpenConsole_FW
0xffa49130,OpenFastDir
0xffacbae0,OpenMShutter_FW
0xff824148,OpLog.Create_FW
0xff877a08,OpLog.Get_FW
0xff877a28,OpLog.Play_FW
0xff877170,OpLog.ReadFromROM_FW
0xff877210,OpLog.ReadFromSD_FW
0xff877048,OpLog.Show_FW
0xff877ba8,OpLog.Start_FW
0xff8770e8,OpLog.Stop_FW
0xff877114,OpLog.WriteToROM_FW
0xff8775dc,OpLog.WriteToSD_FW
0xff90d658,OutputLogToFile_FW
0xff884078,PB2Rec
0xffa67c48,Peek16_FW
0xffa67c40,Peek32_FW
0xffa67c50,Peek8_FW
0xff9ff2f8,PointDefDetect_FW
0xff9ff488,PointKizuCheck_FW
0xff9486f0,Poke16_FW
0xff9486e0,Poke32_FW
0xff948700,Poke8_FW
0xff87ee00,PostEventShootSeqToUI_FW
0xff87ed3c,PostLogicalEventForNotPowerType
0xff87ed3c,PostLogicalEventForNotPowerType_FW
0xff87ed88,PostLogicalEventToUI
0xff87ed88,PostLogicalEventToUI_FW
0xff827648,PostMessageQueue
0xff827e50,PostMessageQueueStrictly
0xffad0bc0,PreFixAE_FW
0xff850e1c,PrintAdjKabotanInfo_FW
0xff850b10,PrintAdjTableMap_FW
0xffac981c,PrintAllAEIntegData_FW
0xff872a08,Printf_FW
0xff90d3c8,PrintFaexeVersioin_FW
0xff90d394,PrintFirmVersion_FW
0xffacffb4,PrintMultiWinScanTable_FW
0xffacff20,PrintScanTable_FW
0xff866150,PT_ChangeZoomSpeed_FW
0xff865ee8,PT_CompleteCaptModeChange_FW
0xff865ef8,PT_CompleteCharge_FW
0xff865f00,PT_CompleteFileWrite_FW
0xff865eb0,PT_CompletePreCapt_FW
0xff865ed0,PT_CompleteStopDigZoom_FW
0xff865ec8,PT_CompleteStopZoom_FW
0xff865ed8,PT_CompleteStoreLens_FW
0xff865ef0,PT_CompleteSynchroWrite_FW
0xff866184,PT_DoAELock_FW
0xff866164,PT_DoAFLock_FW
0xff865f08,PT_EraseAllFile_FW
0xff866010,PT_GetLocalDateAndTimeString_FW
0xff865f98,PT_GetPropertyCaseInt_FW
0xff865f58,PT_GetSystemTime_FW
0xff866070,PT_LCD_BkColorDef_FW
0xff8661b4,PT_MFOff_FW
0xff8661a4,PT_MFOn_FW
0xff865f30,PT_mod_FW
0xff86613c,PT_MoveDigitalZoomAt_FW
0xff86611c,PT_MoveDigitalZoomToTele_FW
0xff86612c,PT_MoveDigitalZoomToWide
0xff86612c,PT_MoveDigitalZoomToWide_FW
0xff866104,PT_MoveOpticalZoomAt
0xff866104,PT_MoveOpticalZoomAt_FW
0xff8660dc,PT_MoveOpticalZoomToTele_FW
0xff8660f0,PT_MoveOpticalZoomToWide_FW
0xff865ee0,PT_MovieRecordStopped_FW
0xff865ec0,PT_NextShootAvailable_FW
0xff865a7c,PT_PlaySound
0xff866054,PT_PlaySound_FW
0xff865eb8,PT_RecreviewAvailable_FW
0xff865f6c,PT_SetPropertyCaseInt_FW
0xff866194,PT_UnlockAE_FW
0xff866174,PT_UnlockAF_FW
0xff9743d4,PTM_AllReset_FW
0xff8814c0,PTM_AllResetToFactorySetting_FW
0xff9753b0,PTM_BackupUIProperty_FW
0xff881890,PTM_GetCurrentItem_FW
0xff97486c,PTM_GetWorkingCaptureMode_FW
0xff9752e4,PTM_IsEnableItem_FW
0xff974c58,PTM_NextItem_FW
0xff974c60,PTM_PrevItem_FW
0xff881934,PTM_RestoreUIProperty_FW
0xff8817c8,PTM_SetCurrentCaptureMode_FW
0xff974884,PTM_SetCurrentItem_FW
0xff975008,PTM_SetProprietyEnable_FW
0xffa637f8,PutInNdFilter
0xffacb9ec,PutInNdFilter_FW
0xffa6381c,PutOutNdFilter
0xffacba24,PutOutNdFilter_FW
0xff876744,PutsCameraLogEvent_FW
0xffab8288,qsort
0xffa0cb10,QuietImager_FW
0xff81ccac,rand
0xff819a4c,Read
0xff819a4c,read
0xff819a4c,Read_FW
0xffa491c4,ReadFastDir
0xff813b5c,realloc
0xffa50bc4,reboot_fw_update
0xff882a00,Rec2PB
0xffa63608,ReceiveMechaCircuitDataAll_FW
0xff8274fc,ReceiveMessageQueue
0xff827e24,ReceiveMessageQueueStrictly
0xff850d1c,RefreshAdjustmentTableMirror_FW
0xff9df0e0,RefreshPhysicalScreen
0xffad06ec,RegistColorMatrix_FW
0xff875964,RegisterEventProcedure
0xff81ae8c,RegisterInterruptHandler
0xff965498,RegisterLanguageName_FW
0xff871854,ReleaseRecursiveLock
0xff8cbee4,ReloadCdsAdjustment_FW
0xff8d55d4,ReloadColorAdjustment_FW
0xffad39f0,ReloadDefectAdjustmentData_FW
0xffa04560,ReloadEfAdjustment_FW
0xffacd6bc,ReloadFocusLensAdjustment_FW
0xffacb6cc,ReloadIrisAdjustment_FW
0xff93d208,ReloadNdFilterAdjustment_FW
0xffad39d0,ReloadShadingAdjustmentData_FW
0xff9fed8c,ReloadWBAdjustment_FW
0xffaccbb0,ReloadZoomAdjustment_FW
0xffa30b40,RemoveTransparentMemory_FW
0xff8232bc,RenameFile_Fut
0xffacdac0,ResetFocus_FW
0xffa62790,ResetFocusLens
0xffa62790,ResetFocusLens_FW
0xffa631c8,ResetIris_FW
0xffa56444,ResetIrisActuator_FW
0xffacb83c,ResetIrisPosition_FW
0xffaccecc,ResetZoom_FW
0xffa638c8,ResetZoomLens
0xffa638c8,ResetZoomLens_FW
0xffa638f4,ResetZoomLensToFirst_FW
0xffa63934,ResetZoomLensToTermiante_FW
0xffaccfe0,ResetZoomToAdjFirstPoint_FW
0xffacd024,ResetZoomToAdjTerminatePoint_FW
0xffaccf00,ResetZoomToFirst_FW
0xffaccf00,ResetZoomToFirstPoint_FW
0xffaccf34,ResetZoomToTerminate_FW
0xffaccf34,ResetZoomToTerminatePoint_FW
0xff829848,Restart
0xff8788c8,RomCheckSum_FW
0xff81b8d4,RotateConsoleZOder_FW
0xff850a80,SaveAdjustmentTable_FW
0xff850ab4,SaveAdjustmentValue_FW
0xffad230c,SaveBatSenseOffsetAdjustmentTable_FW
0xffad27f4,SaveBmpVRAMData_FW
0xffad2f58,SaveFactoryReserveData_FW
0xffad2b94,SaveFromImage_FW
0xff965494,SaveLanguageNameList_FW
0xffad29c4,SavePaletteData
0xffad29c4,SavePaletteData_FW
0xffa679f8,SDump_FW
0xff861d64,SearchBCentralPosition_FW
0xff861d64,SearchISLensCentralPosition_FW
0xffacef08,SelectAdjBPFilter_FW
0xffa65738,SelectPositionSignal_FW
0xffa635e4,SendMechaCircuitData_FW
0xff88092c,set_control_event
0xffad0b38,SetAdj_AEMode_FW
0xffacab74,SetAdjAEIntegSmearLimitter_FW
0xffacef28,SetAdjAFWinPos_FW
0xffacb348,SetAdjCdsMode_FW
0xffad0a24,SetAE_CdsGainValue_FW
0xffad08e8,SetAE_ShutterSpeed
0xffad08e8,SetAE_ShutterSpeed_FW
0xffacab6c,SetAEIntegAverageOBData_FW
0xffaca16c,SetAEIntegralValueProperty_FW
0xffaca108,SetAEIntegStrobeProperty_FW
0xffaca844,SetAEIntegValueBit_FW
0xffaca7f0,SetAEIntegWindowsMode_FW
0xff881084,SetAutoShutdownTime
0xff881084,SetAutoShutdownTime_FW
0xffacef68,SetBPFilterForBP_FW
0xffacb258,SetCDSGain_FW
0xffacb330,SetCDSGainStep_FW
0xffacb258,SetCdsGainValue_FW
0xffacb284,SetCdsPreGain_FW
0xffacb2dc,SetCdsPreGainReg_FW
0xff888754,SetCurrentCaptureModeType
0xff888754,SetCurrentCaptureModeType_FW
0xffad2324,SetDate_FW
0xffad2520,SetDay_FW
0xffacab84,SetDefaultAEIntegSmearLimitter_FW
0xff90f678,SetDefaultRecParameter_FW
0xff90fa34,SetDefectRecParameter_FW
0xffacb1c4,SetDeltaCDSGain_FW
0xff84f56c,SetDUIDFixFlag_FW
0xff855488,SetEscapeCrwBuffer_FW
0xff8714a4,SetEventFlag
0xffad04c8,SetExStrobeMode_FW
0xff84f494,SetFactoryMode_FW
0xffad2d20,SetFactorySerialNumber_FW
0xffa30648,SetFaexeEventTableActivation_FW
0xff823d90,SetFileAttributes
0xff823d40,SetFileTimeStamp
0xffa62d7c,SetFocusLensCondition_FW
0xffa62d68,SetFocusLensDefaultPullOutTable_FW
0xffa62f48,SetFocusLensMaxSpeedLimit_FW
0xffa627e0,SetFocusLensReseted_FW
0xffa62c94,SetFocusLensSpeed_FW
0xffa62cac,SetFocusLensSpeedTable_FW
0xffa55658,SetFocusResetState_FW
0xffa65478,SetGyro10BitDACPitch_FW
0xffa6548c,SetGyro10BitDACYaw_FW
0xffa654fc,SetGyroFilterChargeStart_FW
0xffa65510,SetGyroFilterChargeStop_FW
0xffa654a8,SetGyroHPFINOffsetPitch_FW
0xffa654bc,SetGyroHPFINOffsetYaw_FW
0xffad2588,SetHour_FW
0xff874ec4,SetHPTimerAfterNow
0xff874f44,SetHPTimerAfterTimeout
0xff94844c,SetIgnoreAVJACK_FW
0xffad231c,SetImageMode_FW
0xffad22f8,SetInputVoltage_FW
0xffad3f60,SetISCutOffFreqIndex_FW
0xffa65290,SetISDriveAaxis_FW
0xffa652a4,SetISDriveBaxis_FW
0xffad4084,SetISGyro10BitDACPitch_FW
0xffad40a0,SetISGyro10BitDACYaw_FW
0xffad4134,SetISGyroFilterCharge_FW
0xffa65308,SetISGyroGainAaxis_FW
0xffa6531c,SetISGyroGainBaxis_FW
0xffad40bc,SetISGyroHPFINOffsetPitch_FW
0xffad40d8,SetISGyroHPFINOffsetYaw_FW
0xffad3e90,SetISGyroPitchGain_FW
0xffad3ea4,SetISGyroPitchOffset_FW
0xffad3e7c,SetISGyroYawGain_FW
0xffad3ea0,SetISGyroYawOffset_FW
0xffad3ec0,SetISHallDevicePitchGain_FW
0xffad3ee8,SetISHallDevicePitchOffset_FW
0xffad3eac,SetISHallDeviceYawGain_FW
0xffad3ed4,SetISHallDeviceYawOffset_FW
0xffa652e0,SetISHallGainAaxis_FW
0xffa652f4,SetISHallGainBaxis_FW
0xffa652b8,SetISHallOffsetAaxis_FW
0xffa652cc,SetISHallOffsetBaxis_FW
0xffa6575c,SetISHPFCutoff_FW
0xffad3f60,SetISHPFCutOffFreqIndex_FW
0xffa657c4,SetISLPFAaxis_FW
0xffa657d8,SetISLPFBaxis_FW
0xffad3f70,SetISLPFCutOffFreqAaxis_FW
0xffad3f80,SetISLPFCutOffFreqBaxis_FW
0xffa656c8,SetISMovieStatus_FW
0xffad3e54,SetISPitchPWM_FW
0xffa656b8,SetISStillStatus_FW
0xffa654e0,SetISTuningFlag_FW
0xffad3e68,SetISYawPWM_FW
0xffad27b0,SetLangMenuType_FW
0xffacab34,SetLineDefMarkThroughMode_FW
0xff880cd0,SetLogicalEventActive
0xffad42c8,SetLoopGain_FW
0xffa65910,SetLoopGainAdjValue_FW
0xffad3f94,SetLPFForParallelFilter_FW
0xffa656ec,SetLPFParallelBest_FW
0xffa635d0,SetMechaDeviceComparatorHysteresis_FW
0xffa635b8,SetMechaDeviceComparatorThreshold_FW
0xffa63774,SetMechaShutterWaitTimeSetting_FW
0xffad25ec,SetMinute_FW
0xffad24c4,SetMonth_FW
0xffa63840,SetNdDacSetting_FW
0xffacb250,SetObClamp_FW
0xffacb250,SetObClampValue_FW
0xffacc5c0,SetOneShotWBParam_FW
0xffacc5c0,SetOneTypeWBParam_FW
0xff9753b0,SetParameterData
0xff879670,SetPropertyCase
0xff948400,SetRawSWCheckMode_FW
0xffacc6d4,SetReferenceWBGainForCalibration_FW
0xffacec2c,SetScanLensIndex_FW
0xffaced34,SetScanWindowMode_FW
0xff880d20,SetScriptMode
0xff880d20,SetScriptMode_FW
0xff9483b0,SetSDPwrPort_FW
0xffad2650,SetSecond_FW
0xff90fa18,SetSensitiveDefectRecParameter_FW
0xff90fa28,SetSensitiveRecParameter_FW
0xffacb528,SetShutterSpeed_FW
0xffacb4d8,SetShutterSpeedWithMecha_FW
0xff81aecc,SetSR
0xff8283b0,SetTimerAfter
0xff828430,SetTimerWhen
0xffacc700,SetToolCorrectCoefficient_FW
0xff9403a0,SetUsmCurrentPosition_FW
0xff94053c,SetUsmEncLedDuty_FW
0xff9403f0,SetUsmFreqRange_FW
0xff940490,SetUsmPulseWidth_FW
0xff940444,SetUsmSpeedRate_FW
0xff940460,SetUsmStopSpeed_FW
0xff94047c,SetUsmSweepEndMarginSpeed_FW
0xff94040c,SetUsmSweepFreq_FW
0xff9403dc,SetUsmTargetFreq_FW
0xff9403c4,SetUsmTargetSpeed_FW
0xffaeb340,SetVcmDGain_FW
0xffaeb32c,SetVcmIGain_FW
0xffaeb4fc,SetVcmLogData_FW
0xffaeb510,SetVcmLogSampleTime_FW
0xffaeb52c,SetVcmLogTrigger_FW
0xffaeb2d8,SetVcmOpenDriveDuty_FW
0xfface0ec,SetVcmOpenDriveMode_FW
0xffaeb304,SetVcmOpenDriveVoltageToInf_FW
0xffaeb2f0,SetVcmOpenDriveVoltageToNear_FW
0xffaeb318,SetVcmPGain_FW
0xffaeb360,SetVcmPiDefaultPosition_FW
0xffaeb388,SetVcmPiFallThresholdLevel_FW
0xffaeb39c,SetVcmPiOverrunPulse_FW
0xffaeb374,SetVcmPiRiseThresholdLevel_FW
0xffaeb2a4,SetVcmPwmFrequency_FW
0xffaeb108,SetVcmSrAPos_FW
0xfface338,SetVcmSrAPosition_FW
0xffaeb11c,SetVcmSrBPos_FW
0xfface340,SetVcmSrBPosition_FW
0xffaeb1cc,SetVcmSrCGain_FW
0xffaeb254,SetVcmSrCNegPeak_FW
0xffaeb19c,SetVcmSrCOffset_FW
0xffaeb240,SetVcmSrCPosPeak_FW
0xfface328,SetVcmSrDAC_FW
0xfface2c8,SetVcmSrDigGain_FW
0xfface1e0,SetVcmSrDigOffset_FW
0xffaeb1e0,SetVcmSrHGain_FW
0xffaeb200,SetVcmSrRefV_FW
0xffaeb1b8,SetVcmSrSGain_FW
0xfface300,SetVcmSrSignalNegPeak_FW
0xfface2e8,SetVcmSrSignalPosPeak_FW
0xffaeb22c,SetVcmSrSNegPeak_FW
0xffaeb188,SetVcmSrSOffset_FW
0xffaeb218,SetVcmSrSPosPeak_FW
0xffaeb044,SetVcmTargetPosition_FW
0xffaeb05c,SetVcmTargetSpeed_FW
0xffaeb3d4,SetVcmTravelTimeMeasurePosition_FW
0xffad1110,SetVideoOutType_FW
0xffacc694,SetWBYlStandardWidth_FW
0xffaca778,SetWhiteCoefficient_FW
0xffad2464,SetYear_FW
0xffacd134,SetZoomCommonDriveParam_FW
0xffacd080,SetZoomDriveParam_FW
0xffacd42c,SetZoomEncComparatorHysterisis_FW
0xffacd41c,SetZoomEncComparatorThreshold_FW
0xffacd570,SetZoomLensCounter_FW
0xffa63aac,SetZoomLensEncLedDuty_FW
0xffacd068,SetZoomLensEncoderPowerControl_FW
0xffaea9f0,SetZoomLensICDriveData_FW
0xffa63a3c,SetZoomLensSpeedMode_FW
0xffacd0f8,SetZoomNormalDriveParam_FW
0xffad3ef8,SetZoomPointToIS_FW
0xffa65664,SetZoomPosition_FW
0xffacd0bc,SetZoomResetDriveParam_FW
0xffa5c624,SetZoomResetState_FW
0xff948730,ShowAllTaskInfo_FW
0xff8767f4,ShowCameraLog_FW
0xff876788,ShowCameraLogInfo_FW
0xffad0890,ShowCurrentExp_FW
0xff850614,ShowDefaultAdjTableVersion_FW
0xffa62e74,ShowFocusLensCurrentSpeedTable_FW
0xff965468,ShowLanguageNameList_FW
0xff87ee5c,ShowLogicalEventName_FW
0xff94827c,ShowMechaMacro_FW
0xff9483f0,ShowPhySwStatus_FW
0xff948434,ShowSDStatus_FW
0xffa30a70,ShowTransparentMemory_FW
0xff87a3f4,ShutdownPlayModeMenu_FW
0xff87a4b4,ShutdownPlayModeMenuWithoutPbRedraw_FW
0xff87a320,ShutdownRecModeMenu_FW
0xffad0df0,SleepAE_FW
0xff827c50,SleepTask
0xff827c50,SleepTask_FW
0xff81caa4,sprintf_FW
0xff81cca0,srand
0xff8661c4,SS.Create_FW
0xff9df57c,sscanf_FW
0xffacf054,StartAdjAFService_FW
0xffacaaf8,StartAEIntegralService_FW
0xff861c98,StartBDrive_FW
0xff861ca8,StartBPanDrive_FW
0xff876844,StartCameraLog_FW
0xffad448c,StartCaptureDrive_FW
0xff9494a0,StartClockMode_FW
0xffacf8f0,StartCrwCustomScan_FW
0xffacf878,StartCustomScan_FW
0xff939374,StartCzTuning_FW
0xffa8c23c,StartDirectTransferManager_FW
0xffa8cfcc,StartDtConfirmMenu_FW
0xffaf1520,StartDtExecuteMenu_FW
0xffad13f8,StartEVFDrive_FW
0xffad13b4,StartEVFDriveWithMode_FW
0xff84f618,StartFactoryModeController_FW
0xff89b6b0,StartGUISystem_FW
0xffa65960,StartImStEventProc_FW
0xff861c98,StartISAdjustmentDrive_FW
0xff861c98,StartISDrive_FW
0xffa65254,StartISLocalAdjust_FW
0xff861cb8,StartISLocalAutoCenter_FW
0xff861cf8,StartISLocalHallAdjust_FW
0xff861ca8,StartISPanDrive_FW
0xff90dac0,StartLogOut_FW
0xffa657f4,StartLoopGainCalc_FW
0xff87a204,StartPlayModeMenu_FW
0xff87a288,StartRecModeMenu
0xff87a288,StartRecModeMenu_FW
0xff81c478,StartRedirectUART_FW
0xffa30ccc,StartSoundPlay_FW
0xffa30c94,StartSoundRecord_FW
0xffa6cee0,StartTransferOrderMenu_FW
0xffaeaf50,StartVcmClk_FW
0xffaeb034,StartVcmControl_FW
0xff878460,StartWDT_FW
0xff823c70,stat
0xffacf44c,StopAdjAFInteg_FW
0xffacf1cc,StopAdjAFService_FW
0xffaca86c,StopAEIntegralService_FW
0xff861ca0,StopBDrive_FW
0xff861cb0,StopBPanDrive_FW
0xff876a08,StopCameraLog_FW
0xffad4444,StopCaptureDrive_FW
0xff83cd80,StopContinuousVRAMData_FW
0xffacf84c,StopCustomScan_FW
0xffad1140,StopEVFDrive_FW
0xff861ca0,StopISAdjustmentDrive_FW
0xff861ca0,StopISDrive_FW
0xff861cb0,StopISPanDrive_FW
0xff90d764,StopLogOut_FW
0xffa65950,StopLoopGainCalc_FW
0xffad0588,StopStrobeChargeForFA_FW
0xffa8ce88,StoptDtConfirmMenu_FW
0xff940360,StopUsm_FW
0xff940370,StopUsmEmergency_FW
0xffaeb094,StopVcm_FW
0xffaeb0a4,StopVcmEmergency_FW
0xffaeaf6c,StopVcmvClk_FW
0xff8784c4,StopWDT_FW
0xffa5a568,StopZoomEmergency_FW
0xff89b93c,strcat
0xff89b9c4,strchr
0xff81cb3c,strcmp
0xff81cb64,strcmp_FW
0xff81cb24,strcpy
0xff81cb24,strcpy_FW
0xff89bd9c,strftime
0xff81cb80,strlen
0xff81cb80,strlen_FW
0xff89b978,strncmp
0xff82db14,strncpy
0xff9df4d8,strrchr
0xff82dd4c,strtol
0xff82db50,strtolx
0xffad1060,SwitchOffDisplay_FW
0xffad1098,SwitchOnDisplay_FW
0xff948dd0,System.Create_FW
0xff948740,System.Delete_FW
0xff948dd0,SystemEventInit_FW
0xff827918,TakeSemaphore
0xff827918,TakeSemaphore_FW
0xff827df8,TakeSemaphoreStrictly
0xff8b82e0,task_AfIntSrvTask
0xff835578,task_AFTask
0xff84dc0c,task_ASIF
0xff8f4f38,task_AudioLvl
0xffaee1e8,task_AviRead
0xff84a004,task_BeepTask
0xff8a749c,task_BrtMsrTask
0xff8296c4,task_Bye
0xff868c38,task_CaptSeq
0xff868c38,task_CaptSeqTask
0xff833ca8,task_ChaceFace
0xff814fd0,task_ClockSave
0xff884b2c,task_CommonDrivers
0xffa65a58,task_CreateHeaderTask
0xff87de18,task_CtrlSrv
0xffa4e258,task_DecJpgRd
0xff8b2690,task_DetectMoveTask
0xff9e4218,task_DetectVerticalWound
0xff8b419c,task_DevelopModule
0xffa16350,task_DirectOpEventQueueMngr
0xff8345cc,task_DispFace
0xff91bae0,task_DPOFTask
0xff88d860,task_DSITask
0xff94d808,task_DvlpSeqTask
0xff8b65c4,task_EFChargeT
0xffae7af0,task_EffctDrv
0xff87916c,task_EvShel
0xff8ad86c,task_ExpDrv
0xff8ad86c,task_ExpDrvTask
0xff88d3d0,task_FaceFrame
0xff90c2bc,task_Fencing
0xffa44cb0,task_FileScheduleTask
0xffa45ae4,task_FileWrite
0xffa45ae4,task_FileWriteTask
0xffa4d1f8,task_FilYuvMaker
0xff85f814,task_FirmTransferWaitTask
0xffa534c0,task_FocusEvent
0xff916bac,task_FolderCreateCheckTask
0xffa48cb4,task_FORMAT_TASK_NAME
0xffa48bb0,task_FORMAT_TASK_PROGRESS
0xff858088,task_FsIoNotifyTask
0xff838ce4,task_ImageSensorTask
0xffa51cec,task_ImgDLight
0xff930584,task_ImgEdt
0xff85e408,task_ImgPlayDrv
0xff931220,task_ImgTrim
0xff884af4,task_InitFileModules
0xffa556a0,task_IrisEvent
0xff941a54,task_ISComTask
0xff861494,task_ISMainTask
0xff84b8d8,task_JogDial
0xff84a5e8,task_LEDCon
0xff85fb40,task_LensController
0xffa58568,task_MechaAlarm
0xffa58950,task_MechaShutter
0xff917404,task_MetaCtg
0xff8f7240,task_MotionVector
0xffa61850,task_MovEdit
0xff864630,task_MovieRecord
0xffa5e96c,task_MovPlay
0xffaecba8,task_MovRead
0xff945670,task_MovWrite
0xffa5937c,task_Nd
0xff8b1654,task_OBCtrlTask
0xff876ed8,task_OpePlay
0xff821784,task_PhySw
0xff83d1ac,task_PrcssFil
0xff8e19e0,task_PreLoadTask
0xffa16010,task_PTPtoFAPI_EventProcTask
0xff8e8d30,task_RapiRevr
0xffae5d84,task_ReadFileTask
0xffa46e5c,task_ReadScheduleTask
0xff97d4e0,task_RealTimeHist
0xff85f4c8,task_RedEyeCapt
0xff932f58,task_RedEyePly
0xff84b8d8,task_RotaryEncoder
0xff85b7c8,task_SD1stInit
0xffa199c0,task_SelectThumbCache
0xff94f74c,task_SoundPlay
0xff94ede0,task_SoundRecord
0xff8cd458,task_SsgMainTask
0xff8cd67c,task_SsgPeriodTask
0xff867970,task_SsStartupTask
0xff86e970,task_SsTask
0xff81c144,task_Startup
0xff829f9c,task_StartupImage
0xff8d615c,task_SynchTask
0xff8d60d4,task_SyncPeriod
0xff82023c,task_TempCheck
0xff8d0e48,task_TgTask
0xff84e3d8,task_Thermometer
0xff8d7e64,task_TimerUtility
0xff93efcc,task_TmgGen
0xff8e6330,task_TrnsCtrlTask
0xff81c324,task_UartLog
0xffa5d160,task_VCMComTask
0xff9436d8,task_VcmMainTask
0xff94fda0,task_WavRead
0xff950778,task_WavWrite
0xff8b076c,task_WBCtrl
0xff8a08f4,task_WBIntegTask
0xff9fd148,task_WBLPFace
0xff8782ec,task_WdtPrint
0xff8783a0,task_WdtReset
0xffa5a218,task_ZoomEvent
0xff94a0e8,TerminateAdjustmentSystem_FW
0xff854c58,Terminatedccd_FW
0xff854c58,TerminateDigicon_FW
0xffad43cc,TerminateMechaDevice_FW
0xffa30d48,TerminateSoundRec_FW
0xff8547a8,TerminateTestRec_FW
0xff827158,TestAssert_FW
0xff827184,TestAssertInt_FW
0xff8271a4,TestException_FW
0xff8271c0,TestExceptionInt_FW
0xff8271e0,TestPanic_FW
0xff827210,TestPanicInt_FW
0xff87380c,time
0xff827700,TryPostMessageQueue
0xff8275c4,TryReceiveMessageQueue
0xff8278c4,TryTakeSemaphore
0xffa24564,TurnOffAFLamp_FW
0xff88f32c,TurnOffBackLight
0xff846d00,TurnOffDisplay
0xff84c94c,TurnOffVideoOutMode_FW
0xffa24548,TurnOnAFLamp_FW
0xff88f314,TurnOnBackLight
0xff846cf0,TurnOnDisplay
0xff84c8fc,TurnOnVideoOutMode_FW
0xff949fa8,UI.Create_FW
0xff949fa8,UI_RegistDebugEventProc_FW
0xff949018,UI_ShowStateOfRecMode_FW
0xff880cd0,UiEvnt_SetLogicalEventActive_FW
0xff880d54,UiEvnt_StartDisguiseCradleStatus_FW
0xff880d64,UiEvnt_StopDisguiseCradleStatus_FW
0xff97b118,UIFS_Capture_FW
0xff97b220,UIFS_CaptureNoneStop_FW
0xff949550,UIFS_ChangeShootState_FW
0xff9491f4,UIFS_ClosePopupStrobe_FW
0xff94936c,UIFS_ConnectVideo_FW
0xff89a578,UIFS_DeleteAllSound_FW
0xff94939c,UIFS_DisconnectVideo_FW
0xff9494b0,UIFS_EndClockMode_FW
0xff9494d4,UIFS_GetMovieRecoadableNumber_FW
0xff94951c,UIFS_GetStillShotableNumber_FW
0xff949224,UIFS_MountExtFlash_FW
0xff97c248,UIFS_MoveZoomTo_FW
0xff9491c4,UIFS_OpenPopupStrobe_FW
0xff949468,UIFS_PostModeDial_FW
0xff949284,UIFS_PressTeleButton_FW
0xff9492f8,UIFS_PressWideButton_FW
0xff9493d4,UIFS_RestartPostingUIEvent_FW
0xff949448,UIFS_SetCaptureModeToISO3200_FW
0xff94940c,UIFS_SetCaptureModeToM_FW
0xff949440,UIFS_SetCaptureModeToMacro_FW
0xff949144,UIFS_SetCaptureModeToP_FW
0xff9493d8,UIFS_SetCaptureModeToTv_FW
0xff9494cc,UIFS_SetCradleSetting_FW
0xff94917c,UIFS_SetDialMovieRec_FW
0xff9491a4,UIFS_SetDialPlay_FW
0xff949124,UIFS_SetDialStillRec_FW
0xff949574,UIFS_ShootSeqToUI_FW
0xff9494a0,UIFS_StartClockMode_FW
0xff88c8e0,UIFS_StartMovieRecord_FW
0xff89a460,UIFS_StartRecordSound_FW
0xff88c904,UIFS_StopMovieRecord_FW
0xff9493d0,UIFS_StopPostingUIEvent_FW
0xff89a4ac,UIFS_StopRecordSound_FW
0xff949254,UIFS_UnmountExtFlash_FW
0xff9492c0,UIFS_UnpressTeleButton_FW
0xff949334,UIFS_UnpressWideButton_FW
0xff9637e4,UIFS_WriteFirmInfoToFile
0xff9637e4,UIFS_WriteFirmInfoToFile_FW
0xff84f270,UndisplayFactoryMode_FW
0xff872918,UnLoadScript_FW
0xff825bd8,UnlockAE
0xff82589c,UnlockAF
0xff880f64,UnlockMainPower
0xff880f64,UnlockMainPower_FW
0xffad0724,UnregistColorMatrix_FW
0xff81aeb0,UnregisterInterruptHandler
0xff85acd8,UpdateMBROnFlash
0xffa64fc0,UsmEnc_FW
0xffa648fc,UsmFN_FW
0xffa64c28,UsmFNForSD_FW
0xffa63ee4,UsmGainChangeSpeedGet_FW
0xffa63f18,UsmGainChangeSpeedSet_FW
0xffa63e18,UsmGainGet_FW
0xffa63e7c,UsmGainSet_FW
0xffa63ae4,UsmMenu_FW
0xffa64608,UsmTuning_FW
0xffa63f50,UsmWowFla_FW
0xffa64224,UsmWowFlaForSD_FW
0xff82046c,VbattGet
0xff82046c,VbattGet_FW
0xffaeafac,VcmFirmTransfer_FW
0xffaeaf84,VcmResetHigh_FW
0xffaeaf98,VcmResetLow_FW
0xffa674b0,VerifyByte_FW
0xff81cae8,vsprintf
0xff94871c,Wait_FW
0xff8713e4,WaitForAllEventFlag
0xff827ea8,WaitForAllEventFlagStrictly
0xff871300,WaitForAnyEventFlag
0xff827e7c,WaitForAnyEventFlagStrictly
0xff9fd3b4,wblpface.clear_FW
0xff9fd374,wblpface.init_FW
0xff9fd394,wblpface.start_FW
0xff9fd3a4,wblpface.stop_FW
0xff9fd384,wblpface.term_FW
0xff823b10,Write
0xff823b10,write
0xff823b10,Write_FW
0xff850ea8,WRITEADJTABLETOFROM_FW
0xffad3da8,WriteGyroAdjustment_FW
0xffad3d68,WriteHallDeviceAdjustment_FW
0xffad3e24,WritePWMAdjustment_FW
0xff92aa44,WriteSDCard
0xff9520d4,WriteToRom_FW
