0xff02c0a4,_GetSystemTime
0xff3a3308,_log
0xff3a3848,_log10
0xff3a39c0,_pow
0xff3a55e4,_sqrt
0xff00fef0,_uartr_req
0xff14c818,AbortAEIntegralValue_FW
0xff081f8c,AcquireRecursiveLock
0xff02bd10,AcquireRecursiveLockStrictly
0xff14e7cc,ActivateAdjLog_FW
0xff0f9ed4,ActivateImager_FW
0xff0f9f60,ActivateImagerXOne_FW
0xff2ed8a4,ActivateISMD_FW
0xff2783c4,add_ptp_handler
0xff195aa4,AdditionAgentRAM_FW
0xff2ab85c,AddTransparentMemory_FW
0xff364c54,AdjAEWithAperturePriority_FW
0xff364c00,AfAEWithAperturePriority_FW
0xff364dfc,AfAEWithCompensation_FW
0xff26a538,AFTool.GetEVal_FW
0xff2efd00,AllocateMemory
0xff2efd00,AllocateMemory_FW
0xff02be08,AllocateUncacheableMemory
0xff236100,apex2us
0xff0a859c,atol_FW
0xff14d600,AttachIntegCrawData_FW
0xff2ab894,AttachToTransparentMemory_FW
0xff354110,Bat_Calc_FW
0xff366264,Bat_Save_FW
0xff366250,Bat_VIN_FW
0xff0569c0,BeepDrive_FW
0xff0569e0,BeepDriveComp_FW
0xff35fe0c,CalcLog10_FW
0xff36a374,CalcLoopGain_FW
0xff35fefc,CalcSqrt_FW
0xff354110,CalculateBatSenseOffset_FW
0xff363da0,CalculateInterpolationByLS_FW
0xff35fdac,CalculateLog2ToApex_FW
0xff35fd74,CalculatePeakFromLeastSquareResult_FW
0xff363d40,CalculatePeakPosByLS_FW
0xff35fdc0,CalculatePow2FromApex_FW
0xff0632cc,CalculateTestRecYUVData_FW
0xff364a28,CancelAdj_AEMode_FW
0xff35e584,CancelAdjCdsMode_FW
0xff362884,CancelBPFilterForBP_FW
0xff364378,CancelExStrobeMode_FW
0xff2ebca4,CancelFocusLensMaxSpeedLimit_FW
0xff0859a4,CancelHPTimer
0xff0fa1e0,CancelImageDrive_FW
0xff0fa100,CancelImager_FW
0xff072dd8,CancelLoopGainCalc_FW
0xff02c2c0,CancelTimer
0xff0b5d74,Capture.CotiRegular_FW
0xff18a2dc,Capture.Create_FW
0xff35eeec,CaptureWithParam_FW
0xff129618,CecRegDump_FW
0xff2ab5dc,ChangeAdjImgDrvMode_FW
0xff2ab608,ChangeAEIntegDrvTypeToAdjImgDriveType_FW
0xff256eec,ChangeCrossThresholdTable_FW
0xff2571a8,ChangeDefectRecParam_FW
0xff366024,ChangeDistortionSetForLiveImage_FW
0xff369fd4,ChangeFilterMode_FW
0xff2ebe0c,ChangeFocusDistanceToPosition_FW
0xff256cfc,ChangeGradeTable_FW
0xff35ef00,ChangeImageDrive_FW
0xff0fa184,ChangeImagerToAlternateDraft_FW
0xff0fa13c,ChangeImagerToCombiParallel_FW
0xff0fa17c,ChangeImagerToDigiconMode_FW
0xff0fa1c4,ChangeImagerToFantaJungle_FW
0xff0fa1ac,ChangeImagerToFastBP_FW
0xff0fa14c,ChangeImagerToFocusJet_FW
0xff0fa1b4,ChangeImagerToHarleyDavidson_FW
0xff0fa16c,ChangeImagerToHoneyFlash_FW
0xff0fa1cc,ChangeImagerToHoneyFlashDark_FW
0xff0fa164,ChangeImagerToJetDraft_FW
0xff0fa1bc,ChangeImagerToMachDashV_FW
0xff0fa154,ChangeImagerToMangoPudding_FW
0xff0fa174,ChangeImagerToMillefeAdjust_FW
0xff0fa19c,ChangeImagerToMontblancMillefe_FW
0xff0fa1a4,ChangeImagerToMontblancMovie_FW
0xff0fa194,ChangeImagerToMontblancWhole_FW
0xff0fa17c,ChangeImagerToOITA_XAVIER_FW
0xff0fa1d4,ChangeImagerToRoadKing_FW
0xff0fa15c,ChangeImagerToSuperWideDraft_FW
0xff0fa18c,ChangeImagerToUltraGhostQ_FW
0xff0fa124,ChangeImagerToWholeParallel_FW
0xff0fa12c,ChangeImagerToWholeParallelBP_FW
0xff0fa134,ChangeImagerToWholeParallelBPOne_FW
0xff0fa144,ChangeImagerToWideDraft_FW
0xff2ec0b8,ChangeIrisSpeed_FW
0xff2ed06c,ChangeParallelMode_FW
0xff056f90,ChangePowerState_FW
0xff07282c,ChangeToISCloseControl_FW
0xff2ec9e0,ChangeZoomLensMagnificationToPoint_FW
0xff2ec9d8,ChangeZoomLensPointToMagnification_FW
0xff3643b4,ChargeStrobe_FW
0xff3643e8,ChargeStrobeForFA_FW
0xff081b14,CheckAllEventFlag
0xff081acc,CheckAnyEventFlag
0xff089170,CheckSumAll_FW
0xff026ce8,ClearDUIDFixFlag_FW
0xff026be4,ClearDurianMode_FW
0xff081d34,ClearEventFlag
0xff026e14,ClearFactoryMasterFlag_FW
0xff026e2c,ClearFactoryMasterROMProtection_FW
0xff026be4,ClearFactoryMode_FW
0xff072bb8,ClearISCalcZData_FW
0xff2ed0e0,ClearISIComponent_FW
0xff2ed104,ClearISZData_FW
0xff382a94,ClearPMByFs_FW
0xff382a6c,ClearPMByGpio_FW
0xff36112c,ClearZoomCommonDriveParam_FW
0xff181360,ClearZoomDriveParam_FW
0xff028024,Close
0xff00abc4,close
0xff028024,Close_FW
0xff00f954,CloseConsole_FW
0xff2c9814,closedir
0xff2ec3a4,CloseMechaShutter_FW
0xff2ec3ec,CloseMechaShutterWithTiming_FW
0xff35f420,CloseMShutter_FW
0xff2ed8bc,CommunicateMechaCPU_FW
0xff2ab574,ConvertAdjImgDrvModeToAdjImgDriveType_FW
0xff2ab528,ConvertAEIntegDrvTypeToAdjImgDriveType_FW
0xff35fe64,ConvertApexStdToApex_FW
0xff35fe34,ConvertApexToApexStd_FW
0xff3603f8,ConvertCxCyToWBGain_FW
0xff3614b4,ConvertToPositionWithDistance_FW
0xff361490,ConvertToPositionWithDistanceAndZoomPoint_FW
0xff35ef9c,ConvertTvToExposureTime_FW
0xff00f6b8,CPrintf_FW
0xff00f710,CPutChar_FW
0xff05e70c,CreateAdjustmentTableMirror_FW
0xff02b5c4,CreateBinarySemaphore
0xff02bbc8,CreateBinarySemaphoreStrictly
0xff08e5c4,CreateController_FW
0xff02b62c,CreateCountingSemaphore
0xff02b62c,CreateCountingSemaphore_FW
0xff02bbec,CreateCountingSemaphoreStrictly
0xff05e71c,CreateDefectTableMirror_FW
0xff081a24,CreateEventFlag
0xff02bba4,CreateEventFlagStrictly
0xff14e110,CreateFADBGSingalID_FW
0xff368634,CreateJumptable
0xff02b200,CreateMessageQueue
0xff02bb80,CreateMessageQueueStrictly
0xff086c08,CreateProxyOfEventProcedure_FW
0xff081eec,CreateRecursiveLock
0xff02bc10,CreateRecursiveLockStrictly
0xff00eae4,CreateTask
0xff00eae4,CreateTask_FW
0xff02bb4c,CreateTaskStrictly
0xff256d10,CrossDefDetect_FW
0xff08e844,CtrlMan_ChangeZOrder_FW
0xff17a5f0,CzDebugPrint_FW
0xff17a5f8,CzDebugPrintToFile_FW
0xff023f1c,Dcdc_reg_access_FW
0xff00edbc,DebugAssert
0xff2ed6a8,DelaySet_FW
0xff08e6a0,DeleteController_FW
0xff027a20,DeleteDirectory_Fut
0xff081a7c,DeleteEventFlag
0xff02793c,DeleteFile_Fut
0xff02b284,DeleteMessageQueue
0xff086c60,DeleteProxyOfEventProcedure_FW
0xff081f3c,DeleteRecursiveLock
0xff02b684,DeleteSemaphore
0xff02b684,DeleteSemaphore_FW
0xff368490,DevelopStillPicture_FW
0xff2572a4,DevelopTool.DevelopTest_FW
0xff14ddb8,DeviceUniqueIDCheckSum_FW
0xff150c3c,DisableDebugLogMode_FW
0xff2ed42c,DisableDISModeChange_FW
0xff2ebd00,DisableFocusLens_FW
0xff2ebd78,DisableFocusLensGainLock_FW
0xff2ebda4,DisableFocusLensWaveLock_FW
0xff2ec278,DisableFocusPiCircuit_FW
0xff2ed1b0,DisableISAutoGyroOffset_FW
0xff2ed190,DisableISDriveError_FW
0xff2ec1d0,DisableLensError_FW
0xff2ed4cc,DisableMacroIS_FW
0xff2ec258,DisableMechaCircuit_FW
0xff2ec2c0,DisableZoomEncoderCircuit_FW
0xff2ec9b4,DisableZoomLensElectricControl_FW
0xff2ec678,DisableZoomLensEncoderPowerControl_FW
0xff2ec98c,DisableZoomLensSpeedControl_FW
0xff2ec29c,DisableZoomPiCircuit_FW
0xff053934,DispCon_GetLcdGainAdjParameter_FW
0xff053758,DispCon_GetVideoAdjParameter_FW
0xff053980,DispCon_SaveLcdGainAdjParameter_FW
0xff0537f8,DispCon_SaveVideoAdjParameter_FW
0xff05329c,DispCon_SetDisplayType_FW
0xff053874,DispCon_SetLcdGainAdjParameter_FW
0xff053660,DispCon_SetMaxBackLightBrightness_FW
0xff0536e0,DispCon_SetVideoAdjParameter_FW
0xff0531c0,DispCon_ShowBitmapColorBar
0xff0531c0,DispCon_ShowBitmapColorBar_FW
0xff0531a4,DispCon_ShowBlackChart_FW
0xff052f74,DispCon_ShowColorBar_FW
0xff0532bc,DispCon_ShowColorChart_FW
0xff053230,DispCon_ShowCustomColorBar_FW
0xff053000,DispCon_ShowFiveStep_FW
0xff05399c,DispCon_ShowHdChart_FW
0xff053970,DispCon_ShowLcdGainAdjParameter_FW
0xff05349c,DispCon_ShowNStepsChart_FW
0xff0537c0,DispCon_ShowVideoAdjParameter_FW
0xff053150,DispCon_ShowWhiteChart_FW
0xff0532e0,DispCon_ShowWhiteLine_FW
0xff053650,DispCon_TurnOffBackLight_FW
0xff053630,DispCon_TurnOffDisplay_FW
0xff053640,DispCon_TurnOnBackLight_FW
0xff053620,DispCon_TurnOnDisplay_FW
0xff189b74,DispDev.Create_FW
0xff187678,DispDev_EnableEventProc_FW
0xff026974,DisplayFactoryMode_FW
0xff029bc4,DoAELock
0xff0298cc,DoAFLock
0xff187774,Driver.Create_FW
0xff187774,Driver_EnableEventProc_FW
0xff005fa4,drysh_FW
0xff2ed71c,DspDataTranster_FW
0xff2ed72c,DspProgTranster_FW
0xff187b74,Dump32_FW
0xff187b64,Dump_FW
0xff05ddec,DumpAdjMirror_FW
0xff2ab81c,DumpTransparentMemoryItem_FW
0xff0f9bc8,E2LatOn_FW
0xff129530,EdidDump_FW
0xff129418,EdidHoldView_FW
0xff129484,EdidView_FW
0xff263f28,EF.AdjPreFlash_FW
0xff0de288,EF.IsChargeFull_FW
0xff263f64,EF.SetChargeMode_FW
0xff263e44,EF.SetEFChargeTimeOut_FW
0xff263f78,EF.SetFlashTime_FW
0xff263f10,EF.SetMainFlashTime_FW
0xff263de8,EF.StartEFCharge_FW
0xff263e8c,EF.StartInternalMainFlash_FW
0xff263e58,EF.StartInternalPreFlash_FW
0xff263e34,EF.StopEFCharge_FW
0xff150c28,EnableDebugLogMode_FW
0xff2ed43c,EnableDISModeChange_FW
0xff2ebcb4,EnableFocusLens_FW
0xff2ebd4c,EnableFocusLensGainLockWithVoltage_FW
0xff2ebd88,EnableFocusLensWaveLock_FW
0xff2ec268,EnableFocusPiCircuit_FW
0xff00eadc,EnableInterrupt
0xff2ed1a0,EnableISAutoGyroOffset_FW
0xff2ed180,EnableISDriveError_FW
0xff2ec1c0,EnableLensError_FW
0xff2ed4bc,EnableMacroIS_FW
0xff2ec248,EnableMechaCircuit_FW
0xff2ec2b0,EnableZoomEncoderCircuit_FW
0xff2ec9a0,EnableZoomLensElectricControl_FW
0xff2ec668,EnableZoomLensEncoderPowerControl_FW
0xff2ec978,EnableZoomLensSpeedControl_FW
0xff2ec28c,EnableZoomPiCircuit_FW
0xff129fbc,EngApp.Create_FW
0xff129f90,EngApp.Delete_FW
0xff0266a8,EngDrvBits
0xff2a03e0,EngDrvBits_FW
0xff02668c,EngDrvIn
0xff2a03d0,EngDrvIn_FW
0xff026674,EngDrvOut
0xff2a03b4,EngDrvOut_FW
0xff026694,EngDrvRead
0xff2a03d8,EngDrvRead_FW
0xff2a0404,EngDrvReadDump_FW
0xff18a320,EngineDriver.Create_FW
0xff029b2c,EnterToCompensationEVF
0xff05ddc0,EraseAdjustmentArea_FW
0xff190968,EraseLogSector_FW
0xff083090,EraseRom_FW
0xff187b50,EraseSignature_FW
0xff006020,err_init_task
0xff2eb2c8,EscapeFocusLens_FW
0xff2efd6c,exec_FW
0xff063bd8,Executedccd_FW
0xff2571b8,ExecuteDefectRec_FW
0xff2571cc,ExecuteDefectRecAndSaveImage_FW
0xff0634d4,ExecuteDigicon_FW
0xff0862bc,ExecuteEventProcedure
0xff086334,ExecuteEventProcedure_FW
0xff364454,ExecuteInternalPreFlash_FW
0xff1b4f58,ExecuteResetFactory_FW
0xff1b4f40,ExecuteResetFactoryWithRomWrite_FW
0xff082834,ExecuteShutDownPropertyService_FW
0xff062b38,ExecuteTestRec_FW
0xff062b4c,ExecuteTestRecCF_FW
0xff062bc8,ExecuteTestRecDevelopProcess_FW
0xff062b4c,ExecuteTestRecSD_FW
0xff062b7c,ExecuteTestRecSw1_FW
0xff062b64,ExecuteTestRecWithInteg_FW
0xff029b70,ExitFromCompensationEVF
0xff00ed74,ExitTask
0xff00ed74,ExitTask_FW
0xff084b7c,ExMem.AllocCacheable_FW
0xff0849cc,ExMem.AllocUncacheable_FW
0xff084c04,ExMem.FreeCacheable_FW
0xff084b00,ExMem.FreeUncacheable_FW
0xff0844f0,ExMem.View_FW
0xff084b14,exmem_alloc
0xff084b8c,exmem_free
0xff028770,ExMem_FW
0xff0bbd7c,ExpCtrlTool.SetExpMode_FW
0xff037a8c,ExpCtrlTool_StartContiAE
0xff037b6c,ExpCtrlTool_StopContiAE
0xff086bfc,ExportToEventProcedure_FW
0xff189b50,FA.Create_FW
0xff189b3c,FA.Delete_FW
0xff14e1c0,FADBGPrintf_FW
0xff14e120,FADBGSingal_FW
0xff14e340,FAPrintf_FW
0xff027ab8,Fclose_Fut
0xff027ab8,Fclose_Fut_FW
0xff027ca4,Feof_Fut
0xff027ce0,Fflush_Fut
0xff027c0c,Fgets_Fut
0xff16247c,File.ClearExifInfo_FW
0xff162624,File.Create_FW
0xff1625bc,File.Delete_AllImg_FW
0xff2ed70c,FirmTranster_FW
0xff36499c,FixAEWithCompensation_FW
0xff1a567c,FmtMenu_ExecuteQuickFormat_FW
0xff36485c,FocusAEWithCompensation_FW
0xff027a78,Fopen_Fut
0xff027a78,Fopen_Fut_FW
0xff027b64,Fread_Fut
0xff027b64,Fread_Fut_FW
0xff004258,free
0xff2efcf8,FreeMemory
0xff2efcf8,FreeMemory_FW
0xff02be48,FreeUncacheableMemory
0xff027c58,Fseek_Fut
0xff027c58,Fseek_Fut_FW
0xff027bb8,Fwrite_Fut
0xff027bb8,Fwrite_Fut_FW
0xff054b08,GetAdChValue_FW
0xff362ce4,GetAdjAFInteg_FW
0xff05f038,GetAdjDataAreaAddress_FW
0xff05de44,GetAdjTableMapVersion_FW
0xff05de54,GetAdjTableValueVersion_FW
0xff05de10,GetAdjTableVersion_FW
0xff05f014,GetAdjustmentOffset_FW
0xff054b00,GetAdVBattBottom_FW
0xff14cd80,GetAEIntegralServiceMode_FW
0xff14ce8c,GetAEIntegralValueWithFix_FW
0xff14d1d8,GetAEIntegValueBit_FW
0xff14cd8c,GetAEIntegWinData_FW
0xff14cda0,GetAEIntegWinDataWithMode_FW
0xff14cfb0,GetAllAEIntegralAllValueWithFix_FW
0xff025804,GetBatteryCoverClose_FW
0xff05b944,GetBatteryTemperature
0xff05b944,GetBatteryTemperature_FW
0xff05ef14,GetBpDBAdjustmentOffset_FW
0xff089058,GetBuildDate_FW
0xff089060,GetBuildTime_FW
0xff2ab69c,GetCameraInformationData_FW
0xff36808c,GetCaptureInfoData_FW
0xff05b8d0,GetCCDTemperature
0xff05b8d0,GetCCDTemperature_FW
0xff35e3d0,GetCdsGainValue_FW
0xff35e4ec,GetCdsPreGainReg_FW
0xff00f738,GetCh_FW
0xff2ed73c,GetCheckSum_FW
0xff365fac,GetContinuousMovieJpegVRAMData_FW
0xff36564c,GetContinuousVRAMData_FW
0xff365de8,GetContinuousVRAMDataWithRingBuffer_FW
0xff35ef08,GetCrwImageInfo_FW
0xff2ab4fc,GetCurrentAdjImgDriveType_FW
0xff35f1d4,GetCurrentAvCoefficient_FW
0xff17c8dc,GetCurrentAvValue
0xff17c8dc,GetCurrentAvValue_FW
0xff097cd4,GetCurrentCaptureModeType_FW
0xff2ab654,GetCurrentCcdTemp_FW
0xff35e50c,GetCurrentDriveBaseSvValue_FW
0xff0aca24,GetCurrentExposureTime_FW
0xff17b878,GetCurrentFocusLensPosition_FW
0xff17b878,GetCurrentFocusPosition_FW
0xff2ab508,GetCurrentImgDrvMode_FW
0xff14e818,GetCurrentMaximumLogSize_FW
0xff2ab670,GetCurrentOptTemp_FW
0xff0ac728,GetCurrentShutterSpeed_FW
0xff17b810,GetCurrentTargetDistance_FW
0xff36073c,GetCurrentZoomLensDirection_FW
0xff17f8b4,GetCurrentZoomLensPoint_FW
0xff17f804,GetCurrentZoomLensPosition_FW
0xff17f8b4,GetCurrentZoomPoint_FW
0xff17f804,GetCurrentZoomPosition_FW
0xff2eb18c,GetCZMovieDefaultSpeed_FW
0xff2eb174,GetCZMovieHighSpeed_FW
0xff2eb17c,GetCZMovieLowSpeed_FW
0xff2eb184,GetCZStillDefaultSpeed_FW
0xff2eb164,GetCZStillHighSpeed_FW
0xff2eb16c,GetCZStillLowSpeed_FW
0xff187a9c,GetDateAndTime_FW
0xff366670,GetDay_FW
0xff05ef1c,GetDccdAdjustmentOffset_FW
0xff063cec,GetdccdFilterValue_FW
0xff063c50,GetdccdImage_FW
0xff05ec08,GetDCPAdjOffset_FW
0xff256f00,GetDefectCrawInfo_FW
0xff256f64,GetDefectTvAdj_FW
0xff0257f8,GetDialEventId_FW
0xff073064,GetDISModeParameter_FW
0xff2ed40c,GetDISModeParamType_FW
0xff069cb0,GetDrive_ClusterSize
0xff069d08,GetDrive_FreeClusters
0xff069ce0,GetDrive_TotalClusters
0xff081d6c,GetEventFlagValue
0xff364364,GetExStrobeID_FW
0xff089068,GetFirmwareVersion_FW
0xff07322c,GetFixedPWMOutA_FW
0xff073238,GetFixedPWMOutB_FW
0xff17bd9c,GetFocusDefaultResetPosition_FW
0xff2d7320,GetFocusLensCurrentPosition_FW
0xff2d734c,GetFocusLensDriveVoltage_FW
0xff2d7424,GetFocusLensHoldVoltage_FW
0xff2ebe68,GetFocusLensLoadCamTable_FW
0xff2ebdec,GetFocusLensLoadSubjectDistance_FW
0xff2ebf50,GetFocusLensMoveMaxPosition_FW
0xff2ebf68,GetFocusLensMoveMinPosition_FW
0xff2ebf84,GetFocusLensMoveRangeOfTelePoint_FW
0xff2ebde4,GetFocusLensPositionRatio_FW
0xff17b4f0,GetFocusLensPullInMaxSpeed_FW
0xff2d6afc,GetFocusLensResetDefaultPosition_FW
0xff2d6aec,GetFocusLensResetPosition_FW
0xff383b64,GetFocusLensResetVoltage_FW
0xff2d73d8,GetFocusLensSettingWaitVoltage_FW
0xff17b810,GetFocusLensSubjectDistance
0xff2ebdc0,GetFocusLensSubjectDistance_FW
0xff17bc60,GetFocusLensSubjectDistanceFromLens
0xff2ebddc,GetFocusLensSubjectDistanceNumber_FW
0xff17e174,GetFocusPiSensorLevel_FW
0xff17bd30,GetFocusResetPosition_FW
0xff0713c4,GetFocusStartZoomPosition_FW
0xff35f0f0,GetFrameRateWithApex_FW
0xff072a7c,GetGyro10BitDACPitch_FW
0xff072a88,GetGyro10BitDACYaw_FW
0xff072a2c,GetGyroDataPitch_FW
0xff072a48,GetGyroDataYaw_FW
0xff2eceac,GetGyroFilterCharge_FW
0xff36a490,GetGyroFilterChargeStatus_FW
0xff072ab4,GetGyroHPFINOffsetPitch_FW
0xff072ad0,GetGyroHPFINOffsetYaw_FW
0xff072aec,GetGyroHPFINPitch_FW
0xff072b48,GetGyroHPFINYaw_FW
0xff366698,GetHour_FW
0xff158c28,getImageDirName
0xff156c74,GetImageFolder
0xff0890d8,GetInternalFirmwareVersion_FW
0xff17c8dc,GetIrisAv_FW
0xff2ed484,GetISCenterShiftA_FW
0xff2ed4a0,GetISCenterShiftB_FW
0xff2ed358,GetISCrossTalkComp_FW
0xff36a534,GetISCrossTalkCompCoeff_FW
0xff2ecb28,GetISDriveAaxis_FW
0xff2ecb48,GetISDriveBaxis_FW
0xff2ececc,GetISFirmVersion_FW
0xff072a7c,GetISGyro10BitDACPitch_FW
0xff072a88,GetISGyro10BitDACYaw_FW
0xff072a2c,GetISGyroDataPitch_FW
0xff072a48,GetISGyroDataYaw_FW
0xff2ecc80,GetISGyroGainAaxis_FW
0xff2ecda8,GetISGyroGainBaxis_FW
0xff2ecdc8,GetISGyroGainbyAxisType_FW
0xff072ab4,GetISGyroHPFINOffsetPitch_FW
0xff072ad0,GetISGyroHPFINOffsetYaw_FW
0xff072aec,GetISGyroHPFINPitch_FW
0xff072b48,GetISGyroHPFINYaw_FW
0xff0729d8,GetISGyroPitchGain_FW
0xff369b38,GetISGyroPitchOffset_FW
0xff0729e4,GetISGyroYawGain_FW
0xff369b30,GetISGyroYawOffset_FW
0xff2ed1d4,GetISHallAmpFirstGain_FW
0xff0729b4,GetISHallDevicePitchGain_FW
0xff072990,GetISHallDevicePitchOffset_FW
0xff0729c0,GetISHallDeviceYawGain_FW
0xff07299c,GetISHallDeviceYawOffset_FW
0xff2ecc14,GetISHallGainAaxis_FW
0xff2ecc34,GetISHallGainBaxis_FW
0xff2ecc54,GetISHallGainbyAxisType_FW
0xff2ecba8,GetISHallOffsetAaxis_FW
0xff2ecbc8,GetISHallOffsetBaxis_FW
0xff2ecbe8,GetISHallOffsetbyAxisType_FW
0xff369f44,GetISHallOffsetDACValue_FW
0xff2ed114,GetISHallOut1Amp_FW
0xff073864,GetISLensCorrectedEViAaxis_FW
0xff073880,GetISLensCorrectedEViBaxis_FW
0xff07379c,GetISLensDampAaxis_FW
0xff0737a8,GetISLensDampBaxis_FW
0xff0737cc,GetISLensEViAaxis_FW
0xff073848,GetISLensEViBaxis_FW
0xff2ecf1c,GetISParamVersion_FW
0xff0729fc,GetISPitchPWM_FW
0xff2ecb68,GetISPositionAaxis_FW
0xff2ecb88,GetISPositionBaxis_FW
0xff072a14,GetISShiftLensPitchPosition_FW
0xff072a20,GetISShiftLensYawPosition_FW
0xff072a08,GetISYawPWM_FW
0xff057fb0,GetKbdState
0xff366b98,GetLastVBatADLevel_FW
0xff129b28,GetLatestHVPosition_FW
0xff0257fc,GetLcdPosition_FW
0xff17cb54,GetLensErrorStatus_FW
0xff14e7bc,GetLogData_FW
0xff14e7c4,GetLogDataOnlyAddMemory_FW
0xff19092c,GetLogToFile_FW
0xff36a42c,GetLoopGain_FW
0xff2ed324,GetLoopGainAdjValue_FW
0xff2ed230,GetLoopGainCalcData_FW
0xff2ed09c,GetLPFParallelBest_FW
0xff2ed638,GetMacroISAngleAndVelocityA_FW
0xff2ed668,GetMacroISAngleAndVelocityB_FW
0xff36a660,GetMacroISEstimateRadius_FW
0xff36a668,GetMacroISEstimateVelocity_FW
0xff2ed50c,GetMacroISEstimRadiusA_FW
0xff2ed5ac,GetMacroISEstimRadiusB_FW
0xff36a634,GetMacroISGain_FW
0xff2ed5d8,GetMacroISGainA_FW
0xff2ed5f4,GetMacroISGainB_FW
0xff03f134,GetMacroSupportZoomPoint_FW
0xff2ecef4,GetMechaDSPVersion_FW
0xff2ec440,GetMechaShutterCloseDacSetting_FW
0xff17f1d0,GetMechaShutterMoveTime_FW
0xff2ec490,GetMechaShutterOpenDacSetting_FW
0xff17f1f8,GetMechaShutterStatus_FW
0xff00a2ac,GetMemInfo
0xff3666c0,GetMinute_FW
0xff366644,GetMonth_FW
0xff046cac,GetMovieJpegVRAMHPixelsSize_FW
0xff046cb8,GetMovieJpegVRAMVPixelsSize_FW
0xff2d9920,GetNdMoveTime_FW
0xff02b558,GetNumberOfPostedMessages
0xff35e440,GetObClampValue_FW
0xff14d080,GetOnlyAEIntegData_FW
0xff05b9b8,GetOpticalTemperature
0xff05b9b8,GetOpticalTemperature_FW
0xff1b4c1c,GetParameterData
0xff365d44,GetPixelsOfViewangle_FW
0xff05f01c,GetProductID_FW
0xff08a35c,GetPropertyCase
0xff083140,GetRomID_FW
0xff0257cc,GetSDDetect_FW
0xff0257d4,GetSDProtect
0xff0257d4,GetSDProtect_FW
0xff3666e8,GetSecond_FW
0xff08e8dc,GetSelfControllerHandle_FW
0xff02b838,GetSemaphoreValue
0xff35e504,GetSensorPreGain_FW
0xff35f09c,GetShutterSpeedRegularMaxLimit_FW
0xff35f0b4,GetShutterSpeedRegularMinLimit_FW
0xff00eab8,GetSRAndDisableInterrupt
0xff00f788,GetStringWithPrompt_FW
0xff365560,GetSumYOfVRAMCenterLine_FW
0xff025760,GetSwitchStatus_FW
0xff2efd58,GetSystemTime
0xff2efd58,GetSystemTime_FW
0xff06182c,GetTestRecCrawAddress_FW
0xff0841e0,GetTimeOfSystem_FW
0xff2ab8fc,GetTransparentMemory_FW
0xff2ab940,GetTransparentMemoryPosition_FW
0xff2ab8ec,GetTransparentMemorySize_FW
0xff368014,GetUnpackCrwIntegralMultiValueForShading_FW
0xff367c44,GetUnpackCrwIntegralValue_FW
0xff367ec8,GetUnpackCrwIntegralValueForColorShading_FW
0xff367c60,GetUnpackCrwIntegralValueForShading_FW
0xff35f08c,GetUserSetShutterSPeed_FW
0xff023148,GetVBatVoltage_FW
0xff364efc,GetVideoOutType_FW
0xff046c94,GetVRAMHPixelsSize
0xff046c94,GetVRAMHPixelsSize_FW
0xff046ca0,GetVRAMVPixelsSize
0xff046ca0,GetVRAMVPixelsSize_FW
0xff366614,GetYear_FW
0xff2dae38,GetZoomActuatorCurrentPosition_FW
0xff2dae0c,GetZoomActuatorSpeedPPS_FW
0xff360f6c,GetZoomDefaultCommonDriveParam_FW
0xff360e88,GetZoomDefaultDriveParam_FW
0xff180460,GetZoomDrivingTime_FW
0xff17f8b4,GetZoomLensCurrentPoint
0xff17f8b4,GetZoomLensCurrentPoint_FW
0xff2dbca4,GetZoomLensCurrentPosition
0xff17f804,GetZoomLensCurrentPosition_FW
0xff2ec958,GetZoomLensDriveAmpereDac_FW
0xff18045c,GetZoomLensMechaEdgePosition_FW
0xff360560,GetZoomLensResetPlus_FW
0xff17fd10,GetZoomLensTelePoint_FW
0xff360f20,GetZoomNormalDriveParam_FW
0xff17e12c,GetZoomPiSensorLevel_FW
0xff360ed4,GetZoomResetDriveParam_FW
0xff181354,GetZoomResetSensorLevel_FW
0xff17fd10,GetZoomTelePoint_FW
0xff02b800,GiveSemaphore
0xff02b800,GiveSemaphore_FW
0xff0a65bc,GUISrv_StartGUISystem
0xff0a65bc,GUISrv_StartGUISystem_FW
0xff08f95c,HardwareDefect_FW
0xff08f90c,HardwareDefectWithRestart_FW
0xff126b70,HdmiHpd5VOutput_FW
0xff12969c,HdmiRegDump_FW
0xff1293b0,HdmiSimulateModeStart_FW
0xff129384,HdmiSimulateModeStop_FW
0xff1249b0,HdmiViewParameter_FW
0xff1292a0,HecHdmiCecPhysicalCheckForScript_FW
0xff369b78,HitISLensAgainstBottomEdge_FW
0xff369b64,HitISLensAgainstLeftEdge_FW
0xff369b50,HitISLensAgainstRightEdge_FW
0xff369b8c,HitISLensAgainstTopEdge_FW
0xff369ffc,HitISMechaEdgeInOpenControl_FW
0xff023e64,i2c_5V_Bus_Pwr_Ctrl_FW
0xff023a30,i2c_Bl_Pwr_Ctrl_FW
0xff023f8c,i2c_dcdc_dump_FW
0xff023d48,i2c_Hdmi_Bus_Pwr_Ctrl_FW
0xff024ce4,i2c_read_proc_FW
0xff023e6c,i2c_Sd_Pwr_Ctrl_FW
0xff024d64,i2c_write_proc_FW
0xff22b974,IisTimer_FW
0xff14e7e0,InactivateAdjLog_FW
0xff189b14,InitializeAdjustmentFunction_FW
0xff189aa4,InitializeAdjustmentSystem_FW
0xff0633c4,Initializedccd_FW
0xff36826c,InitializeDefectAdjustment_FW
0xff348b9c,InitializeDefectRec_FW
0xff0633c4,InitializeDigicon_FW
0xff2ac068,InitializeFAExtendFile_FW
0xff2ac04c,InitializeFAGeneralTest_FW
0xff368588,InitializeMechaDevice_FW
0xff2abf0c,InitializeSoundRec_FW
0xff062830,InitializeTestRec_FW
0xff35e654,IsAdjCdsMode_FW
0xff2ec9e8,ISAutoCenter_FW
0xff05bad0,IsBatteryTemperature_FW
0xff05ba9c,IsCCDTemperature_FW
0xff2eca24,ISChangeOPENtoCLOSE_FW
0xff08f3bc,IsControlEventActive_FW
0xff2ecf58,ISControlStart_FW
0xff2ecf68,ISControlStop_FW
0xff026edc,IsDUIDFixFlag_FW
0xff36502c,IsEVFDrive_FW
0xff365398,IsEvfDriveMode_FW
0xff36436c,IsExStrobeChargeComp_FW
0xff026e74,IsFactoryMode_FW
0xff2ed860,ISFixedPWMOFF_FW
0xff2ed788,ISFixedPWMON_FW
0xff17bd0c,IsFocusLensOutSidePosition_FW
0xff02580c,IsHvSensorExist_FW
0xff071e54,ISInitMotion_FW
0xff0713a0,IsLensOutside_FW
0xff14e80c,IsLogOutType_FW
0xff2ed138,ISMDStart_FW
0xff2ed148,ISMDStop_FW
0xff2eca10,ISMoveToMechaEdgeOPEN_FW
0xff026f24,IsNormalCameraMode_FW
0xff05ba68,IsOpticalTemperature_FW
0xff2ecf78,ISPanModeStart_FW
0xff2ecf88,ISPanModeStop_FW
0xff190954,IsRomLogAvailable_FW
0xff0de288,IsStrobeChargeCompleted
0xff2da62c,IsZoomActuatorResetSensorPlusSide_FW
0xff1800cc,IsZoomLensOutSidePosition_FW
0xff1876e4,j_BeepDrive_FW
0xff1876e8,j_BeepDriveComp_FW
0xff35eed8,j_CancelImageDrive_FW
0xff36a300,j_CancelLoopGainCalc_FW
0xff36a00c,j_ChangeToISCloseControl_FW
0xff369fdc,j_ClearISCalcZData_FW
0xff360988,j_ClearZoomDriveParam_FW
0xff0280d0,j_Close_FW
0xff0fa200,j_E2LatOn_FW
0xff263f24,j_EF.IsChargeFull_FW
0xff187bd4,j_exec_FW
0xff1b4f70,j_ExecuteShutDownPropertyService_FW
0xff028768,j_ExMem.AllocCacheable_FW
0xff028760,j_ExMem.AllocUncacheable_FW
0xff02876c,j_ExMem.FreeCacheable_FW
0xff028764,j_ExMem.FreeUncacheable_FW
0xff02875c,j_ExMem.View_FW
0xff1876e0,j_GetAdChValue_FW
0xff1876dc,j_GetAdVBattBottom_FW
0xff14cd9c,j_GetAEIntegWinData_FW
0xff18776c,j_GetBatteryCoverClose_FW
0xff05bb28,j_GetBatteryTemperature_FW
0xff2ab6d8,j_GetCameraInformationData_FW
0xff05bb24,j_GetCCDTemperature_FW
0xff35f1d0,j_GetCurrentAvValue_FW
0xff35e52c,j_GetCurrentDriveBaseSvValue_FW
0xff35efbc,j_GetCurrentExposureTime_FW
0xff361520,j_GetCurrentFocusLensPosition_FW
0xff361520,j_GetCurrentFocusPosition_FW
0xff35efc4,j_GetCurrentShutterSpeed_FW
0xff3614c8,j_GetCurrentTargetDistance_FW
0xff360738,j_GetCurrentZoomLensPoint_FW
0xff360734,j_GetCurrentZoomLensPosition_FW
0xff360738,j_GetCurrentZoomPoint_FW
0xff360734,j_GetCurrentZoomPosition_FW
0xff366c68,j_GetDCPAdjOffset_FW
0xff187764,j_GetDialEventId_FW
0xff36a488,j_GetDISModeParameter_FW
0xff2ed89c,j_GetFixedPWMOutA_FW
0xff2ed8a0,j_GetFixedPWMOutB_FW
0xff3614c0,j_GetFocusDefaultResetPosition_FW
0xff2ebdb4,j_GetFocusLensCurrentPosition_FW
0xff2ebe98,j_GetFocusLensDriveVoltage_FW
0xff2ebf10,j_GetFocusLensHoldVoltage_FW
0xff2ebf80,j_GetFocusLensPullInMaxSpeed_FW
0xff2ebdbc,j_GetFocusLensResetDefaultPosition_FW
0xff2ebdb8,j_GetFocusLensResetPosition_FW
0xff2ebf4c,j_GetFocusLensResetVoltage_FW
0xff2ebed4,j_GetFocusLensSettingWaitVoltage_FW
0xff2ec288,j_GetFocusPiSensorLevel_FW
0xff3614c4,j_GetFocusResetPosition_FW
0xff2ec1bc,j_GetFocusStartZoomPosition_FW
0xff2ece24,j_GetGyro10BitDACPitch_FW
0xff2ece28,j_GetGyro10BitDACYaw_FW
0xff2ecdf4,j_GetGyroDataPitch_FW
0xff2ecdf8,j_GetGyroDataYaw_FW
0xff2ece54,j_GetGyroHPFINOffsetPitch_FW
0xff2ece58,j_GetGyroHPFINOffsetYaw_FW
0xff2ece5c,j_GetGyroHPFINPitch_FW
0xff2ece60,j_GetGyroHPFINYaw_FW
0xff2ec0b4,j_GetIrisAv_FW
0xff36a1c0,j_GetISGyro10BitDACPitch_FW
0xff36a1c8,j_GetISGyro10BitDACYaw_FW
0xff36a1a0,j_GetISGyroDataPitch_FW
0xff36a1a8,j_GetISGyroDataYaw_FW
0xff36a1d0,j_GetISGyroHPFINOffsetPitch_FW
0xff36a1d8,j_GetISGyroHPFINOffsetYaw_FW
0xff36a1b0,j_GetISGyroHPFINPitch_FW
0xff36a1b8,j_GetISGyroHPFINYaw_FW
0xff369cb8,j_GetISGyroPitchGain_FW
0xff369cb4,j_GetISGyroYawGain_FW
0xff369c0c,j_GetISHallDevicePitchGain_FW
0xff369c14,j_GetISHallDevicePitchOffset_FW
0xff369c08,j_GetISHallDeviceYawGain_FW
0xff369c10,j_GetISHallDeviceYawOffset_FW
0xff369f74,j_GetISLensCorrectedEViAaxis_FW
0xff369f78,j_GetISLensCorrectedEViBaxis_FW
0xff369f7c,j_GetISLensDampAaxis_FW
0xff369f80,j_GetISLensDampBaxis_FW
0xff369f6c,j_GetISLensEViAaxis_FW
0xff369f70,j_GetISLensEViBaxis_FW
0xff369d50,j_GetISPitchPWM_FW
0xff369f64,j_GetISShiftLensPitchPosition_FW
0xff369f68,j_GetISShiftLensYawPosition_FW
0xff369d4c,j_GetISYawPWM_FW
0xff187768,j_GetLcdPosition_FW
0xff2ec1b8,j_GetLensErrorStatus_FW
0xff2ec4dc,j_GetMechaShutterMoveTime_FW
0xff2ec4d8,j_GetMechaShutterStatus_FW
0xff365e7c,j_GetMovieJpegVRAMHPixelsSize_FW
0xff365e80,j_GetMovieJpegVRAMVPixelsSize_FW
0xff2ec628,j_GetNdMoveTime_FW
0xff05bb20,j_GetOpticalTemperature_FW
0xff18774c,j_GetSDDetect_FW
0xff187750,j_GetSDProtect_FW
0xff187738,j_GetSwitchStatus_FW
0xff366ba0,j_GetVBatVoltage_FW
0xff3655c8,j_GetVRAMHPixelsSize_FW
0xff3655cc,j_GetVRAMVPixelsSize_FW
0xff2dae18,j_GetZoomActuatorCurrentPosition_FW
0xff3608e4,j_GetZoomDrivingTime_FW
0xff2ec9c8,j_GetZoomLensCurrentPoint_FW
0xff2ec9cc,j_GetZoomLensCurrentPosition_FW
0xff2ec9d4,j_GetZoomLensMechaEdgePosition_FW
0xff2ec9d0,j_GetZoomLensTelePoint_FW
0xff2ec2ac,j_GetZoomPiSensorLevel_FW
0xff3608a8,j_GetZoomResetSensorLevel_FW
0xff3608a4,j_GetZoomTelePoint_FW
0xff057038,j_HdmiHpd5VOutput_FW
0xff257218,j_InitializeDefectRec_FW
0xff05bb34,j_IsBatteryTemperature_FW
0xff05bb30,j_IsCCDTemperature_FW
0xff361a98,j_IsFocusLensOutSidePosition_FW
0xff187770,j_IsHvSensorExist_FW
0xff2ec1b4,j_IsLensOutside_FW
0xff05bb2c,j_IsOpticalTemperature_FW
0xff2dae1c,j_IsZoomActuatorResetSensorPlusSide_FW
0xff360b60,j_IsZoomLensOutSidePosition_FW
0xff1876f4,j_LEDDrive_FW
0xff26fa7c,j_LiveImageTool.GetDzoomPosition_FW
0xff187b48,j_MemoryChecker_FW
0xff187b44,j_MonSelEvent_FW
0xff369f60,j_MoveISLensToCentralPosition_FW
0xff028758,j_NewTaskShell_FW
0xff0280cc,j_Open_FW
0xff087870,j_OpLog.WriteToROM_FW
0xff187bbc,j_Peek16_FW
0xff187bb8,j_Peek32_FW
0xff187bc0,j_Peek8_FW
0xff187b40,j_Printf_FW
0xff073c94,j_PT_GetDigitalZoomPosition_FW
0xff08fb8c,j_PTM_AllReset_FW
0xff08fff4,j_PTM_BackupUIProperty_FW
0xff08ff44,j_PTM_GetWorkingCaptureMode_FW
0xff08ffd8,j_PTM_IsEnableItem_FW
0xff08ffc0,j_PTM_NextItem_FW
0xff08ffc4,j_PTM_PrevItem_FW
0xff08ff48,j_PTM_SetCurrentItem_FW
0xff08ffdc,j_PTM_SetProprietyEnable_FW
0xff0286d8,j_PutsCameraLogEvent_FW
0xff0281d0,j_Read_FW
0xff363df4,j_ReloadAFAdjustment_FW
0xff35e43c,j_ReloadCdsAdjustment_FW
0xff3644e4,j_ReloadColorAdjustment_FW
0xff36437c,j_ReloadEfAdjustment_FW
0xff3614bc,j_ReloadFocusLensAdjustment_FW
0xff35f1cc,j_ReloadGetaAdjustment_FW
0xff35f1c8,j_ReloadIrisAdjustment_FW
0xff35f348,j_ReloadNdFilterAdjustment_FW
0xff3600d8,j_ReloadWBAdjustment_FW
0xff3607f0,j_ReloadZoomAdjustment_FW
0xff187b60,j_SDump_FW
0xff369f5c,j_SearchBCentralPosition_FW
0xff369f5c,j_SearchISLensCentralPosition_FW
0xff361ad0,j_SetFocusResetState_FW
0xff1876ec,j_SetStereoSeparation_FW
0xff360b6c,j_SetZoomResetState_FW
0xff0286cc,j_ShowCameraLog_FW
0xff0286d0,j_ShowCameraLogInfo_FW
0xff369c04,j_StartBDrive_FW
0xff369f54,j_StartBPanDrive_FW
0xff0286c8,j_StartCameraLog_FW
0xff369f4c,j_StartISAdjustmentDrive_FW
0xff369c04,j_StartISDrive_FW
0xff2eca0c,j_StartISLocalAutoCenter_FW
0xff2eca08,j_StartISLocalHallAdjust_FW
0xff369f54,j_StartISPanDrive_FW
0xff369c00,j_StopBDrive_FW
0xff369f58,j_StopBPanDrive_FW
0xff0286d4,j_StopCameraLog_FW
0xff3655d0,j_StopContinuousVRAMData_FW
0xff369f50,j_StopISAdjustmentDrive_FW
0xff369c00,j_StopISDrive_FW
0xff369f58,j_StopISPanDrive_FW
0xff0109d0,j_strcmp_FW
0xff25721c,j_TerminateDefectRec_FW
0xff188e5c,j_UIFS_CancelStoreLensTimer_FW
0xff188988,j_UIFS_Capture_FW
0xff18898c,j_UIFS_CaptureNoneStop_FW
0xff188e54,j_UIFS_GetNumberOfDisplayedImage_FW
0xff188954,j_UIFS_GetNumOfOptZoomPos_FW
0xff188e50,j_UIFS_IsAvailableShots_FW
0xff188950,j_UIFS_MoveZoomTo_FW
0xff188e58,j_UIFS_PlayTrimExecuteAllImageSize_FW
0xff188990,j_UIFS_StartMovieRecord_FW
0xff188994,j_UIFS_StopMovieRecord_FW
0xff1889bc,j_UIFS_WriteFirmInfoToFile_FW
0xff1876f0,j_VbattGet_FW
0xff187b4c,j_VerifyByte_FW
0xff0281d4,j_Write_FW
0xff2ed698,JumpToProgFirst_FW
0xff025864,kbd_p1_f
0xff025870,kbd_p1_f_cont
0xff025044,kbd_p2_f
0xff025814,kbd_read_keys
0xff0579c8,kbd_read_keys_r2
0xff1202b8,LcdCon_GetLcdAdjParameter_FW
0xff11ff28,LcdCon_GetLcdBackLightParameter_FW
0xff1204d8,LcdCon_GetLcdParameter_FW
0xff120340,LcdCon_SaveLcdAdjParameter_FW
0xff11ffac,LcdCon_SaveLcdBackLightParameter_FW
0xff120560,LcdCon_SaveLcdParameter_FW
0xff120208,LcdCon_SetLcdAdjParameter_FW
0xff11fea8,LcdCon_SetLcdBackLightBrightness_FW
0xff11fed4,LcdCon_SetLcdBackLightParameter_FW
0xff1201a8,LcdCon_SetLcdDriver_FW
0xff12035c,LcdCon_SetLcdParameter_FW
0xff120300,LcdCon_ShowLcdAdjParameter_FW
0xff11ff6c,LcdCon_ShowLcdBackLightParameter_FW
0xff120520,LcdCon_ShowLcdParameter_FW
0xff120698,LcdCon_StartLcdPeriodicalSetting_FW
0xff1206cc,LcdCon_StopLcdPeriodicalSetting_FW
0xff323b50,LCDMsg_ChangeColor_FW
0xff323994,LCDMsg_Create_FW
0xff323688,LCDMsg_Delete_FW
0xff323648,LCDMsg_Move_FW
0xff323a78,LCDMsg_SetNum_FW
0xff323a88,LCDMsg_SetStr_FW
0xff323a28,LCDMsg_SwDisp_FW
0xff057508,LEDDrive
0xff0575d4,LEDDrive_FW
0xff26fa0c,LiveImageTool.ChangeDzoom_FW
0xff26fa94,LiveImageTool.Dister_FW
0xff26f978,LiveImageTool.DzoomTele_FW
0xff26f998,LiveImageTool.DzoomWide_FW
0xff046068,LiveImageTool.GetDzoomPosition_FW
0xff26fa80,LiveImageTool.Jump_FW
0xff26f9ec,LiveImageTool.Pause_FW
0xff26f9fc,LiveImageTool.Resume_FW
0xff26f7f0,LiveImageTool.StartEVF_FW
0xff26f7fc,LiveImageTool.StartEVFFocusJet_FW
0xff26f808,LiveImageTool.StartEVFMF_FW
0xff26f954,LiveImageTool.StartEVFMovFULLHD_FW
0xff26f940,LiveImageTool.StartEVFMovHD_FW
0xff26f904,LiveImageTool.StartEVFMovQVGA_FW
0xff26f8f0,LiveImageTool.StartEVFMovVGA_FW
0xff26f9dc,LiveImageTool.StopDzoom_FW
0xff26f968,LiveImageTool.StopEVF_FW
0xff05dfe4,LoadAdjustmentTable_FW
0xff05e418,LoadAdjustmentValue_FW
0xff14dccc,LoadDataFromAdjTableBin_FW
0xff05e01c,LoadDefectAdjTable_FW
0xff14df1c,LoadFactoryIDData_FW
0xff366934,LoadFactoryNumber_FW
0xff14dbcc,LoadParamDataFromAdjTableBin_FW
0xff0833c0,LoadScript_FW
0xff366ab4,LoadSerialNumber_FW
0xff083b54,LocalTime
0xff129414,LockHdmiState_FW
0xff08f6b0,LockMainPower
0xff08f6b0,LockMainPower_FW
0xff0871a8,LogCameraEvent
0xff028240,Lseek
0xff028240,lseek
0xff028240,Lseek_FW
0xff2f0254,MakeBootDisk_FW
0xff0279b0,MakeDirectory_Fut
0xff2f0268,MakeScriptDisk_FW
0xff069f40,MakeSDCardBootable
0xff004200,malloc
0xff1874cc,Mecha.Create_FW
0xff2ed8f8,MechaCPUMemoryDump_FW
0xff2ed914,MechaCPUMemoryWrite_FW
0xff187540,MechaReset_FW
0xff18754c,MechaTerminate_FW
0xff187470,MechaUnRegisterEventProcedure_FW
0xff010a14,memcmp
0xff010a14,memcmp_FW
0xff03152c,memcpy
0xff03152c,memcpy_FW
0xff2ef7d8,MemoryChecker_FW
0xff234138,memset
0xff234138,memset_FW
0xff000dcc,memShow_FW
0xff256848,MergeAndConvertDefect_FW
0xff0284c0,mkdir
0xff0a8df0,mktime_ext
0xff2efddc,MonSelEvent_FW
0xff360cc0,MoveComputerZoomToPoint_FW
0xff08e79c,MoveControllerToTopOfZOrder_FW
0xff17a5e8,MoveCzPeakPositon_FW
0xff2eb070,MoveCZToPoint_FW
0xff2eb108,MoveCZToPointByOVF_FW
0xff2eb0d8,MoveCZToTele_FW
0xff2eb0a8,MoveCZToWide_FW
0xff382b2c,MoveDCMotorCCW_FW
0xff382aa4,MoveDCMotorCW_FW
0xff2eb784,MoveFocusActuator_FW
0xff361860,MoveFocusDistance_FW
0xff361860,MoveFocusLensToDistance
0xff361860,MoveFocusLensToDistance_FW
0xff36174c,MoveFocusLensToPosition_FW
0xff361634,MoveFocusLensToPositionWithMaxSpeed_FW
0xff361678,MoveFocusLensToPositionWithSpeed_FW
0xff2eb340,MoveFocusLensToTerminate_FW
0xff361550,MoveFocusLensToTerminatePosition_FW
0xff2eb39c,MoveFocusLensWithDistance_FW
0xff2eb4a4,MoveFocusLensWithPosition_FW
0xff2eb5bc,MoveFocusLensWithPositionImmediateReturn_FW
0xff2eb678,MoveFocusLensWithPositionWithoutBacklash_FW
0xff361798,MoveFocusPosition_FW
0xff361550,MoveFocusToTerminate_FW
0xff35f2d4,MoveIrisFullClose_FW
0xff35f2a0,MoveIrisFullOpen_FW
0xff35f17c,MoveIrisToAv_FW
0xff2ec05c,MoveIrisToTerminatePosition_FW
0xff2ec064,MoveIrisWithAv
0xff2ec064,MoveIrisWithAv_FW
0xff2ec08c,MoveIrisWithAvWithoutBacklash_FW
0xff369bd8,MoveISLensToBottomLimitPosition_FW
0xff0727e4,MoveISLensToCentralPosition_FW
0xff369bc4,MoveISLensToLeftLimitPosition_FW
0xff369bb0,MoveISLensToRightLimitPosition_FW
0xff369bec,MoveISLensToTopLimitPosition_FW
0xff2ec134,MoveLensToFirstPoint_FW
0xff2ec17c,MoveLensToTerminatePoint_FW
0xff2dadb0,MoveZoomActuator_FW
0xff2ec8a8,MoveZoomLensToMechaEdge_FW
0xff361244,MoveZoomLensToMechaEnd_FW
0xff360c84,MoveZoomLensToPoint_FW
0xff360c48,MoveZoomLensToPosition_FW
0xff361320,MoveZoomLensToPositionByManual_FW
0xff2ec868,MoveZoomLensToTerminatePosition_FW
0xff2ec798,MoveZoomLensWithPoint
0xff2ec798,MoveZoomLensWithPoint_FW
0xff2ec7dc,MoveZoomLensWithPointImmediateReturn_FW
0xff2ec824,MoveZoomLensWithPosition_FW
0xff360c84,MoveZoomPoint_FW
0xff360c48,MoveZoomPosition_FW
0xff0e0224,MovieAF.Resume_FW
0xff0e0210,MovieAF.Suspend_FW
0xff089cdc,NewTaskShell
0xff089d3c,NewTaskShell_FW
0xff36a6b4,NotifyISMacroDistance_FW
0xff23c44c,NR_GetDarkSubType
0xff23c384,NR_SetDarkSubType
0xff18ec34,NR_SetDoubleNRType_FW
0xff18ec20,NR_SetLotasPonyType_FW
0xff23c44c,NRTBL.GetDarkSubType_FW
0xff23c4ac,NRTBL.GetDefectCorrectType_FW
0xff23c384,NRTBL.SetDarkSubType_FW
0xff23c420,NRTBL.SetDefectCorrectType_FW
0xff23c48c,NRTBL.SetTassenType_FW
0xff187728,OffPrintPhySw_FW
0xff35ffa8,OneShotWhigeBalance_FW
0xff35ffa8,OneTypeWhiteBalance_FW
0xff187718,OnPrintPhySw_FW
0xff027f5c,Open
0xff00ab14,open
0xff027f5c,Open_FW
0xff00f828,OpenConsole_FW
0xff2c9864,OpenFastDir
0xff028260,OpenForScrip_FW
0xff2ec3c8,OpenMechaShutter_FW
0xff35f458,OpenMShutter_FW
0xff0286dc,OpLog.Create_FW
0xff088284,OpLog.Get_FW
0xff0882a4,OpLog.GetUsrSet_FW
0xff088364,OpLog.Play_FW
0xff0878a4,OpLog.ReadFromROM_FW
0xff08790c,OpLog.ReadFromSD_FW
0xff08857c,OpLog.Start_FW
0xff087814,OpLog.Stop_FW
0xff08865c,OpLog.Terminate_FW
0xff087840,OpLog.WriteToROM_FW
0xff087d3c,OpLog.WriteToSD_FW
0xff14e390,OutputLogToFile_FW
0xff0927cc,PB2Rec
0xff2efd28,Peek16_FW
0xff2efd20,Peek32_FW
0xff2efd30,Peek8_FW
0xff2565e8,PointDefDetect_FW
0xff256c6c,PointKizuCheck_FW
0xff187b98,Poke16_FW
0xff187b88,Poke32_FW
0xff187ba8,Poke8_FW
0xff08efb0,PostEventShootSeqToUI_FW
0xff08eda4,PostLogicalEventForNotPowerType
0xff08eda4,PostLogicalEventForNotPowerType_FW
0xff08edf0,PostLogicalEventToUI
0xff08edf0,PostLogicalEventToUI_FW
0xff02b460,PostMessageQueue
0xff02bc8c,PostMessageQueueStrictly
0xff364a78,PreFixAE_FW
0xff05e72c,PrintAdjKabotanInfo_FW
0xff05e43c,PrintAdjTableMap_FW
0xff14bf8c,PrintAllAEIntegData_FW
0xff0833b4,Printf_FW
0xff14e100,PrintFaexeVersioin_FW
0xff14e0cc,PrintFirmVersion_FW
0xff363ec4,PrintMultiWinScanTable_FW
0xff363e30,PrintScanTable_FW
0xff073c98,PT_ChangeZoomSpeed_FW
0xff073a88,PT_CompleteCaptModeChange_FW
0xff073a98,PT_CompleteCharge_FW
0xff073aa0,PT_CompleteFileWrite_FW
0xff073a50,PT_CompletePreCapt_FW
0xff073a70,PT_CompleteStopDigZoom_FW
0xff073a68,PT_CompleteStopZoom_FW
0xff073a78,PT_CompleteStoreLens_FW
0xff073a90,PT_CompleteSynchroWrite_FW
0xff073ccc,PT_DoAELock_FW
0xff073cac,PT_DoAFLock_FW
0xff073ab0,PT_EraseAllFile_FW
0xff029654,PT_GetDigitalZoomPosition_FW
0xff073c80,PT_GetDigitalZoomTele_FW
0xff073b94,PT_GetPropertyCaseInt_FW
0xff073d1c,PT_MFOff_FW
0xff073d0c,PT_MFOn_FW
0xff073b48,PT_mod_FW
0xff073c6c,PT_MoveDigitalZoomAt_FW
0xff073c4c,PT_MoveDigitalZoomToTele_FW
0xff073c5c,PT_MoveDigitalZoomToWide
0xff073c5c,PT_MoveDigitalZoomToWide_FW
0xff073c34,PT_MoveOpticalZoomAt
0xff073c34,PT_MoveOpticalZoomAt_FW
0xff073c0c,PT_MoveOpticalZoomToTele_FW
0xff073c20,PT_MoveOpticalZoomToWide_FW
0xff073a80,PT_MovieRecordStopped_FW
0xff073a60,PT_NextShootAvailable_FW
0xff07e868,PT_PlaySound
0xff073a58,PT_RecreviewAvailable_FW
0xff073b6c,PT_SetPropertyCaseInt_FW
0xff073aa8,PT_ShootPicture_FW
0xff073cdc,PT_UnlockAE_FW
0xff073cbc,PT_UnlockAF_FW
0xff1b3e6c,PTM_AllReset_FW
0xff08fb7c,PTM_AllResetToFactorySetting_FW
0xff1b4b8c,PTM_BackupUIProperty_FW
0xff08ff54,PTM_GetCurrentItem_FW
0xff1b41cc,PTM_GetWorkingCaptureMode_FW
0xff1b4ac0,PTM_IsEnableItem_FW
0xff1b44fc,PTM_NextItem_FW
0xff1b4504,PTM_PrevItem_FW
0xff08fff8,PTM_RestoreUIProperty_FW
0xff08fe18,PTM_SetCurrentCaptureMode_FW
0xff1b41e4,PTM_SetCurrentItem_FW
0xff1b4878,PTM_SetProprietyEnable_FW
0xff2ec570,PutInNdFilter
0xff35f360,PutInNdFilter_FW
0xff2ec594,PutOutNdFilter
0xff35f398,PutOutNdFilter_FW
0xff086e80,PutsCameraLogEvent_FW
0xff342d88,qsort
0xff0fa030,QuietImager_FW
0xff234274,rand
0xff00ad68,Read
0xff00ad68,read
0xff00ad68,Read_FW
0xff2c99b8,ReadFastDir
0xff2341b4,realloc
0xff2ceef8,reboot_fw_update
0xff09280c,Rec2PB
0xff2ec2f4,ReceiveMechaCircuitDataAll_FW
0xff02b314,ReceiveMessageQueue
0xff02bc60,ReceiveMessageQueueStrictly
0xff05e714,RefreshAdjustmentTableMirror_FW
0xff05e724,RefreshDefectTableMirror_FW
0xff0a6da4,RefreshPhysicalScreen
0xff36459c,RegistColorMatrix_FW
0xff086194,RegisterEventProcedure
0xff00ea7c,RegisterInterruptHandler
0xff063edc,RegistFirmScanNoticeCBR_FW
0xff0820ac,ReleaseRecursiveLock
0xff0402b0,ReloadAFAdjustment_FW
0xff0fb400,ReloadCdsAdjustment_FW
0xff272cec,ReloadColorAdjustment_FW
0xff368228,ReloadDefectAdjustmentData_FW
0xff2616ac,ReloadEfAdjustment_FW
0xff17be08,ReloadFocusLensAdjustment_FW
0xff17cad8,ReloadGetaAdjustment_FW
0xff17cac4,ReloadIrisAdjustment_FW
0xff36a334,ReloadISAdjustment_FW
0xff17f388,ReloadNdFilterAdjustment_FW
0xff3681f0,ReloadShadingAdjustmentData_FW
0xff0d4bec,ReloadWBAdjustment_FW
0xff180234,ReloadZoomAdjustment_FW
0xff2ab8cc,RemoveTransparentMemory_FW
0xff0278a8,RenameFile_Fut
0xff3618c8,ResetFocus_FW
0xff2eb26c,ResetFocusLens
0xff2eb26c,ResetFocusLens_FW
0xff2ec038,ResetIris_FW
0xff0636d4,ResetRegistNoticeCBR_FW
0xff360bac,ResetZoom_FW
0xff2ec6ec,ResetZoomLens
0xff2ec6ec,ResetZoomLens_FW
0xff2ec718,ResetZoomLensToFirst_FW
0xff2ec758,ResetZoomLensToTermiante_FW
0xff360cfc,ResetZoomToAdjFirstPoint_FW
0xff360d40,ResetZoomToAdjTerminatePoint_FW
0xff360be0,ResetZoomToFirst_FW
0xff360be0,ResetZoomToFirstPoint_FW
0xff360c14,ResetZoomToTerminate_FW
0xff360c14,ResetZoomToTerminatePoint_FW
0xff02d620,Restart
0xff089378,RomCheckSum_FW
0xff00f4a8,RotateConsoleZOder_FW
0xff05e364,SaveAdjustmentTable_FW
0xff05e3e4,SaveAdjustmentValue_FW
0xff366264,SaveBatSenseOffsetAdjustmentTable_FW
0xff189ce0,SaveBmpVRAMData_FW
0xff05e3cc,SaveDefectAdjTable_FW
0xff14defc,SaveFactoryIDData_FW
0xff366ba4,SaveFactoryReserveData_FW
0xff361b64,SaveFocusResetPulse_FW
0xff366760,SaveFromImage_FW
0xff18a03c,SavePaletteData
0xff18a03c,SavePaletteData_FW
0xff12fd10,Scene.ForbidContiSceneDetect_FW
0xff12fd3c,Scene.TestSunset_FW
0xff0a7f9c,ScreenLock
0xff0a8000,ScreenUnlock
0xff2efad8,SDump_FW
0xff07277c,SearchBCentralPosition_FW
0xff07277c,SearchISLensCentralPosition_FW
0xff362804,SelectAdjBPFilter_FW
0xff2ed0cc,SelectPositionSignal_FW
0xff2ec2d0,SendMechaCircuitData_FW
0xff256cc8,SensDefCrowdCheck_FW
0xff08f0ec,set_control_event
0xff3649fc,SetAdj_AEMode_FW
0xff14d568,SetAdjAEIntegSmearLimitter_FW
0xff362d70,SetAdjAFIntegCrwAdd_FW
0xff362824,SetAdjAFWinPos_FW
0xff35e568,SetAdjCdsMode_FW
0xff3648d4,SetAE_CdsGainValue_FW
0xff364798,SetAE_ShutterSpeed
0xff364798,SetAE_ShutterSpeed_FW
0xff14d560,SetAEIntegAverageOBData_FW
0xff14c8f0,SetAEIntegCorrectProperty_FW
0xff14c98c,SetAEIntegralGetaTime_FW
0xff14c94c,SetAEIntegralValueProperty_FW
0xff14c868,SetAEIntegStrobeProperty_FW
0xff14d1bc,SetAEIntegValueBit_FW
0xff14d168,SetAEIntegWindowsMode_FW
0xff08f724,SetAutoShutdownTime
0xff08f724,SetAutoShutdownTime_FW
0xff362864,SetBPFilterForBP_FW
0xff35e458,SetCDSGain_FW
0xff35e550,SetCDSGainStep_FW
0xff35e458,SetCdsGainValue_FW
0xff35e4a4,SetCdsPreGainReg_FW
0xff097c44,SetCurrentCaptureModeType
0xff097c44,SetCurrentCaptureModeType_FW
0xff17a608,SetCzDebugFocusMode_FW
0xff17a600,SetCzDebugSubjectDistance_FW
0xff36627c,SetDate_FW
0xff366480,SetDay_FW
0xff382bb4,SetDCMotorWaitTime_FW
0xff14d5f0,SetDefaultAEIntegSmearLimitter_FW
0xff1508fc,SetDefaultRecParameter_FW
0xff25707c,SetDefectRecParam_FW
0xff35e3f8,SetDeltaCDSGain_FW
0xff2ed3f8,SetDISModeParam_FW
0xff36a468,SetDISModeParameter_FW
0xff2ed6e4,SetDspDataEndAddress_FW
0xff2ed6f8,SetDspProgEndAddress_FW
0xff026d20,SetDUIDFixFlag_FW
0xff026ba4,SetDurianMode_FW
0xff081d00,SetEventFlag
0xff364374,SetExStrobeMode_FW
0xff026e20,SetFactoryMasterFlag_FW
0xff026e50,SetFactoryMasterROMProtection_FW
0xff026ca8,SetFactoryMode_FW
0xff366924,SetFactorySerialNumber_FW
0xff2ab724,SetFaexeEventTableActivation_FW
0xff028428,SetFileAttributes
0xff0283b0,SetFileTimeStamp
0xff2ed6d0,SetFirmEndAddress_FW
0xff2ed6bc,SetFirmSRDYWait_FW
0xff2ed874,SetFixedPWMOutA_FW
0xff2ed888,SetFixedPWMOutB_FW
0xff2eb9b4,SetFocusLensAccelerationTable_FW
0xff2ebb40,SetFocusLensCondition_FW
0xff2ebb2c,SetFocusLensDefaultPullOutTable_FW
0xff2ebe9c,SetFocusLensDriveVoltage_FW
0xff2ebf14,SetFocusLensHoldVoltage_FW
0xff2ebc94,SetFocusLensMaxSpeedLimit_FW
0xff2ebed8,SetFocusLensSettingWaitVoltage_FW
0xff2ebab8,SetFocusLensSlowdownTable_FW
0xff2eb884,SetFocusLensSpeed_FW
0xff2eb900,SetFocusLensSpeedTable_FW
0xff2d731c,SetFocusResetState_FW
0xff2ecdfc,SetGyro10BitDACPitch_FW
0xff2ece10,SetGyro10BitDACYaw_FW
0xff2ece7c,SetGyroFilterChargeStart_FW
0xff2ece94,SetGyroFilterChargeStop_FW
0xff2ece2c,SetGyroHPFINOffsetPitch_FW
0xff2ece40,SetGyroHPFINOffsetYaw_FW
0xff3664e8,SetHour_FW
0xff08589c,SetHPTimerAfterNow
0xff08591c,SetHPTimerAfterTimeout
0xff187754,SetIgnoreAVJACK_FW
0xff366274,SetImageMode_FW
0xff366250,SetInputVoltage_FW
0xff2ed44c,SetISAdjData_FW
0xff2ed45c,SetISCenterShiftA_FW
0xff2ed470,SetISCenterShiftB_FW
0xff2ed038,SetISControlType_FW
0xff2ed3a8,SetISCrossTalkCompA1_FW
0xff2ed3bc,SetISCrossTalkCompA2_FW
0xff2ed3d0,SetISCrossTalkCompB1_FW
0xff2ed3e4,SetISCrossTalkCompB2_FW
0xff36a510,SetISCrossTalkCompCoeff_FW
0xff369f8c,SetISCutOffFreqIndex_FW
0xff2eca34,SetISDriveAaxis_FW
0xff2eca48,SetISDriveBaxis_FW
0xff2ed5c8,SetISFocusLensDistance_FW
0xff36a138,SetISGyro10BitDACPitch_FW
0xff36a154,SetISGyro10BitDACYaw_FW
0xff36a264,SetISGyroCompensationMode_FW
0xff36a1e8,SetISGyroFilterCharge_FW
0xff2ecae4,SetISGyroGainAaxis_FW
0xff2ecaf8,SetISGyroGainBaxis_FW
0xff2ecb0c,SetISGyroGainbyAxisType_FW
0xff36a170,SetISGyroHPFINOffsetPitch_FW
0xff36a18c,SetISGyroHPFINOffsetYaw_FW
0xff369e30,SetISGyroPitchGain_FW
0xff369e44,SetISGyroPitchOffset_FW
0xff369e00,SetISGyroYawGain_FW
0xff369e40,SetISGyroYawOffset_FW
0xff2ed1c0,SetISHallAmpFirstGain_FW
0xff369e9c,SetISHallDevicePitchGain_FW
0xff369f00,SetISHallDevicePitchOffset_FW
0xff369e6c,SetISHallDeviceYawGain_FW
0xff369ed0,SetISHallDeviceYawOffset_FW
0xff2ecaa0,SetISHallGainAaxis_FW
0xff2ecab4,SetISHallGainBaxis_FW
0xff2ecac8,SetISHallGainbyAxisType_FW
0xff2eca5c,SetISHallOffsetAaxis_FW
0xff2eca70,SetISHallOffsetBaxis_FW
0xff2eca84,SetISHallOffsetbyAxisType_FW
0xff2ed0f0,SetISHPFCutoff_FW
0xff369f8c,SetISHPFCutOffFreqIndex_FW
0xff36a448,SetISLensPWMMode_FW
0xff2ed158,SetISLPFAaxis_FW
0xff2ed16c,SetISLPFBaxis_FW
0xff369f9c,SetISLPFCutOffFreqAaxis_FW
0xff369fac,SetISLPFCutOffFreqBaxis_FW
0xff36a6a0,SetISMacroMode_FW
0xff2ed05c,SetISMovieStatus_FW
0xff369db8,SetISPitchPWM_FW
0xff2ed04c,SetISStillStatus_FW
0xff2ece64,SetISTuningFlag_FW
0xff36a210,SetISTuningMode_FW
0xff36a244,SetISTuningOff_FW
0xff369dcc,SetISYawPWM_FW
0xff366710,SetLangMenuType_FW
0xff2ec1e0,SetLensOutsideFlag_FW
0xff14d534,SetLineDefMarkThroughMode_FW
0xff08f42c,SetLogicalEventActive
0xff36a414,SetLoopGain_FW
0xff2ed284,SetLoopGainAdjValue_FW
0xff369fc0,SetLPFForParallelFilter_FW
0xff2ed080,SetLPFParallelBest_FW
0xff36a63c,SetMacroISGain_FW
0xff2ed610,SetMacroISGainA_FW
0xff2ed624,SetMacroISGainB_FW
0xff2ec424,SetMechaShutterCloseDacSetting_FW
0xff2ec4e0,SetMechaShutterMoveTime_FW
0xff2ec474,SetMechaShutterOpenDacSetting_FW
0xff2ec4c4,SetMechaShutterWaitTimeSetting_FW
0xff36654c,SetMinute_FW
0xff366424,SetMonth_FW
0xff2ec640,SetNdDriveVoltageSetting_FW
0xff2ec62c,SetNdMoveTime_FW
0xff35e450,SetObClamp_FW
0xff35e450,SetObClampValue_FW
0xff35ff28,SetOneShotWBParam_FW
0xff35ff28,SetOneTypeWBParam_FW
0xff1b4b8c,SetParameterData
0xff382a5c,SetPMByGpio_FW
0xff2ed774,SetPoweredISOFF_FW
0xff2ed760,SetPoweredISON_FW
0xff366c00,SetProductVolume_FW
0xff08a1d4,SetPropertyCase
0xff187708,SetRawSWCheckMode_FW
0xff360034,SetReferenceWBGainForCalibration_FW
0xff3624b4,SetScanLensIndex_FW
0xff3625b8,SetScanWindowMode_FW
0xff08f47c,SetScriptMode
0xff08f47c,SetScriptMode_FW
0xff1876bc,SetSDPwrPort_FW
0xff3665b0,SetSecond_FW
0xff35e4f4,SetSensorPreGain_FW
0xff35f040,SetShutterSpeed_FW
0xff35eff0,SetShutterSpeedWithMecha_FW
0xff00eabc,SetSR
0xff059b68,SetStereoSeparation_FW
0xff063334,SetTestRecSkimmingYUV_FW
0xff02c1dc,SetTimerAfter
0xff02c25c,SetTimerWhen
0xff360060,SetToolCorrectCoefficient_FW
0xff365024,SetVideoOutType_FW
0xff368204,SetWBTemperature_FW
0xff35fff8,SetWBYlStandardWidth_FW
0xff14d0f0,SetWhiteCoefficient_FW
0xff3663c4,SetYear_FW
0xff2dadf0,SetZoomActuatorSpeedPPS_FW
0xff360f94,SetZoomCommonDriveParam_FW
0xff360ea0,SetZoomDriveParam_FW
0xff2ec960,SetZoomLensDriveAmpereDac_FW
0xff360e24,SetZoomLensEncoderPowerControl_FW
0xff2ec944,SetZoomLensSpeedMode_FW
0xff360f38,SetZoomNormalDriveParam_FW
0xff369f10,SetZoomPointToIS_FW
0xff2ecf44,SetZoomPosition_FW
0xff360eec,SetZoomResetDriveParam_FW
0xff1814a0,SetZoomResetState_FW
0xff360e2c,SetZoomSpeedMode_FW
0xff187bd8,ShowAllTaskInfo_FW
0xff086f30,ShowCameraLog_FW
0xff086ec4,ShowCameraLogInfo_FW
0xff364740,ShowCurrentExp_FW
0xff05de68,ShowDefaultAdjTableVersion_FW
0xff2ebc30,ShowFocusLensCurrentSpeedTable_FW
0xff08f00c,ShowLogicalEventName_FW
0xff187558,ShowMechaMacro_FW
0xff1876f8,ShowPhySwStatus_FW
0xff18773c,ShowSDStatus_FW
0xff2ab7fc,ShowTransparentMemory_FW
0xff08b150,ShutdownPlayModeMenu_FW
0xff08b29c,ShutdownPlayModeMenuWithoutPbRedraw_FW
0xff08aefc,ShutdownRecModeMenu_FW
0xff364ca8,SleepAE_FW
0xff02baac,SleepTask
0xff02baac,SleepTask_FW
0xff010934,sprintf_FW
0xff234268,srand
0xff073d2c,SS.Create_FW
0xff2342a4,sscanf_FW
0xff362d60,StartAdjAFInteg_FW
0xff362a30,StartAdjAFService_FW
0xff14d528,StartAEIntegralService_FW
0xff072694,StartBDrive_FW
0xff0726ac,StartBPanDrive_FW
0xff086f80,StartCameraLog_FW
0xff35eee4,StartCaptureDrive_FW
0xff3634a4,StartCrwCustomScan_FW
0xff363434,StartCustomScan_FW
0xff17a5e0,StartCzTuning_FW
0xff365348,StartEVFDrive_FW
0xff365304,StartEVFDriveWithMode_FW
0xff026f3c,StartFactoryModeController_FW
0xff2ed938,StartImStEventProc_FW
0xff36a5cc,StartISAdjustMacro_FW
0xff072694,StartISAdjustmentDrive_FW
0xff072694,StartISDrive_FW
0xff2ec9f8,StartISLocalAdjust_FW
0xff0726d0,StartISLocalAutoCenter_FW
0xff072710,StartISLocalHallAdjust_FW
0xff0726ac,StartISPanDrive_FW
0xff14e7f4,StartLogOut_FW
0xff2ed1fc,StartLoopGainCalc_FW
0xff2ed4ec,StartMacroISAdjust_FW
0xff2ed4dc,StartMacroISContiMode_FW
0xff08adf4,StartPlayModeMenu_FW
0xff08ae10,StartRecModeMenu
0xff08ae10,StartRecModeMenu_FW
0xff010124,StartRedirectUART_FW
0xff2abed4,StartSoundPlay_FW
0xff2abe9c,StartSoundRecord_FW
0xff088ef8,StartWDT_FW
0xff028288,stat
0xff362d04,StopAdjAFInteg_FW
0xff362b40,StopAdjAFService_FW
0xff14d1e4,StopAEIntegralService_FW
0xff0726a0,StopBDrive_FW
0xff0726b8,StopBPanDrive_FW
0xff087148,StopCameraLog_FW
0xff35e698,StopCaptureDrive_FW
0xff046d84,StopContinuousVRAMData_FW
0xff3633cc,StopCustomScan_FW
0xff2eb138,StopCZ_FW
0xff365054,StopEVFDrive_FW
0xff36a624,StopISAdjustMacro_FW
0xff0726a0,StopISAdjustmentDrive_FW
0xff0726a0,StopISDrive_FW
0xff0726b8,StopISPanDrive_FW
0xff14e49c,StopLogOut_FW
0xff2ed348,StopLoopGainCalc_FW
0xff2ed4fc,StopMacroISAdjust_FW
0xff010238,StopRedirectUART_FW
0xff364434,StopStrobeChargeForFA_FW
0xff088f58,StopWDT_FW
0xff360b68,StopZoomEmergency_FW
0xff0a85a8,strcat
0xff0040cc,strchr
0xff0109d0,strcmp
0xff0109f8,strcmp_FW
0xff0109b8,strcpy
0xff0109b8,strcpy_FW
0xff0a87f0,strftime
0xff004118,strlen
0xff004118,strlen_FW
0xff004080,strncmp
0xff004044,strncpy
0xff0040f0,strrchr
0xff03182c,strtol
0xff031630,strtolx
0xff364f58,SwitchOffDisplay_FW
0xff364f8c,SwitchOnDisplay_FW
0xff1882d0,System.Create_FW
0xff187be8,System.Delete_FW
0xff02b730,TakeSemaphore
0xff02b730,TakeSemaphore_FW
0xff02bc34,TakeSemaphoreStrictly
0xff0e1988,task_AfIntSrvTask
0xff03e538,task_AFTask
0xff05adac,task_ASIF
0xff131228,task_AutoShutterMan
0xff2e9ac8,task_AviRead
0xff022a98,task_BatteryTask
0xff056640,task_BeepTask
0xff0b8b34,task_BrtMsrTask
0xff02d464,task_Bye
0xff0769f8,task_CaptSeq
0xff0769f8,task_CaptSeqTask
0xff0d83e4,task_ChaseFrame
0xff12f9c0,task_ChaseTask
0xff006170,task_ClockSave
0xff262034,task_CntFlashTask
0xff093054,task_CommonDrivers
0xff147980,task_CorctTask
0xff18d22c,task_CreateHeaderTask
0xff08dd50,task_CtrlSrv
0xff2cc654,task_DecJpgRd
0xff0d6d58,task_DetectMoveTask
0xff0dccb8,task_DevelopModule
0xff0dacc4,task_DispFace
0xff1601d8,task_DPOFTask
0xff09d864,task_DSITask
0xff078854,task_DvlpSeqTask
0xff0ddf10,task_EFChargeT
0xff37f6e8,task_EfctConLowTask
0xff37f544,task_EfctConTask
0xff089c28,task_EvShel
0xff0c0e24,task_ExpDrv
0xff248ce8,task_ExpDrvSubTask
0xff0c0e24,task_ExpDrvTask
0xff09d454,task_FaceFrame
0xff14a7b4,task_Fencing
0xff2c67b0,task_FileScheduleTask
0xff2c77b0,task_FileWrite
0xff2c77b0,task_FileWriteTask
0xff2cb86c,task_FilYuvMaker
0xff2d48b8,task_FocusEvent
0xff2c8f3c,task_FORMAT_TASK_NAME
0xff2c8d5c,task_FORMAT_TASK_PROGRESS
0xff03c05c,task_FrameTask
0xff0666a0,task_FsIoNotifyTask
0xff056c64,task_HecMngTask
0xff3814e8,task_ImgDLight
0xff1710e8,task_ImgEdt
0xff06e514,task_ImgPlayDrv
0xff172034,task_ImgTrim
0xff09301c,task_InitFileModules
0xff071af8,task_ISMainTask
0xff1205a8,task_LcdConTask
0xff05712c,task_LEDCon
0xff06fe84,task_LensController
0xff106c9c,task_LiveImageTask
0xff12fb1c,task_MainTargetTask
0xff071684,task_MechaAlarm
0xff17d0e8,task_MechaCom
0xff17ee60,task_MechaCPUTransfer
0xff2dce64,task_MechaNCTask
0xff2d84b8,task_MechaShutter
0xff1596ec,task_MetaCtg
0xff131f30,task_MotionVector
0xff2e80a4,task_MovEdit
0xff186748,task_MovieRecord
0xff2df220,task_MovPlay
0xff3865c0,task_MovRead
0xff2e2fc8,task_MovWrite
0xff2d8f40,task_Nd
0xff116400,task_NormalThumbCache
0xff0d54d0,task_OBCtrlTask
0xff087640,task_OpePlay
0xff0253a8,task_PhySw
0xff109044,task_PrcssFil
0xff277890,task_PTPtoFAPI_EventProcTask_Block
0xff2777ec,task_PTPtoFAPI_EventProcTask_Try
0xff39aa94,task_ReadFileTask
0xff308ee8,task_ReadMultiConTask
0xff378628,task_ReadScheduleTask
0xff06f884,task_RedEyeCapt
0xff174314,task_RedEyePly
0xff12f0c4,task_SceneDetectTask
0xff06a058,task_SD1stInit
0xff18c248,task_ShutterSoundTask
0xff0fbe00,task_SsgMainTask
0xff0fbfb0,task_SsgPeriodTask
0xff07e200,task_SsTask
0xff00fd28,task_Startup
0xff02df08,task_StartupImage
0xff10a458,task_SynchTask
0xff10a3c4,task_SyncPeriod
0xff0ff894,task_TgTask
0xff05b6d8,task_Thermometer
0xff10c778,task_TimerUtility
0xff183e18,task_TmgGen
0xff11a0cc,task_TrnsCtrlTask
0xff00ff80,task_UartLog
0xff039a34,task_WBCtrl
0xff0b0ff0,task_WBIntegTask
0xff0d1b04,task_WBLPFace
0xff088d84,task_WdtPrint
0xff088e38,task_WdtReset
0xff2d9af0,task_ZoomActuatorSpeedCheck
0xff2d9c90,task_ZoomEvent
0xff189adc,TerminateAdjustmentSystem_FW
0xff063478,Terminatedccd_FW
0xff36827c,TerminateDefectAdjustment_FW
0xff348c08,TerminateDefectRec_FW
0xff063478,TerminateDigicon_FW
0xff2ac078,TerminateFAExtendFile_FW
0xff2ac060,TerminateFAGeneralTest_FW
0xff3685c0,TerminateMechaDevice_FW
0xff2abf5c,TerminateSoundRec_FW
0xff06289c,TerminateTestRec_FW
0xff084130,time
0xff02b518,TryPostMessageQueue
0xff02b3dc,TryReceiveMessageQueue
0xff02b6dc,TryTakeSemaphore
0xff09f01c,TurnOffBackLight
0xff053630,TurnOffDisplay
0xff02d3b0,TurnOffE1_FW
0xff2ec594,TurnOffNdFilter_FW
0xff2ec5f0,TurnOffNdFilterWithTiming_FW
0xff059664,TurnOffVideoOutMode_FW
0xff09f004,TurnOnBackLight
0xff053620,TurnOnDisplay
0xff2ec570,TurnOnNdFilter_FW
0xff2ec5b8,TurnOnNdFilterWithTiming_FW
0xff05962c,TurnOnVideoOutMode_FW
0xff1899a4,UI.Create_FW
0xff188e60,UI.CreatePublic_FW
0xff1899a4,UI_RegistDebugEventProc_FW
0xff189990,UI_ShowStateOfRecMode_FW
0xff08f42c,UiEvnt_SetLogicalEventActive_FW
0xff08f4e0,UiEvnt_StartDisguiseCradleStatus_FW
0xff08f4f0,UiEvnt_StopDisguiseCradleStatus_FW
0xff0925bc,UIFS_CancelStoreLensTimer_FW
0xff1bf66c,UIFS_Capture_FW
0xff1bf740,UIFS_CaptureNoneStop_FW
0xff188a88,UIFS_ChangeShootState_FW
0xff188860,UIFS_ClosePopupStrobe_FW
0xff1888f0,UIFS_ConnectVideo_FW
0xff188920,UIFS_DisconnectVideo_FW
0xff1889a8,UIFS_EndClockMode_FW
0xff188cdc,UIFS_GetAvItem_FW
0xff188b08,UIFS_GetAvItemCount_FW
0xff188d4c,UIFS_GetCurrentAvString_FW
0xff188dcc,UIFS_GetCurrentTvString_FW
0xff188ad0,UIFS_GetLastPath_FW
0xff1889c0,UIFS_GetMovieRecoadableNumber_FW
0xff1f6e98,UIFS_GetNumberOfDisplayedImage_FW
0xff1c08f0,UIFS_GetNumOfOptZoomPos_FW
0xff188a08,UIFS_GetStillShotableNumber_FW
0xff188d14,UIFS_GetTvItem_FW
0xff188b78,UIFS_GetTvItemCount_FW
0xff1885dc,UIFS_IsAutoPopupDownStrobe_FW
0xff1885e4,UIFS_IsAvailableAvTvMode_FW
0xff1885c4,UIFS_IsAvailableMovieRecDigZoom_FW
0xff1885bc,UIFS_IsAvailableMovieRecOptZoom_FW
0xff1885d4,UIFS_IsAvailableRecMenuAFMode_FW
0xff1885cc,UIFS_IsAvailableServoAF_FW
0xff098c94,UIFS_IsAvailableShots_FW
0xff188890,UIFS_MountExtFlash_FW
0xff1c0a04,UIFS_MoveZoomTo_FW
0xff188830,UIFS_OpenPopupStrobe_FW
0xff311dbc,UIFS_PlayTrimExecuteAllImageSize_FW
0xff188960,UIFS_PostModeDial_FW
0xff18895c,UIFS_RestartPostingUIEvent_FW
0xff188794,UIFS_SetCaptureModeToP_FW
0xff1889b8,UIFS_SetCradleSetting_FW
0xff1887d8,UIFS_SetDialMovieRec_FW
0xff188810,UIFS_SetDialPlay_FW
0xff188774,UIFS_SetDialStillRec_FW
0xff188aac,UIFS_ShootSeqToUI_FW
0xff188998,UIFS_StartClockMode_FW
0xff09c7ac,UIFS_StartMovieRecord_FW
0xff09c7d0,UIFS_StopMovieRecord_FW
0xff188958,UIFS_StopPostingUIEvent_FW
0xff1888c0,UIFS_UnmountExtFlash_FW
0xff1a1c1c,UIFS_WriteFirmInfoToFile
0xff1a1c1c,UIFS_WriteFirmInfoToFile_FW
0xff026980,UndisplayFactoryMode_FW
0xff0832c8,UnLoadScript_FW
0xff029be8,UnlockAE
0xff029904,UnlockAF
0xff08f604,UnlockMainPower
0xff08f604,UnlockMainPower_FW
0xff3645d4,UnregistColorMatrix_FW
0xff00eaa0,UnregisterInterruptHandler
0xff023148,VbattGet
0xff023148,VbattGet_FW
0xff2ef900,VerifyByte_FW
0xff010978,vsprintf
0xff187bc4,Wait_FW
0xff081c40,WaitForAllEventFlag
0xff02bce4,WaitForAllEventFlagStrictly
0xff081b5c,WaitForAnyEventFlag
0xff02bcb8,WaitForAnyEventFlagStrictly
0xff2ec7f8,WaitMoveZoomLensComplete_FW
0xff028078,Write
0xff028078,write
0xff028078,Write_FW
0xff05e7b8,WRITEADJTABLETOFROM_FW
0xff05e7ec,WRITEADJUSTMENTDATATOFROM_FW
0xff369cbc,WriteGyroAdjustment_FW
0xff369c1c,WriteHallDeviceAdjustment_FW
0xff2ec224,WriteMechaLogToFile_FW
0xff2ec214,WriteMechaLogToRom_FW
0xff369d54,WritePWMAdjustment_FW
0xff16a9b4,WriteSDCard
0xff083000,WriteToRom_FW
