0xff834530,_GetSystemTime
0x003fcce0,_log
0x003fd220,_log10
0x003fd398,_pow
0x003fefbc,_sqrt
0xff81a7dc,_uartr_req
0xff92e59c,AbortAEIntegralValue_FW
0x003faef8,AcquireRecursiveLock
0x003f7c14,AcquireRecursiveLockStrictly
0xff930610,ActivateAdjLog_FW
0xff8e49f4,ActivateImager_FW
0xff8e4a8c,ActivateImagerXOne_FW
0xffa7261c,ActivateISMD_FW
0xffa1ac68,add_ptp_handler
0xff96e0e8,AdditionAgentRAM_FW
0xffa43dac,AddTransparentMemory_FW
0xffadf6f0,AdjAEWithAperturePriority_FW
0xffadf69c,AfAEWithAperturePriority_FW
0xffadf898,AfAEWithCompensation_FW
0xffa0ce50,AFTool.GetEVal_FW
0xffa758c4,AllocateMemory
0xffa758c4,AllocateMemory_FW
0xff834294,AllocateUncacheableMemory
0xff9de728,apex2us
0xff898ff4,atol_FW
0xff92f3b4,AttachIntegCrawData_FW
0xffa43de4,AttachToTransparentMemory_FW
0xffaced98,Bat_Calc_FW
0xffae0ca0,Bat_Save_FW
0xffae0c8c,Bat_VIN_FW
0xff8559ec,BeepDrive_FW
0xff855a0c,BeepDriveComp_FW
0xffada6c0,CalcLog10_FW
0xffae4ea0,CalcLoopGain_FW
0xffada7b0,CalcSqrt_FW
0xffaced98,CalculateBatSenseOffset_FW
0xffade710,CalculateInterpolationByLS_FW
0xffada660,CalculateLog2ToApex_FW
0xffada628,CalculatePeakFromLeastSquareResult_FW
0xffade6b0,CalculatePeakPosByLS_FW
0xffada674,CalculatePow2FromApex_FW
0xff860690,CalculateTestRecYUVData_FW
0xffadf4c4,CancelAdj_AEMode_FW
0xffad8f1c,CancelAdjCdsMode_FW
0xffadd184,CancelBPFilterForBP_FW
0xffadee14,CancelExStrobeMode_FW
0xffa70990,CancelFocusLensMaxSpeedLimit_FW
0xff87c888,CancelHPTimer
0xff8e4d3c,CancelImageDrive_FW
0xff8e4c64,CancelImager_FW
0xff86dc14,CancelLoopGainCalc_FW
0xff83474c,CancelTimer
0xff963198,Capture.Create_FW
0xffad975c,CaptureWithParam_FW
0xffa43a44,ChangeAdjImgDrvMode_FW
0xffa43a70,ChangeAEIntegDrvTypeToAdjImgDriveType_FW
0xff9fe964,ChangeCrossThresholdTable_FW
0xff9fedb4,ChangeDefectRecParam_FW
0xffae0a60,ChangeDistortionSetForLiveImage_FW
0xffae4b00,ChangeFilterMode_FW
0xffa70afc,ChangeFocusDistanceToPosition_FW
0xff9fe7a4,ChangeGradeTable_FW
0xffad97a4,ChangeImageDrive_FW
0xff8e4ce0,ChangeImagerToAlternateDraft_FW
0xff8e4ca0,ChangeImagerToCombiParallel_FW
0xff8e4cd8,ChangeImagerToDigiconMode_FW
0xff8e4d18,ChangeImagerToFantaJungle_FW
0xff8e4cb0,ChangeImagerToFocusJet_FW
0xff8e4d08,ChangeImagerToHarleyDavidson_FW
0xff8e4cc8,ChangeImagerToHoneyFlash_FW
0xff8e4d20,ChangeImagerToHoneyFlashDark_FW
0xff8e4d10,ChangeImagerToMachDashV_FW
0xff8e4cb8,ChangeImagerToMangoPudding_FW
0xff8e4cd0,ChangeImagerToMillefeAdjust_FW
0xff8e4cf8,ChangeImagerToMontblancMillefe_FW
0xff8e4d00,ChangeImagerToMontblancMovie_FW
0xff8e4cf0,ChangeImagerToMontblancWhole_FW
0xff8e4cd8,ChangeImagerToOITA_XAVIER_FW
0xff8e4d28,ChangeImagerToRoadKing_FW
0xff8e4cc0,ChangeImagerToSuperWideDraft_FW
0xff8e4ce8,ChangeImagerToUltraGhostQ_FW
0xff8e4c88,ChangeImagerToWholeParallel_FW
0xff8e4c90,ChangeImagerToWholeParallelBP_FW
0xff8e4c98,ChangeImagerToWholeParallelBPOne_FW
0xff8e4ca8,ChangeImagerToWideDraft_FW
0xffa70da8,ChangeIrisSpeed_FW
0xffa71d60,ChangeParallelMode_FW
0xff86d668,ChangeToISCloseControl_FW
0xffa716d4,ChangeZoomLensMagnificationToPoint_FW
0xffa716cc,ChangeZoomLensPointToMagnification_FW
0xffadee50,ChargeStrobe_FW
0xffadee84,ChargeStrobeForFA_FW
0x003faa80,CheckAllEventFlag
0x003faa38,CheckAnyEventFlag
0xff880050,CheckSumAll_FW
0xff83030c,ClearDUIDFixFlag_FW
0xff83028c,ClearDurianMode_FW
0x003faca0,ClearEventFlag
0xff830438,ClearFactoryMasterFlag_FW
0xff830450,ClearFactoryMasterROMProtection_FW
0xff83028c,ClearFactoryMode_FW
0xff86d9f4,ClearISCalcZData_FW
0xffa71dd4,ClearISIComponent_FW
0xffa71df8,ClearISZData_FW
0xffaf73e8,ClearPMByFs_FW
0xffaf73c0,ClearPMByGpio_FW
0xffadb9e0,ClearZoomCommonDriveParam_FW
0xff95b2d0,ClearZoomDriveParam_FW
0xff8314b8,Close
0xff8159b4,close
0xff8314b8,Close_FW
0xff81a264,CloseConsole_FW
0xffa56df0,closedir
0xffa71094,CloseMechaShutter_FW
0xffa710dc,CloseMechaShutterWithTiming_FW
0xffad9cd4,CloseMShutter_FW
0xffa72634,CommunicateMechaCPU_FW
0xffa439dc,ConvertAdjImgDrvModeToAdjImgDriveType_FW
0xffa43990,ConvertAEIntegDrvTypeToAdjImgDriveType_FW
0xffada718,ConvertApexStdToApex_FW
0xffada6e8,ConvertApexToApexStd_FW
0xffadacac,ConvertCxCyToWBGain_FW
0xffadbd68,ConvertToPositionWithDistance_FW
0xffadbd44,ConvertToPositionWithDistanceAndZoomPoint_FW
0xffad9850,ConvertTvToExposureTime_FW
0xff819fc8,CPrintf_FW
0xff81a020,CPutChar_FW
0xff85b5c4,CreateAdjustmentTableMirror_FW
0x003f74c8,CreateBinarySemaphore
0x003f7acc,CreateBinarySemaphoreStrictly
0xff8849c4,CreateController_FW
0x003f7530,CreateCountingSemaphore
0x003f7530,CreateCountingSemaphore_FW
0x003f7af0,CreateCountingSemaphoreStrictly
0xff85b5d4,CreateDefectTableMirror_FW
0x003fa990,CreateEventFlag
0x003f7aa8,CreateEventFlagStrictly
0xff92ff54,CreateFADBGSingalID_FW
0xffae305c,CreateJumptable
0x003f7104,CreateMessageQueue
0x003f7a84,CreateMessageQueueStrictly
0xff87daec,CreateProxyOfEventProcedure_FW
0x003fae58,CreateRecursiveLock
0x003f7b14,CreateRecursiveLockStrictly
0x003f6824,CreateTask
0x003f6824,CreateTask_FW
0x003f7a50,CreateTaskStrictly
0xff9fe7b8,CrossDefDetect_FW
0xff884c44,CtrlMan_ChangeZOrder_FW
0xff9540f4,CzDebugPrint_FW
0xff954108,CzDebugPrintToFile_FW
0xff82d8c0,Dcdc_Bl_Pwr_Ctrl_FW
0xff82dd94,Dcdc_reg_read_FW
0xff82dd3c,Dcdc_reg_write_FW
0x003f6afc,DebugAssert
0xffa723f0,DelaySet_FW
0xff884aa0,DeleteController_FW
0xff830eb8,DeleteDirectory_Fut
0x003fa9e8,DeleteEventFlag
0xff830e44,DeleteFile_Fut,(stubs_entry_2.s)
0x003f7188,DeleteMessageQueue
0xff87db44,DeleteProxyOfEventProcedure_FW
0x003faea8,DeleteRecursiveLock
0x003f7588,DeleteSemaphore
0x003f7588,DeleteSemaphore_FW
0xffae2eb8,DevelopStillPicture_FW
0xff9feeb0,DevelopTool.DevelopTest_FW
0xff92fbf0,DeviceUniqueIDCheckSum_FW
0xff932a80,DisableDebugLogMode_FW
0xffa72120,DisableDISModeChange_FW
0xffa709ec,DisableFocusLens_FW
0xffa70a68,DisableFocusLensGainLock_FW
0xffa70a94,DisableFocusLensWaveLock_FW
0xffa70f68,DisableFocusPiCircuit_FW
0xffa71ea4,DisableISAutoGyroOffset_FW
0xffa71e84,DisableISDriveError_FW
0xffa70ec0,DisableLensError_FW
0xffa721c0,DisableMacroIS_FW
0xffa70f48,DisableMechaCircuit_FW
0xffa70fb0,DisableZoomEncoderCircuit_FW
0xffa716a8,DisableZoomLensElectricControl_FW
0xffa71368,DisableZoomLensEncoderPowerControl_FW
0xffa71680,DisableZoomLensSpeedControl_FW
0xffa70f8c,DisableZoomPiCircuit_FW
0xff8534d4,DispCon_GetLcdGainAdjParameter_FW
0xff85330c,DispCon_GetVideoAdjParameter_FW
0xff853520,DispCon_SaveLcdGainAdjParameter_FW
0xff853394,DispCon_SaveVideoAdjParameter_FW
0xff852e70,DispCon_SetDisplayType_FW
0xff853410,DispCon_SetLcdGainAdjParameter_FW
0xff853220,DispCon_SetMaxBackLightBrightness_FW
0xff8532a0,DispCon_SetVideoAdjParameter_FW
0xff852dc0,DispCon_ShowBitmapColorBar
0xff852dc0,DispCon_ShowBitmapColorBar_FW
0xff852da4,DispCon_ShowBlackChart_FW
0xff852c34,DispCon_ShowColorBar_FW
0xff852e90,DispCon_ShowColorChart_FW
0xff852e1c,DispCon_ShowCustomColorBar_FW
0xff852c8c,DispCon_ShowFiveStep_FW
0xff853510,DispCon_ShowLcdGainAdjParameter_FW
0xff853070,DispCon_ShowNStepsChart_FW
0xff853368,DispCon_ShowVideoAdjParameter_FW
0xff852d6c,DispCon_ShowWhiteChart_FW
0xff852eb4,DispCon_ShowWhiteLine_FW
0xff853210,DispCon_TurnOffBackLight_FW
0xff8531f0,DispCon_TurnOffDisplay_FW
0xff853200,DispCon_TurnOnBackLight_FW
0xff8531e0,DispCon_TurnOnDisplay_FW
0xff962a60,DispDev.Create_FW
0xff960508,DispDev_EnableEventProc_FW
0xff82fe78,DisplayFactoryMode_FW
0xff833034,DoAELock
0xff832d38,DoAFLock
0xff960660,Driver.Create_FW
0xff960660,Driver_EnableEventProc_FW
0xff814300,drysh_FW
0xffa72464,DspDataTranster_FW
0xffa72474,DspProgTranster_FW
0xff960aa8,Dump32_FW
0xff960a98,Dump_FW
0xff85acf0,DumpAdjMirror_FW
0xffa43d6c,DumpTransparentMemoryItem_FW
0xff8e47b0,E2LatOn_FW
0xffa096ec,EF.AdjPreFlash_FW
0xff8cb1e4,EF.IsChargeFull_FW
0xffa09728,EF.SetChargeMode_FW
0xffa09608,EF.SetEFChargeTimeOut_FW
0xffa0973c,EF.SetFlashTime_FW
0xffa096d4,EF.SetMainFlashTime_FW
0xffa095ac,EF.StartEFCharge_FW
0xffa09650,EF.StartInternalMainFlash_FW
0xffa0961c,EF.StartInternalPreFlash_FW
0xffa095f8,EF.StopEFCharge_FW
0xff932a6c,EnableDebugLogMode_FW
0xffa72130,EnableDISModeChange_FW
0xffa709a0,EnableFocusLens_FW
0xffa70a3c,EnableFocusLensGainLockWithVoltage_FW
0xffa70a78,EnableFocusLensWaveLock_FW
0xffa70f58,EnableFocusPiCircuit_FW
0x003f681c,EnableInterrupt
0xffa71e94,EnableISAutoGyroOffset_FW
0xffa71e74,EnableISDriveError_FW
0xffa70eb0,EnableLensError_FW
0xffa721b0,EnableMacroIS_FW
0xffa70f38,EnableMechaCircuit_FW
0xffa70fa0,EnableZoomEncoderCircuit_FW
0xffa71694,EnableZoomLensElectricControl_FW
0xffa71358,EnableZoomLensEncoderPowerControl_FW
0xffa7166c,EnableZoomLensSpeedControl_FW
0xffa70f7c,EnableZoomPiCircuit_FW
0xff90e17c,EngApp.Create_FW
0xff963224,EngApp.CreatePub_FW
0xff90e128,EngApp.Delete_FW
0xff82fc54,EngDrvBits
0xffa39504,EngDrvBits_FW
0xff82fc38,EngDrvIn
0xffa394f4,EngDrvIn_FW
0xff82fc20,EngDrvOut
0xffa394d8,EngDrvOut_FW
0xff82fc40,EngDrvRead
0xffa394fc,EngDrvRead_FW
0xffa39528,EngDrvReadDump_FW
0xff9631dc,EngineDriver.Create_FW
0xff832f9c,EnterToCompensationEVF
0xff85acc4,EraseAdjustmentArea_FW
0xff967e78,EraseLogSector_FW
0xff87ab80,EraseRom_FW
0xff960a84,EraseSignature_FW
0xff81437c,err_init_task
0xffa6ffb4,EscapeFocusLens_FW
0xffa75930,exec_FW
0xff860fe0,Executedccd_FW
0xff9fedc4,ExecuteDefectRec_FW
0xff9fedd8,ExecuteDefectRecAndSaveImage_FW
0xff8608b8,ExecuteDigicon_FW
0xff87d1a0,ExecuteEventProcedure
0xff87d218,ExecuteEventProcedure_FW
0xffadeef0,ExecuteInternalPreFlash_FW
0xff98a998,ExecuteResetFactory_FW
0xff98a980,ExecuteResetFactoryWithRomWrite_FW
0xff87a7b0,ExecuteShutDownPropertyService_FW
0xff85fef4,ExecuteTestRec_FW
0xff85ff08,ExecuteTestRecCF_FW
0xff85ff84,ExecuteTestRecDevelopProcess_FW
0xff85ff08,ExecuteTestRecSD_FW
0xff85ff38,ExecuteTestRecSw1_FW
0xff85ff20,ExecuteTestRecWithInteg_FW
0xff832fe0,ExitFromCompensationEVF
0x003f6ab4,ExitTask
0x003f6ab4,ExitTask_FW
0xff87bbdc,ExMem.AllocCacheable_FW
0xff87ba28,ExMem.AllocUncacheable_FW
0xff87bc64,ExMem.FreeCacheable_FW
0xff87bb60,ExMem.FreeUncacheable_FW
0xff87b54c,ExMem.View_FW
0xff87bb74,exmem_alloc
0xff87bbec,exmem_free
0xff831c04,ExMem_FW
0xff8aba5c,ExpCtrlTool.SetExpMode_FW
0xff83d720,ExpCtrlTool_StartContiAE
0xff83d87c,ExpCtrlTool_StopContiAE
0xff87dae0,ExportToEventProcedure_FW
0xff962a3c,FA.Create_FW
0xff962a28,FA.Delete_FW
0xff930004,FADBGPrintf_FW
0xff92ff64,FADBGSingal_FW
0xff930184,FAPrintf_FW
0xff830f50,Fclose_Fut
0xff830f50,Fclose_Fut_FW
0xff83113c,Feof_Fut
0xff831178,Fflush_Fut
0xff8310a4,Fgets_Fut
0xff941868,File.ClearExifInfo_FW
0xff9419dc,File.Create_FW
0xff941978,File.Delete_AllImg_FW
0xffa72454,FirmTranster_FW
0xffadf438,FixAEWithCompensation_FW
0xff97fbdc,FmtMenu_ExecuteQuickFormat_FW
0xffadf2f8,FocusAEWithCompensation_FW
0xff830f10,Fopen_Fut
0xff830f10,Fopen_Fut_FW
0xff830ffc,Fread_Fut
0xff830ffc,Fread_Fut_FW
0xff812f78,free
0xffa758bc,FreeMemory
0xffa758bc,FreeMemory_FW
0xff8342d4,FreeUncacheableMemory
0xff8310f0,Fseek_Fut
0xff8310f0,Fseek_Fut_FW
0xff831050,Fwrite_Fut
0xff831050,Fwrite_Fut_FW
0xffa7238c,GetAccelX_atMechaCpu_FW
0xffa723a8,GetAccelY_atMechaCpu_FW
0xffa723c4,GetAccelZ_atMechaCpu_FW
0xff85468c,GetAdChValue_FW
0xffadd614,GetAdjAFInteg_FW
0xff85bf08,GetAdjDataAreaAddress_FW
0xff85ad48,GetAdjTableMapVersion_FW
0xff85ad58,GetAdjTableValueVersion_FW
0xff85ad14,GetAdjTableVersion_FW
0xff85bee4,GetAdjustmentOffset_FW
0xff854684,GetAdVBattBottom_FW
0xff92eb30,GetAEIntegralServiceMode_FW
0xff92ec3c,GetAEIntegralValueWithFix_FW
0xff92ef88,GetAEIntegValueBit_FW
0xff92eb3c,GetAEIntegWinData_FW
0xff92eb50,GetAEIntegWinDataWithMode_FW
0xff92ed60,GetAllAEIntegralAllValueWithFix_FW
0xff82eda0,GetBatteryCoverClose_FW
0xff8589e0,GetBatteryTemperature
0xff8589e0,GetBatteryTemperature_FW
0xff85bdcc,GetBpDBAdjustmentOffset_FW
0xff87ff38,GetBuildDate_FW
0xff87ff40,GetBuildTime_FW
0xffa43b04,GetCameraInformationData_FW
0xffae2ac0,GetCaptureInfoData_FW
0xff85896c,GetCCDTemperature
0xff85896c,GetCCDTemperature_FW
0xffad8c64,GetCdsGainValue_FW
0xffad8db4,GetCdsPreGainReg_FW
0xff81a048,GetCh_FW
0xffa72484,GetCheckSum_FW
0xffae09e8,GetContinuousMovieJpegVRAMData_FW
0xffae0088,GetContinuousVRAMData_FW
0xffae0824,GetContinuousVRAMDataWithRingBuffer_FW
0xffad97ac,GetCrwImageInfo_FW
0xffa43964,GetCurrentAdjImgDriveType_FW
0xffad9a88,GetCurrentAvCoefficient_FW
0xff956250,GetCurrentAvValue
0xff956250,GetCurrentAvValue_FW
0xff88ca78,GetCurrentCaptureModeType_FW
0xffa43abc,GetCurrentCcdTemp_FW
0xffad8dd4,GetCurrentDriveBaseSvValue_FW
0xff89cc04,GetCurrentExposureTime_FW
0xff9554b8,GetCurrentFocusLensPosition_FW
0xff9554b8,GetCurrentFocusPosition_FW
0xffa43970,GetCurrentImgDrvMode_FW
0xff93065c,GetCurrentMaximumLogSize_FW
0xffa43ad8,GetCurrentOptTemp_FW
0xff89c908,GetCurrentShutterSpeed_FW
0xff955450,GetCurrentTargetDistance_FW
0xffadaff0,GetCurrentZoomLensDirection_FW
0xff9596d0,GetCurrentZoomLensPoint_FW
0xff959620,GetCurrentZoomLensPosition_FW
0xff9596d0,GetCurrentZoomPoint_FW
0xff959620,GetCurrentZoomPosition_FW
0xffa6fe78,GetCZMovieDefaultSpeed_FW
0xffa6fe60,GetCZMovieHighSpeed_FW
0xffa6fe68,GetCZMovieLowSpeed_FW
0xffa6fe70,GetCZStillDefaultSpeed_FW
0xffa6fe50,GetCZStillHighSpeed_FW
0xffa6fe58,GetCZStillLowSpeed_FW
0xff9609d0,GetDateAndTime_FW
0xffae10ac,GetDay_FW
0xff85bdd4,GetDccdAdjustmentOffset_FW
0xff8611f4,GetdccdFilterValue_FW
0xff861058,GetdccdImage_FW
0xff85baac,GetDCPAdjOffset_FW
0xff9feae8,GetDefectCrawInfo_FW
0xff9feb54,GetDefectTvAdj_FW
0xff82ed90,GetDialEventId_FW
0xff86dea0,GetDISModeParameter_FW
0xffa72100,GetDISModeParamType_FW
0xff8664cc,GetDrive_ClusterSize
0xff866524,GetDrive_FreeClusters
0xff8664fc,GetDrive_TotalClusters
0xff90de50,GetDriverInfoEvent_FW
0x003facd8,GetEventFlagValue
0xffadee00,GetExStrobeID_FW
0xffa34d40,GetFaceAuthBinAddr_FW
0xffa34d48,GetFaceAuthBinSize_FW
0xff87ff48,GetFirmwareVersion_FW
0xff86e068,GetFixedPWMOutA_FW
0xff86e074,GetFixedPWMOutB_FW
0xff9559f0,GetFocusDefaultResetPosition_FW
0xffa62458,GetFocusLensCurrentPosition_FW
0xffa6245c,GetFocusLensDriveVoltage_FW
0xffa62534,GetFocusLensHoldVoltage_FW
0xffa70b58,GetFocusLensLoadCamTable_FW
0xffa70adc,GetFocusLensLoadSubjectDistance_FW
0xffa70c40,GetFocusLensMoveMaxPosition_FW
0xffa70c58,GetFocusLensMoveMinPosition_FW
0xffa70c74,GetFocusLensMoveRangeOfTelePoint_FW
0xffa70ad4,GetFocusLensPositionRatio_FW
0xff955130,GetFocusLensPullInMaxSpeed_FW
0xffa61c10,GetFocusLensResetDefaultPosition_FW
0xffa61c00,GetFocusLensResetPosition_FW
0xffaf84c4,GetFocusLensResetVoltage_FW
0xffa624e8,GetFocusLensSettingWaitVoltage_FW
0xff955450,GetFocusLensSubjectDistance
0xffa70ab0,GetFocusLensSubjectDistance_FW
0xff9558a0,GetFocusLensSubjectDistanceFromLens
0xffa70acc,GetFocusLensSubjectDistanceNumber_FW
0xff957b78,GetFocusPiSensorLevel_FW
0xff955984,GetFocusResetPosition_FW
0xff86c228,GetFocusStartZoomPosition_FW
0xffad99a4,GetFrameRateWithApex_FW
0xff86d8b8,GetGyro10BitDACPitch_FW
0xff86d8c4,GetGyro10BitDACYaw_FW
0xff86d868,GetGyroDataPitch_FW
0xff86d884,GetGyroDataYaw_FW
0xffa71ba0,GetGyroFilterCharge_FW
0xffae4fbc,GetGyroFilterChargeStatus_FW
0xff86d8f0,GetGyroHPFINOffsetPitch_FW
0xff86d90c,GetGyroHPFINOffsetYaw_FW
0xff86d928,GetGyroHPFINPitch_FW
0xff86d984,GetGyroHPFINYaw_FW
0xffae10d4,GetHour_FW
0xffa4a474,getImageDirName
0xff9389ac,GetImageFolder
0xff87ffb8,GetInternalFirmwareVersion_FW
0xff956250,GetIrisAv_FW
0xffa72178,GetISCenterShiftA_FW
0xffa72194,GetISCenterShiftB_FW
0xffa7204c,GetISCrossTalkComp_FW
0xffae5060,GetISCrossTalkCompCoeff_FW
0xffa7181c,GetISDriveAaxis_FW
0xffa7183c,GetISDriveBaxis_FW
0xffa71bc0,GetISFirmVersion_FW
0xff86d8b8,GetISGyro10BitDACPitch_FW
0xff86d8c4,GetISGyro10BitDACYaw_FW
0xff86d868,GetISGyroDataPitch_FW
0xff86d884,GetISGyroDataYaw_FW
0xffa71974,GetISGyroGainAaxis_FW
0xffa71a9c,GetISGyroGainBaxis_FW
0xffa71abc,GetISGyroGainbyAxisType_FW
0xff86d8f0,GetISGyroHPFINOffsetPitch_FW
0xff86d90c,GetISGyroHPFINOffsetYaw_FW
0xff86d928,GetISGyroHPFINPitch_FW
0xff86d984,GetISGyroHPFINYaw_FW
0xff86d814,GetISGyroPitchGain_FW
0xffae46b0,GetISGyroPitchOffset_FW
0xff86d820,GetISGyroYawGain_FW
0xffae46a8,GetISGyroYawOffset_FW
0xffa71ec8,GetISHallAmpFirstGain_FW
0xff86d7f0,GetISHallDevicePitchGain_FW
0xff86d7cc,GetISHallDevicePitchOffset_FW
0xff86d7fc,GetISHallDeviceYawGain_FW
0xff86d7d8,GetISHallDeviceYawOffset_FW
0xffa71908,GetISHallGainAaxis_FW
0xffa71928,GetISHallGainBaxis_FW
0xffa71948,GetISHallGainbyAxisType_FW
0xffa7189c,GetISHallOffsetAaxis_FW
0xffa718bc,GetISHallOffsetBaxis_FW
0xffa718dc,GetISHallOffsetbyAxisType_FW
0xffae4a70,GetISHallOffsetDACValue_FW
0xffa71e08,GetISHallOut1Amp_FW
0xff86e6a0,GetISLensCorrectedEViAaxis_FW
0xff86e6bc,GetISLensCorrectedEViBaxis_FW
0xff86e5d8,GetISLensDampAaxis_FW
0xff86e5e4,GetISLensDampBaxis_FW
0xff86e608,GetISLensEViAaxis_FW
0xff86e684,GetISLensEViBaxis_FW
0xffa71c10,GetISParamVersion_FW
0xff86d838,GetISPitchPWM_FW
0xffa7185c,GetISPositionAaxis_FW
0xffa7187c,GetISPositionBaxis_FW
0xff86d850,GetISShiftLensPitchPosition_FW
0xff86d85c,GetISShiftLensYawPosition_FW
0xff86d844,GetISYawPWM_FW
0xff8569ec,GetKbdState
0xffae15d4,GetLastVBatADLevel_FW
0xff90e0b0,GetLatestHVPosition_FW
0xff82ed98,GetLcdPosition_FW
0xff9564b4,GetLensErrorStatus_FW
0xff930600,GetLogData_FW
0xff930608,GetLogDataOnlyAddMemory_FW
0xff967e3c,GetLogToFile_FW
0xffae4f58,GetLoopGain_FW
0xffa72018,GetLoopGainAdjValue_FW
0xffa71f24,GetLoopGainCalcData_FW
0xffa71d90,GetLPFParallelBest_FW
0xffa7232c,GetMacroISAngleAndVelocityA_FW
0xffa7235c,GetMacroISAngleAndVelocityB_FW
0xffae518c,GetMacroISEstimateRadius_FW
0xffae5194,GetMacroISEstimateVelocity_FW
0xffa72200,GetMacroISEstimRadiusA_FW
0xffa722a0,GetMacroISEstimRadiusB_FW
0xffae5160,GetMacroISGain_FW
0xffa722cc,GetMacroISGainA_FW
0xffa722e8,GetMacroISGainB_FW
0xff844e38,GetMacroSupportZoomPoint_FW
0xffa71be8,GetMechaDSPVersion_FW
0xffa71130,GetMechaShutterCloseDacSetting_FW
0xff958fe8,GetMechaShutterMoveTime_FW
0xffa71180,GetMechaShutterOpenDacSetting_FW
0xff959010,GetMechaShutterStatus_FW
0xff81509c,GetMemInfo
0xffae10fc,GetMinute_FW
0xff8488a4,GetMontblancVSize_FW
0xffae1080,GetMonth_FW
0xff84bd94,GetMovieJpegVRAMHPixelsSize_FW
0xff84bda0,GetMovieJpegVRAMVPixelsSize_FW
0xffa648a4,GetNdMoveTime_FW
0x003f745c,GetNumberOfPostedMessages
0xffad8cd4,GetObClampValue_FW
0xff92ee30,GetOnlyAEIntegData_FW
0xff858a54,GetOpticalTemperature
0xff858a54,GetOpticalTemperature_FW
0xff98a660,GetParameterData
0xffae0780,GetPixelsOfViewangle_FW
0xff85beec,GetProductID_FW
0xff881218,GetPropertyCase
0xff87ac34,GetRomID_FW
0xff82ed64,GetSDDetect_FW
0xff82ed6c,GetSDProtect
0xff82ed6c,GetSDProtect_FW
0xffae1124,GetSecond_FW
0xff884cdc,GetSelfControllerHandle_FW
0x003f773c,GetSemaphoreValue
0xffad8dcc,GetSensorPreGain_FW
0xffad9950,GetShutterSpeedRegularMaxLimit_FW
0xffad9968,GetShutterSpeedRegularMinLimit_FW
0x003f67f8,GetSRAndDisableInterrupt
0xff81a098,GetStringWithPrompt_FW
0xffadff9c,GetSumYOfVRAMCenterLine_FW
0xff82ecf8,GetSwitchStatus_FW
0xffa7591c,GetSystemTime
0xffa7591c,GetSystemTime_FW
0xff85eb78,GetTestRecCrawAddress_FW
0x003fb844,GetTimeOfSystem_FW
0xffa43e4c,GetTransparentMemory_FW
0xffa43e90,GetTransparentMemoryPosition_FW
0xffa43e3c,GetTransparentMemorySize_FW
0xffae2a48,GetUnpackCrwIntegralMultiValueForShading_FW
0xffae2678,GetUnpackCrwIntegralValue_FW
0xffae28fc,GetUnpackCrwIntegralValueForColorShading_FW
0xffae2694,GetUnpackCrwIntegralValueForShading_FW
0xffad9940,GetUserSetShutterSPeed_FW
0xff82c3cc,GetVBatVoltage_FW
0xffadf998,GetVideoOutType_FW
0xff84bd7c,GetVRAMHPixelsSize
0xff84bd7c,GetVRAMHPixelsSize_FW
0xff84bd88,GetVRAMVPixelsSize
0xff84bd88,GetVRAMVPixelsSize_FW
0xffae1050,GetYear_FW
0xffa65cbc,GetZoomActuatorCurrentPosition_FW
0xffa65c90,GetZoomActuatorSpeedPPS_FW
0xffadb820,GetZoomDefaultCommonDriveParam_FW
0xffadb73c,GetZoomDefaultDriveParam_FW
0xff95a2b8,GetZoomDrivingTime_FW
0xff9596d0,GetZoomLensCurrentPoint
0xff9596d0,GetZoomLensCurrentPoint_FW
0xffa66a70,GetZoomLensCurrentPosition
0xff959620,GetZoomLensCurrentPosition_FW
0xffa7164c,GetZoomLensDriveAmpereDac_FW
0xff95a2b4,GetZoomLensMechaEdgePosition_FW
0xffadae14,GetZoomLensResetPlus_FW
0xff959b30,GetZoomLensTelePoint_FW
0xffadb7d4,GetZoomNormalDriveParam_FW
0xff957b30,GetZoomPiSensorLevel_FW
0xffadb788,GetZoomResetDriveParam_FW
0xff95b2c4,GetZoomResetSensorLevel_FW
0xff959b30,GetZoomTelePoint_FW
0x003f7704,GiveSemaphore
0x003f7704,GiveSemaphore_FW
0xff896ce4,GUISrv_StartGUISystem
0xff896ce4,GUISrv_StartGUISystem_FW
0xff835fbc,HardwareDefect_FW
0xff835f68,HardwareDefectWithRestart_FW
0xffae46f0,HitISLensAgainstBottomEdge_FW
0xffae46dc,HitISLensAgainstLeftEdge_FW
0xffae46c8,HitISLensAgainstRightEdge_FW
0xffae4704,HitISLensAgainstTopEdge_FW
0xffae4b28,HitISMechaEdgeInOpenControl_FW
0xff930624,InactivateAdjLog_FW
0xff962a00,InitializeAdjustmentFunction_FW
0xff962990,InitializeAdjustmentSystem_FW
0xff860784,Initializedccd_FW
0xffae2c98,InitializeDefectAdjustment_FW
0xffac200c,InitializeDefectRec_FW
0xff860784,InitializeDigicon_FW
0xffa445b8,InitializeFAExtendFile_FW
0xffa4459c,InitializeFAGeneralTest_FW
0xffae2fb0,InitializeMechaDevice_FW
0xffa4445c,InitializeSoundRec_FW
0xff85fbec,InitializeTestRec_FW
0xffad8f38,IsAdjCdsMode_FW
0xffa716dc,ISAutoCenter_FW
0xff858b6c,IsBatteryTemperature_FW
0xff858b38,IsCCDTemperature_FW
0xffa71718,ISChangeOPENtoCLOSE_FW
0xff8857d4,IsControlEventActive_FW
0xffa71c4c,ISControlStart_FW
0xffa71c5c,ISControlStop_FW
0xff830500,IsDUIDFixFlag_FW
0xffadfa68,IsEVFDrive_FW
0xffadfdd4,IsEvfDriveMode_FW
0xffadee08,IsExStrobeChargeComp_FW
0xff830498,IsFactoryMode_FW
0xffa725d8,ISFixedPWMOFF_FW
0xffa725c4,ISFixedPWMON_FW
0xff955960,IsFocusLensOutSidePosition_FW
0xff82eda8,IsHvSensorExist_FW
0xff86cc9c,ISInitMotion_FW
0xff86c204,IsLensOutside_FW
0xff930650,IsLogOutType_FW
0xffa71e2c,ISMDStart_FW
0xffa71e3c,ISMDStop_FW
0xffa71704,ISMoveToMechaEdgeOPEN_FW
0xff830548,IsNormalCameraMode_FW
0xffa34d50,IsOKFaceAuthBinFile_FW
0xff858b04,IsOpticalTemperature_FW
0xffa71c6c,ISPanModeStart_FW
0xffa71c7c,ISPanModeStop_FW
0xff967e64,IsRomLogAvailable_FW
0xff8cb1e4,IsStrobeChargeCompleted
0xffa65490,IsZoomActuatorResetSensorPlusSide_FW
0xff959ef4,IsZoomLensOutSidePosition_FW
0xff960574,j_BeepDrive_FW
0xff960578,j_BeepDriveComp_FW
0xffad9748,j_CancelImageDrive_FW
0xffae4e2c,j_CancelLoopGainCalc_FW
0xffae4b38,j_ChangeToISCloseControl_FW
0xffae4b08,j_ClearISCalcZData_FW
0xffadb23c,j_ClearZoomDriveParam_FW
0xff831564,j_Close_FW
0xff8e4d5c,j_E2LatOn_FW
0xffa096e8,j_EF.IsChargeFull_FW
0xff960b08,j_exec_FW
0xff98a9b0,j_ExecuteShutDownPropertyService_FW
0xff831bfc,j_ExMem.AllocCacheable_FW
0xff831bf4,j_ExMem.AllocUncacheable_FW
0xff831c00,j_ExMem.FreeCacheable_FW
0xff831bf8,j_ExMem.FreeUncacheable_FW
0xff831bf0,j_ExMem.View_FW
0xff960570,j_GetAdChValue_FW
0xff96056c,j_GetAdVBattBottom_FW
0xff92eb4c,j_GetAEIntegWinData_FW
0xff960654,j_GetBatteryCoverClose_FW
0xff858bc4,j_GetBatteryTemperature_FW
0xffa43b40,j_GetCameraInformationData_FW
0xff858bc0,j_GetCCDTemperature_FW
0xffad9a84,j_GetCurrentAvValue_FW
0xffad8df4,j_GetCurrentDriveBaseSvValue_FW
0xffad9870,j_GetCurrentExposureTime_FW
0xffadbdd4,j_GetCurrentFocusLensPosition_FW
0xffadbdd4,j_GetCurrentFocusPosition_FW
0xffad9878,j_GetCurrentShutterSpeed_FW
0xffadbd7c,j_GetCurrentTargetDistance_FW
0xffadafec,j_GetCurrentZoomLensPoint_FW
0xffadafe8,j_GetCurrentZoomLensPosition_FW
0xffadafec,j_GetCurrentZoomPoint_FW
0xffadafe8,j_GetCurrentZoomPosition_FW
0xffae16a4,j_GetDCPAdjOffset_FW
0xff96064c,j_GetDialEventId_FW
0xffae4fb4,j_GetDISModeParameter_FW
0xff96065c,j_GetDriverInfoEvent_FW
0xffa72614,j_GetFixedPWMOutA_FW
0xffa72618,j_GetFixedPWMOutB_FW
0xffadbd74,j_GetFocusDefaultResetPosition_FW
0xffa70aa4,j_GetFocusLensCurrentPosition_FW
0xffa70b88,j_GetFocusLensDriveVoltage_FW
0xffa70c00,j_GetFocusLensHoldVoltage_FW
0xffa70c70,j_GetFocusLensPullInMaxSpeed_FW
0xffa70aac,j_GetFocusLensResetDefaultPosition_FW
0xffa70aa8,j_GetFocusLensResetPosition_FW
0xffa70c3c,j_GetFocusLensResetVoltage_FW
0xffa70bc4,j_GetFocusLensSettingWaitVoltage_FW
0xffa70f78,j_GetFocusPiSensorLevel_FW
0xffadbd78,j_GetFocusResetPosition_FW
0xffa70eac,j_GetFocusStartZoomPosition_FW
0xffa71b18,j_GetGyro10BitDACPitch_FW
0xffa71b1c,j_GetGyro10BitDACYaw_FW
0xffa71ae8,j_GetGyroDataPitch_FW
0xffa71aec,j_GetGyroDataYaw_FW
0xffa71b48,j_GetGyroHPFINOffsetPitch_FW
0xffa71b4c,j_GetGyroHPFINOffsetYaw_FW
0xffa71b50,j_GetGyroHPFINPitch_FW
0xffa71b54,j_GetGyroHPFINYaw_FW
0xffa70da4,j_GetIrisAv_FW
0xffae4cec,j_GetISGyro10BitDACPitch_FW
0xffae4cf4,j_GetISGyro10BitDACYaw_FW
0xffae4ccc,j_GetISGyroDataPitch_FW
0xffae4cd4,j_GetISGyroDataYaw_FW
0xffae4cfc,j_GetISGyroHPFINOffsetPitch_FW
0xffae4d04,j_GetISGyroHPFINOffsetYaw_FW
0xffae4cdc,j_GetISGyroHPFINPitch_FW
0xffae4ce4,j_GetISGyroHPFINYaw_FW
0xffae4820,j_GetISGyroPitchGain_FW
0xffae481c,j_GetISGyroYawGain_FW
0xffae4784,j_GetISHallDevicePitchGain_FW
0xffae478c,j_GetISHallDevicePitchOffset_FW
0xffae4780,j_GetISHallDeviceYawGain_FW
0xffae4788,j_GetISHallDeviceYawOffset_FW
0xffae4aa0,j_GetISLensCorrectedEViAaxis_FW
0xffae4aa4,j_GetISLensCorrectedEViBaxis_FW
0xffae4aa8,j_GetISLensDampAaxis_FW
0xffae4aac,j_GetISLensDampBaxis_FW
0xffae4a98,j_GetISLensEViAaxis_FW
0xffae4a9c,j_GetISLensEViBaxis_FW
0xffae4884,j_GetISPitchPWM_FW
0xffae4a90,j_GetISShiftLensPitchPosition_FW
0xffae4a94,j_GetISShiftLensYawPosition_FW
0xffae4880,j_GetISYawPWM_FW
0xff960650,j_GetLcdPosition_FW
0xffa70ea8,j_GetLensErrorStatus_FW
0xffa711cc,j_GetMechaShutterMoveTime_FW
0xffa711c8,j_GetMechaShutterStatus_FW
0xffae08b8,j_GetMovieJpegVRAMHPixelsSize_FW
0xffae08bc,j_GetMovieJpegVRAMVPixelsSize_FW
0xffa71318,j_GetNdMoveTime_FW
0xff858bbc,j_GetOpticalTemperature_FW
0xff960634,j_GetSDDetect_FW
0xff960638,j_GetSDProtect_FW
0xff960620,j_GetSwitchStatus_FW
0xffae15dc,j_GetVBatVoltage_FW
0xffae0004,j_GetVRAMHPixelsSize_FW
0xffae0008,j_GetVRAMVPixelsSize_FW
0xffa65c9c,j_GetZoomActuatorCurrentPosition_FW
0xffadb198,j_GetZoomDrivingTime_FW
0xffa716bc,j_GetZoomLensCurrentPoint_FW
0xffa716c0,j_GetZoomLensCurrentPosition_FW
0xffa716c8,j_GetZoomLensMechaEdgePosition_FW
0xffa716c4,j_GetZoomLensTelePoint_FW
0xffa70f9c,j_GetZoomPiSensorLevel_FW
0xffadb15c,j_GetZoomResetSensorLevel_FW
0xffadb158,j_GetZoomTelePoint_FW
0xff9fee24,j_InitializeDefectRec_FW
0xff858bd0,j_IsBatteryTemperature_FW
0xff858bcc,j_IsCCDTemperature_FW
0xffadc34c,j_IsFocusLensOutSidePosition_FW
0xff960658,j_IsHvSensorExist_FW
0xffa70ea4,j_IsLensOutside_FW
0xff858bc8,j_IsOpticalTemperature_FW
0xffa65ca0,j_IsZoomActuatorResetSensorPlusSide_FW
0xffadb414,j_IsZoomLensOutSidePosition_FW
0xffa123f4,j_LiveImageTool.GetDzoomPosition_FW
0xff960a7c,j_MemoryChecker_FW
0xff960a78,j_MonSelEvent_FW
0xffae4a8c,j_MoveISLensToCentralPosition_FW
0xff831bec,j_NewTaskShell_FW
0xff831560,j_Open_FW
0xff87e754,j_OpLog.WriteToROM_FW
0xff960af0,j_Peek16_FW
0xff960aec,j_Peek32_FW
0xff960af4,j_Peek8_FW
0xff960a74,j_Printf_FW
0xff86eaec,j_PT_GetDigitalZoomPosition_FW
0xff885e60,j_PTM_AllReset_FW
0xff886364,j_PTM_BackupUIProperty_FW
0xff8862b4,j_PTM_GetWorkingCaptureMode_FW
0xff886348,j_PTM_IsEnableItem_FW
0xff886330,j_PTM_NextItem_FW
0xff886334,j_PTM_PrevItem_FW
0xff8862b8,j_PTM_SetCurrentItem_FW
0xff88634c,j_PTM_SetProprietyEnable_FW
0xff831b6c,j_PutsCameraLogEvent_FW
0xff831664,j_Read_FW
0xffade764,j_ReloadAFAdjustment_FW
0xffad8cd0,j_ReloadCdsAdjustment_FW
0xffadef80,j_ReloadColorAdjustment_FW
0xffadee18,j_ReloadEfAdjustment_FW
0xffadbd70,j_ReloadFocusLensAdjustment_FW
0xffad9a80,j_ReloadGetaAdjustment_FW
0xffad9a7c,j_ReloadIrisAdjustment_FW
0xffad9bfc,j_ReloadNdFilterAdjustment_FW
0xffada98c,j_ReloadWBAdjustment_FW
0xffadb0a4,j_ReloadZoomAdjustment_FW
0xff960a94,j_SDump_FW
0xffae4a88,j_SearchBCentralPosition_FW
0xffae4a88,j_SearchISLensCentralPosition_FW
0xffadc384,j_SetFocusResetState_FW
0xffadb420,j_SetZoomResetState_FW
0xff831b60,j_ShowCameraLog_FW
0xff831b64,j_ShowCameraLogInfo_FW
0xffae477c,j_StartBDrive_FW
0xffae4a80,j_StartBPanDrive_FW
0xff831b5c,j_StartCameraLog_FW
0xffae4a78,j_StartISAdjustmentDrive_FW
0xffae477c,j_StartISDrive_FW
0xffa71700,j_StartISLocalAutoCenter_FW
0xffa716fc,j_StartISLocalHallAdjust_FW
0xffae4a80,j_StartISPanDrive_FW
0xffae4778,j_StopBDrive_FW
0xffae4a84,j_StopBPanDrive_FW
0xff831b68,j_StopCameraLog_FW
0xffae000c,j_StopContinuousVRAMData_FW
0xffae4a7c,j_StopISAdjustmentDrive_FW
0xffae4778,j_StopISDrive_FW
0xffae4a84,j_StopISPanDrive_FW
0xff81af2c,j_strcmp_FW
0xff9fee28,j_TerminateDefectRec_FW
0xff961d44,j_UIFS_CancelStoreLensTimer_FW
0xff961878,j_UIFS_Capture_FW
0xff96187c,j_UIFS_CaptureNoneStop_FW
0xff961d30,j_UIFS_GetNumberOfDisplayedImage_FW
0xff961844,j_UIFS_GetNumOfOptZoomPos_FW
0xff961d2c,j_UIFS_IsAvailableShots_FW
0xff961840,j_UIFS_MoveZoomTo_FW
0xff961880,j_UIFS_StartMovieRecord_FW
0xff961884,j_UIFS_StopMovieRecord_FW
0xff96189c,j_UIFS_WriteFirmInfoToFile_FW
0xff960588,j_VbattGet_FW
0xff960a80,j_VerifyByte_FW
0xff831668,j_Write_FW
0xffa723e0,JumpToProgFirst_FW
0xff82ee00,kbd_p1_f
0xff82ee0c,kbd_p1_f_cont
0xff82e5f8,kbd_p2_f
0xff82edb0,kbd_read_keys
0xff856508,kbd_read_keys_r2
0xff90b994,LcdCon_GetLcdAdjParameter_FW
0xff90b608,LcdCon_GetLcdBackLightParameter_FW
0xff90bbb4,LcdCon_GetLcdParameter_FW
0xff90ba1c,LcdCon_SaveLcdAdjParameter_FW
0xff90b68c,LcdCon_SaveLcdBackLightParameter_FW
0xff90bc3c,LcdCon_SaveLcdParameter_FW
0xff90b8e4,LcdCon_SetLcdAdjParameter_FW
0xff90b588,LcdCon_SetLcdBackLightBrightness_FW
0xff90b5b4,LcdCon_SetLcdBackLightParameter_FW
0xff90b884,LcdCon_SetLcdDriver_FW
0xff90ba38,LcdCon_SetLcdParameter_FW
0xff90b9dc,LcdCon_ShowLcdAdjParameter_FW
0xff90b64c,LcdCon_ShowLcdBackLightParameter_FW
0xff90bbfc,LcdCon_ShowLcdParameter_FW
0xff90bd74,LcdCon_StartLcdPeriodicalSetting_FW
0xff90bda8,LcdCon_StopLcdPeriodicalSetting_FW
0xffaa03fc,LCDMsg_ChangeColor_FW
0xffaa0240,LCDMsg_Create_FW
0xffa9ff34,LCDMsg_Delete_FW
0xffa9fef4,LCDMsg_Move_FW
0xffaa0324,LCDMsg_SetNum_FW
0xffaa0334,LCDMsg_SetStr_FW
0xffaa02d4,LCDMsg_SwDisp_FW
0xff96058c,LEDDrive
0xff96058c,LEDDrive_FW
0xff9fe978,LineDefDetect_FW
0xff9feab0,LineKizuCheck_FW
0xffa12384,LiveImageTool.ChangeDzoom_FW
0xffa1240c,LiveImageTool.Dister_FW
0xffa122f4,LiveImageTool.DzoomTele_FW
0xffa12314,LiveImageTool.DzoomWide_FW
0xff84b42c,LiveImageTool.GetDzoomPosition_FW
0xffa123f8,LiveImageTool.Jump_FW
0xffa12364,LiveImageTool.Pause_FW
0xffa12374,LiveImageTool.Resume_FW
0xffa12190,LiveImageTool.StartEVF_FW
0xffa1219c,LiveImageTool.StartEVFFocusJet_FW
0xffa121a8,LiveImageTool.StartEVFMF_FW
0xffa122dc,LiveImageTool.StartEVFMovFULLHD_FW
0xffa122c8,LiveImageTool.StartEVFMovHD_FW
0xffa122a4,LiveImageTool.StartEVFMovQVGA_FW
0xffa122c0,LiveImageTool.StartEVFMovQVGA_HS_FW
0xffa12290,LiveImageTool.StartEVFMovVGA_FW
0xffa122b8,LiveImageTool.StartEVFMovVGA_HS_FW
0xffa12334,LiveImageTool.StopDzoom_FW
0xffa122e4,LiveImageTool.StopEVF_FW
0xff85aed0,LoadAdjustmentTable_FW
0xff85b304,LoadAdjustmentValue_FW
0xff92fb04,LoadDataFromAdjTableBin_FW
0xff85af08,LoadDefectAdjTable_FW
0xff92fd60,LoadFactoryIDData_FW
0xffae1370,LoadFactoryNumber_FW
0xff92fa04,LoadParamDataFromAdjTableBin_FW
0xff87aed0,LoadScript_FW
0xffae14f0,LoadSerialNumber_FW
0x003fb1b8,LocalTime
0xff885ac8,LockMainPower
0xff885ac8,LockMainPower_FW
0xff87e08c,LogCameraEvent
0xff8316d4,Lseek
0xff8316d4,lseek
0xff8316d4,Lseek_FW
0xffa75e18,MakeBootDisk_FW
0xffa75e2c,MakeScriptDisk_FW
0xff86675c,MakeSDCardBootable
0xff812f20,malloc
0xff960378,Mecha.Create_FW
0xffa72670,MechaCPUMemoryDump_FW
0xffa7268c,MechaCPUMemoryWrite_FW
0xff9603ec,MechaReset_FW
0xff9603f8,MechaTerminate_FW
0xff96031c,MechaUnRegisterEventProcedure_FW
0xff81ae30,memcmp
0xff81ae30,memcmp_FW
0xff837214,memcpy
0xff837214,memcpy_FW
0xffa7543c,MemoryChecker_FW
0xff9dc9b8,memset
0xff9dc9b8,memset_FW
0xff810df4,memShow_FW
0xff9fe14c,MergeAndConvertDefect_FW
0xff9fe4ec,MergeSensAndEightDefect_FW
0xff831954,mkdir
0xff898980,mktime_ext
0xffa759a0,MonSelEvent_FW
0xffadb574,MoveComputerZoomToPoint_FW
0xff884b9c,MoveControllerToTopOfZOrder_FW
0xff9540ec,MoveCzPeakPositon_FW
0xffa6fd5c,MoveCZToPoint_FW
0xffa6fdf4,MoveCZToPointByOVF_FW
0xffa6fdc4,MoveCZToTele_FW
0xffa6fd94,MoveCZToWide_FW
0xffaf7480,MoveDCMotorCCW_FW
0xffaf73f8,MoveDCMotorCW_FW
0xffa70470,MoveFocusActuator_FW
0xffadc114,MoveFocusDistance_FW
0xffadc114,MoveFocusLensToDistance
0xffadc114,MoveFocusLensToDistance_FW
0xffadc000,MoveFocusLensToPosition_FW
0xffadbee8,MoveFocusLensToPositionWithMaxSpeed_FW
0xffadbf2c,MoveFocusLensToPositionWithSpeed_FW
0xffa7002c,MoveFocusLensToTerminate_FW
0xffadbe04,MoveFocusLensToTerminatePosition_FW
0xffa70088,MoveFocusLensWithDistance_FW
0xffa70190,MoveFocusLensWithPosition_FW
0xffa702a8,MoveFocusLensWithPositionImmediateReturn_FW
0xffa70364,MoveFocusLensWithPositionWithoutBacklash_FW
0xffadc04c,MoveFocusPosition_FW
0xffadbe04,MoveFocusToTerminate_FW
0xffad9b88,MoveIrisFullClose_FW
0xffad9b54,MoveIrisFullOpen_FW
0xffad9a30,MoveIrisToAv_FW
0xffa70d4c,MoveIrisToTerminatePosition_FW
0xffa70d54,MoveIrisWithAv
0xffa70d54,MoveIrisWithAv_FW
0xffa70d7c,MoveIrisWithAvWithoutBacklash_FW
0xffae4750,MoveISLensToBottomLimitPosition_FW
0xff86d620,MoveISLensToCentralPosition_FW
0xffae473c,MoveISLensToLeftLimitPosition_FW
0xffae4728,MoveISLensToRightLimitPosition_FW
0xffae4764,MoveISLensToTopLimitPosition_FW
0xffa70e24,MoveLensToFirstPoint_FW
0xffa70e6c,MoveLensToTerminatePoint_FW
0xffa65c34,MoveZoomActuator_FW
0xffa71598,MoveZoomLensToMechaEdge_FW
0xffadbaf8,MoveZoomLensToMechaEnd_FW
0xffadb538,MoveZoomLensToPoint_FW
0xffadb4fc,MoveZoomLensToPosition_FW
0xffadbbd4,MoveZoomLensToPositionByManual_FW
0xffa71558,MoveZoomLensToTerminatePosition_FW
0xffa71488,MoveZoomLensWithPoint
0xffa71488,MoveZoomLensWithPoint_FW
0xffa714cc,MoveZoomLensWithPointImmediateReturn_FW
0xffa71514,MoveZoomLensWithPosition_FW
0xffadb538,MoveZoomPoint_FW
0xffadb4fc,MoveZoomPosition_FW
0xff880b98,NewTaskShell
0xff880bf8,NewTaskShell_FW
0xffae51e0,NotifyISMacroDistance_FW
0xff9e4fc8,NR_GetDarkSubType
0xff9e4f00,NR_SetDarkSubType
0xff966224,NR_SetDoubleNRType_FW
0xff966210,NR_SetLotasPonyType_FW
0xff9e4fc8,NRTBL.GetDarkSubType_FW
0xff9e5028,NRTBL.GetDefectCorrectType_FW
0xff9e4f00,NRTBL.SetDarkSubType_FW
0xff9e4f9c,NRTBL.SetDefectCorrectType_FW
0xff9e5008,NRTBL.SetTassenType_FW
0xff960610,OffPrintPhySw_FW
0xffada85c,OneShotWhigeBalance_FW
0xffada85c,OneTypeWhiteBalance_FW
0xff960600,OnPrintPhySw_FW
0xff8313f0,Open
0xff815904,open
0xff8313f0,Open_FW
0xff81a138,OpenConsole_FW
0xffa56e40,OpenFastDir
0xff8316f4,OpenForScrip_FW
0xffa710b8,OpenMechaShutter_FW
0xffad9d0c,OpenMShutter_FW
0xff831b70,OpLog.Create_FW
0xff87f168,OpLog.Get_FW
0xff87f188,OpLog.GetUsrSet_FW
0xff87f248,OpLog.Play_FW
0xff87e788,OpLog.ReadFromROM_FW
0xff87e7f0,OpLog.ReadFromSD_FW
0xff87f460,OpLog.Start_FW
0xff87e6f8,OpLog.Stop_FW
0xff87f540,OpLog.Terminate_FW
0xff87e724,OpLog.WriteToROM_FW
0xff87ec20,OpLog.WriteToSD_FW
0xff9301d4,OutputLogToFile_FW
0xff888810,PB2Rec
0xffa758ec,Peek16_FW
0xffa758e4,Peek32_FW
0xffa758f4,Peek8_FW
0xff9fdeac,PointDefDetect_FW
0xff9fe714,PointKizuCheck_FW
0xff960acc,Poke16_FW
0xff960abc,Poke32_FW
0xff960adc,Poke8_FW
0xff8853c8,PostEventShootSeqToUI_FW
0xff8851bc,PostLogicalEventForNotPowerType
0xff8851bc,PostLogicalEventForNotPowerType_FW
0xff885208,PostLogicalEventToUI
0xff885208,PostLogicalEventToUI_FW
0x003f7364,PostMessageQueue
0x003f7b90,PostMessageQueueStrictly
0xffadf514,PreFixAE_FW
0xff85b5e4,PrintAdjKabotanInfo_FW
0xff85b328,PrintAdjTableMap_FW
0xff92da8c,PrintAllAEIntegData_FW
0xff87aec4,Printf_FW
0xff92ff44,PrintFaexeVersioin_FW
0xff92ff10,PrintFirmVersion_FW
0xffade834,PrintMultiWinScanTable_FW
0xffade7a0,PrintScanTable_FW
0xff86eaf0,PT_ChangeZoomSpeed_FW
0xff86e8e0,PT_CompleteCaptModeChange_FW
0xff86e8f0,PT_CompleteCharge_FW
0xff86e8f8,PT_CompleteFileWrite_FW
0xff86e8a8,PT_CompletePreCapt_FW
0xff86e8c8,PT_CompleteStopDigZoom_FW
0xff86e8c0,PT_CompleteStopZoom_FW
0xff86e8d0,PT_CompleteStoreLens_FW
0xff86e8e8,PT_CompleteSynchroWrite_FW
0xff86eb24,PT_DoAELock_FW
0xff86eb04,PT_DoAFLock_FW
0xff86e908,PT_EraseAllFile_FW
0xff832aa4,PT_GetDigitalZoomPosition_FW
0xff86ead8,PT_GetDigitalZoomTele_FW
0xff86e9ec,PT_GetPropertyCaseInt_FW
0xff86eb74,PT_MFOff_FW
0xff86eb64,PT_MFOn_FW
0xff86e9a0,PT_mod_FW
0xff86eac4,PT_MoveDigitalZoomAt_FW
0xff86eaa4,PT_MoveDigitalZoomToTele_FW
0xff86eab4,PT_MoveDigitalZoomToWide
0xff86eab4,PT_MoveDigitalZoomToWide_FW
0xff86ea8c,PT_MoveOpticalZoomAt
0xff86ea8c,PT_MoveOpticalZoomAt_FW
0xff86ea64,PT_MoveOpticalZoomToTele_FW
0xff86ea78,PT_MoveOpticalZoomToWide_FW
0xff86e8d8,PT_MovieRecordStopped_FW
0xff86e8b8,PT_NextShootAvailable_FW
0xff8779dc,PT_PlaySound
0xff86e8b0,PT_RecreviewAvailable_FW
0xff86eb84,PT_SetLtKids_FW
0xff86e9c4,PT_SetPropertyCaseInt_FW
0xff86e900,PT_ShootPicture_FW
0xff86eb34,PT_UnlockAE_FW
0xff86eb14,PT_UnlockAF_FW
0xff989914,PTM_AllReset_FW
0xff885e50,PTM_AllResetToFactorySetting_FW
0xff98a5d0,PTM_BackupUIProperty_FW
0xff8862c4,PTM_GetCurrentItem_FW
0xff989c74,PTM_GetWorkingCaptureMode_FW
0xff98a504,PTM_IsEnableItem_FW
0xff989fa4,PTM_NextItem_FW
0xff989fac,PTM_PrevItem_FW
0xff886368,PTM_RestoreUIProperty_FW
0xff886174,PTM_SetCurrentCaptureMode_FW
0xff989c8c,PTM_SetCurrentItem_FW
0xff98a2bc,PTM_SetProprietyEnable_FW
0xffa71260,PutInNdFilter
0xffad9c14,PutInNdFilter_FW
0xffa71284,PutOutNdFilter
0xffad9c4c,PutOutNdFilter_FW
0xff87dd64,PutsCameraLogEvent_FW
0xff9dc958,qsort
0xff8e4b74,QuietImager_FW
0xff815b58,Read
0xff815b58,read
0xff815b58,Read_FW
0xffa56f94,ReadFastDir
0xff9dca34,realloc
0xffa5c370,reboot_fw_update
0xff888850,Rec2PB
0xffa70fe4,ReceiveMechaCircuitDataAll_FW
0x003f7218,ReceiveMessageQueue
0x003f7b64,ReceiveMessageQueueStrictly
0xff85b5cc,RefreshAdjustmentTableMirror_FW
0xff85b5dc,RefreshDefectTableMirror_FW
0xff897430,RefreshPhysicalScreen
0xffadf038,RegistColorMatrix_FW
0xff87d078,RegisterEventProcedure
0x003f67bc,RegisterInterruptHandler
0xff8612c8,RegistFirmScanNoticeCBR_FW
0x003fb018,ReleaseRecursiveLock
0xff845ef4,ReloadAFAdjustment_FW
0xff8e5f64,ReloadCdsAdjustment_FW
0xffa15398,ReloadColorAdjustment_FW
0xffae2c54,ReloadDefectAdjustmentData_FW
0xffa070d0,ReloadEfAdjustment_FW
0xff955a5c,ReloadFocusLensAdjustment_FW
0xff95643c,ReloadGetaAdjustment_FW
0xff956428,ReloadIrisAdjustment_FW
0xffae4e60,ReloadISAdjustment_FW
0xff9591a0,ReloadNdFilterAdjustment_FW
0xffae2c1c,ReloadShadingAdjustmentData_FW
0xff8c2ebc,ReloadWBAdjustment_FW
0xff95a0c8,ReloadZoomAdjustment_FW
0xffa43e1c,RemoveTransparentMemory_FW
0xff830db0,RenameFile_Fut
0xffadc17c,ResetFocus_FW
0xffa6ff58,ResetFocusLens
0xffa6ff58,ResetFocusLens_FW
0xffa70d28,ResetIris_FW
0xff860ac4,ResetRegistNoticeCBR_FW
0xffadb460,ResetZoom_FW
0xffa713dc,ResetZoomLens
0xffa713dc,ResetZoomLens_FW
0xffa71408,ResetZoomLensToFirst_FW
0xffa71448,ResetZoomLensToTermiante_FW
0xffadb5b0,ResetZoomToAdjFirstPoint_FW
0xffadb5f4,ResetZoomToAdjTerminatePoint_FW
0xffadb494,ResetZoomToFirst_FW
0xffadb494,ResetZoomToFirstPoint_FW
0xffadb4c8,ResetZoomToTerminate_FW
0xffadb4c8,ResetZoomToTerminatePoint_FW
0xff835aa8,Restart
0xff880238,RomCheckSum_FW
0xff819db8,RotateConsoleZOder_FW
0xff85b250,SaveAdjustmentTable_FW
0xff85b2d0,SaveAdjustmentValue_FW
0xffae0ca0,SaveBatSenseOffsetAdjustmentTable_FW
0xff962bcc,SaveBmpVRAMData_FW
0xff85b2b8,SaveDefectAdjTable_FW
0xff92fd40,SaveFactoryIDData_FW
0xffae15e0,SaveFactoryReserveData_FW
0xffadc418,SaveFocusResetPulse_FW
0xffae119c,SaveFromImage_FW
0xff962f8c,SavePaletteData
0xff962f8c,SavePaletteData_FW
0xff913c18,Scene.ForbidContiSceneDetect_FW
0xff913ca0,Scene.TestBabySleep_FW
0xff913c70,Scene.TestBabySmile_FW
0xff913d00,Scene.TestHumanSleep_FW
0xff913cd0,Scene.TestHumanSmile_FW
0xff913d30,Scene.TestKidMove_FW
0xff913c44,Scene.TestSunset_FW
0xff898450,ScreenLock
0xff8984b4,ScreenUnlock
0xffa7569c,SDump_FW
0xff86d5b8,SearchBCentralPosition_FW
0xff86d5b8,SearchISLensCentralPosition_FW
0xffadd0f4,SelectAdjBPFilter_FW
0xffa71dc0,SelectPositionSignal_FW
0xffa70fc0,SendMechaCircuitData_FW
0xff9fe770,SensDefCrowdCheck_FW
0xff885504,set_control_event
0xffadf498,SetAdj_AEMode_FW
0xff92f394,SetAdjAEIntegSmearLimitter_FW
0xffadd6ac,SetAdjAFIntegCrwAdd_FW
0xffadd114,SetAdjAFWinPos_FW
0xffad8f00,SetAdjCdsMode_FW
0xffadf370,SetAE_CdsGainValue_FW
0xffadf234,SetAE_ShutterSpeed
0xffadf234,SetAE_ShutterSpeed_FW
0xff92f318,SetAEIntegAverageOBData_FW
0xff92e674,SetAEIntegCorrectProperty_FW
0xff92e710,SetAEIntegralGetaTime_FW
0xff92e6d0,SetAEIntegralValueProperty_FW
0xff92e5ec,SetAEIntegStrobeProperty_FW
0xff92ef6c,SetAEIntegValueBit_FW
0xff92ef18,SetAEIntegWindowsMode_FW
0xff885b3c,SetAutoShutdownTime
0xff885b3c,SetAutoShutdownTime_FW
0xffadd154,SetBPFilterForBP_FW
0xffad8d20,SetCDSGain_FW
0xffad8e18,SetCDSGainStep_FW
0xffad8d20,SetCdsGainValue_FW
0xffad8d6c,SetCdsPreGainReg_FW
0xff88c9e8,SetCurrentCaptureModeType
0xff88c9e8,SetCurrentCaptureModeType_FW
0xff9540f4,SetCzDebugFocusMode_FW
0xff9540f4,SetCzDebugSubjectDistance_FW
0xffae0cb8,SetDate_FW
0xffae0ebc,SetDay_FW
0xffaf7508,SetDCMotorWaitTime_FW
0xff92f3a4,SetDefaultAEIntegSmearLimitter_FW
0xff932740,SetDefaultRecParameter_FW
0xff9fec6c,SetDefectRecParam_FW
0xffad8c8c,SetDeltaCDSGain_FW
0xffa720ec,SetDISModeParam_FW
0xffae4f94,SetDISModeParameter_FW
0xffa7242c,SetDspDataEndAddress_FW
0xffa72440,SetDspProgEndAddress_FW
0xff830344,SetDUIDFixFlag_FW
0xff83024c,SetDurianMode_FW
0x003fac6c,SetEventFlag
0xffadee10,SetExStrobeMode_FW
0xff830444,SetFactoryMasterFlag_FW
0xff830474,SetFactoryMasterROMProtection_FW
0xff8302cc,SetFactoryMode_FW
0xffae1360,SetFactorySerialNumber_FW
0xffa43c74,SetFaexeEventTableActivation_FW
0xff8318bc,SetFileAttributes
0xff831844,SetFileTimeStamp
0xffa72418,SetFirmEndAddress_FW
0xffa72404,SetFirmSRDYWait_FW
0xffa725ec,SetFixedPWMOutA_FW
0xffa72600,SetFixedPWMOutB_FW
0xffa706a0,SetFocusLensAccelerationTable_FW
0xffa7082c,SetFocusLensCondition_FW
0xffa70818,SetFocusLensDefaultPullOutTable_FW
0xffa70b8c,SetFocusLensDriveVoltage_FW
0xffa70c04,SetFocusLensHoldVoltage_FW
0xffa70980,SetFocusLensMaxSpeedLimit_FW
0xffa70bc8,SetFocusLensSettingWaitVoltage_FW
0xffa707a4,SetFocusLensSlowdownTable_FW
0xffa70570,SetFocusLensSpeed_FW
0xffa705ec,SetFocusLensSpeedTable_FW
0xffa62454,SetFocusResetState_FW
0xffa71af0,SetGyro10BitDACPitch_FW
0xffa71b04,SetGyro10BitDACYaw_FW
0xffa71b70,SetGyroFilterChargeStart_FW
0xffa71b88,SetGyroFilterChargeStop_FW
0xffa71b20,SetGyroHPFINOffsetPitch_FW
0xffa71b34,SetGyroHPFINOffsetYaw_FW
0xffae0f24,SetHour_FW
0xff87c780,SetHPTimerAfterNow
0xff87c800,SetHPTimerAfterTimeout
0xff96063c,SetIgnoreAVJACK_FW
0xffae0cb0,SetImageMode_FW
0xffae0c8c,SetInputVoltage_FW
0xffa72140,SetISAdjData_FW
0xffa72150,SetISCenterShiftA_FW
0xffa72164,SetISCenterShiftB_FW
0xffa71d2c,SetISControlType_FW
0xffa7209c,SetISCrossTalkCompA1_FW
0xffa720b0,SetISCrossTalkCompA2_FW
0xffa720c4,SetISCrossTalkCompB1_FW
0xffa720d8,SetISCrossTalkCompB2_FW
0xffae503c,SetISCrossTalkCompCoeff_FW
0xffae4ab8,SetISCutOffFreqIndex_FW
0xffa71728,SetISDriveAaxis_FW
0xffa7173c,SetISDriveBaxis_FW
0xffa722bc,SetISFocusLensDistance_FW
0xffae4c64,SetISGyro10BitDACPitch_FW
0xffae4c80,SetISGyro10BitDACYaw_FW
0xffae4d90,SetISGyroCompensationMode_FW
0xffae4d14,SetISGyroFilterCharge_FW
0xffa717d8,SetISGyroGainAaxis_FW
0xffa717ec,SetISGyroGainBaxis_FW
0xffa71800,SetISGyroGainbyAxisType_FW
0xffae4c9c,SetISGyroHPFINOffsetPitch_FW
0xffae4cb8,SetISGyroHPFINOffsetYaw_FW
0xffae495c,SetISGyroPitchGain_FW
0xffae4970,SetISGyroPitchOffset_FW
0xffae492c,SetISGyroYawGain_FW
0xffae496c,SetISGyroYawOffset_FW
0xffa71eb4,SetISHallAmpFirstGain_FW
0xffae49c8,SetISHallDevicePitchGain_FW
0xffae4a2c,SetISHallDevicePitchOffset_FW
0xffae4998,SetISHallDeviceYawGain_FW
0xffae49fc,SetISHallDeviceYawOffset_FW
0xffa71794,SetISHallGainAaxis_FW
0xffa717a8,SetISHallGainBaxis_FW
0xffa717bc,SetISHallGainbyAxisType_FW
0xffa71750,SetISHallOffsetAaxis_FW
0xffa71764,SetISHallOffsetBaxis_FW
0xffa71778,SetISHallOffsetbyAxisType_FW
0xffa71de4,SetISHPFCutoff_FW
0xffae4ab8,SetISHPFCutOffFreqIndex_FW
0xffae4f74,SetISLensPWMMode_FW
0xffa71e4c,SetISLPFAaxis_FW
0xffa71e60,SetISLPFBaxis_FW
0xffae4ac8,SetISLPFCutOffFreqAaxis_FW
0xffae4ad8,SetISLPFCutOffFreqBaxis_FW
0xffae51cc,SetISMacroMode_FW
0xffa71d50,SetISMovieStatus_FW
0xffae48e4,SetISPitchPWM_FW
0xffa71d40,SetISStillStatus_FW
0xffa71b58,SetISTuningFlag_FW
0xffae4d3c,SetISTuningMode_FW
0xffae4d70,SetISTuningOff_FW
0xffae48f8,SetISYawPWM_FW
0xffae114c,SetLangMenuType_FW
0xffa70ed0,SetLensOutsideFlag_FW
0xff92f2ec,SetLineDefMarkThroughMode_FW
0xff885844,SetLogicalEventActive
0xffae4f40,SetLoopGain_FW
0xffa71f78,SetLoopGainAdjValue_FW
0xffae4aec,SetLPFForParallelFilter_FW
0xffa71d74,SetLPFParallelBest_FW
0xffae5168,SetMacroISGain_FW
0xffa72304,SetMacroISGainA_FW
0xffa72318,SetMacroISGainB_FW
0xffa71114,SetMechaShutterCloseDacSetting_FW
0xffa711d0,SetMechaShutterMoveTime_FW
0xffa71164,SetMechaShutterOpenDacSetting_FW
0xffa711b4,SetMechaShutterWaitTimeSetting_FW
0xffae0f88,SetMinute_FW
0xff848890,SetMontblancVSize_FW
0xffae0e60,SetMonth_FW
0xffa71330,SetNdDriveVoltageSetting_FW
0xffa7131c,SetNdMoveTime_FW
0xffad8d18,SetObClamp_FW
0xffad8d18,SetObClampValue_FW
0xffada7dc,SetOneShotWBParam_FW
0xffada7dc,SetOneTypeWBParam_FW
0xff98a5d0,SetParameterData
0xffaf73b0,SetPMByGpio_FW
0xffa725b0,SetPoweredISOFF_FW
0xffa7259c,SetPoweredISON_FW
0xffae163c,SetProductVolume_FW
0xff881090,SetPropertyCase
0xffa0fcdc,SetPTGDefaultData_FW
0xff9605f0,SetRawSWCheckMode_FW
0xffada8e8,SetReferenceWBGainForCalibration_FW
0xffadcda4,SetScanLensIndex_FW
0xffadcea8,SetScanWindowMode_FW
0xff885894,SetScriptMode
0xff885894,SetScriptMode_FW
0xff96054c,SetSDPwrPort_FW
0xffae0fec,SetSecond_FW
0xffad8dbc,SetSensorPreGain_FW
0xffad98f4,SetShutterSpeed_FW
0xffad98a4,SetShutterSpeedWithMecha_FW
0x003f67fc,SetSR
0xff96057c,SetStereoSeparation_FW
0xff8606f8,SetTestRecSkimmingYUV_FW
0xff834668,SetTimerAfter
0xff8346e8,SetTimerWhen
0xffada914,SetToolCorrectCoefficient_FW
0xffadfa60,SetVideoOutType_FW
0xffae2c30,SetWBTemperature_FW
0xffada8ac,SetWBYlStandardWidth_FW
0xff92eea0,SetWhiteCoefficient_FW
0xffae0e00,SetYear_FW
0xffa65c74,SetZoomActuatorSpeedPPS_FW
0xffadb848,SetZoomCommonDriveParam_FW
0xffadb754,SetZoomDriveParam_FW
0xffa71654,SetZoomLensDriveAmpereDac_FW
0xffadb6d8,SetZoomLensEncoderPowerControl_FW
0xffa71638,SetZoomLensSpeedMode_FW
0xffadb7ec,SetZoomNormalDriveParam_FW
0xffae4a3c,SetZoomPointToIS_FW
0xffa71c38,SetZoomPosition_FW
0xffadb7a0,SetZoomResetDriveParam_FW
0xff95b3f0,SetZoomResetState_FW
0xffadb6e0,SetZoomSpeedMode_FW
0xff960b0c,ShowAllTaskInfo_FW
0xff87de14,ShowCameraLog_FW
0xff87dda8,ShowCameraLogInfo_FW
0xffadf1dc,ShowCurrentExp_FW
0xff85ad6c,ShowDefaultAdjTableVersion_FW
0xffa7091c,ShowFocusLensCurrentSpeedTable_FW
0xff885424,ShowLogicalEventName_FW
0xff960404,ShowMechaMacro_FW
0xff9605e0,ShowPhySwStatus_FW
0xff960624,ShowSDStatus_FW
0xffa43d4c,ShowTransparentMemory_FW
0xff881ed4,ShutdownPlayModeMenu_FW
0xff881fa8,ShutdownPlayModeMenuWithoutPbRedraw_FW
0xff881d2c,ShutdownRecModeMenu_FW
0xffadf744,SleepAE_FW
0x003f79b0,SleepTask
0x003f79b0,SleepTask_FW
0xff81ac84,sprintf_FW
0xff86eb8c,SS.Create_FW
0xff9dc430,sscanf_FW
0xffadd69c,StartAdjAFInteg_FW
0xffadd390,StartAdjAFService_FW
0xff92f2e0,StartAEIntegralService_FW
0xff86d4d0,StartBDrive_FW
0xff86d4e8,StartBPanDrive_FW
0xff87de64,StartCameraLog_FW
0xffad9754,StartCaptureDrive_FW
0xffadde08,StartCrwCustomScan_FW
0xffaddd98,StartCustomScan_FW
0xff9540e4,StartCzTuning_FW
0xffadfd84,StartEVFDrive_FW
0xffadfd40,StartEVFDriveWithMode_FW
0xff830560,StartFactoryModeController_FW
0xffa726b0,StartImStEventProc_FW
0xffae50f8,StartISAdjustMacro_FW
0xff86d4d0,StartISAdjustmentDrive_FW
0xff86d4d0,StartISDrive_FW
0xffa716ec,StartISLocalAdjust_FW
0xff86d50c,StartISLocalAutoCenter_FW
0xff86d54c,StartISLocalHallAdjust_FW
0xff86d4e8,StartISPanDrive_FW
0xff930638,StartLogOut_FW
0xffa71ef0,StartLoopGainCalc_FW
0xffa721e0,StartMacroISAdjust_FW
0xffa721d0,StartMacroISContiMode_FW
0xff881c58,StartPlayModeMenu_FW
0xff881c74,StartRecModeMenu
0xff881c74,StartRecModeMenu_FW
0xff81aa10,StartRedirectUART_FW
0xffa44424,StartSoundPlay_FW
0xffa443ec,StartSoundRecord_FW
0xff87fdd8,StartWDT_FW
0xff83171c,stat
0xffadd620,StopAdjAFInteg_FW
0xffadd4b8,StopAdjAFService_FW
0xff92ef94,StopAEIntegralService_FW
0xff86d4dc,StopBDrive_FW
0xff86d4f4,StopBPanDrive_FW
0xff87e02c,StopCameraLog_FW
0xffad8f7c,StopCaptureDrive_FW
0xff84be6c,StopContinuousVRAMData_FW
0xffaddd2c,StopCustomScan_FW
0xffa6fe24,StopCZ_FW
0xffadfa90,StopEVFDrive_FW
0xffae5150,StopISAdjustMacro_FW
0xff86d4dc,StopISAdjustmentDrive_FW
0xff86d4dc,StopISDrive_FW
0xff86d4f4,StopISPanDrive_FW
0xff9302e0,StopLogOut_FW
0xffa7203c,StopLoopGainCalc_FW
0xffa721f0,StopMacroISAdjust_FW
0xff81ab24,StopRedirectUART_FW
0xffadeed0,StopStrobeChargeForFA_FW
0xff87fe38,StopWDT_FW
0xffadb41c,StopZoomEmergency_FW
0xff899000,strcat
0xff812dec,strchr
0xff81af2c,strcmp
0xff81af54,strcmp_FW
0xff81ae18,strcpy
0xff81ae18,strcpy_FW
0xff8989cc,strftime
0xff812e38,strlen
0xff812e38,strlen_FW
0xff812da0,strncmp
0xff812d64,strncpy
0xff812e10,strrchr
0xff837200,strtol
0xff837004,strtolx
0xffadf9b4,SwitchOffDisplay_FW
0xffadf9e8,SwitchOnDisplay_FW
0xff961204,System.Create_FW
0xff960b1c,System.Delete_FW
0x003f7634,TakeSemaphore
0x003f7634,TakeSemaphore_FW
0x003f7b38,TakeSemaphoreStrictly
0xff8cd460,task_AfIntSrvTask
0xff8442e0,task_AFTask
0xff856aac,task_AudioTsk
0xff82beec,task_BatteryTask
0xff85566c,task_BeepTask
0xff8a86b0,task_BrtMsrTask
0xff8358ec,task_Bye
0xff8712dc,task_CaptSeq
0xff8712dc,task_CaptSeqTask
0xff8c5f30,task_ChaseFrame
0xff913910,task_ChaseTask
0xff8144d8,task_ClockSave
0xffa078bc,task_CntFlashTask
0xff88903c,task_CommonDrivers
0xff92957c,task_CorctTask
0xffa3f58c,task_CorrectLiveTassenTask
0xffa732e0,task_CreateHeaderTask
0xff884154,task_CtrlSrv
0xff934a94,task_dccdCalcTask
0xffa587fc,task_DecJpgRd
0xff8c4bdc,task_DetectMoveTask
0xff8ca258,task_DevelopModule
0xff8c8580,task_DispFace
0xff93f994,task_DPOFTask
0xff891930,task_DSITask
0xff965eb0,task_DvlpSeqTask
0xff8cae98,task_EFChargeT
0xff880ae4,task_EvShel
0xff8b0198,task_ExpDrv
0xff8b0198,task_ExpDrvTask
0xff89153c,task_FaceFrame
0xff92c4c8,task_Fencing
0xffa546ac,task_FileScheduleTask
0xffa557f4,task_FileWrite
0xffa557f4,task_FileWriteTask
0xffa59b50,task_FilYuvMaker
0xffa5f9d8,task_FocusEvent
0xffa505a8,task_FORMAT_TASK_NAME
0xffa503c8,task_FORMAT_TASK_PROGRESS
0xff841fcc,task_FrameTask
0xff863340,task_FsIoNotifyTask
0xff857f48,task_FWDDATA
0xff8691f4,task_ImgPlayDrv
0xffa5c8ec,task_ImgPlyLowTask
0xffa5c740,task_ImgPlyTask
0xff889004,task_InitFileModules
0xff86c93c,task_ISMainTask
0xff90bc84,task_LcdConTask
0xff855c8c,task_LEDCon
0xff86a93c,task_LensController
0xff8f0ef8,task_LiveImageTask
0xff86c4b8,task_MechaAlarm
0xff956a48,task_MechaCom
0xff958c78,task_MechaCPUTransfer
0xffa63484,task_MechaShutter
0xff915448,task_MotionVector
0xff95f834,task_MovieRecord
0xffa697dc,task_MovPlay
0xffafaecc,task_MovRead
0xffa6cbc4,task_MovWrite
0xffa63ec4,task_Nd
0xff8fd798,task_NormalThumbCache
0xff8c369c,task_OBCtrlTask
0xff87e524,task_OpePlay
0xff82e95c,task_PhySw
0xff8f1dbc,task_PrcssFil
0xffa1a1c0,task_PTPtoFAPI_EventProcTask_Block
0xffa1a11c,task_PTPtoFAPI_EventProcTask_Try
0xffb0b01c,task_ReadFileTask
0xffa8ece8,task_ReadMultiConTask
0xffaf0074,task_ReadScheduleTask
0xff86a334,task_RedEyeCapt
0xff913014,task_SceneDetectTask
0xff866874,task_SD1stInit
0xff964fe4,task_ShutterSoundTask
0xff8e6770,task_SsgMainTask
0xff8e6928,task_SsgPeriodTask
0xff8773b4,task_SsTask
0xff81a638,task_Startup
0xff8364cc,task_StartupImage
0xff8f3160,task_SynchTask
0xff8f30d8,task_SyncPeriod
0xff8ea4c0,task_TgTask
0xff858774,task_Thermometer
0xff8f4ebc,task_TimerUtility
0xff95da38,task_TmgGen
0xff901468,task_TrnsCtrlTask
0xff81a86c,task_UartLog
0xff83f770,task_WBCtrl
0xff8a1450,task_WBIntegTask
0xff8c0704,task_WBLPFace
0xff87fc64,task_WdtPrint
0xff87fd18,task_WdtReset
0xffa64964,task_ZoomActuatorSpeedCheck
0xffa64b04,task_ZoomEvent
0xff9629c8,TerminateAdjustmentSystem_FW
0xff86084c,Terminatedccd_FW
0xffae2ca8,TerminateDefectAdjustment_FW
0xffac2078,TerminateDefectRec_FW
0xff86084c,TerminateDigicon_FW
0xffa445c8,TerminateFAExtendFile_FW
0xffa445b0,TerminateFAGeneralTest_FW
0xffae2fe8,TerminateMechaDevice_FW
0xffa444ac,TerminateSoundRec_FW
0xff85fc58,TerminateTestRec_FW
0x003fb794,time
0x003f741c,TryPostMessageQueue
0x003f72e0,TryReceiveMessageQueue
0x003f75e0,TryTakeSemaphore
0xff892548,TurnOffBackLight
0xff8531f0,TurnOffDisplay
0xff83583c,TurnOffE1_FW
0xffa71284,TurnOffNdFilter_FW
0xffa712e0,TurnOffNdFilterWithTiming_FW
0xff857134,TurnOffVideoOutMode_FW
0xff892530,TurnOnBackLight
0xff8531e0,TurnOnDisplay
0xffa71260,TurnOnNdFilter_FW
0xffa712a8,TurnOnNdFilterWithTiming_FW
0xff8570d0,TurnOnVideoOutMode_FW
0xff962898,UI.Create_FW
0xff961d48,UI.CreatePublic_FW
0xff962898,UI_RegistDebugEventProc_FW
0xff962884,UI_ShowStateOfRecMode_FW
0xff885844,UiEvnt_SetLogicalEventActive_FW
0xff8858f8,UiEvnt_StartDisguiseCradleStatus_FW
0xff885908,UiEvnt_StopDisguiseCradleStatus_FW
0xff888644,UIFS_CancelStoreLensTimer_FW
0xff98fe54,UIFS_Capture_FW
0xff98ff28,UIFS_CaptureNoneStop_FW
0xff961968,UIFS_ChangeShootState_FW
0xff961750,UIFS_ClosePopupStrobe_FW
0xff9617e0,UIFS_ConnectVideo_FW
0xff961810,UIFS_DisconnectVideo_FW
0xff961890,UIFS_EndClockMode_FW
0xff961bb8,UIFS_GetAvItem_FW
0xff9619e8,UIFS_GetAvItemCount_FW
0xff961c28,UIFS_GetCurrentAvString_FW
0xff961ca8,UIFS_GetCurrentTvString_FW
0xff9619b0,UIFS_GetLastPath_FW
0xff9618a0,UIFS_GetMovieRecoadableNumber_FW
0xff9bde0c,UIFS_GetNumberOfDisplayedImage_FW
0xff9912b0,UIFS_GetNumOfOptZoomPos_FW
0xff9618e8,UIFS_GetStillShotableNumber_FW
0xff961bf0,UIFS_GetTvItem_FW
0xff961a58,UIFS_GetTvItemCount_FW
0xff961510,UIFS_IsAutoPopupDownStrobe_FW
0xff961518,UIFS_IsAvailableAvTvMode_FW
0xff9614f8,UIFS_IsAvailableMovieRecDigZoom_FW
0xff9614f0,UIFS_IsAvailableMovieRecOptZoom_FW
0xff961508,UIFS_IsAvailableRecMenuAFMode_FW
0xff961500,UIFS_IsAvailableServoAF_FW
0xff88f318,UIFS_IsAvailableShots_FW
0xff961780,UIFS_MountExtFlash_FW
0xff9913c4,UIFS_MoveZoomTo_FW
0xff961720,UIFS_OpenPopupStrobe_FW
0xff961d34,UIFS_PlayTrimExecuteAllImageSize_FW
0xff961850,UIFS_PostModeDial_FW
0xff96184c,UIFS_RestartPostingUIEvent_FW
0xff961898,UIFS_SetCradleSetting_FW
0xff9616c8,UIFS_SetDialMovieRec_FW
0xff961700,UIFS_SetDialPlay_FW
0xff9616a8,UIFS_SetDialStillRec_FW
0xff96198c,UIFS_ShootSeqToUI_FW
0xff961888,UIFS_StartClockMode_FW
0xff8908e8,UIFS_StartMovieRecord_FW
0xff89090c,UIFS_StopMovieRecord_FW
0xff961848,UIFS_StopPostingUIEvent_FW
0xff9617b0,UIFS_UnmountExtFlash_FW
0xff961d3c,UIFS_WirelessExecuteSendForever_FW
0xff97c1a0,UIFS_WriteFirmInfoToFile
0xff97c1a0,UIFS_WriteFirmInfoToFile_FW
0xff82fe84,UndisplayFactoryMode_FW
0xff87add8,UnLoadScript_FW
0xff833058,UnlockAE
0xff832d70,UnlockAF
0xff885a1c,UnlockMainPower
0xff885a1c,UnlockMainPower_FW
0xffadf070,UnregistColorMatrix_FW
0x003f67e0,UnregisterInterruptHandler
0xff990e30,UnsetZoomForMovie
0xff82c3cc,VbattGet
0xff82c3cc,VbattGet_FW
0xffa754bc,VerifyByte_FW
0xff81acc8,vsprintf
0xff960af8,Wait_FW
0x003fabac,WaitForAllEventFlag
0x003f7be8,WaitForAllEventFlagStrictly
0x003faac8,WaitForAnyEventFlag
0x003f7bbc,WaitForAnyEventFlagStrictly
0xffa714e8,WaitMoveZoomLensComplete_FW
0xff83150c,Write
0xff83150c,write
0xff83150c,Write_FW
0xff85b670,WRITEADJTABLETOFROM_FW
0xff85b6a4,WRITEADJUSTMENTDATATOFROM_FW
0xffae4824,WriteGyroAdjustment_FW
0xffae4794,WriteHallDeviceAdjustment_FW
0xffa70f14,WriteMechaLogToFile_FW
0xffa70f04,WriteMechaLogToRom_FW
0xffae4888,WritePWMAdjustment_FW
0xff948710,WriteSDCard
0xff87aaf0,WriteToRom_FW
