0x0068a848,RegisterInterruptHandler
0x0068a86c,UnregisterInterruptHandler
0x0068a884,GetSRAndDisableInterrupt
0x0068a888,SetSR
0x0068a8a8,EnableInterrupt
0x0068a8b0,CreateBinarySemaphore
0x0068a918,CreateCountingSemaphore
0x0068a918,CreateCountingSemaphore_FW
0x0068a970,DeleteSemaphore
0x0068a970,DeleteSemaphore_FW
0x0068a9c8,TryTakeSemaphore
0x0068aa1c,TakeSemaphore
0x0068aa1c,TakeSemaphore_FW
0x0068aaec,GiveSemaphore
0x0068aaec,GiveSemaphore_FW
0x0068ab24,GetSemaphoreValue
0x0068ab8c,CreateTask
0x0068ab8c,CreateTask_FW
0x0068ae1c,ExitTask
0x0068ae1c,ExitTask_FW
0x0068af04,CreateTaskStrictly
0x0068af38,CreateMessageQueueStrictly
0x0068af5c,CreateEventFlagStrictly
0x0068af80,CreateBinarySemaphoreStrictly
0x0068afa4,CreateCountingSemaphoreStrictly
0x0068afc8,CreateRecursiveLockStrictly
0x0068afec,TakeSemaphoreStrictly
0x0068b018,ReceiveMessageQueueStrictly
0x0068b044,PostMessageQueueStrictly
0x0068b070,WaitForAnyEventFlagStrictly
0x0068b09c,WaitForAllEventFlagStrictly
0x0068b0c8,AcquireRecursiveLockStrictly
0x0068b104,DebugAssert
0x0068ebf8,CreateEventFlag
0x0068ec50,DeleteEventFlag
0x0068eca0,CheckAnyEventFlag
0x0068ece8,CheckAllEventFlag
0x0068ed30,WaitForAnyEventFlag
0x0068ee14,WaitForAllEventFlag
0x0068eed4,SetEventFlag
0x0068ef08,ClearEventFlag
0x0068ef40,GetEventFlagValue
0x0068f050,CreateMessageQueue
0x0068f0d4,DeleteMessageQueue
0x0068f164,ReceiveMessageQueue
0x0068f22c,TryReceiveMessageQueue
0x0068f2b0,PostMessageQueue
0x0068f368,TryPostMessageQueue
0x0068f3a8,GetNumberOfPostedMessages
0x0068f414,CreateRecursiveLock
0x0068f464,DeleteRecursiveLock
0x0068f4b4,AcquireRecursiveLock
0x0068f5d4,ReleaseRecursiveLock
0x0068f868,SleepTask
0x0068f868,SleepTask_FW
0x006994c4,LocalTime
0x0069991c,time
0x006999cc,GetTimeOfSystem_FW
0x006ae840,_log
0x006b0fd0,_sqrt
0xf8000d88,memShow_FW
0xf8002d40,strncpy
0xf8002d7c,strncmp
0xf8002dc8,strchr
0xf8002dec,strrchr
0xf8002e14,strlen
0xf8002e14,strlen_FW
0xf8002efc,malloc
0xf8002f54,free
0xf800430c,drysh_FW
0xf80043b4,err_init_task
0xf8004558,task_ClockSave
0xf8005378,GetMemInfo
0xf8005be0,open
0xf8005c90,close
0xf8005e34,Read
0xf8005e34,read
0xf8005e34,Read_FW
0xf800c3c8,RotateConsoleZOder_FW
0xf800c5d8,CPrintf_FW
0xf800c630,CPutChar_FW
0xf800c658,GetCh_FW
0xf800c6a8,GetStringWithPrompt_FW
0xf800c748,OpenConsole_FW
0xf800c874,CloseConsole_FW
0xf800cc4c,task_Startup
0xf800cda8,_uartr_req
0xf800ce38,task_UartLog
0xf800cfdc,StartRedirectUART_FW
0xf800d0f0,StopRedirectUART_FW
0xf800d280,sprintf_FW
0xf800d2c4,vsprintf
0xf800d414,strcpy
0xf800d414,strcpy_FW
0xf800d42c,memcmp
0xf800d42c,memcmp_FW
0xf800d528,j_strcmp_FW
0xf800d528,strcmp
0xf800d550,strcmp_FW
0xf801dfc4,RegComEventProc_FW
0xf801e488,task_StartupImage
0xf801f5c8,task_BatteryTask
0xf801fc50,GetVBatVoltage_FW
0xf801fc50,VbattGet
0xf801fc50,VbattGet_FW
0xf8020cfc,kbd_p2_f
0xf8021060,task_PhySw
0xf8021450,GetSwitchStatus_FW
0xf80214bc,GetSDDetect_FW
0xf80214c4,GetSDProtect
0xf80214c4,GetSDProtect_FW
0xf80214e8,GetDialEventId_FW
0xf80214ec,GetLcdPosition_FW
0xf80214f4,GetBatteryCoverClose_FW
0xf80214fc,IsHvSensorExist_FW
0xf8021508,kbd_read_keys
0xf8021558,kbd_p1_f
0xf8021564,kbd_p1_f_cont
0xf8022414,EngDrvOut
0xf802242c,EngDrvIn
0xf8022434,EngDrvRead
0xf8022448,EngDrvBits
0xf8022704,DisplayFactoryMode_FW
0xf8022710,UndisplayFactoryMode_FW
0xf8022880,StopPtpipServiceForFAWLAN_FW
0xf8022b98,SetWLANFactoryMode_FW
0xf8022bd8,ClearWLANFactoryMode_FW
0xf8022c18,SetSSIDForFAWLAN_FW
0xf802304c,SetDurianMode_FW
0xf802308c,ClearDurianMode_FW
0xf802308c,ClearFactoryMode_FW
0xf80230cc,SetFactoryMode_FW
0xf802310c,ClearDUIDFixFlag_FW
0xf8023144,SetDUIDFixFlag_FW
0xf8023238,ClearFactoryMasterFlag_FW
0xf8023244,SetFactoryMasterFlag_FW
0xf8023250,ClearFactoryMasterROMProtection_FW
0xf8023274,SetFactoryMasterROMProtection_FW
0xf8023298,IsFactoryMode_FW
0xf8023300,IsDUIDFixFlag_FW
0xf8023348,IsNormalCameraMode_FW
0xf8023360,StartFactoryModeController_FW
0xf8023bf0,RenameFile_Fut
0xf8023cf8,DeleteDirectory_Fut
0xf8023d50,Fopen_Fut
0xf8023d50,Fopen_Fut_FW
0xf8023d90,Fclose_Fut
0xf8023d90,Fclose_Fut_FW
0xf8023e3c,Fread_Fut
0xf8023e3c,Fread_Fut_FW
0xf8023e90,Fwrite_Fut
0xf8023e90,Fwrite_Fut_FW
0xf8023ee4,Fgets_Fut
0xf8023f30,Fseek_Fut
0xf8023f30,Fseek_Fut_FW
0xf8023f7c,Feof_Fut
0xf8023fb8,Fflush_Fut
0xf8024230,Open
0xf8024230,Open_FW
0xf80242f8,Close
0xf80242f8,Close_FW
0xf802434c,Write
0xf802434c,write
0xf802434c,Write_FW
0xf80243a0,j_Open_FW
0xf80243a4,j_Close_FW
0xf80244a4,j_Read_FW
0xf80244a8,j_Write_FW
0xf8024514,Lseek
0xf8024514,lseek
0xf8024514,Lseek_FW
0xf8024534,OpenForScrip_FW
0xf802455c,stat
0xf8024684,SetFileTimeStamp
0xf80246fc,SetFileAttributes
0xf8024794,mkdir
0xf8036518,j_StartCameraLog_FW
0xf803651c,j_ShowCameraLog_FW
0xf8036520,j_ShowCameraLogInfo_FW
0xf8036524,j_StopCameraLog_FW
0xf8036528,j_PutsCameraLogEvent_FW
0xf803652c,OpLog.Create_FW
0xf80365a8,j_NewTaskShell_FW
0xf80365ac,j_ExMem.View_FW
0xf80365b0,j_ExMem.AllocUncacheable_FW
0xf80365b4,j_ExMem.FreeUncacheable_FW
0xf80365b8,j_ExMem.AllocCacheable_FW
0xf80365bc,j_ExMem.FreeCacheable_FW
0xf80365c0,ExMem_FW
0xf80375a0,SS.GetDigitalZoomPosition_FW
0xf8037bb8,DoAFLock
0xf8037bf0,UnlockAF
0xf8037f38,EnterToCompensationEVF
0xf8037f7c,ExitFromCompensationEVF
0xf8037fdc,DoAELock
0xf8038000,UnlockAE
0xf8039ad4,AllocateUncacheableMemory
0xf8039b14,FreeUncacheableMemory
0xf8039d70,_GetSystemTime
0xf8039ea8,SetTimerAfter
0xf8039f28,SetTimerWhen
0xf8039f8c,CancelTimer
0xf803b07c,TurnOffE1_FW
0xf803b128,task_Bye
0xf803b30c,Restart
0xf803b7d8,HardwareDefectWithRestart_FW
0xf803b82c,HardwareDefect_FW
0xf803c1cc,strtolx
0xf803c3c8,strtol
0xf803c3dc,srand
0xf803c3e8,rand
0xf803c418,memcpy
0xf803c418,memcpy_FW
0xf804a1a4,ExpCtrlTool_StartContiAE
0xf804a30c,ExpCtrlTool_StopContiAE
0xf804c7bc,task_WBCtrl
0xf804f554,task_FrameTask
0xf8052160,task_AFTask
0xf80532e0,GetMacroSupportZoomPoint_FW
0xf80547c4,task_GapMan
0xf805ba1c,LiveImageTool.GetDzoomPosition_FW
0xf805c31c,GetVRAMHPixelsSize
0xf805c31c,GetVRAMHPixelsSize_FW
0xf805c328,GetVRAMVPixelsSize
0xf805c328,GetVRAMVPixelsSize_FW
0xf805c334,GetMovieJpegVRAMHPixelsSize_FW
0xf805c340,GetMovieJpegVRAMVPixelsSize_FW
0xf8063228,InitializeWLAN_FW
0xf8063238,TerminateWLAN_FW
0xf806334c,LeaveWLANNetwork_FW
0xf8066b30,UIFS_CancelStoreLensTimer_FW
0xf8066d40,PB2Rec
0xf8066d80,Rec2PB
0xf80675a8,task_InitFileModules
0xf80675e0,task_CommonDrivers
0xf806b230,UIFS_StartMovieRecord_FW
0xf806b254,UIFS_StopMovieRecord_FW
0xf806d12c,UnsetZoomForMovie
0xf806d64c,UIFS_GetNumOfOptZoomPos_FW
0xf806d7ac,UIFS_MoveZoomTo_FW
0xf807117c,UIFS_IsAvailableShots_FW
0xf8071794,UIFS_GetStillShotableNumber_FW
0xf8071798,UIFS_GetMovieRecoadableNumber_FW
0xf8074d10,DispCon_ShowColorBar_FW
0xf8074d9c,DispCon_ShowFiveStep_FW
0xf8074eec,DispCon_ShowWhiteChart_FW
0xf8074f40,DispCon_ShowBlackChart_FW
0xf8074f5c,DispCon_ShowBitmapColorBar
0xf8074f5c,DispCon_ShowBitmapColorBar_FW
0xf8074fcc,DispCon_ShowCustomColorBar_FW
0xf8075038,DispCon_SetDisplayType_FW
0xf8075058,DispCon_ShowColorChart_FW
0xf807507c,DispCon_ShowWhiteLine_FW
0xf8075238,DispCon_ShowNStepsChart_FW
0xf80753b4,DispCon_TurnOnDisplay_FW
0xf80753b4,TurnOnDisplay
0xf80753c4,DispCon_TurnOffDisplay_FW
0xf80753c4,TurnOffDisplay
0xf80753d4,DispCon_TurnOnBackLight_FW
0xf80753e4,DispCon_TurnOffBackLight_FW
0xf80753f4,DispCon_SetMaxBackLightBrightness_FW
0xf8075480,DispCon_SetVideoAdjParameter_FW
0xf807550c,DispCon_GetVideoAdjParameter_FW
0xf8075574,DispCon_ShowVideoAdjParameter_FW
0xf80755ac,DispCon_SaveVideoAdjParameter_FW
0xf80756a4,DispCon_SetLcdGainAdjParameter_FW
0xf80756f0,DispCon_GetLcdGainAdjParameter_FW
0xf807572c,DispCon_ShowLcdGainAdjParameter_FW
0xf807573c,DispCon_SaveLcdGainAdjParameter_FW
0xf8075758,DispCon_ShowHdChart_FW
0xf80766dc,GetAdVBattBottom_FW
0xf80766e4,GetAdChValue_FW
0xf807671c,_avsShowAdjData_FW
0xf8076910,_avsInit_FW
0xf80769e8,_avsExec_FW
0xf8076a58,task_AvsTask
0xf8076c38,CheckAvs_FW
0xf8076d2c,_avsLoadParamData_FW
0xf8076d68,_avsSaveAdjData_FW
0xf8076da8,_avsChk_FW
0xf80779c8,GetSlantData_FW
0xf8077b38,j_GetX_AxisAcceleration_FW
0xf8077b3c,j_GetY_AxisAcceleration_FW
0xf8077b40,j_GetZ_AxisAcceleration_FW
0xf8077b44,GetAccelerometerDataWithCorrect_FW
0xf8077b74,CalcAccelerometerAtanAngle_FW
0xf8077b84,j_GetSlantData_FW
0xf8077b88,EnableAcceleLogWrite_FW
0xf8077b9c,DisableAcceleLogWrite_FW
0xf8077bcc,EnableAcceleLogRead_FW
0xf8077be0,DisableAcceleLogRead_FW
0xf8077c10,StartAcceleSlantMotionDetect_FW
0xf8077c18,StopAcceleSlantMotionDetect_FW
0xf8077c20,LoadAcceleParamFromFile_FW
0xf8077c88,RegisterElecLevelInfoNotifyCBR_FW
0xf8077ca4,UnRegisterElecLevelInfoNotifyCBR_FW
0xf8077cb8,EnableHvUpdate_FW
0xf8077cc8,DisableHvUpdate_FW
0xf8077cd8,j_GetSlantAngle_FW
0xf8079464,task_BeepTask
0xf80797e4,BeepDrive_FW
0xf8079804,BeepDriveComp_FW
0xf8079960,Dcdc_Bl_Pwr_Ctrl_FW
0xf8079c2c,Dcdc_Set_Avs_Voltage_Step_FW
0xf8079cdc,Dcdc_Get_Avs_Voltage_Step_FW
0xf8079d6c,Dcdc_Down_Avs_Voltage_Step_FW
0xf8079e20,Dcdc_Up_Avs_Voltage_Step_FW
0xf807a0a8,task_HecMngTask
0xf807a3d8,ChangePowerState_FW
0xf807a460,HdmiHpd5VOutput_FW
0xf807a954,task_LEDCon
0xf807b2f4,kbd_read_keys_r2
0xf807baa0,GetKbdState
0xf807bdb8,task_RotaryEncoder
0xf807dbc0,TurnOnVideoOutMode_FW
0xf807dbf8,TurnOffVideoOutMode_FW
0xf807e290,GetInputAverageLevel_FW
0xf807e2a8,SetStereoSeparation_FW
0xf807f280,task_Thermometer
0xf807f478,GetCCDTemperature
0xf807f478,GetCCDTemperature_FW
0xf807f4ec,GetBatteryTemperature
0xf807f4ec,GetBatteryTemperature_FW
0xf807f560,GetOpticalTemperature
0xf807f560,GetOpticalTemperature_FW
0xf807f610,IsOpticalTemperature_FW
0xf807f644,IsCCDTemperature_FW
0xf807f678,IsBatteryTemperature_FW
0xf807f6c8,j_GetOpticalTemperature_FW
0xf807f6cc,j_GetCCDTemperature_FW
0xf807f6d0,j_GetBatteryTemperature_FW
0xf807f6d4,j_IsOpticalTemperature_FW
0xf807f6d8,j_IsCCDTemperature_FW
0xf807f6dc,j_IsBatteryTemperature_FW
0xf807fee4,TP_FirmwareUpdate_FW
0xf807ff24,TP_GetFirmwareVersion_FW
0xf8080d84,task_TouchPanel
0xf80813c4,TouchPanelExecRawDiffTest_FW
0xf80814e0,TouchPanelExecIDACTest_FW
0xf8081558,TouchPanelExecBaselinesTest_FW
0xf8081578,TouchPanelExecPinShortTest_FW
0xf808160c,TouchPanelSetSensitive_FW
0xf8081628,TouchPanelSetLowPowerMode_FW
0xf8081638,TouchPanelSetActiveDistance_FW
0xf8081648,TouchPanelStartPrintPosition_FW
0xf8081668,TouchPanelStopPrintPosition_FW
0xf8081678,TouchPanelStartPolling_FW
0xf80816a4,TurnOnTouchPanel_FW
0xf80817c0,TouchPanelSetPolMode_FW
0xf80817c4,TouchPanelSetFilter_FW
0xf8081810,TurnOffTouchPanel_FW
0xf8084d34,EraseAdjustmentArea_FW
0xf8084d60,DumpAdjMirror_FW
0xf8084d88,GetAdjTableVersion_FW
0xf8084dbc,j_GetAdjTableVersion_FW
0xf8084dc0,GetAdjTableMapVersion_FW
0xf8084dd0,GetAdjTableValueVersion_FW
0xf8084de4,ShowDefaultAdjTableVersion_FW
0xf8084e84,LoadAdjustmentTable_FW
0xf8084ebc,LoadDefectAdjTable_FW
0xf808523c,SaveAdjustmentTable_FW
0xf80852a8,SaveDefectAdjTable_FW
0xf80852cc,SaveAdjustmentValue_FW
0xf8085304,LoadAdjustmentValue_FW
0xf8085328,PrintAdjTableMap_FW
0xf8085630,CreateAdjustmentTableMirror_FW
0xf8085638,RefreshAdjustmentTableMirror_FW
0xf8085640,CreateDefectTableMirror_FW
0xf8085648,RefreshDefectTableMirror_FW
0xf8085650,j_CreateUserSettingMirror_FW
0xf8085654,PrintAdjKabotanInfo_FW
0xf80856e4,WRITEADJTABLETOFROM_FW
0xf8085718,j_WRITEADJTABLETOFROM_FW
0xf808571c,WRITEADJUSTMENTDATATOFROM_FW
0xf8085750,WRITEUSERSETTINGDATATOFROM_FW
0xf8085b50,GetDCPAdjOffset_FW
0xf8085fb8,GetAdjustmentOffset_FW
0xf8085fc0,GetProductID_FW
0xf8085fdc,GetAdjDataAreaAddress_FW
0xf8085ff8,CreateUserSettingMirror_FW
0xf8089e64,InitializeTestRec_FW
0xf8089ed0,TerminateTestRec_FW
0xf808a86c,Initializedccd_FW
0xf808a86c,InitializeDigicon_FW
0xf808a978,Terminatedccd_FW
0xf808a978,TerminateDigicon_FW
0xf808a9e4,ExecuteDigicon_FW
0xf808b0b4,Executedccd_FW
0xf808b144,GetdccdImage_FW
0xf808b334,GetdccdFilterValue_FW
0xf808b420,j_InitializeTestRec_FW
0xf808b424,j_TerminateTestRec_FW
0xf808b428,ExecuteTestRec_FW
0xf808b43c,ExecuteTestRecCF_FW
0xf808b43c,ExecuteTestRecSD_FW
0xf808b454,ExecuteTestRecWithInteg_FW
0xf808b46c,ExecuteTestRecSw1_FW
0xf808b4b8,GetTestRecCrawAddress_FW
0xf808b4c4,CalculateTestRecYUVData_FW
0xf808b4e4,SetTestRecSkimmingYUV_FW
0xf808b52c,ExecuteTestRecDevelopProcess_FW
0xf808b578,j_Initializedccd_FW
0xf808b578,j_InitializeDigicon_FW
0xf808b5dc,j_Terminatedccd_FW
0xf808b5dc,j_TerminateDigicon_FW
0xf808b5e0,j_ExecuteDigicon_FW
0xf808b5e4,j_Executedccd_FW
0xf808b5e8,j_GetdccdImage_FW
0xf808b5ec,j_GetdccdFilterValue_FW
0xf808b5f0,ResetRegistNoticeCBR_FW
0xf808b600,RegistFirmScanNoticeCBR_FW
0xf80903e8,task_FsIoNotifyTask
0xf8093818,GetDrive_ClusterSize
0xf8093848,GetDrive_TotalClusters
0xf8093870,GetDrive_FreeClusters
0xf8093aa8,MakeSDCardBootable
0xf8093bb4,task_SD1stInit
0xf8098284,task_ImgPlayDrv
0xf80993fc,task_RedEyeCapt
0xf809bb60,StartCzTuning_FW
0xf809bb68,MoveCzPeakPositon_FW
0xf809bb70,CzDebugPrint_FW
0xf809bb70,SetCzDebugFocusMode_FW
0xf809bb70,SetCzDebugSubjectDistance_FW
0xf809bb84,CzDebugPrintToFile_FW
0xf809c260,IsLensOutside_FW
0xf809c284,task_LensController
0xf809d764,GetFocusStartZoomPosition_FW
0xf809de94,task_MechaAlarm
0xf809e3ac,task_ISMainTask
0xf809e6c0,ISInitMotion_FW
0xf809eea4,GetISPWMFrequency_FW
0xf809eee8,StartISLocalAutoCenter_FW
0xf809ef28,StartISLocalHallAdjust_FW
0xf809f244,GetGyroDataPitch_FW
0xf809f260,GetGyroDataYaw_FW
0xf809f294,GetGyro10BitDACPitch_FW
0xf809f2a0,GetGyro10BitDACYaw_FW
0xf809f2cc,GetGyroHPFINOffsetPitch_FW
0xf809f2e8,GetGyroHPFINOffsetYaw_FW
0xf809f304,GetGyroHPFINPitch_FW
0xf809f360,GetGyroHPFINYaw_FW
0xf809f924,GetDISModeParameter_FW
0xf809faec,GetFixedPWMOutA_FW
0xf809faf8,GetFixedPWMOutB_FW
0xf80c1810,task_CaptSeq
0xf80c1810,task_CaptSeqTask
0xf80cbd04,SSFS_CompleteCaptModeChange_FW
0xf80cbd04,SSFS_CompleteFileWrite_FW
0xf80cbd04,SSFS_CompletePreCapt_FW
0xf80cbd04,SSFS_CompleteStopDigZoom_FW
0xf80cbd04,SSFS_CompleteStopZoom_FW
0xf80cbd04,SSFS_CompleteSynchroWrite_FW
0xf80cbd04,SSFS_NextShotAvailable_FW
0xf80cbd04,SSFS_ShootPicture_FW
0xf80cbd80,task_SsTask
0xf80cc584,PT_PlaySound
0xf80ce37c,EpilogShow_FW
0xf80ce674,EpilogFile_FW
0xf80ce6a0,task_Epilog
0xf80ce6dc,EpilogMenu_FW
0xf80d0150,ExecuteShutDownPropertyService_FW
0xf80d0494,WriteToRom_FW
0xf80d0530,EraseRom_FW
0xf80d0618,GetRomID_FW
0xf80d07e4,UnLoadScript_FW
0xf80d08d0,Printf_FW
0xf80d08dc,LoadScript_FW
0xf80d0f58,ExMem.View_FW
0xf80d1434,ExMem.AllocUncacheable_FW
0xf80d1570,ExMem.FreeUncacheable_FW
0xf80d1584,exmem_alloc
0xf80d15ec,ExMem.AllocCacheable_FW
0xf80d15fc,exmem_free
0xf80d1674,ExMem.FreeCacheable_FW
0xf80d2190,SetHPTimerAfterNow
0xf80d2210,SetHPTimerAfterTimeout
0xf80d2298,CancelHPTimer
0xf80d2a88,RegisterEventProcedure
0xf80d2bb0,ExecuteEventProcedure
0xf80d2c28,ExecuteEventProcedure_FW
0xf80d34f0,ExportToEventProcedure_FW
0xf80d34fc,CreateProxyOfEventProcedure_FW
0xf80d3554,DeleteProxyOfEventProcedure_FW
0xf80d3774,PutsCameraLogEvent_FW
0xf80d37b8,ShowCameraLogInfo_FW
0xf80d3824,ShowCameraLog_FW
0xf80d3874,StartCameraLog_FW
0xf80d3a3c,StopCameraLog_FW
0xf80d3a9c,LogCameraEvent
0xf80d4070,task_OpePlay
0xf80d41f8,OpLog.Stop_FW
0xf80d4224,OpLog.WriteToROM_FW
0xf80d4254,j_OpLog.WriteToROM_FW
0xf80d4288,OpLog.ReadFromROM_FW
0xf80d42f0,OpLog.ReadFromSD_FW
0xf80d4734,OpLog.WriteToSD_FW
0xf80d4cbc,OpLog.Get_FW
0xf80d4cdc,OpLog.GetUsrSet_FW
0xf80d4d9c,OpLog.Play_FW
0xf80d4f88,OpLog.Start_FW
0xf80d506c,OpLog.Terminate_FW
0xf80d5790,task_WdtPrint
0xf80d5844,task_WdtReset
0xf80d5904,StartWDT_FW
0xf80d5964,StopWDT_FW
0xf80d5a64,GetBuildDate_FW
0xf80d5a6c,GetBuildTime_FW
0xf80d5a74,GetFirmwareVersion_FW
0xf80d5ae4,GetInternalFirmwareVersion_FW
0xf80d5b7c,CheckSumAll_FW
0xf80d5d64,RomCheckSum_FW
0xf80d6610,task_EvShel
0xf80d66c4,NewTaskShell
0xf80d6724,NewTaskShell_FW
0xf80d6bb8,SetPropertyCase
0xf80d6d40,GetPropertyCase
0xf80d7688,task_
0xf80d76e4,StartupEekoSystem_FW
0xf80d7968,task_CtrlSrv
0xf80d8324,CreateController_FW
0xf80d8408,DeleteController_FW
0xf80d8510,MoveControllerToTopOfZOrder_FW
0xf80d85b8,CtrlMan_ChangeZOrder_FW
0xf80d8650,GetSelfControllerHandle_FW
0xf80d905c,PostLogicalEventForNotPowerType
0xf80d905c,PostLogicalEventForNotPowerType_FW
0xf80d90a8,PostLogicalEventToUI
0xf80d90a8,PostLogicalEventToUI_FW
0xf80d9290,PostEventShootSeqToUI_FW
0xf80d92ec,ShowLogicalEventName_FW
0xf80db1a0,set_control_event
0xf80db550,IsControlEventActive_FW
0xf80db5c0,SetLogicalEventActive
0xf80db5c0,UiEvnt_SetLogicalEventActive_FW
0xf80db610,SetScriptMode
0xf80db610,SetScriptMode_FW
0xf80db680,UiEvnt_StartDisguiseCradleStatus_FW
0xf80db690,UiEvnt_StopDisguiseCradleStatus_FW
0xf80db7c8,UnlockMainPower
0xf80db7c8,UnlockMainPower_FW
0xf80db874,LockMainPower
0xf80db874,LockMainPower_FW
0xf80db8e8,SetAutoShutdownTime
0xf80db8e8,SetAutoShutdownTime_FW
0xf80dbf9c,PTM_AllResetToFactorySetting_FW
0xf80dbfac,j_PTM_AllReset_FW
0xf80dc3a0,PTM_SetCurrentCaptureMode_FW
0xf80dc4e4,j_PTM_GetWorkingCaptureMode_FW
0xf80dc4ec,j_PTM_SetCurrentItem_FW
0xf80dc4f8,PTM_GetCurrentItem_FW
0xf80dc564,j_PTM_NextItem_FW
0xf80dc568,j_PTM_PrevItem_FW
0xf80dc57c,j_PTM_IsEnableItem_FW
0xf80dc580,j_PTM_SetProprietyEnable_FW
0xf80dc598,j_PTM_BackupUIProperty_FW
0xf80dc5a0,PTM_RestoreUIProperty_FW
0xf80dd7c0,GUISrv_StartGUISystem
0xf80dd7c0,GUISrv_StartGUISystem_FW
0xf80ddf6c,RefreshPhysicalScreen
0xf80def44,ScreenLock
0xf80defa8,ScreenUnlock
0xf80df560,StartPlayModeMenu_FW
0xf80df57c,StartRecModeMenu
0xf80df57c,StartRecModeMenu_FW
0xf80df674,ShutdownRecModeMenu_FW
0xf80df8cc,ShutdownPlayModeMenu_FW
0xf80dfa20,ShutdownPlayModeMenuWithoutPbRedraw_FW
0xf80e7a58,SetCurrentCaptureModeType
0xf80e7a58,SetCurrentCaptureModeType_FW
0xf80e91a8,GetCurrentCaptureModeType_FW
0xf80e9a28,task_FaceFrame
0xf80ec828,TurnOnBackLight
0xf80ec840,TurnOffBackLight
0xf80efe3c,task_DSITask
0xf80f0280,mktime_ext
0xf80f02cc,strftime
0xf80f0bb4,sscanf_FW
0xf80f0bd0,atol_FW
0xf80f0bdc,strcat
0xf80f0ca8,memset
0xf80f0ca8,memset_FW
0xf80f70dc,GetCurrentShutterSpeed_FW
0xf80f73d8,GetCurrentExposureTime_FW
0xf80fbef4,task_WBIntegTask
0xf8104904,task_BrtMsrTask
0xf8108644,ExpCtrlTool.SetExpMode_FW
0xf810cfa0,task_ExpDrv
0xf810cfa0,task_ExpDrvTask
0xf8116260,task_WBCR2Calc
0xf81220ac,task_WBLPFace
0xf812639c,task_OBCtrlTask
0xf8127a94,task_DetectMoveTask
0xf81293b4,task_ChaseFrame
0xf812bf08,task_DispFace
0xf812fea0,task_DevelopModule
0xf81368a0,task_EFChargeT
0xf8136be8,EF.IsChargeFull_FW
0xf8136be8,IsStrobeChargeCompleted
0xf8138df8,MovieAF.Suspend_FW
0xf8138e0c,MovieAF.Resume_FW
0xf813a8c0,task_AfIntSrvTask
0xf816ab08,task_GapBS
0xf816bc04,E2LatOn_FW
0xf816bd40,ActivateImager_FW
0xf816bdd8,ActivateImagerXOne_FW
0xf816bec0,QuietImager_FW
0xf816bfa8,CancelImager_FW
0xf816bfcc,ChangeImagerToWholeParallel_FW
0xf816bfd4,ChangeImagerToWholeParallelBP_FW
0xf816bfdc,ChangeImagerToWholeParallelBPOne_FW
0xf816bfe4,ChangeImagerToCombiParallel_FW
0xf816bfec,ChangeImagerToWideDraft_FW
0xf816bff4,ChangeImagerToFocusJet_FW
0xf816bffc,ChangeImagerToMangoPudding_FW
0xf816c004,ChangeImagerToSuperWideDraft_FW
0xf816c00c,ChangeImagerToHoneyFlash_FW
0xf816c014,ChangeImagerToMillefeAdjust_FW
0xf816c01c,ChangeImagerToDigiconMode_FW
0xf816c01c,ChangeImagerToOITA_XAVIER_FW
0xf816c024,ChangeImagerToAlternateDraft_FW
0xf816c02c,ChangeImagerToUltraGhostQ_FW
0xf816c034,ChangeImagerToMontblancWhole_FW
0xf816c03c,ChangeImagerToMontblancMillefe_FW
0xf816c044,ChangeImagerToMontblancMovie_FW
0xf816c04c,ChangeImagerToHarleyDavidson_FW
0xf816c054,ChangeImagerToMachDashV_FW
0xf816c05c,ChangeImagerToFantaJungle_FW
0xf816c064,ChangeImagerToHoneyFlashDark_FW
0xf816c06c,ChangeImagerToRoadKing_FW
0xf816c07c,ChangeImagerToFalconJump_FW
0xf816c084,ChangeImagerToSpriteSunshine_FW
0xf816c08c,ChangeImagerToHealthyVegetable_FW
0xf816c0b8,j_E2LatOn_FW
0xf816dedc,task_SsgMainTask
0xf816e09c,task_SsgPeriodTask
0xf8174450,task_TgTask
0xf817bf50,task_LiveImageTask
0xf817e0bc,task_SyncPeriod
0xf817e150,task_SynchTask
0xf817fed0,task_TimerUtility
0xf8184a48,task_PTPtoFAPI_EventProcTask_Try
0xf8184aec,task_PTPtoFAPI_EventProcTask_Block
0xf81875d8,add_ptp_handler
0xf818c350,task_NormalThumbCache
0xf81907d8,task_TrnsCtrlTask
0xf819b5a4,task_ComWireless
0xf81a1480,task_IMLApp
0xf81a6ea8,ConnectPtpIPService_FW
0xf81a6eb4,DisconnectPtpIPService_FW
0xf81a77b8,RequestDisconnectPTPIP_FW
0xf81a789c,RequestConnectPTPIP_FW
0xf81a78e4,RequestConnectPTPIPDef_FW
0xf81a7994,RegisterNotifyConnectPTPIP_FW
0xf81a7994,RegisterNotifyPTPIP_FW
0xf81a79bc,RegisterResponseConnectPTPIP_FW
0xf81a79bc,RegisterResponsePTPIP_FW
0xf81a79e4,TerminatePTPIPTransportResponder_FW
0xf81a7a6c,InitializePTPIPTransportResponder_FW
0xf81a80c8,task_SelectFuncController
0xf81a85c0,task_WebServiceApp
0xf81a9abc,ExecuteResetFactoryWithRomWrite_FW
0xf81a9ad4,ExecuteResetFactory_FW
0xf81a9aec,j_ExecuteShutDownPropertyService_FW
0xf81b281c,UIFS_Capture_FW
0xf81b28f0,UIFS_CaptureNoneStop_FW
0xf81b8678,LcdCon_SetLcdBackLightBrightness_FW
0xf81b86a4,LcdCon_SetLcdBackLightParameter_FW
0xf81b86f8,LcdCon_GetLcdBackLightParameter_FW
0xf81b873c,LcdCon_ShowLcdBackLightParameter_FW
0xf81b877c,LcdCon_SaveLcdBackLightParameter_FW
0xf81b896c,LcdCon_SetLcdDriver_FW
0xf81b89d0,LcdCon_SetLcdAdjParameter_FW
0xf81b8a84,LcdCon_GetLcdAdjParameter_FW
0xf81b8acc,LcdCon_ShowLcdAdjParameter_FW
0xf81b8b0c,LcdCon_SaveLcdAdjParameter_FW
0xf81b8b28,LcdCon_SetLcdParameter_FW
0xf81b8ca4,LcdCon_GetLcdParameter_FW
0xf81b8cec,LcdCon_ShowLcdParameter_FW
0xf81b8d2c,LcdCon_SaveLcdParameter_FW
0xf81b8d74,task_LcdConTask
0xf81b8e64,LcdCon_StartLcdPeriodicalSetting_FW
0xf81b8e98,LcdCon_StopLcdPeriodicalSetting_FW
0xf81baf88,TurnOffDispForTouchPanelAdj_FW
0xf81bb7a0,_srRegDump_FW
0xf81bbc88,GetZ_AxisAcceleration_FW
0xf81bbc9c,GetY_AxisAcceleration_FW
0xf81bbcb0,GetX_AxisAcceleration_FW
0xf81bbf4c,GetSlantAngle_FW
0xf81bcb20,GetDriverInfoEvent_FW
0xf81bdd98,HdmiViewParameter_FW
0xf81c0830,drv_is_rx_sense_active_FW
0xf81c2610,GetLatestHVPosition_FW
0xf81c2b8c,task_ASIF
0xf81c379c,TurnOnDispForTouchPanelAdj_FW
0xf81c37c0,TurnOnDispForTouchPanelAdjCheck_FW
0xf81c37e4,j_TurnOffDispForTouchPanelAdj_FW
0xf81c4170,task_TouchCalib
0xf81c4170,task_TouchCalibFA
0xf81c49d4,TouchPanelStartCalibration_FW
0xf81c4a4c,TouchPanelAdjustmentNextStep_FW
0xf81c4a98,TouchPanelAdjustmentStart_FW
0xf81c4b10,TouchPanelAdjustmentCheck_FW
0xf81c4b9c,j_TouchPanelAdjustmentNextStep_FW
0xf81c4ba4,TouchPanelStartFreeCheck_FW
0xf81c4c00,TouchPanelStopFreeCheck_FW
0xf81c4c88,AquireTouchPositionData_FW
0xf81c4cf0,TouchPanelClearCalibrationData_FW
0xf81c4ff8,TP_DumpCalibrationData_FW
0xf81c5534,EngApp.Delete_FW
0xf81c5588,EngApp.Create_FW
0xf81ccb88,task_OhyearKiLiveAlgor
0xf81d0028,task_SceneDetectTask
0xf81d08d8,task_ChaseTask
0xf81d0cb0,Scene.ForbidContiSceneDetect_FW
0xf81d0cdc,Scene.TestSunset_FW
0xf81d0d08,Scene.TestBabySmile_FW
0xf81d0d38,Scene.TestBabySleep_FW
0xf81d0d68,Scene.TestHumanSmile_FW
0xf81d0d98,Scene.TestHumanSleep_FW
0xf81d0dc8,Scene.TestKidMove_FW
0xf81d24d4,task_AutoShutterMan
0xf81d7024,GetFaceAuthBinAddr_FW
0xf81d702c,GetFaceAuthBinSize_FW
0xf81d7034,IsOKFaceAuthBinFile_FW
0xf81d7a7c,task_FaceScoreTask
0xf81d88a0,task_MotionVector
0xf81f1fa0,task_CorctTask
0xf81f4438,task_HDRMan
0xf81f9f30,task_Fencing
0xf81fc0e8,PrintAllAEIntegData_FW
0xf81fcb84,AbortAEIntegralValue_FW
0xf81fcbb8,j_AbortAEIntegralValue_FW
0xf81fcbd8,SetAEIntegStrobeProperty_FW
0xf81fcc64,SetAEIntegCorrectProperty_FW
0xf81fccc0,SetAEIntegralValueProperty_FW
0xf81fcd04,SetAEIntegralGetaTime_FW
0xf81fd164,GetAEIntegWinData_FW
0xf81fd174,j_GetAEIntegWinData_FW
0xf81fd178,GetAEIntegWinDataWithMode_FW
0xf81fd264,GetAEIntegralValueWithFix_FW
0xf81fd388,GetAllAEIntegralAllValueWithFix_FW
0xf81fd458,GetOnlyAEIntegData_FW
0xf81fd4c8,SetWhiteCoefficient_FW
0xf81fd54c,SetAEIntegWindowsMode_FW
0xf81fd5ac,SetAEIntegValueBit_FW
0xf81fd5cc,GetAEIntegValueBit_FW
0xf81fd5d8,GetAEIntegralServiceMode_FW
0xf81fd5e4,StopAEIntegralService_FW
0xf81fd784,j_StopAEIntegralService_FW
0xf81fd960,StartAEIntegralService_FW
0xf81fd96c,SetLineDefMarkThroughMode_FW
0xf81fda10,SetAEIntegAverageOBData_FW
0xf81fda34,SetAdjAEIntegSmearLimitter_FW
0xf81fda58,SetDefaultAEIntegSmearLimitter_FW
0xf81fda6c,AttachIntegCrawData_FW
0xf81fe1b0,MoveIrisToAv_FW
0xf81fe25c,ReloadIrisAdjustment_FW
0xf81fe270,ReloadGetaAdjustment_FW
0xf81fe284,j_GetCurrentAvValue_FW
0xf81fe288,GetCurrentAvCoefficient_FW
0xf81fe2a0,j_GetCurrentAvCoefficient_FW
0xf81fe370,j_GetCurrentIrisPosition_FW
0xf81fe378,MoveIrisFullOpen_FW
0xf81fe3b0,MoveIrisFullClose_FW
0xf81fe3e8,ResetIrisPosition_FW
0xf81fe420,j_GetIrisPRResetPosition_FW
0xf81fe424,MoveIrisWithTerminatePosition_FW
0xf81fe45c,MoveIrisMechaPositionWithBacklash_FW
0xf81fe49c,MoveIrisMechaPositionWithoutBacklash_FW
0xf81fe4dc,MoveIrisToAvWithoutBacklash_FW
0xf81fe528,GetUsableMinAv_FW
0xf81fe540,j_GetUsableMinAv_FW
0xf81fe544,GetUsableMaxAv_FW
0xf81fe55c,j_GetUsableMaxAv_FW
0xf81fe5a4,LoadParamDataFromAdjTableBin_FW
0xf81fe6a4,LoadDataFromAdjTableBin_FW
0xf81fe790,DeviceUniqueIDCheckSum_FW
0xf81fe8e0,SaveFactoryIDData_FW
0xf81fe900,LoadFactoryIDData_FW
0xf81feab0,PrintFirmVersion_FW
0xf81feae4,PrintFaexeVersioin_FW
0xf81feaf4,CreateFADBGSingalID_FW
0xf81feb04,FADBGSingal_FW
0xf81febb4,FADBGPrintf_FW
0xf81fed34,FAPrintf_FW
0xf81fed84,OutputLogToFile_FW
0xf81fee90,StopLogOut_FW
0xf81ff1b0,GetLogData_FW
0xf81ff1b8,GetLogDataOnlyAddMemory_FW
0xf81ff1c0,ActivateAdjLog_FW
0xf81ff1d4,InactivateAdjLog_FW
0xf81ff1e8,StartLogOut_FW
0xf81ff200,IsLogOutType_FW
0xf81ff20c,GetCurrentMaximumLogSize_FW
0xf82011f4,SetDefaultRecParameter_FW
0xf82016a0,EnableDebugLogMode_FW
0xf82016b4,DisableDebugLogMode_FW
0xf820360c,task_dccdCalcTask
0xf82077fc,GetImageFolder
0xf8209778,getImageDirName
0xf820a540,task_MetaCtg
0xf8211f40,task_DPOFTask
0xf8213e8c,File.ClearExifInfo_FW
0xf8213fcc,File.Delete_AllImg_FW
0xf8214034,File.Create_FW
0xf8219b08,task_FileScheduleTask
0xf821b9c0,task_MediaStatusMngr
0xf821cc90,WriteSDCard
0xf8228e04,GetFocusLensPullInMaxSpeed_FW
0xf8229200,GetCurrentTargetDistance_FW
0xf8229200,GetFocusLensSubjectDistance
0xf8229290,GetCurrentFocusLensPosition_FW
0xf8229290,GetCurrentFocusPosition_FW
0xf82295bc,GetFocusLensSubjectDistanceFromLens
0xf8229668,IsFocusLensOutSidePosition_FW
0xf822968c,GetFocusResetPosition_FW
0xf82296f8,GetFocusDefaultResetPosition_FW
0xf822b23c,GetCurrentAvValue
0xf822b23c,GetCurrentAvValue_FW
0xf822b23c,GetIrisAv_FW
0xf822b414,GetCurrentIrisPosition_FW
0xf822b414,GetIrisCurrentPosition_FW
0xf822b6d8,GetIrisPRResetPosition_FW
0xf822b854,GetLensErrorStatus_FW
0xf822baf4,task_MechaCom
0xf822cc98,GetZoomPiSensorLevel_FW
0xf822cce0,GetFocusPiSensorLevel_FW
0xf822cd28,GetIrisPiSensorLevel_FW
0xf822dddc,task_MechaCPUTransfer
0xf822e18c,GetMechaShutterMoveTime_FW
0xf822e1b4,GetMechaShutterStatus_FW
0xf822e474,task_TmgGen
0xf822eabc,GetAutoPopupStrobeCurrentStatus_FW
0xf822eb10,task_PopUpStrobe
0xf822f11c,GetAutoPopupStrobePiSectionTime_FW
0xf822f180,PopUpStrobe_FW
0xf822f1ac,PopDownStrobe_FW
0xf822f1e4,MoveStrobePopUpWithState_FW
0xf822f218,MoveStrobePopUpWithDirection_FW
0xf822f24c,SetStrobePopUpAmpereLimitMode_FW
0xf822f264,SetStrobePopUpLimitAmpereDac_FW
0xf822f2c4,SetStrobePopUpVoltage_FW
0xf822f324,SetStrobePopUpTime_FW
0xf822f384,SetStrobePopUpStopTime_FW
0xf822f460,GetStrobePopUpSectionTime_FW
0xf822facc,GetCurrentZoomLensPosition_FW
0xf822facc,GetCurrentZoomPosition_FW
0xf822facc,GetZoomLensCurrentPosition_FW
0xf822fb7c,GetCurrentZoomLensPoint_FW
0xf822fb7c,GetCurrentZoomPoint_FW
0xf822fb7c,GetZoomLensCurrentPoint
0xf822fb7c,GetZoomLensCurrentPoint_FW
0xf8230048,GetZoomLensTelePoint_FW
0xf8230048,GetZoomTelePoint_FW
0xf82303d8,IsZoomLensOutSidePosition_FW
0xf823072c,GetZoomLensMechaEdgePosition_FW
0xf8230730,GetZoomDrivingTime_FW
0xf8231660,GetZoomResetSensorLevel_FW
0xf8232bcc,task_MechaNCTask
0xf8235e0c,task_MovieRecord
0xf82626b0,MechaUnRegisterEventProcedure_FW
0xf8262710,Mecha.Create_FW
0xf8262788,MechaReset_FW
0xf8262794,MechaTerminate_FW
0xf82627a0,ShowMechaMacro_FW
0xf82628a4,DispDev_EnableEventProc_FW
0xf82628e8,SetSDPwrPort_FW
0xf8262918,j_GetAdVBattBottom_FW
0xf826291c,j_GetAdChValue_FW
0xf8262920,j_BeepDrive_FW
0xf8262924,j_BeepDriveComp_FW
0xf8262928,j_SetStereoSeparation_FW
0xf8262930,j_VbattGet_FW
0xf8262934,LEDDrive
0xf8262934,LEDDrive_FW
0xf8262988,ShowPhySwStatus_FW
0xf8262998,SetRawSWCheckMode_FW
0xf82629a8,OnPrintPhySw_FW
0xf82629b8,OffPrintPhySw_FW
0xf82629c8,j_GetSwitchStatus_FW
0xf82629cc,ShowSDStatus_FW
0xf82629dc,j_GetSDDetect_FW
0xf82629e0,j_GetSDProtect_FW
0xf82629e4,SetIgnoreAVJACK_FW
0xf82629f4,j_GetDialEventId_FW
0xf82629f8,j_GetLcdPosition_FW
0xf82629fc,j_GetBatteryCoverClose_FW
0xf8262a00,j_IsHvSensorExist_FW
0xf8262a04,j_GetDriverInfoEvent_FW
0xf8262a08,Driver.Create_FW
0xf8262a08,Driver_EnableEventProc_FW
0xf8262d94,SetPropertyCase_FW
0xf8262dac,GetPropertyCase_FW
0xf8262e18,mod_FW
0xf8262e34,GetDateAndTime_FW
0xf8262ed8,j_Printf_FW
0xf8262edc,j_MonSelEvent_FW
0xf8262ee0,j_MemoryChecker_FW
0xf8262ee4,j_VerifyByte_FW
0xf8262ee8,EraseSignature_FW
0xf8262ef8,j_SDump_FW
0xf8262efc,Dump_FW
0xf8262f0c,Dump32_FW
0xf8262f20,Poke32_FW
0xf8262f30,Poke16_FW
0xf8262f40,Poke8_FW
0xf8262f50,j_Peek32_FW
0xf8262f54,j_Peek16_FW
0xf8262f58,j_Peek8_FW
0xf8262f5c,Wait_FW
0xf8262f6c,j_exec_FW
0xf8262f70,ShowAllTaskInfo_FW
0xf8262f80,System.Delete_FW
0xf8263674,System.Create_FW
0xf82639c4,SS.MoveOpticalZoomToTele_FW
0xf82639d8,SS.MoveOpticalZoomToWide_FW
0xf82639ec,PT_MoveOpticalZoomAt
0xf82639ec,SS.MoveOpticalZoomAt_FW
0xf8263a04,SS.MoveDigitalZoomToTele_FW
0xf8263a14,PT_MoveDigitalZoomToWide
0xf8263a14,SS.MoveDigitalZoomToWide_FW
0xf8263a24,SS.MoveDigitalZoomAt_FW
0xf8263a38,SS.GetDigitalZoomTele_FW
0xf8263a4c,j_SS.GetDigitalZoomPosition_FW
0xf8263a50,SS.ChangeZoomSpeed_FW
0xf8263a64,SS.DoAFLock_FW
0xf8263a74,SS.UnlockAF_FW
0xf8263a84,SS.DoAELock_FW
0xf8263a94,SS.UnlockAE_FW
0xf8263aa4,SS.MFOn_FW
0xf8263ab4,SS.MFOff_FW
0xf8263ac4,SS.Create_FW
0xf8263b18,InitializeAdjustmentSystem_FW
0xf8263b50,TerminateAdjustmentSystem_FW
0xf8263b88,InitializeAdjustmentFunction_FW
0xf8263bb0,FA.Delete_FW
0xf8263bc4,FA.Create_FW
0xf8263be8,DispDev.Create_FW
0xf8263d54,SaveBmpVRAMData_FW
0xf82640b0,SavePaletteData
0xf82640b0,SavePaletteData_FW
0xf8264350,Capture.Create_FW
0xf8264394,EngineDriver.Create_FW
0xf82643dc,EngApp.CreatePub_FW
0xf82645d8,NR_SetLotasPonyType_FW
0xf82645e0,NR_SetDoubleNRType_FW
0xf8266a60,task_ShutterSoundTask
0xf8268fc8,task_DvlpSeqTask
0xf8269368,task_CreateHeaderTask
0xf826be8c,GetLogToFile_FW
0xf826beb4,IsRomLogAvailable_FW
0xf826bec8,EraseLogSector_FW
0xf82723fc,AdditionAgentRAM_FW
0xf827253c,EFUSE_ReadData_FW
0xf827296c,EFUSE_GetVdlData_FW
0xf8277244,PTM_AllReset_FW
0xf82776d4,PTM_GetWorkingCaptureMode_FW
0xf82776ec,PTM_SetCurrentItem_FW
0xf8277a4c,PTM_NextItem_FW
0xf8277a54,PTM_PrevItem_FW
0xf8277e0c,PTM_SetProprietyEnable_FW
0xf82780f0,PTM_IsEnableItem_FW
0xf82781bc,PTM_BackupUIProperty_FW
0xf82781bc,SetParameterData
0xf82782e0,GetParameterData
0xf8278504,UIFS_IsAvailableMovieRecOptZoom_FW
0xf827850c,UIFS_IsAvailableMovieRecDigZoom_FW
0xf8278514,UIFS_IsAvailableServoAF_FW
0xf827851c,UIFS_IsAvailableRecMenuAFMode_FW
0xf8278524,UIFS_IsAutoPopupDownStrobe_FW
0xf827852c,UIFS_IsAvailableAvTvMode_FW
0xf82786bc,UIFS_SetDialStillRec_FW
0xf82786dc,UIFS_SetDialMovieRec_FW
0xf827871c,UIFS_SetDialPlay_FW
0xf827873c,UIFS_OpenPopupStrobe_FW
0xf827876c,UIFS_ClosePopupStrobe_FW
0xf827879c,UIFS_MountExtFlash_FW
0xf82787cc,UIFS_UnmountExtFlash_FW
0xf82787fc,UIFS_ConnectVideo_FW
0xf827882c,UIFS_DisconnectVideo_FW
0xf827885c,j_UIFS_MoveZoomTo_FW
0xf8278860,j_UIFS_GetNumOfOptZoomPos_FW
0xf8278864,UIFS_StopPostingUIEvent_FW
0xf8278868,UIFS_RestartPostingUIEvent_FW
0xf827886c,UIFS_PostModeDial_FW
0xf8278894,j_UIFS_Capture_FW
0xf8278898,j_UIFS_CaptureNoneStop_FW
0xf827889c,j_UIFS_StartMovieRecord_FW
0xf82788a0,j_UIFS_StopMovieRecord_FW
0xf82788a4,UIFS_StartClockMode_FW
0xf82788b4,UIFS_EndClockMode_FW
0xf82788c4,UIFS_SetCradleSetting_FW
0xf82788c8,j_UIFS_WriteFirmInfoToFile_FW
0xf82788cc,j_UIFS_GetMovieRecoadableNumber_FW
0xf82788d0,j_UIFS_GetStillShotableNumber_FW
0xf82788d4,UIFS_ChangeShootState_FW
0xf82788f8,UIFS_ShootSeqToUI_FW
0xf827891c,UIFS_GetLastPath_FW
0xf8278954,UIFS_GetAvItemCount_FW
0xf82789c4,UIFS_GetTvItemCount_FW
0xf8278b20,UIFS_GetAvItem_FW
0xf8278b58,UIFS_GetTvItem_FW
0xf8278b90,UIFS_GetCurrentAvString_FW
0xf8278c10,UIFS_GetCurrentTvString_FW
0xf8278c94,j_UIFS_IsAvailableShots_FW
0xf8278c98,j_UIFS_GetNumberOfDisplayedImage_FW
0xf8278c9c,j_UIFS_PlayTrimExecuteAllImageSize_FW
0xf8278ca0,j_UIFS_WirelessExecuteSendForever_FW
0xf8278ca4,UIFS_PressTouchPanel_FW
0xf8278cb0,UIFS_UnpressTouchPanel_FW
0xf8278cbc,j_UIFS_CancelStoreLensTimer_FW
0xf8278cc0,UI.CreatePublic_FW
0xf8279818,UI_ShowStateOfRecMode_FW
0xf827982c,UI.Create_FW
0xf827982c,UI_RegistDebugEventProc_FW
0xf8299da8,UIFS_WriteFirmInfoToFile
0xf8299da8,UIFS_WriteFirmInfoToFile_FW
0xf829d234,FmtMenu_ExecuteQuickFormat_FW
0xf82d28e0,UIFS_GetNumberOfDisplayedImage_FW
0xf82ec9d4,UIFS_WirelessExecuteSendForever_FW
0xf833c020,task_RealTimeHist
0xf8345894,qsort
0xf83458f4,realloc
0xf8348270,apex2us
0xf834ee1c,NR_SetDarkSubType
0xf834ee1c,NRTBL.SetDarkSubType_FW
0xf834eeb8,NRTBL.SetDefectCorrectType_FW
0xf834eee4,NR_GetDarkSubType
0xf834eee4,NRTBL.GetDarkSubType_FW
0xf834ef24,NRTBL.SetTassenType_FW
0xf834ef44,NRTBL.GetDefectCorrectType_FW
0xf8369318,PointDefDetect_FW
0xf8369578,MergeAndConvertDefect_FW
0xf8369888,PointKizuCheck_FW
0xf83698f8,SensDefCrowdCheck_FW
0xf8369930,ChangeGradeTable_FW
0xf8369938,CrossDefDetect_FW
0xf8369ae8,ChangeCrossThresholdTable_FW
0xf8369afc,MixPixDetect_FW
0xf8369d64,GetDefectCrawInfo_FW
0xf8369dc8,SetDefectDebugInfo_FW
0xf8369df4,GetDefectHistgramInfo_FW
0xf8369e2c,GetDefectTvAdj_FW
0xf8369f58,SetDefectRecParam_FW
0xf836a120,ChangeDefectRecParam_FW
0xf836a130,ExecuteDefectRec_FW
0xf836a15c,ExecuteDefectRecAndSaveImage_FW
0xf836a1c4,ExecuteDefectRecWithGrade_FW
0xf836a200,ExecuteDefectRecAndSaveImageWithGrade_FW
0xf836a270,j_InitializeDefectRec_FW
0xf836a274,j_TerminateDefectRec_FW
0xf836a3a4,DevelopTool.DevelopTest_FW
0xf8373bc8,task_CntFlashTask
0xf83758d0,EF.StartEFCharge_FW
0xf837591c,EF.StopEFCharge_FW
0xf837592c,EF.SetEFChargeTimeOut_FW
0xf8375940,EF.SetChargeOnTime_FW
0xf8375948,EF.StartInternalPreFlash_FW
0xf8375980,EF.StartInternalMainFlash_FW
0xf8375a04,EF.FlashWithoutSync_FW
0xf8375a2c,EF.SetMainFlashTime_FW
0xf8375a40,j_EF.IsChargeFull_FW
0xf8375a44,EF.AdjPreFlash_FW
0xf8375a80,EF.SetChargeMode_FW
0xf8375a94,EF.SetFlashTime_FW
0xf837d4d4,AFTool.GetEVal_FW
0xf837d6e8,j_GetMacroSupportZoomPoint_FW
0xf838e41c,LiveImageTool.StartEVF_FW
0xf838e428,LiveImageTool.StartEVFFocusJet_FW
0xf838e434,LiveImageTool.StartEVFMF_FW
0xf838e520,LiveImageTool.StartEVFMovVGA_FW
0xf838e534,LiveImageTool.StartEVFMovQVGA_FW
0xf838e548,LiveImageTool.StartEVFMovVGA_HS_FW
0xf838e55c,LiveImageTool.StartEVFMovQVGA_HS_FW
0xf838e570,LiveImageTool.StartEVFMovHD_FW
0xf838e584,LiveImageTool.StartEVFMovFULLHD_FW
0xf838e598,LiveImageTool.StopEVF_FW
0xf838e5a8,LiveImageTool.DzoomTele_FW
0xf838e5fc,LiveImageTool.DzoomWide_FW
0xf838e61c,LiveImageTool.StopDzoom_FW
0xf838e62c,LiveImageTool.Pause_FW
0xf838e63c,LiveImageTool.Resume_FW
0xf838e64c,LiveImageTool.ChangeDzoom_FW
0xf838e6bc,j_LiveImageTool.GetDzoomPosition_FW
0xf838e6c0,LiveImageTool.Jump_FW
0xf838e6d4,LiveImageTool.Dister_FW
0xf8398500,task_PingManager
0xf83a302c,Debug_GetCecEventStatus_FW
0xf83a513c,HecHdmiCecPhysicalCheckForScript_FW
0xf83a5230,LockHdmiState_FW
0xf83a5234,EdidView_FW
0xf83a5238,EdidDump_FW
0xf83a523c,CecRegDump_FW
0xf83a5240,HdmiRegDump_FW
0xf83c73e8,task_Raw2Ss2YuvTask
0xf83c7e10,task_systemtask
0xf83decb4,EngDrvOut_FW
0xf83decd0,EngDrvIn_FW
0xf83decd8,EngDrvRead_FW
0xf83dece0,EngDrvBits_FW
0xf83ded04,EngDrvReadDump_FW
0xf83e7dcc,Ltkids.SetCapThrough_FW
0xf83e7de4,Ltkids.SetLiveThrough_FW
0xf83e7dfc,Ltkids.SetCapRtsThrough_FW
0xf83e7e14,Ltkids.SetLiveRtsThrough_FW
0xf83e9ea8,GetCurrentAdjImgDriveType_FW
0xf83e9ec0,GetCurrentImgDrvMode_FW
0xf83e9ee0,ConvertAEIntegDrvTypeToAdjImgDriveType_FW
0xf83e9f2c,ConvertAdjImgDrvModeToAdjImgDriveType_FW
0xf83e9f94,ChangeAdjImgDrvMode_FW
0xf83e9fc0,ChangeAEIntegDrvTypeToAdjImgDriveType_FW
0xf83ea050,GetAdjAcceleration_FW
0xf83ea0ac,GetAdjProtractorAngle_FW
0xf83ea0b4,CalculateProtractorATanData_FW
0xf83ea0d4,ReloadProtractorAdjustment_FW
0xf83ea0e4,GetAccelerometerTemperature_FW
0xf83ea0ec,GetAdjAccelerationDataWithCorrect_FW
0xf83ea0f4,GetAoriAccelerationData_FW
0xf83ea77c,CheckTouchPanelCheckStatus_FW
0xf83ea810,AdjustAutoTouchPanel_FW
0xf83ea818,AdjustTouchPanelWithStep_FW
0xf83ea820,CheckTouchPanelWithStep_FW
0xf83ea828,CheckTouchPanelAdjustStatus_FW
0xf83ea830,j_CheckTouchPanelCheckStatus_FW
0xf83ea834,CancelTouchPanelAdjustment_FW
0xf83ea844,SetTouchPanelDispSize_FW
0xf83ea85c,SetTouchPanelValidSize_FW
0xf83ea874,ShowTouchPanelAdjustDisplay_FW
0xf83ea88c,ShowTouchPanelCheckDisplay_FW
0xf83ea8a4,DisplayTouchedArea_FW
0xf83ea8e8,ExecuteAvs_FW
0xf83ea90c,j_ExecuteAvs_FW
0xf83ea914,j_CheckAvs_FW
0xf83eaa74,GetEFuseData_FW
0xf83eaa8c,LoadAvsAdjData_FW
0xf83eaa94,j_InitializeWLAN_FW
0xf83eaa98,j_TerminateWLAN_FW
0xf83eaab0,JoinWLANNetwork_FW
0xf83eab6c,PingWLANNetwork_FW
0xf83eab84,j_LeaveWLANNetwork_FW
0xf83eab88,StartFAWLANService_FW
0xf83eab90,StopFAWLANService_FW
0xf83eaba4,GetWLANMACAddress_FW
0xf83eabcc,GetCurrentCcdTemp_FW
0xf83eabe8,j_GetCurrentCcdTemp_FW
0xf83eabec,GetCurrentOptTemp_FW
0xf83eac18,j_GetCurrentOptTemp_FW
0xf83eac1c,GetCameraInformationData_FW
0xf83eac58,j_GetCameraInformationData_FW
0xf83eaed4,GetZoomLensResetPlus_FW
0xf83eb188,j_GetCurrentZoomLensPosition_FW
0xf83eb188,j_GetCurrentZoomPosition_FW
0xf83eb190,j_GetCurrentZoomLensPoint_FW
0xf83eb190,j_GetCurrentZoomPoint_FW
0xf83eb194,GetCurrentZoomLensDirection_FW
0xf83eb1b0,j_GetCurrentZoomLensDirection_FW
0xf83eb1b8,ReloadZoomAdjustment_FW
0xf83eb27c,j_GetZoomTelePoint_FW
0xf83eb284,j_GetZoomResetSensorLevel_FW
0xf83eb2c4,j_GetZoomDrivingTime_FW
0xf83eb39c,ClearZoomDriveParam_FW
0xf83eb5a4,j_IsZoomLensOutSidePosition_FW
0xf83eb5b0,StopZoomEmergency_FW
0xf83eb5bc,SetZoomResetState_FW
0xf83eb608,ResetZoom_FW
0xf83eb640,ResetZoomToFirst_FW
0xf83eb640,ResetZoomToFirstPoint_FW
0xf83eb678,ResetZoomToTerminate_FW
0xf83eb678,ResetZoomToTerminatePoint_FW
0xf83eb6b0,MoveZoomLensToPosition_FW
0xf83eb6b0,MoveZoomPosition_FW
0xf83eb6f0,MoveZoomLensToPoint_FW
0xf83eb6f0,MoveZoomPoint_FW
0xf83eb730,MoveComputerZoomToPoint_FW
0xf83eb770,ResetZoomToAdjFirstPoint_FW
0xf83eb830,ResetZoomToAdjTerminatePoint_FW
0xf83eb878,SetZoomLensEncoderPowerControl_FW
0xf83eb88c,SetZoomSpeedMode_FW
0xf83eb8f4,GetZoomDefaultDriveParam_FW
0xf83eb918,SetZoomDriveParam_FW
0xf83eb954,GetZoomResetDriveParam_FW
0xf83eb978,SetZoomResetDriveParam_FW
0xf83eb9b4,GetZoomNormalDriveParam_FW
0xf83eb9d8,SetZoomNormalDriveParam_FW
0xf83ebaf4,GetZoomDefaultCommonDriveParam_FW
0xf83ebb20,SetZoomCommonDriveParam_FW
0xf83ebbb0,ClearZoomCommonDriveParam_FW
0xf83ebbe0,j_GetZoomLensResetPlus_FW
0xf83ebc7c,MoveZoomLensToMechaEnd_FW
0xf83ebd88,MoveZoomLensToPositionByManual_FW
0xf83ebe8c,SetFaexeEventTableActivation_FW
0xf83ebf64,ShowTransparentMemory_FW
0xf83ebf84,DumpTransparentMemoryItem_FW
0xf83ebfc4,AddTransparentMemory_FW
0xf83ebffc,AttachToTransparentMemory_FW
0xf83ec034,RemoveTransparentMemory_FW
0xf83ec054,GetTransparentMemorySize_FW
0xf83ec064,GetTransparentMemory_FW
0xf83ec0a8,GetTransparentMemoryPosition_FW
0xf83ec604,InitializeSoundRec_FW
0xf83ec654,TerminateSoundRec_FW
0xf83ec680,j_InitializeSoundRec_FW
0xf83ec684,j_TerminateSoundRec_FW
0xf83ec688,StartSoundRecord_FW
0xf83ec6c0,StartSoundPlay_FW
0xf83ec7bc,InitializeFAGeneralTest_FW
0xf83ec7d0,TerminateFAGeneralTest_FW
0xf83ec7e4,InitializeFAExtendFile_FW
0xf83ec7f4,TerminateFAExtendFile_FW
0xf83ec988,StartTestRecLog_FW
0xf83ec9a0,StopTestRecLog_FW
0xf8404c80,task_FORMAT_TASK_PROGRESS
0xf8404e60,task_FORMAT_TASK_NAME
0xf840e754,task_FileWrite
0xf840e754,task_FileWriteTask
0xf840f78c,closedir
0xf840f7dc,OpenFastDir
0xf840f930,ReadFastDir
0xf84113dc,task_DecJpgRd
0xf8412730,task_FilYuvMaker
0xf8414ecc,task_ImgPlyTask
0xf8415078,task_ImgPlyLowTask
0xf841d188,task_FocusEvent
0xf841f400,GetFocusLensResetPosition_FW
0xf841f410,GetFocusLensResetDefaultPosition_FW
0xf841fc50,GetFocusLensCurrentPosition_FW
0xf841fc54,GetFocusLensCurrentPositionWithMotor_FW
0xf841fc58,GetFocusLensDriveVoltage_FW
0xf841fce4,GetFocusLensSettingWaitVoltage_FW
0xf841fd30,GetFocusLensHoldVoltage_FW
0xf841fd98,task_IrisEvent
0xf8420c40,EnableIrisActuator_FW
0xf8420c64,DisableIrisActuator_FW
0xf8420c88,ResetIrisActuator_FW
0xf8421068,GetIrisSpecOpenPosition_FW
0xf8421078,GetIrisSpecClosePosition_FW
0xf8421800,task_IrisCycleEvent
0xf84222f4,GetIrisDriveVoltage_FW
0xf8422304,GetIrisDriveVoltageLow_FW
0xf8422334,GetIrisSettingWaitVoltage_FW
0xf8422354,GetIrisHoldVoltage_FW
0xf8423928,task_MechaShutter
0xf84244f8,task_Nd
0xf8424ec0,GetNdMoveTime_FW
0xf8425090,task_StrobePopUp
0xf8425738,GetStrobePopUpActuatorCurrentState_FW
0xf8425ac8,MoveStrobePopUpActuator_FW
0xf8425b0c,MoveStrobePopUpActuatorWithTime_FW
0xf8425b74,j_GetStrobePopUpActuatorCurrentState_FW
0xf8425b78,SetStrobePopUpActuatorLimitAmpereDac_FW
0xf8425b9c,SetStrobePopUpActuatorAmpereLimitMode_FW
0xf8425ba4,SetStrobePopUpActuatorVoltage_FW
0xf8425bc8,LockStrobePopUpActuatorVoltageToMax_FW
0xf8425be4,UnLockStrobePopUpActuatorVoltageToMax_FW
0xf8425bf4,PowerOnStrobePopUpActuator_FW
0xf8425c10,PowerOffStrobePopUpActuator_FW
0xf8425e90,task_ZoomActuatorSpeedCheck
0xf8426030,task_ZoomEvent
0xf8426a04,IsZoomActuatorResetSensorPlusSide_FW
0xf84271a4,MoveZoomActuator_FW
0xf84271e4,SetZoomActuatorSpeedPPS_FW
0xf8427200,GetZoomActuatorSpeedPPS_FW
0xf842720c,j_GetZoomActuatorCurrentPosition_FW
0xf8427210,j_IsZoomActuatorResetSensorPlusSide_FW
0xf842722c,GetZoomActuatorCurrentPosition_FW
0xf8428028,GetZoomLensCurrentPosition
0xf842b8f0,task_MovPlay
0xf8430e88,task_MovWrite
0xf84371e0,task_MovEdit
0xf8451630,MoveCZToPoint_FW
0xf8451668,MoveCZToWide_FW
0xf8451698,MoveCZToTele_FW
0xf84516c8,MoveCZToPointByOVF_FW
0xf84516f8,StopCZ_FW
0xf8451724,GetCZStillHighSpeed_FW
0xf845172c,GetCZStillLowSpeed_FW
0xf8451734,GetCZMovieHighSpeed_FW
0xf845173c,GetCZMovieLowSpeed_FW
0xf8451744,GetCZStillDefaultSpeed_FW
0xf845174c,GetCZMovieDefaultSpeed_FW
0xf845182c,ResetFocusLens
0xf845182c,ResetFocusLens_FW
0xf8451888,EscapeFocusLens_FW
0xf8451900,MoveFocusLensToTerminate_FW
0xf845195c,MoveFocusLensWithDistance_FW
0xf8451a64,MoveFocusLensWithPosition_FW
0xf8451b7c,MoveFocusLensWithPositionImmediateReturn_FW
0xf8451c38,MoveFocusLensWithPositionWithoutBacklash_FW
0xf8451d44,MoveFocusLensWithPositionWithCompBacklash_FW
0xf8451e74,MoveFocusActuator_FW
0xf8451f74,SetFocusLensSpeed_FW
0xf8451ff0,SetFocusLensSpeedTable_FW
0xf84520a4,SetFocusLensAccelerationTable_FW
0xf84521a8,SetFocusLensSlowdownTable_FW
0xf845221c,SetFocusLensDefaultPullOutTable_FW
0xf8452230,SetFocusLensCondition_FW
0xf8452320,ShowFocusLensCurrentSpeedTable_FW
0xf8452384,SetFocusLensMaxSpeedLimit_FW
0xf8452394,CancelFocusLensMaxSpeedLimit_FW
0xf84523a4,EnableFocusLens_FW
0xf84523f0,DisableFocusLens_FW
0xf8452440,EnableFocusLensGainLockWithVoltage_FW
0xf845246c,DisableFocusLensGainLock_FW
0xf845247c,EnableFocusLensWaveLock_FW
0xf8452498,DisableFocusLensWaveLock_FW
0xf84524a8,j_GetFocusLensCurrentPosition_FW
0xf84524ac,j_GetFocusLensCurrentPositionWithMotor_FW
0xf84524b0,j_GetFocusLensResetPosition_FW
0xf84524b4,j_GetFocusLensResetDefaultPosition_FW
0xf84524b8,GetFocusLensSubjectDistance_FW
0xf84524d4,GetFocusLensSubjectDistanceNumber_FW
0xf84524dc,GetFocusLensPositionRatio_FW
0xf84524e4,GetFocusLensLoadSubjectDistance_FW
0xf845255c,ChangeFocusDistanceToPosition_FW
0xf8452564,GetFocusLensLoadCamTable_FW
0xf8452594,j_GetFocusLensDriveVoltage_FW
0xf8452598,SetFocusLensDriveVoltage_FW
0xf84525d0,j_GetFocusLensSettingWaitVoltage_FW
0xf84525d4,SetFocusLensSettingWaitVoltage_FW
0xf845260c,j_GetFocusLensHoldVoltage_FW
0xf8452610,SetFocusLensHoldVoltage_FW
0xf8452648,j_GetFocusLensResetVoltage_FW
0xf845264c,GetFocusLensMoveMaxPosition_FW
0xf8452664,GetFocusLensMoveMinPosition_FW
0xf845267c,j_GetFocusLensPullInMaxSpeed_FW
0xf8452680,GetFocusLensMoveRangeOfTelePoint_FW
0xf845273c,ResetIris_FW
0xf8452764,MoveIrisToStandbyPosition_FW
0xf845278c,MoveIrisWithAv
0xf845278c,MoveIrisWithAv_FW
0xf84527b8,MoveIrisWithAvAndSpeed_FW
0xf84527ec,MoveIrisToPositionWithBacklash_FW
0xf8452818,MoveIrisToTerminatePosition_FW
0xf8452840,MoveIrisToFullOpen_FW
0xf8452868,MoveIrisToFullClose_FW
0xf8452890,j_GetIrisAv_FW
0xf8452894,j_GetIrisCurrentPosition_FW
0xf8452898,MoveIrisWithAvWithoutBacklash_FW
0xf84528c4,MoveIrisToPositionWithoutBacklash_FW
0xf84528f0,MoveIrisWithAvAndSpeedWithoutBacklash_FW
0xf8452924,EnableIris_FW
0xf8452948,DisableIris_FW
0xf845296c,j_GetIrisSpecOpenPosition_FW
0xf8452970,j_GetIrisSpecClosePosition_FW
0xf8452974,j_GetIrisDriveVoltage_FW
0xf8452978,SetIrisDriveVoltage_FW
0xf845298c,j_GetIrisDriveVoltageLow_FW
0xf8452990,SetIrisDriveVoltageLow_FW
0xf84529a4,j_GetIrisSettingWaitVoltage_FW
0xf84529a8,SetIrisSettingWaitVoltage_FW
0xf84529bc,j_GetIrisHoldVoltage_FW
0xf84529c0,SetIrisHoldVoltage_FW
0xf84529d4,ChangeIrisSpeed_FW
0xf84529f4,MoveIrisWithAvAndAvSpeed_FW
0xf8452a28,MoveIrisWithAvAndAvSpeedWithoutBacklash_FW
0xf8452ab8,MoveLensToFirstPoint_FW
0xf8452b00,MoveLensToTerminatePoint_FW
0xf8452b38,j_IsLensOutside_FW
0xf8452b3c,j_GetLensErrorStatus_FW
0xf8452b40,j_GetFocusStartZoomPosition_FW
0xf8452b44,EnableLensError_FW
0xf8452b54,DisableLensError_FW
0xf8452b64,SetLensOutsideFlag_FW
0xf8452b98,WriteMechaLogToRom_FW
0xf8452ba8,WriteMechaLogToFile_FW
0xf8452bcc,EnableMechaCircuit_FW
0xf8452bdc,DisableMechaCircuit_FW
0xf8452bec,EnableFocusPiCircuit_FW
0xf8452bfc,DisableFocusPiCircuit_FW
0xf8452c0c,j_GetFocusPiSensorLevel_FW
0xf8452c10,EnableZoomPiCircuit_FW
0xf8452c20,DisableZoomPiCircuit_FW
0xf8452c30,j_GetZoomPiSensorLevel_FW
0xf8452c34,EnableZoomEncoderCircuit_FW
0xf8452c44,DisableZoomEncoderCircuit_FW
0xf8452c54,EnableIrisPiCircuit_FW
0xf8452c64,DisableIrisPiCircuit_FW
0xf8452c74,j_GetIrisPiSensorLevel_FW
0xf8452c78,SendMechaCircuitData_FW
0xf8452c9c,ReceiveMechaCircuitDataAll_FW
0xf8452d4c,CloseMechaShutter_FW
0xf8452d70,OpenMechaShutter_FW
0xf8452d94,CloseMechaShutterWithTiming_FW
0xf8452dcc,SetMechaShutterCloseDacSetting_FW
0xf8452de8,GetMechaShutterCloseDacSetting_FW
0xf8452e1c,SetMechaShutterOpenDacSetting_FW
0xf8452e38,GetMechaShutterOpenDacSetting_FW
0xf8452e6c,SetMechaShutterWaitTimeSetting_FW
0xf8452e80,j_GetMechaShutterStatus_FW
0xf8452e84,j_GetMechaShutterMoveTime_FW
0xf8452e88,SetMechaShutterMoveTime_FW
0xf8452f18,PutInNdFilter
0xf8452f18,TurnOnNdFilter_FW
0xf8452f3c,PutOutNdFilter
0xf8452f3c,TurnOffNdFilter_FW
0xf8452f60,TurnOnNdFilterWithTiming_FW
0xf8452f98,TurnOffNdFilterWithTiming_FW
0xf8452fd0,j_GetNdMoveTime_FW
0xf8452fd4,SetNdMoveTime_FW
0xf8452fe8,SetNdDriveVoltageSetting_FW
0xf8453010,EnableZoomLensEncoderPowerControl_FW
0xf8453020,DisableZoomLensEncoderPowerControl_FW
0xf8453094,ResetZoomLens
0xf8453094,ResetZoomLens_FW
0xf84530c0,ResetZoomLensToFirst_FW
0xf8453100,ResetZoomLensToTermiante_FW
0xf8453140,MoveZoomLensWithPoint
0xf8453140,MoveZoomLensWithPoint_FW
0xf8453184,MoveZoomLensWithPointImmediateReturn_FW
0xf84531a0,WaitMoveZoomLensComplete_FW
0xf84531cc,MoveZoomLensWithPosition_FW
0xf8453210,MoveZoomLensToTerminatePosition_FW
0xf8453250,MoveZoomLensToMechaEdge_FW
0xf84532fc,SetZoomLensSpeedMode_FW
0xf8453310,GetZoomLensDriveAmpereDac_FW
0xf8453318,SetZoomLensDriveAmpereDac_FW
0xf8453330,EnableZoomLensSpeedControl_FW
0xf8453344,DisableZoomLensSpeedControl_FW
0xf8453358,EnableZoomLensElectricControl_FW
0xf845336c,DisableZoomLensElectricControl_FW
0xf8453380,j_GetZoomLensCurrentPoint_FW
0xf8453384,j_GetZoomLensCurrentPosition_FW
0xf8453388,j_GetZoomLensTelePoint_FW
0xf845338c,j_GetZoomLensMechaEdgePosition_FW
0xf8453390,ChangeZoomLensPointToMagnification_FW
0xf8453398,ChangeZoomLensMagnificationToPoint_FW
0xf84533a0,ISAutoCenter_FW
0xf84533b0,StartISLocalAdjust_FW
0xf84533c0,j_StartISLocalHallAdjust_FW
0xf84533c4,j_StartISLocalAutoCenter_FW
0xf84533c8,ISMoveToMechaEdgeOPEN_FW
0xf84533dc,ISChangeOPENtoCLOSE_FW
0xf84533ec,SetISDriveAaxis_FW
0xf8453400,SetISDriveBaxis_FW
0xf8453414,SetISHallOffsetAaxis_FW
0xf8453428,SetISHallOffsetBaxis_FW
0xf845343c,SetISHallOffsetbyAxisType_FW
0xf8453458,SetISHallGainAaxis_FW
0xf845346c,SetISHallGainBaxis_FW
0xf8453480,SetISHallGainbyAxisType_FW
0xf845349c,SetISGyroGainAaxis_FW
0xf84534b0,SetISGyroGainBaxis_FW
0xf84534c4,SetISGyroGainbyAxisType_FW
0xf84534e0,GetISDriveAaxis_FW
0xf8453500,GetISDriveBaxis_FW
0xf8453520,GetISPositionAaxis_FW
0xf8453540,GetISPositionBaxis_FW
0xf8453560,GetISHallOffsetAaxis_FW
0xf8453580,GetISHallOffsetBaxis_FW
0xf84535a0,GetISHallOffsetbyAxisType_FW
0xf84535cc,GetISHallGainAaxis_FW
0xf84535ec,GetISHallGainBaxis_FW
0xf845360c,GetISHallGainbyAxisType_FW
0xf8453638,GetISGyroGainAaxis_FW
0xf8453760,GetISGyroGainBaxis_FW
0xf8453780,GetISGyroGainbyAxisType_FW
0xf84537ac,j_GetGyroDataPitch_FW
0xf84537b0,j_GetGyroDataYaw_FW
0xf84537b4,SetGyro10BitDACPitch_FW
0xf84537c8,SetGyro10BitDACYaw_FW
0xf84537dc,j_GetGyro10BitDACPitch_FW
0xf84537e0,j_GetGyro10BitDACYaw_FW
0xf84537e4,SetGyroHPFINOffsetPitch_FW
0xf84537f8,SetGyroHPFINOffsetYaw_FW
0xf845380c,j_GetGyroHPFINOffsetPitch_FW
0xf8453810,j_GetGyroHPFINOffsetYaw_FW
0xf8453814,j_GetGyroHPFINPitch_FW
0xf8453818,j_GetGyroHPFINYaw_FW
0xf845381c,SetISTuningFlag_FW
0xf8453834,SetGyroFilterChargeStart_FW
0xf845384c,SetGyroFilterChargeStop_FW
0xf8453864,GetGyroFilterCharge_FW
0xf8453884,GetISFirmVersion_FW
0xf84538ac,GetMechaDSPVersion_FW
0xf84538d4,GetISParamVersion_FW
0xf84538fc,SetZoomPosition_FW
0xf8453910,ISControlStart_FW
0xf8453920,ISControlStop_FW
0xf8453930,ISPanModeStart_FW
0xf8453940,ISPanModeStop_FW
0xf84539f0,SetISControlType_FW
0xf8453a04,SetISStillStatus_FW
0xf8453a14,SetISMovieStatus_FW
0xf8453a24,ChangeParallelMode_FW
0xf8453a38,SetLPFParallelBest_FW
0xf8453a54,GetLPFParallelBest_FW
0xf8453a84,SelectPositionSignal_FW
0xf8453a98,ClearISIComponent_FW
0xf8453aa8,SetISHPFCutoff_FW
0xf8453abc,ClearISZData_FW
0xf8453acc,GetISHallOut1Amp_FW
0xf8453af0,ISMDStart_FW
0xf8453b00,ISMDStop_FW
0xf8453b10,SetISLPFAaxis_FW
0xf8453b24,SetISLPFBaxis_FW
0xf8453b38,EnableISDriveError_FW
0xf8453b48,DisableISDriveError_FW
0xf8453b58,EnableISAutoGyroOffset_FW
0xf8453b68,DisableISAutoGyroOffset_FW
0xf8453b78,SetISHallAmpFirstGain_FW
0xf8453b8c,GetISHallAmpFirstGain_FW
0xf8453bb4,StartLoopGainCalc_FW
0xf8453be8,GetLoopGainCalcData_FW
0xf8453c3c,SetLoopGainAdjValue_FW
0xf8453cdc,GetLoopGainAdjValue_FW
0xf8453d00,StopLoopGainCalc_FW
0xf8453d10,GetISCrossTalkComp_FW
0xf8453d60,SetISCrossTalkCompA1_FW
0xf8453d74,SetISCrossTalkCompA2_FW
0xf8453d88,SetISCrossTalkCompB1_FW
0xf8453d9c,SetISCrossTalkCompB2_FW
0xf8453db0,SetDISModeParam_FW
0xf8453dc4,GetDISModeParamType_FW
0xf8453de4,DisableDISModeChange_FW
0xf8453df4,EnableDISModeChange_FW
0xf8453e04,SetISAdjData_FW
0xf8453e14,StartGyroNoiseChk_FW
0xf8453e24,GetGyroNoiseData_FW
0xf8453f94,EnableMacroIS_FW
0xf8453fa4,DisableMacroIS_FW
0xf8453fb4,StartMacroISContiMode_FW
0xf8453fc4,StartMacroISAdjust_FW
0xf8453fd4,StopMacroISAdjust_FW
0xf8453fe4,GetMacroISEstimRadiusA_FW
0xf8454000,GetMacroISEstimRadiusB_FW
0xf845401c,SetISFocusLensDistance_FW
0xf845402c,GetMacroISGainA_FW
0xf8454048,GetMacroISGainB_FW
0xf8454064,SetMacroISGainA_FW
0xf8454078,SetMacroISGainB_FW
0xf845408c,GetMacroISAngleAndVelocityA_FW
0xf84540bc,GetMacroISAngleAndVelocityB_FW
0xf84540ec,GetAccelX_atMechaCpu_FW
0xf8454108,GetAccelY_atMechaCpu_FW
0xf8454224,GetAccelZ_atMechaCpu_FW
0xf8454240,JumpToProgFirst_FW
0xf8454250,DelaySet_FW
0xf8454264,SetFirmSRDYWait_FW
0xf8454278,SetFirmEndAddress_FW
0xf845428c,SetDspDataEndAddress_FW
0xf84542a0,SetDspProgEndAddress_FW
0xf84542b4,FirmTranster_FW
0xf84542c4,DspDataTranster_FW
0xf84542d4,DspProgTranster_FW
0xf84542e4,GetCheckSum_FW
0xf8454308,SetPoweredISON_FW
0xf845431c,SetPoweredISOFF_FW
0xf8454330,ISFixedPWMON_FW
0xf8454344,ISFixedPWMOFF_FW
0xf8454358,SetFixedPWMOutA_FW
0xf845436c,SetFixedPWMOutB_FW
0xf8454380,j_GetFixedPWMOutA_FW
0xf8454384,j_GetFixedPWMOutB_FW
0xf8454388,SetISPWMFreqAndFixed_FW
0xf845439c,SetISPWMFrequency_FW
0xf84543b0,j_GetISPWMFrequency_FW
0xf84543b4,ActivateISMD_FW
0xf84543cc,CommunicateMechaCPU_FW
0xf8454408,MechaCPUMemoryDump_FW
0xf8454438,MechaCPUMemoryWrite_FW
0xf845445c,StartImStEventProc_FW
0xf8455c40,reboot_fw_update
0xf8456114,MemoryChecker_FW
0xf8456194,VerifyByte_FW
0xf8456370,SDump_FW
0xf8456590,FreeMemory
0xf8456590,FreeMemory_FW
0xf8456598,AllocateMemory
0xf8456598,AllocateMemory_FW
0xf84565b8,Peek32_FW
0xf84565c0,Peek16_FW
0xf84565c8,Peek8_FW
0xf84565f0,GetSystemTime
0xf84565f0,GetSystemTime_FW
0xf8456604,exec_FW
0xf8456674,MonSelEvent_FW
0xf8456738,MakeBootDisk_FW
0xf845674c,MakeScriptDisk_FW
0xf84c2238,task_ReadMultiConTask
0xf84cb7d4,UIFS_PlayTrimExecuteAllImageSize_FW
0xf84d68c4,LCDMsg_Move_FW
0xf84d6904,LCDMsg_Delete_FW
0xf84d6c10,LCDMsg_Create_FW
0xf84d6ca4,LCDMsg_SwDisp_FW
0xf84d6cf4,LCDMsg_SetNum_FW
0xf84d6d04,LCDMsg_SetStr_FW
0xf84d6dcc,LCDMsg_ChangeColor_FW
0xf84e3940,InitializeDefectRec_FW
0xf84e39ac,TerminateDefectRec_FW
0xf84f9878,Bat_Calc_FW
0xf84f9878,CalculateBatSenseOffset_FW
0xf85120e4,GetCdsGainValue_FW
0xf8512104,SetDeltaCDSGain_FW
0xf851214c,ReloadCdsAdjustment_FW
0xf8512164,GetObClampValue_FW
0xf8512174,SetObClamp_FW
0xf8512174,SetObClampValue_FW
0xf851217c,j_GetCdsGainValue_FW
0xf8512180,SetCDSGain_FW
0xf8512180,SetCdsGainValue_FW
0xf85121fc,SetCdsPreGainReg_FW
0xf851227c,GetCdsPreGainReg_FW
0xf8512284,SetSensorPreGain_FW
0xf8512294,GetSensorPreGain_FW
0xf851229c,GetCurrentDriveBaseSvValue_FW
0xf8512364,j_GetCurrentDriveBaseSvValue_FW
0xf8512388,SetCDSGainStep_FW
0xf85123bc,SetAdjCdsMode_FW
0xf85123e8,CancelAdjCdsMode_FW
0xf8512404,IsAdjCdsMode_FW
0xf8512508,ReloadDfeAdjustment_FW
0xf8512518,SetChannelGain_FW
0xf8512650,SetChannelGainForLive_FW
0xf85126cc,GetCurrentChannelGain_FW
0xf8512748,SetRmpGain_FW
0xf8512750,GetRmpGain_FW
0xf851276c,j_GetRmpGain_FW
0xf85127c0,StopCaptureDrive_FW
0xf85130e4,CancelImageDrive_FW
0xf85130fc,StartCaptureDrive_FW
0xf8513104,CaptureWithParam_FW
0xf851314c,ChangeImageDrive_FW
0xf8513160,GetCrwImageInfo_FW
0xf8513204,ConvertTvToExposureTime_FW
0xf8513228,j_GetCurrentExposureTime_FW
0xf8513234,j_GetCurrentShutterSpeed_FW
0xf8513260,SetShutterSpeedWithMecha_FW
0xf85132bc,SetShutterSpeed_FW
0xf8513314,GetUserSetShutterSPeed_FW
0xf8513324,GetShutterSpeedRegularMaxLimit_FW
0xf851333c,j_GetShutterSpeedRegularMaxLimit_FW
0xf8513340,GetShutterSpeedRegularMinLimit_FW
0xf8513358,j_GetShutterSpeedRegularMinLimit_FW
0xf851337c,GetFrameRateWithApex_FW
0xf85133f8,ReloadNdFilterAdjustment_FW
0xf851341c,PutInNdFilter_FW
0xf8513458,PutOutNdFilter_FW
0xf85134e4,CloseMShutter_FW
0xf8513520,OpenMShutter_FW
0xf8513e40,CalculatePeakFromLeastSquareResult_FW
0xf8513e78,CalculateLog2ToApex_FW
0xf8513e8c,CalculatePow2FromApex_FW
0xf8513ed8,CalcLog10_FW
0xf8513f00,ConvertApexToApexStd_FW
0xf8513f30,ConvertApexStdToApex_FW
0xf8513fc8,CalcSqrt_FW
0xf8513ff4,SetOneShotWBParam_FW
0xf8513ff4,SetOneTypeWBParam_FW
0xf8514080,OneShotWhigeBalance_FW
0xf8514080,OneTypeWhiteBalance_FW
0xf85140d4,SetWBYlStandardWidth_FW
0xf8514114,SetReferenceWBGainForCalibration_FW
0xf851414c,SetToolCorrectCoefficient_FW
0xf85141d4,ReloadWBAdjustment_FW
0xf8514500,ConvertCxCyToWBGain_FW
0xf85145cc,ConvertToPositionWithDistanceAndZoomPoint_FW
0xf85145f0,ConvertToPositionWithDistance_FW
0xf85145fc,ReloadFocusLensAdjustment_FW
0xf8514610,j_GetFocusDefaultResetPosition_FW
0xf8514618,j_GetFocusResetPosition_FW
0xf8514620,j_GetCurrentTargetDistance_FW
0xf851467c,j_GetCurrentFocusLensPosition_FW
0xf851467c,j_GetCurrentFocusPosition_FW
0xf85146ac,MoveFocusLensToTerminatePosition_FW
0xf85146ac,MoveFocusToTerminate_FW
0xf8514794,MoveFocusLensToPositionWithMaxSpeed_FW
0xf85147dc,MoveFocusLensToPositionWithSpeed_FW
0xf85148b4,MoveFocusLensToPosition_FW
0xf8514904,MoveFocusPosition_FW
0xf85149d0,MoveFocusDistance_FW
0xf85149d0,MoveFocusLensToDistance
0xf85149d0,MoveFocusLensToDistance_FW
0xf8514a3c,ResetFocus_FW
0xf8514c14,j_IsFocusLensOutSidePosition_FW
0xf8514c50,SetFocusResetState_FW
0xf8514cf4,SaveFocusResetPulse_FW
0xf851563c,SetScanLensIndex_FW
0xf851574c,SetScanWindowMode_FW
0xf85159a4,SelectAdjBPFilter_FW
0xf85159d0,SetAdjAFWinPos_FW
0xf8515a4c,SetBPFilterForBP_FW
0xf8515a84,CancelBPFilterForBP_FW
0xf8515c94,StartAdjAFService_FW
0xf8515de0,StopAdjAFService_FW
0xf8515f70,GetAdjAFInteg_FW
0xf8516014,StopAdjAFInteg_FW
0xf8516024,StartAdjAFInteg_FW
0xf8516040,SetAdjAFIntegCrwAdd_FW
0xf8516764,StopCustomScan_FW
0xf8516774,StartCustomScan_FW
0xf85167e4,StartCrwCustomScan_FW
0xf8517094,CalculatePeakPosByLS_FW
0xf85170f4,CalculateInterpolationByLS_FW
0xf851714c,ReloadAFAdjustment_FW
0xf8517228,PrintScanTable_FW
0xf8517474,PrintMultiWinScanTable_FW
0xf8517868,GetExStrobeID_FW
0xf8517878,IsExStrobeChargeComp_FW
0xf8517884,SetExStrobeMode_FW
0xf8517890,CancelExStrobeMode_FW
0xf851789c,j_GetAutoPopupStrobePiSectionTime_FW
0xf85178a4,j_GetAutoPopupStrobeCurrentStatus_FW
0xf85178ac,ReloadEfAdjustment_FW
0xf85178f0,ChargeStrobe_FW
0xf8517928,ChargeStrobeForFA_FW
0xf8517974,StopStrobeChargeForFA_FW
0xf8517994,ExecuteInternalPreFlash_FW
0xf8517a34,ReloadColorAdjustment_FW
0xf8517af8,RegistColorMatrix_FW
0xf8517b30,j_RegistColorMatrix_FW
0xf8517b40,UnregistColorMatrix_FW
0xf8517cc4,ShowCurrentExp_FW
0xf8517d14,SetAE_ShutterSpeed
0xf8517d14,SetAE_ShutterSpeed_FW
0xf8517dd8,FocusAEWithCompensation_FW
0xf8517e54,SetAE_CdsGainValue_FW
0xf8517e60,j_SetAE_CdsGainValue_FW
0xf8517f20,FixAEWithCompensation_FW
0xf8517f84,SetAdj_AEMode_FW
0xf8517fd8,CancelAdj_AEMode_FW
0xf8518014,PreFixAE_FW
0xf85181a0,AfAEWithAperturePriority_FW
0xf85181f8,AdjAEWithAperturePriority_FW
0xf8518250,SleepAE_FW
0xf85183a8,AfAEWithCompensation_FW
0xf85184ac,GetVideoOutType_FW
0xf851853c,SwitchOffDisplay_FW
0xf8518588,SwitchOnDisplay_FW
0xf8518598,j_GetVideoOutType_FW
0xf85185f8,SetVideoOutType_FW
0xf851860c,IsEVFDrive_FW
0xf8518634,j_IsEVFDrive_FW
0xf851866c,StopEVFDrive_FW
0xf8518aac,StartEVFDriveWithMode_FW
0xf8518af0,StartEVFDrive_FW
0xf8518b4c,IsEvfDriveMode_FW
0xf8518dc4,GetSumYOfVRAMCenterLine_FW
0xf8518e30,j_GetVRAMHPixelsSize_FW
0xf8518e38,j_GetVRAMVPixelsSize_FW
0xf8518e40,StopContinuousVRAMData_FW
0xf8518ec8,GetContinuousVRAMData_FW
0xf85195a8,GetPixelsOfViewangle_FW
0xf851964c,GetContinuousVRAMDataWithRingBuffer_FW
0xf85196e4,j_GetMovieJpegVRAMHPixelsSize_FW
0xf85196ec,j_GetMovieJpegVRAMVPixelsSize_FW
0xf8519818,GetContinuousMovieJpegVRAMData_FW
0xf8519890,ChangeDistortionSetForLiveImage_FW
0xf85198a0,ChangeElectronicRollISSetting_FW
0xf8519ad0,Bat_VIN_FW
0xf8519ad0,SetInputVoltage_FW
0xf8519ae4,Bat_Save_FW
0xf8519ae4,SaveBatSenseOffsetAdjustmentTable_FW
0xf8519af4,SetImageMode_FW
0xf8519afc,SetDate_FW
0xf8519c44,SetYear_FW
0xf8519ca4,SetMonth_FW
0xf8519d00,SetDay_FW
0xf8519d68,SetHour_FW
0xf8519dcc,SetMinute_FW
0xf8519e30,SetSecond_FW
0xf8519e94,GetYear_FW
0xf8519ec4,GetMonth_FW
0xf8519ef0,GetDay_FW
0xf8519f18,GetHour_FW
0xf8519f40,GetMinute_FW
0xf8519f68,GetSecond_FW
0xf8519f90,SetLangMenuType_FW
0xf8519fe4,SaveFromImage_FW
0xf851a1a8,SetFactorySerialNumber_FW
0xf851a220,LoadFactoryNumber_FW
0xf851a300,j_LoadFactoryNumber_FW
0xf851a304,LoadSerialNumber_FW
0xf851a3e8,j_LoadSerialNumber_FW
0xf851a3f4,GetLastVBatADLevel_FW
0xf851a3fc,j_GetVBatVoltage_FW
0xf851a400,SaveFactoryReserveData_FW
0xf851a50c,SetProductVolume_FW
0xf851a574,j_GetDCPAdjOffset_FW
0xf851a710,ReloadDefectAdjustmentData_FW
0xf851a720,ReloadFROMDefectAdjustmentData_FW
0xf851a734,ReloadShadingAdjustmentData_FW
0xf851a748,SetWBTemperature_FW
0xf851a860,DevelopStillPicture_FW
0xf851a94c,InitializeMechaDevice_FW
0xf851a988,TerminateMechaDevice_FW
0xf851aa00,CreateJumptable
0xf851c7a4,HitISLensAgainstTopEdge_FW
0xf851c7bc,HitISLensAgainstBottomEdge_FW
0xf851c7d4,HitISLensAgainstLeftEdge_FW
0xf851c7ec,HitISLensAgainstRightEdge_FW
0xf851c804,HitISLensToMechaEdge_FW
0xf851c81c,MoveISLensToRightLimitPosition_FW
0xf851c834,MoveISLensToLeftLimitPosition_FW
0xf851c84c,MoveISLensToBottomLimitPosition_FW
0xf851c864,MoveISLensToTopLimitPosition_FW
0xf851c87c,MoveISLensToLimitPosition_FW
0xf851c894,SearchBCentralPosition_FW
0xf851c894,SearchISLensCentralPosition_FW
0xf851c8a4,StopBDrive_FW
0xf851c8a4,StopISAdjustmentDrive_FW
0xf851c8a4,StopISDrive_FW
0xf851c8b4,StartBDrive_FW
0xf851c8b4,StartISAdjustmentDrive_FW
0xf851c8b4,StartISDrive_FW
0xf851c8c4,StopBPanDrive_FW
0xf851c8c4,StopISPanDrive_FW
0xf851c8d4,StartBPanDrive_FW
0xf851c8d4,StartISPanDrive_FW
0xf851c8e4,WriteHallDeviceAdjustment_FW
0xf851c8f4,WriteGyroAdjustment_FW
0xf851c96c,WritePWMAdjustment_FW
0xf851c9d4,SetISPitchPWM_FW
0xf851c9e8,SetISYawPWM_FW
0xf851c9fc,SetISLensDriveValue_FW
0xf851ca14,SetISGyroYawGain_FW
0xf851ca28,SetISGyroPitchGain_FW
0xf851ca3c,SetISLensGyroGain_FW
0xf851ca54,SetISHallDeviceYawGain_FW
0xf851ca68,SetISHallDevicePitchGain_FW
0xf851ca7c,SetISLensHallGain_FW
0xf851ca94,SetISHallDeviceYawOffset_FW
0xf851caa8,SetISHallDevicePitchOffset_FW
0xf851cabc,SetISLensHallOffset_FW
0xf851cad4,SetZoomPointToIS_FW
0xf851caf8,GetISLens1stHallAmpValue_FW
0xf851cb10,GetISHallOffsetDACValue_FW
0xf851cb18,GetISLensEViAaxis_FW
0xf851cb24,GetISLensEViBaxis_FW
0xf851cb30,GetISLensCorrectedEViAaxis_FW
0xf851cb3c,GetISLensCorrectedEViBaxis_FW
0xf851cb48,GetISLensDampAaxis_FW
0xf851cb50,GetISLensDampBaxis_FW
0xf851cb58,SetISLPFCutOffFreqAaxis_FW
0xf851cb64,SetISLPFCutOffFreqBaxis_FW
0xf851cb70,SetLPFForParallelFilter_FW
0xf851cb8c,SetISCutOffFreqIndex_FW
0xf851cb8c,SetISHPFCutOffFreqIndex_FW
0xf851cba0,ChangeFilterMode_FW
0xf851cbb4,HitISMechaEdgeInOpenControl_FW
0xf851cbd0,ChangeToISCloseControl_FW
0xf851cbe0,SetISGyroHPFINOffsetPitch_FW
0xf851cbec,SetISGyroHPFINOffsetYaw_FW
0xf851cbf8,SetISGyroOffsetHPFINData_FW
0xf851cc08,SetISGyro10BitDACPitch_FW
0xf851cc14,SetISGyro10BitDACYaw_FW
0xf851cc20,SetISGyroOffset10BitDACData_FW
0xf851cc30,GetISGyroDataPitch_FW
0xf851cc38,GetISGyroDataYaw_FW
0xf851cc40,GetISGyroData_FW
0xf851cc48,GetISGyroHPFINPitch_FW
0xf851cc50,GetISGyroHPFINYaw_FW
0xf851cc58,GetISHPFINGyroData_FW
0xf851cc60,GetISGyro10BitDACPitch_FW
0xf851cc68,GetISGyro10BitDACYaw_FW
0xf851cc70,GetISGyroOffset10BitDACData_FW
0xf851cc78,GetISGyroHPFINOffsetPitch_FW
0xf851cc80,GetISGyroHPFINOffsetYaw_FW
0xf851cc88,GetISGyroOffsetHPFINData_FW
0xf851cc90,SetISGyroFilterCharge_FW
0xf851cca4,SetISTuningMode_FW
0xf851ccbc,SetISTuningOff_FW
0xf851ccd0,SetISGyroCompensationMode_FW
0xf851ccec,CalcLoopGain_FW
0xf851cd94,SetLoopGain_FW
0xf851cdb8,GetLoopGain_FW
0xf851cdc0,SetISLensPWMMode_FW
0xf851cdd4,SetDISModeParameter_FW
0xf851cdf4,GetGyroFilterChargeStatus_FW
0xf851ce08,j_GetDISModeParameter_FW
0xf851ce0c,SetISCrossTalkCompCoeff_FW
0xf851ce30,GetISCrossTalkCompCoeff_FW
0xf851ce38,StartISAdjustMacro_FW
0xf851ce48,StopISAdjustMacro_FW
0xf851ce58,GetMacroISGain_FW
0xf851ce60,SetMacroISGain_FW
0xf851ce84,GetMacroISEstimateRadius_FW
0xf851ce8c,GetMacroISEstimateVelocity_FW
0xf851cec4,SetISMacroMode_FW
0xf851ced8,NotifyISMacroDistance_FW
0xf851cee8,GetISHallDevicePitchOffset_FW
0xf851cef0,GetISHallDeviceYawOffset_FW
0xf851cef8,GetISLensHallOffset_FW
0xf851cf00,GetISHallDevicePitchGain_FW
0xf851cf08,GetISHallDeviceYawGain_FW
0xf851cf10,GetISLensHallGain_FW
0xf851cf18,GetISPitchPWM_FW
0xf851cf20,GetISYawPWM_FW
0xf851cf28,GetISLensDriveValue_FW
0xf851cf30,GetISShiftLensPitchPosition_FW
0xf851cf38,GetISShiftLensYawPosition_FW
0xf851cf40,GetISLensPositionValue_FW
0xf851cf48,GetISGyroPitchGain_FW
0xf851cf9c,GetISGyroYawGain_FW
0xf851cfa4,GetISLensGyroGain_FW
0xf851cfac,ClearISCalcZData_FW
0xf851cfbc,CancelLoopGainCalc_FW
0xf851cfcc,ReloadISAdjustment_FW
0xf851cfdc,MoveISLensToCentralPosition_FW
0xf852bce4,task_ReadScheduleTask
0xf85356a8,SetPMByGpio_FW
0xf85356c0,ClearPMByGpio_FW
0xf85356d8,ClearPMByFs_FW
0xf85356e8,MoveDCMotorCW_FW
0xf8535778,MoveDCMotorCCW_FW
0xf8535808,SetDCMotorWaitTime_FW
0xf8536784,GetFocusLensResetVoltage_FW
0xf853a1d0,task_MovRead
0xf8557138,task_ImagePlaySysConTask
0xf8557440,task_ImageRetryConTask
0xf8594da4,task_ReadFileTask
0xf8649054,_pow
0xf864908c,_log10
