0xff02bf0c,_GetSystemTime
0xff3b6dc8,_log
0xff3b7290,_log10
0xff3b73f4,_pow
0xff3b915c,_sqrt
0xff00fda8,_uartr_req
0xff1554ec,AbortAEIntegralValue_FW
0xff083eec,AcquireRecursiveLock
0xff02bb78,AcquireRecursiveLockStrictly
0xff1572e0,ActivateAdjLog_FW
0xff100ccc,ActivateImager_FW
0xff100d58,ActivateImagerXOne_FW
0xff30f014,ActivateISMD_FW
0xff291c68,add_ptp_handler
0xff19c6b0,AdditionAgentRAM_FW
0xff2c2448,AddTransparentMemory_FW
0xff37baa8,AdjAEWithAperturePriority_FW
0xff37ba54,AfAEWithAperturePriority_FW
0xff37bc50,AfAEWithCompensation_FW
0xff280864,AFTool.GetEVal_FW
0xff311904,AllocateMemory
0xff311904,AllocateMemory_FW
0xff02bc70,AllocateUncacheableMemory
0xff24de4c,apex2us
0xff0ad8c0,atol_FW
0xff15629c,AttachIntegCrawData_FW
0xff2c2480,AttachToTransparentMemory_FW
0xff36b564,Bat_Calc_FW
0xff37d0b8,Bat_Save_FW
0xff37d0a4,Bat_VIN_FW
0xff054848,BeepDrive_FW
0xff054868,BeepDriveComp_FW
0xff376e60,CalcLog10_FW
0xff38179c,CalcLoopGain_FW
0xff376f50,CalcSqrt_FW
0xff36b564,CalculateBatSenseOffset_FW
0xff37ab8c,CalculateInterpolationByLS_FW
0xff376e00,CalculateLog2ToApex_FW
0xff376dc8,CalculatePeakFromLeastSquareResult_FW
0xff37ab2c,CalculatePeakPosByLS_FW
0xff376e14,CalculatePow2FromApex_FW
0xff065b74,CalculateTestRecYUVData_FW
0xff37b87c,CancelAdj_AEMode_FW
0xff3759d0,CancelAdjCdsMode_FW
0xff379674,CancelBPFilterForBP_FW
0xff37b1cc,CancelExStrobeMode_FW
0xff30d58c,CancelFocusLensMaxSpeedLimit_FW
0xff0877fc,CancelHPTimer
0xff101008,CancelImageDrive_FW
0xff100ef8,CancelImager_FW
0xff074e24,CancelLoopGainCalc_FW
0xff02c128,CancelTimer
0xff190af8,Capture.Create_FW
0xff375c58,CaptureWithParam_FW
0xff05627c,CecRegDump_FW
0xff2c1e7c,ChangeAdjImgDrvMode_FW
0xff2c1ea8,ChangeAEIntegDrvTypeToAdjImgDriveType_FW
0xff26da64,ChangeCrossThresholdTable_FW
0xff26dd28,ChangeDefectRecParam_FW
0xff37ce78,ChangeDistortionSetForLiveImage_FW
0xff3813fc,ChangeFilterMode_FW
0xff30d6f4,ChangeFocusDistanceToPosition_FW
0xff26d934,ChangeGradeTable_FW
0xff375c6c,ChangeImageDrive_FW
0xff100f84,ChangeImagerToAlternateDraft_FW
0xff100f34,ChangeImagerToCombiParallel_FW
0xff100f7c,ChangeImagerToDigiconMode_FW
0xff100fc4,ChangeImagerToFantaJungle_FW
0xff100fac,ChangeImagerToFastBP_FW
0xff100f44,ChangeImagerToFocusJet_FW
0xff100fd4,ChangeImagerToFocusJetHD_FW
0xff100fb4,ChangeImagerToHarleyDavidson_FW
0xff100f6c,ChangeImagerToHoneyFlash_FW
0xff100fec,ChangeImagerToHoneyFlashDark_FW
0xff100fe4,ChangeImagerToHoneyFlashHD_FW
0xff100ff4,ChangeImagerToHoneyHDFlashDark_FW
0xff100f5c,ChangeImagerToJetDraft_FW
0xff100f64,ChangeImagerToJumboDraft_FW
0xff100fbc,ChangeImagerToMachDashV_FW
0xff100f4c,ChangeImagerToMangoPudding_FW
0xff100fdc,ChangeImagerToMangoPuddingHD_FW
0xff100f74,ChangeImagerToMillefeAdjust_FW
0xff100f9c,ChangeImagerToMontblancMillefe_FW
0xff100fa4,ChangeImagerToMontblancMovie_FW
0xff100f94,ChangeImagerToMontblancWhole_FW
0xff100f7c,ChangeImagerToOITA_XAVIER_FW
0xff100ffc,ChangeImagerToRoadKing_FW
0xff100f54,ChangeImagerToSuperWideDraft_FW
0xff100f8c,ChangeImagerToUltraGhostQ_FW
0xff100f1c,ChangeImagerToWholeParallel_FW
0xff100f24,ChangeImagerToWholeParallelBP_FW
0xff100f2c,ChangeImagerToWholeParallelBPOne_FW
0xff100f3c,ChangeImagerToWideDraft_FW
0xff100fcc,ChangeImagerToWideDraftHD_FW
0xff30dbbc,ChangeIrisSpeed_FW
0xff30e9c4,ChangeParallelMode_FW
0xff055ee4,ChangePowerState_FW
0xff074874,ChangeToISCloseControl_FW
0xff30e338,ChangeZoomLensMagnificationToPoint_FW
0xff30e330,ChangeZoomLensPointToMagnification_FW
0xff37b208,ChargeStrobe_FW
0xff37b23c,ChargeStrobeForFA_FW
0xff083a74,CheckAllEventFlag
0xff083a2c,CheckAnyEventFlag
0xff08ae24,CheckSumAll_FW
0xff026294,ClearDUIDFixFlag_FW
0xff0261a0,ClearDurianMode_FW
0xff083c94,ClearEventFlag
0xff0261a0,ClearFactoryMode_FW
0xff074c04,ClearISCalcZData_FW
0xff30ea38,ClearISIComponent_FW
0xff30ea5c,ClearISZData_FW
0xff39a810,ClearPMByFs_FW
0xff39a7e8,ClearPMByGpio_FW
0xff377f38,ClearZoomCommonDriveParam_FW
0xff2fca14,ClearZoomDriveParam_FW
0xff027ae4,Close
0xff00abb4,close
0xff027ae4,Close_FW
0xff00f818,CloseConsole_FW
0xff2e6db8,closedir
0xff30de98,CloseMechaShutter_FW
0xff30dee0,CloseMechaShutterWithTiming_FW
0xff376468,CloseMShutter_FW
0xff30f02c,CommunicateMechaCPU_FW
0xff2c1e14,ConvertAdjImgDrvModeToAdjImgDriveType_FW
0xff2c1dc8,ConvertAEIntegDrvTypeToAdjImgDriveType_FW
0xff376eb8,ConvertApexStdToApex_FW
0xff376e88,ConvertApexToApexStd_FW
0xff37744c,ConvertCxCyToWBGain_FW
0xff3783b8,ConvertToPositionWithDistance_FW
0xff378394,ConvertToPositionWithDistanceAndZoomPoint_FW
0xff375dcc,ConvertTvToExposureTime_FW
0xff00f57c,CPrintf_FW
0xff00f5d4,CPutChar_FW
0xff061434,CreateAdjustmentTableMirror_FW
0xff02b42c,CreateBinarySemaphore
0xff02ba30,CreateBinarySemaphoreStrictly
0xff090440,CreateController_FW
0xff02b494,CreateCountingSemaphore
0xff02b494,CreateCountingSemaphore_FW
0xff02ba54,CreateCountingSemaphoreStrictly
0xff061444,CreateDefectTableMirror_FW
0xff083984,CreateEventFlag
0xff02ba0c,CreateEventFlagStrictly
0xff156c24,CreateFADBGSingalID_FW
0xff37fb54,CreateJumptable
0xff02b068,CreateMessageQueue
0xff02b9e8,CreateMessageQueueStrictly
0xff088b0c,CreateProxyOfEventProcedure_FW
0xff083e4c,CreateRecursiveLock
0xff02ba78,CreateRecursiveLockStrictly
0xff00e9a8,CreateTask
0xff00e9a8,CreateTask_FW
0xff02b9b4,CreateTaskStrictly
0xff26d948,CrossDefDetect_FW
0xff181724,CzDebugPrint_FW
0xff18172c,CzDebugPrintToFile_FW
0xff00ec80,DebugAssert
0xff0904fc,DeleteController_FW
0xff026e50,DeleteDirectory_Fut
0xff0839dc,DeleteEventFlag
0xff026d6c,DeleteFile_Fut
0xff02b0ec,DeleteMessageQueue
0xff088b64,DeleteProxyOfEventProcedure_FW
0xff083e9c,DeleteRecursiveLock
0xff02b4ec,DeleteSemaphore
0xff02b4ec,DeleteSemaphore_FW
0xff37f9b0,DevelopStillPicture_FW
0xff26de24,DevelopTool.DevelopTest_FW
0xff156990,DeviceUniqueIDCheckSum_FW
0xff1593d8,DisableDebugLogMode_FW
0xff30ed84,DisableDISModeChange_FW
0xff30d5e8,DisableFocusLens_FW
0xff30d660,DisableFocusLensGainLock_FW
0xff30d68c,DisableFocusLensWaveLock_FW
0xff30dd6c,DisableFocusPiCircuit_FW
0xff30db30,DisableIris_FW
0xff2f651c,DisableIrisActuator_FW
0xff30eb08,DisableISAutoGyroOffset_FW
0xff30eae8,DisableISDriveError_FW
0xff30dcd4,DisableLensError_FW
0xff30dd4c,DisableMechaCircuit_FW
0xff30ddb4,DisableZoomEncoderCircuit_FW
0xff30e30c,DisableZoomLensElectricControl_FW
0xff30e018,DisableZoomLensEncoderPowerControl_FW
0xff30e2e4,DisableZoomLensSpeedControl_FW
0xff30dd90,DisableZoomPiCircuit_FW
0xff051cd0,DispCon_GetLcdGainAdjParameter_FW
0xff051ab4,DispCon_GetVideoAdjParameter_FW
0xff051d1c,DispCon_SaveLcdGainAdjParameter_FW
0xff051b90,DispCon_SaveVideoAdjParameter_FW
0xff051598,DispCon_SetDisplayType_FW
0xff051c80,DispCon_SetLcdGainAdjParameter_FW
0xff0519a0,DispCon_SetMaxBackLightBrightness_FW
0xff051a20,DispCon_SetVideoAdjParameter_FW
0xff051470,DispCon_ShowBitmapColorBar
0xff051470,DispCon_ShowBitmapColorBar_FW
0xff051454,DispCon_ShowBlackChart_FW
0xff0511a4,DispCon_ShowColorBar_FW
0xff0515b8,DispCon_ShowColorChart_FW
0xff051514,DispCon_ShowCustomColorBar_FW
0xff051264,DispCon_ShowFiveStep_FW
0xff051d38,DispCon_ShowHdChart_FW
0xff051d0c,DispCon_ShowLcdGainAdjParameter_FW
0xff051810,DispCon_ShowNStepsChart_FW
0xff051b38,DispCon_ShowVideoAdjParameter_FW
0xff051400,DispCon_ShowWhiteChart_FW
0xff0515dc,DispCon_ShowWhiteLine_FW
0xff051990,DispCon_TurnOffBackLight_FW
0xff051970,DispCon_TurnOffDisplay_FW
0xff051980,DispCon_TurnOnBackLight_FW
0xff051960,DispCon_TurnOnDisplay_FW
0xff190a7c,DispDev.Create_FW
0xff18e668,DispDev_EnableEventProc_FW
0xff025f34,DisplayFactoryMode_FW
0xff0293b0,DoAELock
0xff029004,DoAFLock
0xff18e770,Driver.Create_FW
0xff18e770,Driver_EnableEventProc_FW
0xff005f58,drysh_FW
0xff18eb7c,Dump32_FW
0xff18eb6c,Dump_FW
0xff060b3c,DumpAdjMirror_FW
0xff2c2408,DumpTransparentMemoryItem_FW
0xff1009cc,E2LatOn_FW
0xff056194,EdidDump_FW
0xff0560bc,EdidHoldView_FW
0xff056128,EdidView_FW
0xff27a79c,EF.AdjPreFlash_FW
0xff0e2d10,EF.IsChargeFull_FW
0xff27a7d8,EF.SetChargeMode_FW
0xff27a6b8,EF.SetEFChargeTimeOut_FW
0xff27a7ec,EF.SetFlashTime_FW
0xff27a784,EF.SetMainFlashTime_FW
0xff27a65c,EF.StartEFCharge_FW
0xff27a700,EF.StartInternalMainFlash_FW
0xff27a6cc,EF.StartInternalPreFlash_FW
0xff27a6a8,EF.StopEFCharge_FW
0xff1593c4,EnableDebugLogMode_FW
0xff30ed94,EnableDISModeChange_FW
0xff30d59c,EnableFocusLens_FW
0xff30d634,EnableFocusLensGainLockWithVoltage_FW
0xff30d670,EnableFocusLensWaveLock_FW
0xff30dd5c,EnableFocusPiCircuit_FW
0xff00e9a0,EnableInterrupt
0xff30db0c,EnableIris_FW
0xff2f64f8,EnableIrisActuator_FW
0xff30eaf8,EnableISAutoGyroOffset_FW
0xff30ead8,EnableISDriveError_FW
0xff30dcc4,EnableLensError_FW
0xff30dd3c,EnableMechaCircuit_FW
0xff30dda4,EnableZoomEncoderCircuit_FW
0xff30e2f8,EnableZoomLensElectricControl_FW
0xff30e008,EnableZoomLensEncoderPowerControl_FW
0xff30e2d0,EnableZoomLensSpeedControl_FW
0xff30dd80,EnableZoomPiCircuit_FW
0xff133990,EngApp.Create_FW
0xff133964,EngApp.Delete_FW
0xff025c68,EngDrvBits
0xff2b79b0,EngDrvBits_FW
0xff025c4c,EngDrvIn
0xff2b79a0,EngDrvIn_FW
0xff025c34,EngDrvOut
0xff2b7984,EngDrvOut_FW
0xff025c54,EngDrvRead
0xff2b79a8,EngDrvRead_FW
0xff2b79d4,EngDrvReadDump_FW
0xff190b3c,EngineDriver.Create_FW
0xff0292a0,EnterToCompensationEVF
0xff060b30,EraseAdjustmentArea_FW
0xff1978a8,EraseLogSector_FW
0xff084fd4,EraseSectorOfRom_FW
0xff18eb58,EraseSignature_FW
0xff005fd4,err_init_task
0xff30cc7c,EscapeFocusLens_FW
0xff311970,exec_FW
0xff06647c,Executedccd_FW
0xff26dd38,ExecuteDefectRec_FW
0xff26dd4c,ExecuteDefectRecAndSaveImage_FW
0xff065d70,ExecuteDigicon_FW
0xff088174,ExecuteEventProcedure
0xff0881ec,ExecuteEventProcedure_FW
0xff37b2a8,ExecuteInternalPreFlash_FW
0xff1b9608,ExecuteResetFactory_FW
0xff1b95f0,ExecuteResetFactoryWithRomWrite_FW
0xff084728,ExecuteShutDownPropertyService_FW
0xff0653dc,ExecuteTestRec_FW
0xff0653f0,ExecuteTestRecCF_FW
0xff06546c,ExecuteTestRecDevelopProcess_FW
0xff0653f0,ExecuteTestRecSD_FW
0xff065420,ExecuteTestRecSw1_FW
0xff065408,ExecuteTestRecWithInteg_FW
0xff0292e4,ExitFromCompensationEVF
0xff00ec38,ExitTask
0xff00ec38,ExitTask_FW
0xff086a38,ExMem.AllocCacheable_FW
0xff086880,ExMem.AllocUncacheable_FW
0xff086ac0,ExMem.FreeCacheable_FW
0xff0869bc,ExMem.FreeUncacheable_FW
0xff0863a4,ExMem.View_FW
0xff0869d0,exmem_alloc
0xff086a48,exmem_free
0xff027bf0,ExMem_FW
0xff0c10c0,ExpCtrlTool.SetExpMode_FW
0xff03857c,ExpCtrlTool_StartContiAE
0xff038654,ExpCtrlTool_StopContiAE
0xff088b00,ExportToEventProcedure_FW
0xff190a58,FA.Create_FW
0xff190a44,FA.Delete_FW
0xff156cd4,FADBGPrintf_FW
0xff156c34,FADBGSingal_FW
0xff156e54,FAPrintf_FW
0xff026ee8,Fclose_Fut
0xff026ee8,Fclose_Fut_FW
0xff0270d4,Feof_Fut
0xff027110,Fflush_Fut
0xff02703c,Fgets_Fut
0xff37b7f0,FixAEWithCompensation_FW
0xff1ad428,FmtMenu_ExecuteQuickFormat_FW
0xff37b6b0,FocusAEWithCompensation_FW
0xff026ea8,Fopen_Fut
0xff026ea8,Fopen_Fut_FW
0xff026f94,Fread_Fut
0xff026f94,Fread_Fut_FW
0xff004244,free
0xff3118fc,FreeMemory
0xff3118fc,FreeMemory_FW
0xff02bcb0,FreeUncacheableMemory
0xff027088,Fseek_Fut
0xff027088,Fseek_Fut_FW
0xff026fe8,Fwrite_Fut
0xff026fe8,Fwrite_Fut_FW
0xff052f74,GetAdChValue_FW
0xff379ad4,GetAdjAFInteg_FW
0xff061c10,GetAdjDataAreaAddress_FW
0xff060b94,GetAdjTableMapVersion_FW
0xff060ba4,GetAdjTableValueVersion_FW
0xff060b60,GetAdjTableVersion_FW
0xff052f6c,GetAdVBattBottom_FW
0xff155a34,GetAEIntegralServiceMode_FW
0xff155b40,GetAEIntegralValueWithFix_FW
0xff155e8c,GetAEIntegValueBit_FW
0xff155a40,GetAEIntegWinData_FW
0xff155a54,GetAEIntegWinDataWithMode_FW
0xff155c64,GetAllAEIntegralAllValueWithFix_FW
0xff024d00,GetBatteryCoverClose_FW
0xff05e554,GetBatteryTemperature
0xff05e554,GetBatteryTemperature_FW
0xff061bb4,GetBpDBAdjustmentOffset_FW
0xff08ad0c,GetBuildDate_FW
0xff08ad14,GetBuildTime_FW
0xff2c1f3c,GetCameraInformationData_FW
0xff37f5cc,GetCaptureInfoData_FW
0xff05e4e0,GetCCDTemperature
0xff05e4e0,GetCCDTemperature_FW
0xff375828,GetCdsGainValue_FW
0xff3758fc,GetCdsPreGain_FW
0xff375954,GetCdsPreGainReg_FW
0xff00f5fc,GetCh_FW
0xff37ce00,GetContinuousMovieJpegVRAMData_FW
0xff37c4a0,GetContinuousVRAMData_FW
0xff37cc3c,GetContinuousVRAMDataWithRingBuffer_FW
0xff375c74,GetCrwImageInfo_FW
0xff2c1d9c,GetCurrentAdjImgDriveType_FW
0xff184680,GetCurrentAvValue
0xff184680,GetCurrentAvValue_FW
0xff09cd88,GetCurrentCaptureModeType_FW
0xff2c1ef4,GetCurrentCcdTemp_FW
0xff0b28f8,GetCurrentExposureTime_FW
0xff182978,GetCurrentFocusLensPosition_FW
0xff182978,GetCurrentFocusPosition_FW
0xff2c1da8,GetCurrentImgDrvMode_FW
0xff184840,GetCurrentIrisPosition_FW
0xff15732c,GetCurrentMaximumLogSize_FW
0xff2c1f10,GetCurrentOptTemp_FW
0xff0b2620,GetCurrentShutterSpeed_FW
0xff182910,GetCurrentTargetDistance_FW
0xff377740,GetCurrentZoomLensDirection_FW
0xff187b80,GetCurrentZoomLensPoint_FW
0xff187ad0,GetCurrentZoomLensPosition_FW
0xff187b80,GetCurrentZoomPoint_FW
0xff187ad0,GetCurrentZoomPosition_FW
0xff30cb40,GetCZMovieDefaultSpeed_FW
0xff30cb28,GetCZMovieHighSpeed_FW
0xff30cb30,GetCZMovieLowSpeed_FW
0xff30cb38,GetCZStillDefaultSpeed_FW
0xff30cb18,GetCZStillHighSpeed_FW
0xff30cb20,GetCZStillLowSpeed_FW
0xff18eaa4,GetDateAndTime_FW
0xff37d4c4,GetDay_FW
0xff061bbc,GetDccdAdjustmentOffset_FW
0xff066584,GetdccdFilterValue_FW
0xff0664f4,GetdccdImage_FW
0xff061918,GetDCPAdjOffset_FW
0xff26da78,GetDefectCrawInfo_FW
0xff26dadc,GetDefectTvAdj_FW
0xff024cf4,GetDialEventId_FW
0xff075158,GetDISModeParameter_FW
0xff30ed64,GetDISModeParamType_FW
0xff06c2dc,GetDrive_ClusterSize
0xff06c334,GetDrive_FreeClusters
0xff06c30c,GetDrive_TotalClusters
0xff083ccc,GetEventFlagValue
0xff37b1b8,GetExStrobeID_FW
0xff08ad1c,GetFirmwareVersion_FW
0xff0751a4,GetFixedPWMOutA_FW
0xff0751b0,GetFixedPWMOutB_FW
0xff182e58,GetFocusDefaultResetPosition_FW
0xff2f5628,GetFocusLensCurrentPosition_FW
0xff2f5654,GetFocusLensDriveVoltage_FW
0xff2f572c,GetFocusLensHoldVoltage_FW
0xff30d750,GetFocusLensLoadCamTable_FW
0xff30d6d4,GetFocusLensLoadSubjectDistance_FW
0xff30d834,GetFocusLensMoveMaxPosition_FW
0xff30d84c,GetFocusLensMoveMinPosition_FW
0xff30d868,GetFocusLensMoveRangeOfTelePoint_FW
0xff30d6cc,GetFocusLensPositionRatio_FW
0xff1825f0,GetFocusLensPullInMaxSpeed_FW
0xff2f4e08,GetFocusLensResetDefaultPosition_FW
0xff2f4df8,GetFocusLensResetPosition_FW
0xff39b8b8,GetFocusLensResetVoltage_FW
0xff2f56e0,GetFocusLensSettingWaitVoltage_FW
0xff182910,GetFocusLensSubjectDistance
0xff30d6a8,GetFocusLensSubjectDistance_FW
0xff182d70,GetFocusLensSubjectDistanceFromLens
0xff30d6c4,GetFocusLensSubjectDistanceNumber_FW
0xff18605c,GetFocusPiSensorLevel_FW
0xff182dec,GetFocusResetPosition_FW
0xff073980,GetFocusStartZoomPosition_FW
0xff375f20,GetFrameRateWithApex_FW
0xff074ac8,GetGyro10BitDACPitch_FW
0xff074ad4,GetGyro10BitDACYaw_FW
0xff074a78,GetGyroDataPitch_FW
0xff074a94,GetGyroDataYaw_FW
0xff30e804,GetGyroFilterCharge_FW
0xff3818b8,GetGyroFilterChargeStatus_FW
0xff074b00,GetGyroHPFINOffsetPitch_FW
0xff074b1c,GetGyroHPFINOffsetYaw_FW
0xff074b38,GetGyroHPFINPitch_FW
0xff074b94,GetGyroHPFINYaw_FW
0xff30ee24,GetGyroNoiseData_FW
0xff37d4ec,GetHour_FW
0xff15eef4,getImageDirName
0xff15d268,GetImageFolder
0xff05c5f4,GetInputAverageLevel_FW
0xff184680,GetIrisAv_FW
0xff184840,GetIrisCurrentPosition_FW
0xff2f75b0,GetIrisDriveVoltage_FW
0xff2f75c0,GetIrisDriveVoltageLow_FW
0xff2f7610,GetIrisHoldVoltage_FW
0xff37621c,GetIrisPRResetPosition_FW
0xff2f75f0,GetIrisSettingWaitVoltage_FW
0xff2f6950,GetIrisSpecClosePosition_FW
0xff2f6940,GetIrisSpecOpenPosition_FW
0xff30eddc,GetISCenterShiftA_FW
0xff30edf8,GetISCenterShiftB_FW
0xff30ecb0,GetISCrossTalkComp_FW
0xff38195c,GetISCrossTalkCompCoeff_FW
0xff30e480,GetISDriveAaxis_FW
0xff30e4a0,GetISDriveBaxis_FW
0xff30e824,GetISFirmVersion_FW
0xff074ac8,GetISGyro10BitDACPitch_FW
0xff074ad4,GetISGyro10BitDACYaw_FW
0xff074a78,GetISGyroDataPitch_FW
0xff074a94,GetISGyroDataYaw_FW
0xff30e5d8,GetISGyroGainAaxis_FW
0xff30e700,GetISGyroGainBaxis_FW
0xff30e720,GetISGyroGainbyAxisType_FW
0xff074b00,GetISGyroHPFINOffsetPitch_FW
0xff074b1c,GetISGyroHPFINOffsetYaw_FW
0xff074b38,GetISGyroHPFINPitch_FW
0xff074b94,GetISGyroHPFINYaw_FW
0xff074a24,GetISGyroPitchGain_FW
0xff380f74,GetISGyroPitchOffset_FW
0xff074a30,GetISGyroYawGain_FW
0xff380f6c,GetISGyroYawOffset_FW
0xff30eb2c,GetISHallAmpFirstGain_FW
0xff074a00,GetISHallDevicePitchGain_FW
0xff0749dc,GetISHallDevicePitchOffset_FW
0xff074a0c,GetISHallDeviceYawGain_FW
0xff0749e8,GetISHallDeviceYawOffset_FW
0xff30e56c,GetISHallGainAaxis_FW
0xff30e58c,GetISHallGainBaxis_FW
0xff30e5ac,GetISHallGainbyAxisType_FW
0xff30e500,GetISHallOffsetAaxis_FW
0xff30e520,GetISHallOffsetBaxis_FW
0xff30e540,GetISHallOffsetbyAxisType_FW
0xff30ea6c,GetISHallOut1Amp_FW
0xff075a00,GetISLensCorrectedEViAaxis_FW
0xff075a1c,GetISLensCorrectedEViBaxis_FW
0xff075940,GetISLensDampAaxis_FW
0xff07594c,GetISLensDampBaxis_FW
0xff075970,GetISLensEViAaxis_FW
0xff07598c,GetISLensEViBaxis_FW
0xff30e874,GetISParamVersion_FW
0xff074a48,GetISPitchPWM_FW
0xff30e4c0,GetISPositionAaxis_FW
0xff30e4e0,GetISPositionBaxis_FW
0xff074a60,GetISShiftLensPitchPosition_FW
0xff074a6c,GetISShiftLensYawPosition_FW
0xff074a54,GetISYawPWM_FW
0xff0576ac,GetKbdState
0xff37df60,GetLastVBatADLevel_FW
0xff133320,GetLatestHVPosition_FW
0xff024cf8,GetLcdPosition_FW
0xff184b88,GetLensErrorStatus_FW
0xff1572d0,GetLogData_FW
0xff1572d8,GetLogDataOnlyAddMemory_FW
0xff19786c,GetLogToFile_FW
0xff381854,GetLoopGain_FW
0xff30ec7c,GetLoopGainAdjValue_FW
0xff30eb88,GetLoopGainCalcData_FW
0xff30e9f4,GetLPFParallelBest_FW
0xff03f000,GetMacroSupportZoomPoint_FW
0xff30e84c,GetMechaDSPVersion_FW
0xff30df34,GetMechaShutterCloseDacSetting_FW
0xff1872a4,GetMechaShutterMoveTime_FW
0xff30df84,GetMechaShutterOpenDacSetting_FW
0xff1872cc,GetMechaShutterStatus_FW
0xff00a29c,GetMemInfo
0xff37d514,GetMinute_FW
0xff37d498,GetMonth_FW
0xff0465b4,GetMovieJpegVRAMHPixelsSize_FW
0xff0465c0,GetMovieJpegVRAMVPixelsSize_FW
0xff02b3c0,GetNumberOfPostedMessages
0xff375898,GetObClampValue_FW
0xff155d34,GetOnlyAEIntegData_FW
0xff05e5c8,GetOpticalTemperature
0xff05e5c8,GetOpticalTemperature_FW
0xff1b92c0,GetParameterData
0xff37cb98,GetPixelsOfViewangle_FW
0xff061bf4,GetProductID_FW
0xff08bf58,GetPropertyCase
0xff024ccc,GetSDDetect_FW
0xff024cd4,GetSDProtect
0xff024cd4,GetSDProtect_FW
0xff37d53c,GetSecond_FW
0xff0907bc,GetSelfControllerHandle_FW
0xff02b6a0,GetSemaphoreValue
0xff375ecc,GetShutterSpeedRegularMaxLimit_FW
0xff375ee4,GetShutterSpeedRegularMinLimit_FW
0xff00e97c,GetSRAndDisableInterrupt
0xff00f64c,GetStringWithPrompt_FW
0xff37c3b4,GetSumYOfVRAMCenterLine_FW
0xff024c60,GetSwitchStatus_FW
0xff31195c,GetSystemTime
0xff31195c,GetSystemTime_FW
0xff0640f8,GetTestRecCrawAddress_FW
0xff086054,GetTimeOfSystem_FW
0xff2c24e8,GetTransparentMemory_FW
0xff2c252c,GetTransparentMemoryPosition_FW
0xff2c24d8,GetTransparentMemorySize_FW
0xff37f554,GetUnpackCrwIntegralMultiValueForShading_FW
0xff37f184,GetUnpackCrwIntegralValue_FW
0xff37f408,GetUnpackCrwIntegralValueForColorShading_FW
0xff37f1a0,GetUnpackCrwIntegralValueForShading_FW
0xff376334,GetUsableMaxAv_FW
0xff37631c,GetUsableMinAv_FW
0xff375ebc,GetUserSetShutterSPeed_FW
0xff023074,GetVBatVoltage_FW
0xff37bd50,GetVideoOutType_FW
0xff04659c,GetVRAMHPixelsSize
0xff04659c,GetVRAMHPixelsSize_FW
0xff0465a8,GetVRAMVPixelsSize
0xff0465a8,GetVRAMVPixelsSize_FW
0xff37d468,GetYear_FW
0xff2fa188,GetZoomActuatorCurrentPosition_FW
0xff2fa12c,GetZoomActuatorSpeedPPS_FW
0xff377e88,GetZoomDefaultCommonDriveParam_FW
0xff377da4,GetZoomDefaultDriveParam_FW
0xff1886f8,GetZoomDrivingTime_FW
0xff187b80,GetZoomLensCurrentPoint
0xff187b80,GetZoomLensCurrentPoint_FW
0xff2fb048,GetZoomLensCurrentPosition
0xff187ad0,GetZoomLensCurrentPosition_FW
0xff30e2b0,GetZoomLensDriveAmpereDac_FW
0xff1886f4,GetZoomLensMechaEdgePosition_FW
0xff377564,GetZoomLensResetPlus_FW
0xff187fdc,GetZoomLensTelePoint_FW
0xff377e3c,GetZoomNormalDriveParam_FW
0xff186014,GetZoomPiSensorLevel_FW
0xff377df0,GetZoomResetDriveParam_FW
0xff2fca08,GetZoomResetSensorLevel_FW
0xff187fdc,GetZoomTelePoint_FW
0xff02b668,GiveSemaphore
0xff02b668,GiveSemaphore_FW
0xff055458,GPS_COLD_START_FW
0xff12e730,GPS_GET_WAKEUP_FW
0xff0553fc,GPS_HIBERNATE_FW
0xff0553ec,GPS_HOT_START_FW
0xff12e10c,GPS_LOGGING_HIATUS_FW
0xff05540c,GPS_LOGGING_START_FW
0xff055424,GPS_LOGGING_STOP_FW
0xff12ea7c,GPS_ON_OFF_FW
0xff12e6f4,GPS_PATCH_FW
0xff12e160,GPS_REDIRECT_MON_FW
0xff12eaa4,GPS_RESET_HIGH_FW
0xff12eab8,GPS_RESET_LOW_FW
0xff12e728,GPS_SEND_COMMAND_FW
0xff12db80,GPS_SEND_FILE_FW
0xff0552ac,GPS_START_FOR_ADJ_FW
0xff0553ec,GPS_START_FW
0xff055390,GPS_STOP_FOR_ADJ_FW
0xff0553fc,GPS_STOP_FW
0xff12e754,GPS_TRY_FOR_ADJ_FW
0xff12dcc4,GPS_WAIT_ACK_FW
0xff0ab8bc,GUISrv_StartGUISystem
0xff0ab8bc,GUISrv_StartGUISystem_FW
0xff09342c,HardwareDefect_FW
0xff0933dc,HardwareDefectWithRestart_FW
0xff0560b4,HdmiHpd5VOutput_FW
0xff05636c,HdmiRegDump_FW
0xff055fec,HdmiSimulateModeStart_FW
0xff055fc0,HdmiSimulateModeStop_FW
0xff130e68,HdmiViewParameter_FW
0xff055f18,HecHdmiCecPhysicalCheckForScript_FW
0xff380fb4,HitISLensAgainstBottomEdge_FW
0xff380fa0,HitISLensAgainstLeftEdge_FW
0xff380f8c,HitISLensAgainstRightEdge_FW
0xff380fc8,HitISLensAgainstTopEdge_FW
0xff381424,HitISMechaEdgeInOpenControl_FW
0xff0238c4,i2c_Bl_Pwr_Ctrl_FW
0xff023b20,i2c_dcdc_dump_FW
0xff056098,i2c_read_event_FW
0xff056050,i2c_write_event_FW
0xff1572f4,InactivateAdjLog_FW
0xff190a1c,InitializeAdjustmentFunction_FW
0xff1909ac,InitializeAdjustmentSystem_FW
0xff065c68,Initializedccd_FW
0xff37f790,InitializeDefectAdjustment_FW
0xff368a50,InitializeDefectRec_FW
0xff065c68,InitializeDigicon_FW
0xff37faa8,InitializeMechaDevice_FW
0xff2c2af8,InitializeSoundRec_FW
0xff0650dc,InitializeTestRec_FW
0xff3759e8,IsAdjCdsMode_FW
0xff30e340,ISAutoCenter_FW
0xff05e6e0,IsBatteryTemperature_FW
0xff05e6ac,IsCCDTemperature_FW
0xff30e37c,ISChangeOPENtoCLOSE_FW
0xff092e44,IsControlEventActive_FW
0xff30e8b0,ISControlStart_FW
0xff30e8c0,ISControlStop_FW
0xff026370,IsDUIDFixFlag_FW
0xff37be80,IsEVFDrive_FW
0xff37c1ec,IsEvfDriveMode_FW
0xff37b1c0,IsExStrobeChargeComp_FW
0xff026308,IsFactoryMode_FW
0xff30efd0,ISFixedPWMOFF_FW
0xff30efbc,ISFixedPWMON_FW
0xff182dc8,IsFocusLensOutSidePosition_FW
0xff024d08,IsHvSensorExist_FW
0xff07402c,ISInitMotion_FW
0xff072470,IsLensOutside_FW
0xff157320,IsLogOutType_FW
0xff30ea90,ISMDStart_FW
0xff30eaa0,ISMDStop_FW
0xff30e368,ISMoveToMechaEdgeOPEN_FW
0xff0263b8,IsNormalCameraMode_FW
0xff05e678,IsOpticalTemperature_FW
0xff30e8d0,ISPanModeStart_FW
0xff30e8e0,ISPanModeStop_FW
0xff197894,IsRomLogAvailable_FW
0xff0e2d10,IsStrobeChargeCompleted
0xff2f9970,IsZoomActuatorResetSensorPlusSide_FW
0xff188398,IsZoomLensOutSidePosition_FW
0xff18e6e0,j_BeepDrive_FW
0xff18e6e4,j_BeepDriveComp_FW
0xff375b1c,j_CancelImageDrive_FW
0xff381728,j_CancelLoopGainCalc_FW
0xff381434,j_ChangeToISCloseControl_FW
0xff381404,j_ClearISCalcZData_FW
0xff377958,j_ClearZoomDriveParam_FW
0xff027508,j_Close_FW
0xff101028,j_E2LatOn_FW
0xff27a798,j_EF.IsChargeFull_FW
0xff18ebdc,j_exec_FW
0xff1b9620,j_ExecuteShutDownPropertyService_FW
0xff027be8,j_ExMem.AllocCacheable_FW
0xff027be0,j_ExMem.AllocUncacheable_FW
0xff027bec,j_ExMem.FreeCacheable_FW
0xff027be4,j_ExMem.FreeUncacheable_FW
0xff027bdc,j_ExMem.View_FW
0xff18e6dc,j_GetAdChValue_FW
0xff18e6d8,j_GetAdVBattBottom_FW
0xff155a50,j_GetAEIntegWinData_FW
0xff18e768,j_GetBatteryCoverClose_FW
0xff05e738,j_GetBatteryTemperature_FW
0xff2c1f78,j_GetCameraInformationData_FW
0xff05e734,j_GetCCDTemperature_FW
0xff375924,j_GetCdsPreGain_FW
0xff37597c,j_GetCdsPreGainReg_FW
0xff3760a8,j_GetCurrentAvValue_FW
0xff375dec,j_GetCurrentExposureTime_FW
0xff378424,j_GetCurrentFocusLensPosition_FW
0xff378424,j_GetCurrentFocusPosition_FW
0xff376174,j_GetCurrentIrisPosition_FW
0xff375df4,j_GetCurrentShutterSpeed_FW
0xff3783cc,j_GetCurrentTargetDistance_FW
0xff37773c,j_GetCurrentZoomLensPoint_FW
0xff377738,j_GetCurrentZoomLensPosition_FW
0xff37773c,j_GetCurrentZoomPoint_FW
0xff377738,j_GetCurrentZoomPosition_FW
0xff37e0e0,j_GetDCPAdjOffset_FW
0xff18e760,j_GetDialEventId_FW
0xff3818b0,j_GetDISModeParameter_FW
0xff30f00c,j_GetFixedPWMOutA_FW
0xff30f010,j_GetFixedPWMOutB_FW
0xff3783c4,j_GetFocusDefaultResetPosition_FW
0xff30d69c,j_GetFocusLensCurrentPosition_FW
0xff30d77c,j_GetFocusLensDriveVoltage_FW
0xff30d7f4,j_GetFocusLensHoldVoltage_FW
0xff30d864,j_GetFocusLensPullInMaxSpeed_FW
0xff30d6a4,j_GetFocusLensResetDefaultPosition_FW
0xff30d6a0,j_GetFocusLensResetPosition_FW
0xff30d830,j_GetFocusLensResetVoltage_FW
0xff30d7b8,j_GetFocusLensSettingWaitVoltage_FW
0xff30dd7c,j_GetFocusPiSensorLevel_FW
0xff3783c8,j_GetFocusResetPosition_FW
0xff30dcc0,j_GetFocusStartZoomPosition_FW
0xff30e77c,j_GetGyro10BitDACPitch_FW
0xff30e780,j_GetGyro10BitDACYaw_FW
0xff30e74c,j_GetGyroDataPitch_FW
0xff30e750,j_GetGyroDataYaw_FW
0xff30e7ac,j_GetGyroHPFINOffsetPitch_FW
0xff30e7b0,j_GetGyroHPFINOffsetYaw_FW
0xff30e7b4,j_GetGyroHPFINPitch_FW
0xff30e7b8,j_GetGyroHPFINYaw_FW
0xff30da78,j_GetIrisAv_FW
0xff30da7c,j_GetIrisCurrentPosition_FW
0xff30db5c,j_GetIrisDriveVoltage_FW
0xff30db74,j_GetIrisDriveVoltageLow_FW
0xff30dba4,j_GetIrisHoldVoltage_FW
0xff30db8c,j_GetIrisSettingWaitVoltage_FW
0xff30db58,j_GetIrisSpecClosePosition_FW
0xff30db54,j_GetIrisSpecOpenPosition_FW
0xff3815e8,j_GetISGyro10BitDACPitch_FW
0xff3815f0,j_GetISGyro10BitDACYaw_FW
0xff3815c8,j_GetISGyroDataPitch_FW
0xff3815d0,j_GetISGyroDataYaw_FW
0xff3815f8,j_GetISGyroHPFINOffsetPitch_FW
0xff381600,j_GetISGyroHPFINOffsetYaw_FW
0xff3815d8,j_GetISGyroHPFINPitch_FW
0xff3815e0,j_GetISGyroHPFINYaw_FW
0xff3810f4,j_GetISGyroPitchGain_FW
0xff3810f0,j_GetISGyroYawGain_FW
0xff381048,j_GetISHallDevicePitchGain_FW
0xff381050,j_GetISHallDevicePitchOffset_FW
0xff381044,j_GetISHallDeviceYawGain_FW
0xff38104c,j_GetISHallDeviceYawOffset_FW
0xff38139c,j_GetISLensCorrectedEViAaxis_FW
0xff3813a0,j_GetISLensCorrectedEViBaxis_FW
0xff3813a4,j_GetISLensDampAaxis_FW
0xff3813a8,j_GetISLensDampBaxis_FW
0xff381394,j_GetISLensEViAaxis_FW
0xff381398,j_GetISLensEViBaxis_FW
0xff38118c,j_GetISPitchPWM_FW
0xff38138c,j_GetISShiftLensPitchPosition_FW
0xff381390,j_GetISShiftLensYawPosition_FW
0xff381188,j_GetISYawPWM_FW
0xff18e764,j_GetLcdPosition_FW
0xff30dcbc,j_GetLensErrorStatus_FW
0xff30dfd0,j_GetMechaShutterMoveTime_FW
0xff30dfcc,j_GetMechaShutterStatus_FW
0xff37ccd0,j_GetMovieJpegVRAMHPixelsSize_FW
0xff37ccd4,j_GetMovieJpegVRAMVPixelsSize_FW
0xff05e730,j_GetOpticalTemperature_FW
0xff18e748,j_GetSDDetect_FW
0xff18e74c,j_GetSDProtect_FW
0xff18e734,j_GetSwitchStatus_FW
0xff37df68,j_GetVBatVoltage_FW
0xff37c41c,j_GetVRAMHPixelsSize_FW
0xff37c420,j_GetVRAMVPixelsSize_FW
0xff2fa138,j_GetZoomActuatorCurrentPosition_FW
0xff3778e4,j_GetZoomDrivingTime_FW
0xff30e320,j_GetZoomLensCurrentPoint_FW
0xff30e324,j_GetZoomLensCurrentPosition_FW
0xff30e32c,j_GetZoomLensMechaEdgePosition_FW
0xff30e328,j_GetZoomLensTelePoint_FW
0xff30dda0,j_GetZoomPiSensorLevel_FW
0xff3778a8,j_GetZoomResetSensorLevel_FW
0xff3778a4,j_GetZoomTelePoint_FW
0xff26dd98,j_InitializeDefectRec_FW
0xff05e744,j_IsBatteryTemperature_FW
0xff05e740,j_IsCCDTemperature_FW
0xff37899c,j_IsFocusLensOutSidePosition_FW
0xff18e76c,j_IsHvSensorExist_FW
0xff30dcb8,j_IsLensOutside_FW
0xff05e73c,j_IsOpticalTemperature_FW
0xff2fa13c,j_IsZoomActuatorResetSensorPlusSide_FW
0xff377ad0,j_IsZoomLensOutSidePosition_FW
0xff18e6f0,j_LEDDrive_FW
0xff286224,j_LiveImageTool.GetDzoomPosition_FW
0xff18eb50,j_MemoryChecker_FW
0xff18eb4c,j_MonSelEvent_FW
0xff381388,j_MoveISLensToCentralPosition_FW
0xff027bd8,j_NewTaskShell_FW
0xff027504,j_Open_FW
0xff0896ec,j_OpLog.WriteToROM_FW
0xff18ebc4,j_Peek16_FW
0xff18ebc0,j_Peek32_FW
0xff18ebc8,j_Peek8_FW
0xff18eb48,j_Printf_FW
0xff075cc0,j_PT_GetDigitalZoomPosition_FW
0xff09365c,j_PTM_AllReset_FW
0xff093b40,j_PTM_BackupUIProperty_FW
0xff093a94,j_PTM_GetWorkingCaptureMode_FW
0xff093b24,j_PTM_IsEnableItem_FW
0xff093b10,j_PTM_NextItem_FW
0xff093b14,j_PTM_PrevItem_FW
0xff093a98,j_PTM_SetCurrentItem_FW
0xff093b28,j_PTM_SetProprietyEnable_FW
0xff027b64,j_PutsCameraLogEvent_FW
0xff027608,j_Read_FW
0xff37abe0,j_ReloadAFAdjustment_FW
0xff375894,j_ReloadCdsAdjustment_FW
0xff37b338,j_ReloadColorAdjustment_FW
0xff37b1d0,j_ReloadEfAdjustment_FW
0xff3783c0,j_ReloadFocusLensAdjustment_FW
0xff3760a4,j_ReloadGetaAdjustment_FW
0xff37712c,j_ReloadWBAdjustment_FW
0xff3777f0,j_ReloadZoomAdjustment_FW
0xff18eb68,j_SDump_FW
0xff381384,j_SearchBCentralPosition_FW
0xff381384,j_SearchISLensCentralPosition_FW
0xff3789d4,j_SetFocusResetState_FW
0xff18e6e8,j_SetStereoSeparation_FW
0xff377adc,j_SetZoomResetState_FW
0xff027b58,j_ShowCameraLog_FW
0xff027b5c,j_ShowCameraLogInfo_FW
0xff381040,j_StartBDrive_FW
0xff38137c,j_StartBPanDrive_FW
0xff027b54,j_StartCameraLog_FW
0xff381374,j_StartISAdjustmentDrive_FW
0xff381040,j_StartISDrive_FW
0xff30e364,j_StartISLocalAutoCenter_FW
0xff30e360,j_StartISLocalHallAdjust_FW
0xff38137c,j_StartISPanDrive_FW
0xff38103c,j_StopBDrive_FW
0xff381380,j_StopBPanDrive_FW
0xff027b60,j_StopCameraLog_FW
0xff37c424,j_StopContinuousVRAMData_FW
0xff381378,j_StopISAdjustmentDrive_FW
0xff38103c,j_StopISDrive_FW
0xff381380,j_StopISPanDrive_FW
0xff0108e4,j_strcmp_FW
0xff26dd9c,j_TerminateDefectRec_FW
0xff18f950,j_UIFS_Capture_FW
0xff18f954,j_UIFS_CaptureNoneStop_FW
0xff18fddc,j_UIFS_GetNumberOfDisplayedImage_FW
0xff18fdd8,j_UIFS_IsAvailableShots_FW
0xff18f91c,j_UIFS_MoveZoomTo_FW
0xff18fde0,j_UIFS_PlayTrimExecuteAllImageSize_FW
0xff18f958,j_UIFS_StartMovieRecord_FW
0xff18f95c,j_UIFS_StopMovieRecord_FW
0xff18f984,j_UIFS_WriteFirmInfoToFile_FW
0xff18e6ec,j_VbattGet_FW
0xff18eb54,j_VerifyByte_FW
0xff02760c,j_Write_FW
0xff024d8c,kbd_p1_f
0xff024d98,kbd_p1_f_cont
0xff024574,kbd_p2_f
0xff024d10,kbd_read_keys
0xff056ef0,kbd_read_keys_r2
0xff12aa44,LcdCon_GetLcdAdjParameter_FW
0xff12a6c0,LcdCon_GetLcdBackLightParameter_FW
0xff12ac50,LcdCon_GetLcdParameter_FW
0xff12aacc,LcdCon_SaveLcdAdjParameter_FW
0xff12a744,LcdCon_SaveLcdBackLightParameter_FW
0xff12acd8,LcdCon_SaveLcdParameter_FW
0xff12a9a8,LcdCon_SetLcdAdjParameter_FW
0xff12a640,LcdCon_SetLcdBackLightBrightness_FW
0xff12a66c,LcdCon_SetLcdBackLightParameter_FW
0xff12a95c,LcdCon_SetLcdDriver_FW
0xff12aae8,LcdCon_SetLcdParameter_FW
0xff12aa8c,LcdCon_ShowLcdAdjParameter_FW
0xff12a704,LcdCon_ShowLcdBackLightParameter_FW
0xff12ac98,LcdCon_ShowLcdParameter_FW
0xff12ae84,LcdCon_StartLcdPeriodicalSetting_FW
0xff12aeb8,LcdCon_StopLcdPeriodicalSetting_FW
0xff3412f0,LCDMsg_ChangeColor_FW
0xff341134,LCDMsg_Create_FW
0xff340e28,LCDMsg_Delete_FW
0xff340de8,LCDMsg_Move_FW
0xff341218,LCDMsg_SetNum_FW
0xff341228,LCDMsg_SetStr_FW
0xff3411c8,LCDMsg_SwDisp_FW
0xff056a24,LEDDrive
0xff056af0,LEDDrive_FW
0xff2861b4,LiveImageTool.ChangeDzoom_FW
0xff28623c,LiveImageTool.Dister_FW
0xff286144,LiveImageTool.DzoomTele_FW
0xff286164,LiveImageTool.DzoomWide_FW
0xff045910,LiveImageTool.GetDzoomPosition_FW
0xff286228,LiveImageTool.Jump_FW
0xff286194,LiveImageTool.Pause_FW
0xff2861a4,LiveImageTool.Resume_FW
0xff285ec8,LiveImageTool.StartEVF_FW
0xff285ed4,LiveImageTool.StartEVFFocusJet_FW
0xff285ee0,LiveImageTool.StartEVFMF_FW
0xff2860d0,LiveImageTool.StartEVFMovHD_FW
0xff28610c,LiveImageTool.StartEVFMovQQVGA_FW
0xff2860f8,LiveImageTool.StartEVFMovQVGA60_FW
0xff28606c,LiveImageTool.StartEVFMovQVGA_FW
0xff286058,LiveImageTool.StartEVFMovVGA_FW
0xff286120,LiveImageTool.StartEVFMovXGA_FW
0xff286184,LiveImageTool.StopDzoom_FW
0xff286134,LiveImageTool.StopEVF_FW
0xff060c58,LoadAdjustmentTable_FW
0xff061140,LoadAdjustmentValue_FW
0xff1568a4,LoadDataFromAdjTableBin_FW
0xff060c90,LoadDefectAdjTable_FW
0xff37dd9c,LoadFactoryNumber_FW
0xff1567a4,LoadParamDataFromAdjTableBin_FW
0xff085274,LoadScript_FW
0xff37de7c,LoadSerialNumber_FW
0xff085a08,LocalTime
0xff0560b8,LockHdmiState_FW
0xff093178,LockMainPower
0xff093178,LockMainPower_FW
0xff0890ac,LogCameraEvent
0xff02766c,Lseek
0xff02766c,lseek
0xff02766c,Lseek_FW
0xff311eb4,MakeBootDisk_FW
0xff026de0,MakeDirectory_Fut
0xff311ec8,MakeScriptDisk_FW
0xff06c5e8,MakeSDCardBootable
0xff0041ec,malloc
0xff18e4fc,Mecha.Create_FW
0xff30f068,MechaCPUMemoryDump_FW
0xff30f084,MechaCPUMemoryWrite_FW
0xff18e554,MechaReset_FW
0xff18e560,MechaTerminate_FW
0xff18e4c0,MechaUnRegisterEventProcedure_FW
0xff010928,memcmp
0xff010928,memcmp_FW
0xff031584,memcpy
0xff031584,memcpy_FW
0xff311480,MemoryChecker_FW
0xff24ce4c,memset
0xff24ce4c,memset_FW
0xff000dcc,memShow_FW
0xff26d4c4,MergeAndConvertDefect_FW
0xff0278ec,mkdir
0xff0ae114,mktime_ext
0xff3119e0,MonSelEvent_FW
0xff377c30,MoveComputerZoomToPoint_FW
0xff09067c,MoveControllerToTopOfZOrder_FW
0xff18171c,MoveCzPeakPositon_FW
0xff30ca24,MoveCZToPoint_FW
0xff30cabc,MoveCZToPointByOVF_FW
0xff30ca8c,MoveCZToTele_FW
0xff30ca5c,MoveCZToWide_FW
0xff39a8a8,MoveDCMotorCCW_FW
0xff39a820,MoveDCMotorCW_FW
0xff30d070,MoveFocusActuator_FW
0xff378764,MoveFocusDistance_FW
0xff378764,MoveFocusLensToDistance
0xff378764,MoveFocusLensToDistance_FW
0xff378650,MoveFocusLensToPosition_FW
0xff378538,MoveFocusLensToPositionWithMaxSpeed_FW
0xff37857c,MoveFocusLensToPositionWithSpeed_FW
0xff30ccf4,MoveFocusLensToTerminate_FW
0xff378454,MoveFocusLensToTerminatePosition_FW
0xff30cd50,MoveFocusLensWithDistance_FW
0xff30ce58,MoveFocusLensWithPosition_FW
0xff30cf64,MoveFocusLensWithPositionWithoutBacklash_FW
0xff37869c,MoveFocusPosition_FW
0xff378454,MoveFocusToTerminate_FW
0xff3761b4,MoveIrisFullClose_FW
0xff376180,MoveIrisFullOpen_FW
0xff376258,MoveIrisMechaPositionWithBacklash_FW
0xff376294,MoveIrisMechaPositionWithoutBacklash_FW
0xff375ff8,MoveIrisToAv_FW
0xff3762d0,MoveIrisToAvWithoutBacklash_FW
0xff30da50,MoveIrisToFullClose_FW
0xff30da28,MoveIrisToFullOpen_FW
0xff30d9d4,MoveIrisToPositionWithBacklash_FW
0xff30daac,MoveIrisToPositionWithoutBacklash_FW
0xff30d94c,MoveIrisToStandbyPosition_FW
0xff30da00,MoveIrisToTerminatePosition_FW
0xff30d974,MoveIrisWithAv
0xff30d974,MoveIrisWithAv_FW
0xff30d9a0,MoveIrisWithAvAndSpeed_FW
0xff30dad8,MoveIrisWithAvAndSpeedWithoutBacklash_FW
0xff30da80,MoveIrisWithAvWithoutBacklash_FW
0xff376224,MoveIrisWithTerminatePosition_FW
0xff381014,MoveISLensToBottomLimitPosition_FW
0xff07482c,MoveISLensToCentralPosition_FW
0xff381000,MoveISLensToLeftLimitPosition_FW
0xff380fec,MoveISLensToRightLimitPosition_FW
0xff381028,MoveISLensToTopLimitPosition_FW
0xff30dc38,MoveLensToFirstPoint_FW
0xff30dc80,MoveLensToTerminatePoint_FW
0xff2fa0d0,MoveZoomActuator_FW
0xff30e200,MoveZoomLensToMechaEdge_FW
0xff3780cc,MoveZoomLensToMechaEnd_FW
0xff377bf4,MoveZoomLensToPoint_FW
0xff377bb8,MoveZoomLensToPosition_FW
0xff378160,MoveZoomLensToPositionByManual_FW
0xff30e1c0,MoveZoomLensToTerminatePosition_FW
0xff30e138,MoveZoomLensWithPoint
0xff30e138,MoveZoomLensWithPoint_FW
0xff30e17c,MoveZoomLensWithPosition_FW
0xff377bf4,MoveZoomPoint_FW
0xff377bb8,MoveZoomPosition_FW
0xff0e4e40,MovieAF.Resume_FW
0xff0e4e2c,MovieAF.Suspend_FW
0xff08b908,NewTaskShell
0xff08b968,NewTaskShell_FW
0xff195b10,NR_GetDarkSubType
0xff195b10,NR_GetDarkSubType_FW
0xff195b70,NR_GetDefectCorrectType_FW
0xff195a48,NR_SetDarkSubType
0xff195a48,NR_SetDarkSubType_FW
0xff195ae4,NR_SetDefectCorrectType_FW
0xff195bc4,NR_SetDoubleNRType_FW
0xff195bb0,NR_SetLotasPonyType_FW
0xff195b50,NR_SetTassenType_FW
0xff18e724,OffPrintPhySw_FW
0xff376ffc,OneShotWhigeBalance_FW
0xff376ffc,OneTypeWhiteBalance_FW
0xff18e714,OnPrintPhySw_FW
0xff0273e8,Open
0xff00ab04,open
0xff0273e8,Open_FW
0xff00f6ec,OpenConsole_FW
0xff2e6e08,OpenFastDir
0xff02768c,OpenForScrip_FW
0xff30debc,OpenMechaShutter_FW
0xff3764a0,OpenMShutter_FW
0xff027b68,OpLog.Create_FW
0xff08a0d4,OpLog.Get_FW
0xff08a0f4,OpLog.Play_FW
0xff089720,OpLog.ReadFromROM_FW
0xff089788,OpLog.ReadFromSD_FW
0xff08a238,OpLog.Start_FW
0xff089690,OpLog.Stop_FW
0xff08a314,OpLog.Terminate_FW
0xff0896bc,OpLog.WriteToROM_FW
0xff089bc8,OpLog.WriteToSD_FW
0xff156ea4,OutputLogToFile_FW
0xff096484,PB2Rec
0xff31192c,Peek16_FW
0xff311924,Peek32_FW
0xff311934,Peek8_FW
0xff26d298,PointDefDetect_FW
0xff26d8a4,PointKizuCheck_FW
0xff18eba0,Poke16_FW
0xff18eb90,Poke32_FW
0xff18ebb0,Poke8_FW
0xff090d54,PostEventShootSeqToUI_FW
0xff090c90,PostLogicalEventForNotPowerType
0xff090c90,PostLogicalEventForNotPowerType_FW
0xff090cdc,PostLogicalEventToUI
0xff090cdc,PostLogicalEventToUI_FW
0xff02b2c8,PostMessageQueue
0xff02baf4,PostMessageQueueStrictly
0xff37b8cc,PreFixAE_FW
0xff061454,PrintAdjKabotanInfo_FW
0xff061164,PrintAdjTableMap_FW
0xff154c2c,PrintAllAEIntegData_FW
0xff085268,Printf_FW
0xff156c14,PrintFaexeVersioin_FW
0xff156be0,PrintFirmVersion_FW
0xff37acb0,PrintMultiWinScanTable_FW
0xff37ac1c,PrintScanTable_FW
0xff075cc4,PT_ChangeZoomSpeed_FW
0xff075b20,PT_CompleteCaptModeChange_FW
0xff075b30,PT_CompleteCharge_FW
0xff075b38,PT_CompleteFileWrite_FW
0xff075ae8,PT_CompletePreCapt_FW
0xff075b08,PT_CompleteStopDigZoom_FW
0xff075b00,PT_CompleteStopZoom_FW
0xff075b10,PT_CompleteStoreLens_FW
0xff075b28,PT_CompleteSynchroWrite_FW
0xff075cf8,PT_DoAELock_FW
0xff075cd8,PT_DoAFLock_FW
0xff075b48,PT_EraseAllFile_FW
0xff028a84,PT_GetDigitalZoomPosition_FW
0xff075cac,PT_GetDigitalZoomTele_FW
0xff075bc0,PT_GetPropertyCaseInt_FW
0xff075d28,PT_MFOff_FW
0xff075d18,PT_MFOn_FW
0xff075b74,PT_mod_FW
0xff075c98,PT_MoveDigitalZoomAt_FW
0xff075c78,PT_MoveDigitalZoomToTele_FW
0xff075c88,PT_MoveDigitalZoomToWide
0xff075c88,PT_MoveDigitalZoomToWide_FW
0xff075c60,PT_MoveOpticalZoomAt
0xff075c60,PT_MoveOpticalZoomAt_FW
0xff075c38,PT_MoveOpticalZoomToTele_FW
0xff075c4c,PT_MoveOpticalZoomToWide_FW
0xff075b18,PT_MovieRecordStopped_FW
0xff075af8,PT_NextShootAvailable_FW
0xff080de4,PT_PlaySound
0xff075af0,PT_RecreviewAvailable_FW
0xff075b98,PT_SetPropertyCaseInt_FW
0xff075b40,PT_ShootPicture_FW
0xff075d08,PT_UnlockAE_FW
0xff075ce8,PT_UnlockAF_FW
0xff1b8588,PTM_AllReset_FW
0xff09364c,PTM_AllResetToFactorySetting_FW
0xff1b9230,PTM_BackupUIProperty_FW
0xff093aa4,PTM_GetCurrentItem_FW
0xff1b88e8,PTM_GetWorkingCaptureMode_FW
0xff1b9164,PTM_IsEnableItem_FW
0xff1b8c18,PTM_NextItem_FW
0xff1b8c20,PTM_PrevItem_FW
0xff093b44,PTM_RestoreUIProperty_FW
0xff093960,PTM_SetCurrentCaptureMode_FW
0xff1b8900,PTM_SetCurrentItem_FW
0xff1b8f1c,PTM_SetProprietyEnable_FW
0xff3763a8,PutInNdFilter
0xff3763a8,PutInNdFilter_FW
0xff3763e0,PutOutNdFilter
0xff3763e0,PutOutNdFilter_FW
0xff088d84,PutsCameraLogEvent_FW
0xff36386c,qsort
0xff100e28,QuietImager_FW
0xff24cf8c,rand
0xff00ad58,Read
0xff00ad58,read
0xff00ad58,Read_FW
0xff2e6f5c,ReadFastDir
0xff24cec8,realloc
0xff2ec3f4,reboot_fw_update
0xff0964c4,Rec2PB
0xff30dde8,ReceiveMechaCircuitDataAll_FW
0xff02b17c,ReceiveMessageQueue
0xff02bac8,ReceiveMessageQueueStrictly
0xff06143c,RefreshAdjustmentTableMirror_FW
0xff06144c,RefreshDefectTableMirror_FW
0xff0abfec,RefreshPhysicalScreen
0xff37b3f0,RegistColorMatrix_FW
0xff08804c,RegisterEventProcedure
0xff00e940,RegisterInterruptHandler
0xff066774,RegistFirmScanNoticeCBR_FW
0xff08400c,ReleaseRecursiveLock
0xff040150,ReloadAFAdjustment_FW
0xff10035c,ReloadCdsAdjustment_FW
0xff112b90,ReloadColorAdjustment_FW
0xff37f74c,ReloadDefectAdjustmentData_FW
0xff278140,ReloadEfAdjustment_FW
0xff182ec4,ReloadFocusLensAdjustment_FW
0xff184a8c,ReloadGetaAdjustment_FW
0xff376044,ReloadIrisAdjustment_FW
0xff38175c,ReloadISAdjustment_FW
0xff376390,ReloadNdFilterAdjustment_FW
0xff37f728,ReloadShadingAdjustmentData_FW
0xff0d973c,ReloadWBAdjustment_FW
0xff1884cc,ReloadZoomAdjustment_FW
0xff2c24b8,RemoveTransparentMemory_FW
0xff026cd8,RenameFile_Fut
0xff3787cc,ResetFocus_FW
0xff30cc20,ResetFocusLens
0xff30cc20,ResetFocusLens_FW
0xff30d924,ResetIris_FW
0xff2f6540,ResetIrisActuator_FW
0xff3761e8,ResetIrisPosition_FW
0xff065f74,ResetRegistNoticeCBR_FW
0xff377b1c,ResetZoom_FW
0xff30e08c,ResetZoomLens
0xff30e08c,ResetZoomLens_FW
0xff30e0b8,ResetZoomLensToFirst_FW
0xff30e0f8,ResetZoomLensToTermiante_FW
0xff377c6c,ResetZoomToAdjFirstPoint_FW
0xff377cb0,ResetZoomToAdjTerminatePoint_FW
0xff377b50,ResetZoomToFirst_FW
0xff377b50,ResetZoomToFirstPoint_FW
0xff377b84,ResetZoomToTerminate_FW
0xff377b84,ResetZoomToTerminatePoint_FW
0xff02d3d0,Restart,(stubs_entry_2.s)
0xff08b00c,RomCheckSum_FW
0xff00f36c,RotateConsoleZOder_FW
0xff06108c,SaveAdjustmentTable_FW
0xff06110c,SaveAdjustmentValue_FW
0xff37d0b8,SaveBatSenseOffsetAdjustmentTable_FW
0xff37d6f0,SaveBmpVRAMData_FW
0xff0610f4,SaveDefectAdjTable_FW
0xff37df6c,SaveFactoryReserveData_FW
0xff37db30,SaveFromImage_FW
0xff37da98,SavePaletteData
0xff37da98,SavePaletteData_FW
0xff139f28,Scene.ForbidContiSceneDetect_FW
0xff139f54,Scene.TestSunset_FW
0xff0ad1b4,ScreenLock
0xff0ad218,ScreenUnlock
0xff3116dc,SDump_FW
0xff0747c4,SearchBCentralPosition_FW
0xff0747c4,SearchISLensCentralPosition_FW
0xff3795f4,SelectAdjBPFilter_FW
0xff30ea24,SelectPositionSignal_FW
0xff30ddc4,SendMechaCircuitData_FW
0xff26d900,SensDefCrowdCheck_FW
0xff092aac,set_control_event
0xff37b850,SetAdj_AEMode_FW
0xff156200,SetAdjAEIntegSmearLimitter_FW
0xff379b60,SetAdjAFIntegCrwAdd_FW
0xff379614,SetAdjAFWinPos_FW
0xff3759b8,SetAdjCdsMode_FW
0xff37b728,SetAE_CdsGainValue_FW
0xff37b5ec,SetAE_ShutterSpeed
0xff37b5ec,SetAE_ShutterSpeed_FW
0xff1561f8,SetAEIntegAverageOBData_FW
0xff1555cc,SetAEIntegCorrectProperty_FW
0xff155668,SetAEIntegralGetaTime_FW
0xff155628,SetAEIntegralValueProperty_FW
0xff155544,SetAEIntegStrobeProperty_FW
0xff155e70,SetAEIntegValueBit_FW
0xff155e1c,SetAEIntegWindowsMode_FW
0xff0931ec,SetAutoShutdownTime
0xff0931ec,SetAutoShutdownTime_FW
0xff379654,SetBPFilterForBP_FW
0xff3758c8,SetCDSGain_FW
0xff3759a0,SetCDSGainStep_FW
0xff3758c8,SetCdsGainValue_FW
0xff3758f4,SetCdsPreGain_FW
0xff37594c,SetCdsPreGainReg_FW
0xff09cd4c,SetCurrentCaptureModeType
0xff09cd4c,SetCurrentCaptureModeType_FW
0xff37d0d0,SetDate_FW
0xff37d2d4,SetDay_FW
0xff39a930,SetDCMotorWaitTime_FW
0xff156210,SetDefaultAEIntegSmearLimitter_FW
0xff1591c4,SetDefaultRecParameter_FW
0xff26dbf4,SetDefectRecParam_FW
0xff375850,SetDeltaCDSGain_FW
0xff30ed50,SetDISModeParam_FW
0xff381890,SetDISModeParameter_FW
0xff0262cc,SetDUIDFixFlag_FW
0xff026168,SetDurianMode_FW
0xff083c60,SetEventFlag
0xff37b1c8,SetExStrobeMode_FW
0xff02625c,SetFactoryMode_FW
0xff37dd8c,SetFactorySerialNumber_FW
0xff2c1fc4,SetFaexeEventTableActivation_FW
0xff027854,SetFileAttributes
0xff0277dc,SetFileTimeStamp
0xff30efe4,SetFixedPWMOutA_FW
0xff30eff8,SetFixedPWMOutB_FW
0xff30d2a0,SetFocusLensAccelerationTable_FW
0xff30d428,SetFocusLensCondition_FW
0xff30d414,SetFocusLensDefaultPullOutTable_FW
0xff30d780,SetFocusLensDriveVoltage_FW
0xff30d7f8,SetFocusLensHoldVoltage_FW
0xff30d57c,SetFocusLensMaxSpeedLimit_FW
0xff30d7bc,SetFocusLensSettingWaitVoltage_FW
0xff30d3a0,SetFocusLensSlowdownTable_FW
0xff30d170,SetFocusLensSpeed_FW
0xff30d1ec,SetFocusLensSpeedTable_FW
0xff2f5624,SetFocusResetState_FW
0xff30e754,SetGyro10BitDACPitch_FW
0xff30e768,SetGyro10BitDACYaw_FW
0xff30e7d4,SetGyroFilterChargeStart_FW
0xff30e7ec,SetGyroFilterChargeStop_FW
0xff30e784,SetGyroHPFINOffsetPitch_FW
0xff30e798,SetGyroHPFINOffsetYaw_FW
0xff37d33c,SetHour_FW
0xff0876f4,SetHPTimerAfterNow
0xff087774,SetHPTimerAfterTimeout
0xff18e750,SetIgnoreAVJACK_FW
0xff37d0c8,SetImageMode_FW
0xff37d0a4,SetInputVoltage_FW
0xff30db60,SetIrisDriveVoltage_FW
0xff30db78,SetIrisDriveVoltageLow_FW
0xff30dba8,SetIrisHoldVoltage_FW
0xff30db90,SetIrisSettingWaitVoltage_FW
0xff30eda4,SetISAdjData_FW
0xff30edb4,SetISCenterShiftA_FW
0xff30edc8,SetISCenterShiftB_FW
0xff30e990,SetISControlType_FW
0xff30ed00,SetISCrossTalkCompA1_FW
0xff30ed14,SetISCrossTalkCompA2_FW
0xff30ed28,SetISCrossTalkCompB1_FW
0xff30ed3c,SetISCrossTalkCompB2_FW
0xff381938,SetISCrossTalkCompCoeff_FW
0xff3813b4,SetISCutOffFreqIndex_FW
0xff30e38c,SetISDriveAaxis_FW
0xff30e3a0,SetISDriveBaxis_FW
0xff381560,SetISGyro10BitDACPitch_FW
0xff38157c,SetISGyro10BitDACYaw_FW
0xff38168c,SetISGyroCompensationMode_FW
0xff381610,SetISGyroFilterCharge_FW
0xff30e43c,SetISGyroGainAaxis_FW
0xff30e450,SetISGyroGainBaxis_FW
0xff30e464,SetISGyroGainbyAxisType_FW
0xff381598,SetISGyroHPFINOffsetPitch_FW
0xff3815b4,SetISGyroHPFINOffsetYaw_FW
0xff38126c,SetISGyroPitchGain_FW
0xff381280,SetISGyroPitchOffset_FW
0xff38123c,SetISGyroYawGain_FW
0xff38127c,SetISGyroYawOffset_FW
0xff30eb18,SetISHallAmpFirstGain_FW
0xff3812d8,SetISHallDevicePitchGain_FW
0xff38133c,SetISHallDevicePitchOffset_FW
0xff3812a8,SetISHallDeviceYawGain_FW
0xff38130c,SetISHallDeviceYawOffset_FW
0xff30e3f8,SetISHallGainAaxis_FW
0xff30e40c,SetISHallGainBaxis_FW
0xff30e420,SetISHallGainbyAxisType_FW
0xff30e3b4,SetISHallOffsetAaxis_FW
0xff30e3c8,SetISHallOffsetBaxis_FW
0xff30e3dc,SetISHallOffsetbyAxisType_FW
0xff30ea48,SetISHPFCutoff_FW
0xff3813b4,SetISHPFCutOffFreqIndex_FW
0xff381870,SetISLensPWMMode_FW
0xff30eab0,SetISLPFAaxis_FW
0xff30eac4,SetISLPFBaxis_FW
0xff3813c4,SetISLPFCutOffFreqAaxis_FW
0xff3813d4,SetISLPFCutOffFreqBaxis_FW
0xff30e9b4,SetISMovieStatus_FW
0xff3811f4,SetISPitchPWM_FW
0xff30e9a4,SetISStillStatus_FW
0xff30e7bc,SetISTuningFlag_FW
0xff381638,SetISTuningMode_FW
0xff38166c,SetISTuningOff_FW
0xff381208,SetISYawPWM_FW
0xff37d564,SetLangMenuType_FW
0xff30dce4,SetLensOutsideFlag_FW
0xff1561cc,SetLineDefMarkThroughMode_FW
0xff092eb4,SetLogicalEventActive
0xff38183c,SetLoopGain_FW
0xff30ebdc,SetLoopGainAdjValue_FW
0xff3813e8,SetLPFForParallelFilter_FW
0xff30e9d8,SetLPFParallelBest_FW
0xff30df18,SetMechaShutterCloseDacSetting_FW
0xff30dfd4,SetMechaShutterMoveTime_FW
0xff30df68,SetMechaShutterOpenDacSetting_FW
0xff30dfb8,SetMechaShutterWaitTimeSetting_FW
0xff37d3a0,SetMinute_FW
0xff37d278,SetMonth_FW
0xff3758c0,SetObClamp_FW
0xff3758c0,SetObClampValue_FW
0xff376f7c,SetOneShotWBParam_FW
0xff376f7c,SetOneTypeWBParam_FW
0xff1b9230,SetParameterData
0xff39a7d8,SetPMByGpio_FW
0xff37e078,SetProductVolume_FW
0xff08be2c,SetPropertyCase
0xff18e704,SetRawSWCheckMode_FW
0xff377088,SetReferenceWBGainForCalibration_FW
0xff379318,SetScanLensIndex_FW
0xff37941c,SetScanWindowMode_FW
0xff092f04,SetScriptMode
0xff092f04,SetScriptMode_FW
0xff18e6ac,SetSDPwrPort_FW
0xff37d404,SetSecond_FW
0xff375e70,SetShutterSpeed_FW
0xff375e20,SetShutterSpeedWithMecha_FW
0xff00e980,SetSR
0xff05c60c,SetStereoSeparation_FW
0xff065bdc,SetTestRecSkimmingYUV_FW
0xff02c044,SetTimerAfter
0xff02c0c4,SetTimerWhen
0xff3770b4,SetToolCorrectCoefficient_FW
0xff37be78,SetVideoOutType_FW
0xff37704c,SetWBYlStandardWidth_FW
0xff155da4,SetWhiteCoefficient_FW
0xff37d218,SetYear_FW
0xff2fa110,SetZoomActuatorSpeedPPS_FW
0xff377eb0,SetZoomCommonDriveParam_FW
0xff377dbc,SetZoomDriveParam_FW
0xff30e2b8,SetZoomLensDriveAmpereDac_FW
0xff377d94,SetZoomLensEncoderPowerControl_FW
0xff30e268,SetZoomLensSpeedMode_FW
0xff377e54,SetZoomNormalDriveParam_FW
0xff38134c,SetZoomPointToIS_FW
0xff30e89c,SetZoomPosition_FW
0xff377e08,SetZoomResetDriveParam_FW
0xff2fcb54,SetZoomResetState_FW
0xff377d9c,SetZoomSpeedMode_FW
0xff18ebe0,ShowAllTaskInfo_FW
0xff088e34,ShowCameraLog_FW
0xff088dc8,ShowCameraLogInfo_FW
0xff37b594,ShowCurrentExp_FW
0xff060bb8,ShowDefaultAdjTableVersion_FW
0xff30d518,ShowFocusLensCurrentSpeedTable_FW
0xff090db0,ShowLogicalEventName_FW
0xff18e56c,ShowMechaMacro_FW
0xff18e6f4,ShowPhySwStatus_FW
0xff18e738,ShowSDStatus_FW
0xff2c23e8,ShowTransparentMemory_FW
0xff08cd54,ShutdownPlayModeMenu_FW
0xff08cea0,ShutdownPlayModeMenuWithoutPbRedraw_FW
0xff08cb04,ShutdownRecModeMenu_FW
0xff37bafc,SleepAE_FW
0xff02b914,SleepTask
0xff02b914,SleepTask_FW
0xff010848,sprintf_FW
0xff24cf80,srand
0xff075d38,SS.Create_FW
0xff24cfbc,sscanf_FW
0xff379b50,StartAdjAFInteg_FW
0xff379820,StartAdjAFService_FW
0xff1561c0,StartAEIntegralService_FW
0xff0746dc,StartBDrive_FW
0xff0746f4,StartBPanDrive_FW
0xff088e84,StartCameraLog_FW
0xff375c50,StartCaptureDrive_FW
0xff37a294,StartCrwCustomScan_FW
0xff37a224,StartCustomScan_FW
0xff181714,StartCzTuning_FW
0xff37c19c,StartEVFDrive_FW
0xff37c158,StartEVFDriveWithMode_FW
0xff0263d0,StartFactoryModeController_FW
0xff0552ac,StartGPSforAdjustment_FW
0xff30ee14,StartGyroNoiseChk_FW
0xff30f0a8,StartImStEventProc_FW
0xff0746dc,StartISAdjustmentDrive_FW
0xff0746dc,StartISDrive_FW
0xff30e350,StartISLocalAdjust_FW
0xff074718,StartISLocalAutoCenter_FW
0xff074758,StartISLocalHallAdjust_FW
0xff0746f4,StartISPanDrive_FW
0xff157308,StartLogOut_FW
0xff30eb54,StartLoopGainCalc_FW
0xff08ca64,StartPlayModeMenu_FW
0xff08ca80,StartRecModeMenu
0xff08ca80,StartRecModeMenu_FW
0xff00ffd4,StartRedirectUART_FW
0xff2c2ac0,StartSoundPlay_FW
0xff2c2a88,StartSoundRecord_FW
0xff08abac,StartWDT_FW
0xff0276b4,stat
0xff379af4,StopAdjAFInteg_FW
0xff379930,StopAdjAFService_FW
0xff155e98,StopAEIntegralService_FW
0xff0746e8,StopBDrive_FW
0xff074700,StopBPanDrive_FW
0xff08904c,StopCameraLog_FW
0xff375ae8,StopCaptureDrive_FW
0xff04668c,StopContinuousVRAMData_FW
0xff37a1bc,StopCustomScan_FW
0xff30caec,StopCZ_FW
0xff37bea8,StopEVFDrive_FW
0xff055390,StopGPSforAdjustment_FW
0xff0746e8,StopISAdjustmentDrive_FW
0xff0746e8,StopISDrive_FW
0xff074700,StopISPanDrive_FW
0xff156fb0,StopLogOut_FW
0xff30eca0,StopLoopGainCalc_FW
0xff0100e8,StopRedirectUART_FW
0xff37b288,StopStrobeChargeForFA_FW
0xff08ac0c,StopWDT_FW
0xff377ad8,StopZoomEmergency_FW
0xff0ad8cc,strcat
0xff0040b8,strchr
0xff0108e4,strcmp
0xff01090c,strcmp_FW
0xff0108cc,strcpy
0xff0108cc,strcpy_FW
0xff0adb14,strftime
0xff004104,strlen
0xff004104,strlen_FW
0xff00406c,strncmp
0xff004030,strncpy
0xff0040dc,strrchr
0xff031884,strtol
0xff031688,strtolx
0xff37bdac,SwitchOffDisplay_FW
0xff37bde0,SwitchOnDisplay_FW
0xff18f2d0,System.Create_FW
0xff18ebf0,System.Delete_FW
0xff02b598,TakeSemaphore
0xff02b598,TakeSemaphore_FW
0xff02ba9c,TakeSemaphoreStrictly
0xff0e6488,task_AfIntSrvTask
0xff03e180,task_AFTask
0xff05d968,task_ASIF
0xff13365c,task_AudioLvl
0xff058bb0,task_AudioTsk
0xff13bae0,task_AutoShutterMan
0xff30b474,task_AviRead
0xff022994,task_BatteryTask
0xff0544c8,task_BeepTask
0xff00fc64,task_Booting
0xff0bdefc,task_BrtMsrTask
0xff02d2cc,task_Bye
0xff078bc8,task_CaptSeq
0xff078bc8,task_CaptSeqTask
0xff13229c,task_CecTask
0xff0dccc4,task_ChaseFrame
0xff139bfc,task_ChaseTask
0xff006124,task_ClockSave
0xff278b60,task_CntFlashTask
0xff097010,task_CommonDrivers
0xff193d40,task_CreateHeaderTask
0xff08fc44,task_CtrlSrv
0xff2e9b4c,task_DecJpgRd
0xff0db914,task_DetectMoveTask
0xff0e183c,task_DevelopModule
0xff0de4ec,task_DispFace
0xff165824,task_DPOFTask
0xff0a283c,task_DSITask
0xff07ac1c,task_DvlpSeqTask
0xff0e29b8,task_EFChargeT
0xff3983f0,task_EfctConLowTask
0xff39824c,task_EfctConTask
0xff08b85c,task_EvShel
0xff0c5e4c,task_ExpDrv
0xff0c5e4c,task_ExpDrvTask
0xff0a2430,task_FaceFrame
0xff152cb0,task_Fencing
0xff2e3df0,task_FileScheduleTask
0xff2e4f2c,task_FileWrite
0xff2e4f2c,task_FileWriteTask
0xff2e8d14,task_FilYuvMaker
0xff2f2cb0,task_FocusEvent
0xff2e6478,task_FORMAT_TASK_NAME
0xff2e6344,task_FORMAT_TASK_PROGRESS
0xff068d4c,task_FsIoNotifyTask
0xff054da4,task_GPStask
0xff1302a0,task_HdmiTask
0xff055ba0,task_HecMngTask
0xff2f117c,task_ImgDLight
0xff178348,task_ImgEdt
0xff070ae4,task_ImgPlayDrv
0xff179290,task_ImgTrim
0xff096fd8,task_InitFileModules
0xff2f5794,task_IrisEvent
0xff073d70,task_ISMainTask
0xff12ad50,task_LcdConTask
0xff056648,task_LEDCon
0xff072494,task_LensController
0xff10d5c0,task_LiveImageTask
0xff139d58,task_MainTargetTask
0xff184c60,task_MechaAlarm
0xff1850a8,task_MechaCom
0xff2fcca4,task_MechaNCTask
0xff2f8258,task_MechaShutter
0xff15f9a0,task_MetaCtg
0xff135f90,task_MotionVector
0xff30a294,task_MovEdit
0xff18d7c0,task_MovieRecord
0xff301220,task_MovPlay
0xff2fec48,task_MovRead
0xff305374,task_MovWrite
0xff1209b0,task_NormalThumbCache
0xff0da0d4,task_OBCtrlTask
0xff0894e8,task_OpePlay
0xff0248a0,task_PhySw
0xff0467a0,task_PrcssFil
0xff291138,task_PTPtoFAPI_EventProcTask
0xff3adba0,task_ReadFileTask
0xff32dbfc,task_ReadMultiConTask
0xff3912cc,task_ReadScheduleTask
0xff071eac,task_RedEyeCapt
0xff17b55c,task_RedEyePly
0xff057998,task_RotaryEncoder
0xff139084,task_SceneDetectTask
0xff06c700,task_SD1stInit
0xff192b90,task_ShutterSoundTask
0xff101ef4,task_SsgMainTask
0xff1020a4,task_SsgPeriodTask
0xff080634,task_SsTask
0xff00fbec,task_Startup
0xff02debc,task_StartupImage
0xff114ad4,task_SynchTask
0xff114a40,task_SyncPeriod
0xff106648,task_TgTask
0xff05e2e8,task_Thermometer
0xff116d3c,task_TimerUtility
0xff18af3c,task_TmgGen
0xff12479c,task_TrnsCtrlTask
0xff00fe38,task_UartLog
0xff03a3d8,task_WBCtrl
0xff0b6da0,task_WBIntegTask
0xff0d6ad4,task_WBLPFace
0xff08aa38,task_WdtPrint
0xff08aaec,task_WdtReset
0xff2f8e80,task_ZoomActuatorSpeedCheck
0xff2f8ff0,task_ZoomEvent
0xff1909e4,TerminateAdjustmentSystem_FW
0xff065d18,Terminatedccd_FW
0xff37f7a0,TerminateDefectAdjustment_FW
0xff368abc,TerminateDefectRec_FW
0xff065d18,TerminateDigicon_FW
0xff37fae0,TerminateMechaDevice_FW
0xff2c2b48,TerminateSoundRec_FW
0xff065144,TerminateTestRec_FW
0xff085fa4,time
0xff12e754,TryGPSforAdjustment_FW
0xff02b380,TryPostMessageQueue
0xff02b244,TryReceiveMessageQueue
0xff02b544,TryTakeSemaphore
0xff0a4200,TurnOffBackLight
0xff051970,TurnOffDisplay
0xff02d218,TurnOffE1_FW
0xff05b900,TurnOffVideoOutMode_FW
0xff0a41e8,TurnOnBackLight
0xff051960,TurnOnDisplay
0xff05b8d0,TurnOnVideoOutMode_FW
0xff1908ac,UI.Create_FW
0xff18fde4,UI.CreatePublic_FW
0xff1908ac,UI_RegistDebugEventProc_FW
0xff190898,UI_ShowStateOfRecMode_FW
0xff092eb4,UiEvnt_SetLogicalEventActive_FW
0xff092f74,UiEvnt_StartDisguiseCradleStatus_FW
0xff092f84,UiEvnt_StopDisguiseCradleStatus_FW
0xff1c0b00,UIFS_Capture_FW
0xff1c0bd4,UIFS_CaptureNoneStop_FW
0xff18fa18,UIFS_ChangeShootState_FW
0xff18f82c,UIFS_ClosePopupStrobe_FW
0xff18f8bc,UIFS_ConnectVideo_FW
0xff18f8ec,UIFS_DisconnectVideo_FW
0xff18f970,UIFS_EndClockMode_FW
0xff18fc64,UIFS_GetAvItem_FW
0xff18fa98,UIFS_GetAvItemCount_FW
0xff18fcd4,UIFS_GetCurrentAvString_FW
0xff18fd54,UIFS_GetCurrentTvString_FW
0xff18fa60,UIFS_GetLastPath_FW
0xff18f988,UIFS_GetMovieRecoadableNumber_FW
0xff2002ec,UIFS_GetNumberOfDisplayedImage_FW
0xff18f9d0,UIFS_GetStillShotableNumber_FW
0xff18fc9c,UIFS_GetTvItem_FW
0xff18fb08,UIFS_GetTvItemCount_FW
0xff18f5a4,UIFS_IsAutoPopupDownStrobe_FW
0xff18f5ac,UIFS_IsAvailableAvTvMode_FW
0xff18f58c,UIFS_IsAvailableMovieRecDigZoom_FW
0xff18f584,UIFS_IsAvailableMovieRecOptZoom_FW
0xff18f59c,UIFS_IsAvailableRecMenuAFMode_FW
0xff18f594,UIFS_IsAvailableServoAF_FW
0xff09fde8,UIFS_IsAvailableShots_FW
0xff18f85c,UIFS_MountExtFlash_FW
0xff1c1dec,UIFS_MoveZoomTo_FW
0xff18f7fc,UIFS_OpenPopupStrobe_FW
0xff3357b0,UIFS_PlayTrimExecuteAllImageSize_FW
0xff18f928,UIFS_PostModeDial_FW
0xff18f924,UIFS_RestartPostingUIEvent_FW
0xff18f75c,UIFS_SetCaptureModeToP_FW
0xff18f980,UIFS_SetCradleSetting_FW
0xff18f79c,UIFS_SetDialMovieRec_FW
0xff18f7dc,UIFS_SetDialPlay_FW
0xff18f73c,UIFS_SetDialStillRec_FW
0xff18fa3c,UIFS_ShootSeqToUI_FW
0xff18f960,UIFS_StartClockMode_FW
0xff0a17a0,UIFS_StartMovieRecord_FW
0xff0a17c4,UIFS_StopMovieRecord_FW
0xff18f920,UIFS_StopPostingUIEvent_FW
0xff18f88c,UIFS_UnmountExtFlash_FW
0xff1a994c,UIFS_WriteFirmInfoToFile
0xff1a994c,UIFS_WriteFirmInfoToFile_FW
0xff025f40,UndisplayFactoryMode_FW
0xff08517c,UnLoadScript_FW
0xff0293d4,UnlockAE
0xff02903c,UnlockAF
0xff0930cc,UnlockMainPower
0xff0930cc,UnlockMainPower_FW
0xff37b428,UnregistColorMatrix_FW
0xff00e964,UnregisterInterruptHandler
0xff023074,VbattGet
0xff023074,VbattGet_FW
0xff311500,VerifyByte_FW
0xff01088c,vsprintf
0xff18ebcc,Wait_FW
0xff083ba0,WaitForAllEventFlag
0xff02bb4c,WaitForAllEventFlagStrictly
0xff083abc,WaitForAnyEventFlag
0xff02bb20,WaitForAnyEventFlagStrictly
0xff0274b0,Write
0xff0274b0,write
0xff0274b0,Write_FW
0xff0614e0,WRITEADJTABLETOFROM_FW
0xff061504,WRITEADJUSTMENTDATATOFROM_FW
0xff3810f8,WriteGyroAdjustment_FW
0xff381058,WriteHallDeviceAdjustment_FW
0xff30dd20,WriteMechaLogToFile_FW
0xff30dd18,WriteMechaLogToRom_FW
0xff381190,WritePWMAdjustment_FW
0xff171d24,WriteSDCard
0xff084f44,WriteToRom_FW
