0xffc29588,_GetSystemTime
0xffe7f4b8,_log
0xffe7e3fc,_log10
0xffe7e56c,_pow
0xffe80820,_sqrt
0xffc10744,_uartr_req
0xffce9280,AbortAEIntegralValue_FW
0xffc28df4,AcquireRecursiveLock
0xffc0f644,AcquireRecursiveLockStrictly
0xffceb0bc,ActivateAdjLog_FW
0xffcae6e8,ActivateImager_FW
0xffcae774,ActivateImagerXOne_FW
0xffdbd2d4,add_ptp_handler
0xffd18100,AdditionAgentRAM_FW
0xffdd2f30,AddTransparentMemory_FW
0xffe53290,AdjAEWithAperturePriority_FW
0xffe5324c,AfAEWithAperturePriority_FW
0xffe5343c,AfAEWithCompensation_FW
0xffdae10c,AFTool.GetEVal_FW
0xffdfa3a8,AllocateMemory
0xffdfa3a8,AllocateMemory_FW
0xffc292dc,AllocateUncacheableMemory
0xffd7c2ec,apex2us
0xffc7c300,atol_FW
0xffce9fcc,AttachIntegCrawData_FW
0xffdd2f68,AttachToTransparentMemory_FW
0xffe4adf8,Bat_Calc_FW
0xffe54804,Bat_Save_FW
0xffe547f0,Bat_VIN_FW
0xffc42438,BeepDrive_FW
0xffc42458,BeepDriveComp_FW
0xffe4ee1c,CalcLog10_FW
0xffe4ef0c,CalcSqrt_FW
0xffe4adf8,CalculateBatSenseOffset_FW
0xffe4edbc,CalculateLog2ToApex_FW
0xffe4ed80,CalculatePeakFromLeastSquareResult_FW
0xffe4edd0,CalculatePow2FromApex_FW
0xffc4b5e4,CalculateTestRecYUVData_FW
0xffe53068,CancelAdj_AEMode_FW
0xffe4dbf0,CancelAdjCdsMode_FW
0xffe514b4,CancelBPFilterForBP_FW
0xffe529c4,CancelExStrobeMode_FW
0xffdf779c,CancelFocusLensMaxSpeedLimit_FW
0xffc64e30,CancelHPTimer
0xffcae9d0,CancelImageDrive_FW
0xffcae8f0,CancelImager_FW
0xffc297a4,CancelTimer
0xffd0ee74,Capture.Create_FW
0xffe4de70,CaptureWithParam_FW
0xffdd2960,ChangeAdjImgDrvMode_FW
0xffdd298c,ChangeAEIntegDrvTypeToAdjImgDriveType_FW
0xffd96c68,ChangeDefectRecParam_FW
0xffe545c4,ChangeDistortionSetForLiveImage_FW
0xffdf7950,ChangeFocusDistanceToPosition_FW
0xffd96ae8,ChangeGradeTable_FW
0xffe4de84,ChangeImageDrive_FW
0xffcae97c,ChangeImagerToAlternateDraft_FW
0xffcae92c,ChangeImagerToCombiParallel_FW
0xffcae974,ChangeImagerToDigiconMode_FW
0xffcae99c,ChangeImagerToFastBP_FW
0xffcae93c,ChangeImagerToFocusJet_FW
0xffcae9b4,ChangeImagerToFocusJetHD_FW
0xffcae9a4,ChangeImagerToHarleyDavidson_FW
0xffcae964,ChangeImagerToHoneyFlash_FW
0xffcae9c4,ChangeImagerToHoneyFlashHD_FW
0xffcae954,ChangeImagerToJetDraft_FW
0xffcae95c,ChangeImagerToJumboDraft_FW
0xffcae944,ChangeImagerToMangoPudding_FW
0xffcae9bc,ChangeImagerToMangoPuddingHD_FW
0xffcae96c,ChangeImagerToMillefeAdjust_FW
0xffcae994,ChangeImagerToMontblancMillefe_FW
0xffcae98c,ChangeImagerToMontblancWhole_FW
0xffcae974,ChangeImagerToOITA_XAVIER_FW
0xffcae94c,ChangeImagerToSuperWideDraft_FW
0xffcae984,ChangeImagerToUltraGhostQ_FW
0xffcae914,ChangeImagerToWholeParallel_FW
0xffcae91c,ChangeImagerToWholeParallelBP_FW
0xffcae924,ChangeImagerToWholeParallelBPOne_FW
0xffcae934,ChangeImagerToWideDraft_FW
0xffcae9ac,ChangeImagerToWideDraftHD_FW
0xffe52a00,ChargeStrobe_FW
0xffe52a34,ChargeStrobeForFA_FW
0xffc28628,CheckAllEventFlag
0xffc285e0,CheckAnyEventFlag
0xffc68318,CheckSumAll_FW
0xffc24fc4,ClearDUIDFixFlag_FW
0xffc24edc,ClearDurianMode_FW
0xffc28848,ClearEventFlag
0xffc24edc,ClearFactoryMode_FW
0xffe4ff18,ClearZoomCommonDriveParam_FW
0xffdf385c,ClearZoomDriveParam_FW
0xffc2610c,Close
0xffc0b120,close
0xffc2610c,Close_FW
0xffc1023c,CloseConsole_FW
0xffde8c9c,closedir
0xffdf7de4,CloseMechaShutterWithTiming_FW
0xffe4e42c,CloseMShutter_FW
0xffdd28f8,ConvertAdjImgDrvModeToAdjImgDriveType_FW
0xffdd28ac,ConvertAEIntegDrvTypeToAdjImgDriveType_FW
0xffe4ee74,ConvertApexStdToApex_FW
0xffe4ee44,ConvertApexToApexStd_FW
0xffe4f410,ConvertCxCyToWBGain_FW
0xffe5028c,ConvertToPositionWithDistanceAndZoomPoint_FW
0xffe4dfd8,ConvertTvToExposureTime_FW
0xffc0ff98,CPrintf_FW
0xffc0fff4,CPutChar_FW
0xffc471a4,CreateAdjustmentTableMirror_FW
0xffc0eec8,CreateBinarySemaphore
0xffc0f4fc,CreateBinarySemaphoreStrictly
0xffc6bd84,CreateController_FW
0xffc0ef30,CreateCountingSemaphore
0xffc0ef30,CreateCountingSemaphore_FW
0xffc0f520,CreateCountingSemaphoreStrictly
0xffc28538,CreateEventFlag
0xffc0f4d8,CreateEventFlagStrictly
0xffcea9fc,CreateFADBGSingalID_FW
0xffe57120,CreateJumptable
0xffd21d10,CreateLanguageMenu_FW
0xffc28990,CreateMessageQueue
0xffc0f4b4,CreateMessageQueueStrictly
0xffc6618c,CreateProxyOfEventProcedure_FW
0xffc28d54,CreateRecursiveLock
0xffc0f544,CreateRecursiveLockStrictly
0xffc0f1a8,CreateTask
0xffc0f1a8,CreateTask_FW
0xffc0f480,CreateTaskStrictly
0xffd06ab4,CzDebugPrint_FW
0xffc0f680,DebugAssert
0xffc6be40,DeleteController_FW
0xffc25b68,DeleteDirectory_Fut
0xffc28590,DeleteEventFlag
0xffc25a84,DeleteFile_Fut
0xffd218c4,DeleteLanguageMenu_FW
0xffc28a14,DeleteMessageQueue
0xffc661e4,DeleteProxyOfEventProcedure_FW
0xffc28da4,DeleteRecursiveLock
0xffc0ef88,DeleteSemaphore
0xffc0ef88,DeleteSemaphore_FW
0xffe56f80,DevelopStillPicture_FW
0xffd97194,DevelopTool.DevelopTest_FW
0xffcea764,DeviceUniqueIDCheckSum_FW
0xffd06aa0,DisableCzDebugLog_FW
0xffced16c,DisableDebugLogMode_FW
0xffdf77f8,DisableFocusLens_FW
0xffdf7878,DisableFocusLensGainLock_FW
0xffdf78a4,DisableFocusLensWaveLock_FW
0xffdf7c6c,DisableFocusPiCircuit_FW
0xffdf7c4c,DisableMechaCircuit_FW
0xffdf7cb4,DisableZoomEncoderCircuit_FW
0xffdf7f54,DisableZoomLensEncoderPowerControl_FW
0xffdf7c90,DisableZoomPiCircuit_FW
0xffc3f618,DispCon_GetLcdGainAdjParameter_FW
0xffc3f44c,DispCon_GetVideoAdjParameter_FW
0xffc3f664,DispCon_SaveLcdGainAdjParameter_FW
0xffc3f4d4,DispCon_SaveVideoAdjParameter_FW
0xffc3f0ac,DispCon_SetDisplayType_FW
0xffc3f550,DispCon_SetLcdGainAdjParameter_FW
0xffc3f35c,DispCon_SetMaxBackLightBrightness_FW
0xffc3f3dc,DispCon_SetVideoAdjParameter_FW
0xffc3eff0,DispCon_ShowBitmapColorBar
0xffc3eff0,DispCon_ShowBitmapColorBar_FW
0xffc3efd4,DispCon_ShowBlackChart_FW
0xffc3ee70,DispCon_ShowColorBar_FW
0xffc3f0cc,DispCon_ShowColorChart_FW
0xffc3f050,DispCon_ShowCustomColorBar_FW
0xffc3eec8,DispCon_ShowFiveStep_FW
0xffc3f654,DispCon_ShowLcdGainAdjParameter_FW
0xffc3f4a8,DispCon_ShowVideoAdjParameter_FW
0xffc3ef9c,DispCon_ShowWhiteChart_FW
0xffc3f0f0,DispCon_ShowWhiteLine_FW
0xffc3f34c,DispCon_TurnOffBackLight_FW
0xffc3f32c,DispCon_TurnOffDisplay_FW
0xffc3f33c,DispCon_TurnOnBackLight_FW
0xffc3f300,DispCon_TurnOnDisplay_FW
0xffd0ee04,DispDev.Create_FW
0xffd0cd0c,DispDev_EnableEventProc_FW
0xffc24c90,DisplayFactoryMode_FW
0xffc276a0,DoAELock
0xffc27558,DoAFLock
0xffd0ce08,Driver.Create_FW
0xffd0ce08,Driver_EnableEventProc_FW
0xffc05ed4,drysh_FW
0xffd0d170,Dump32_FW
0xffd0d160,Dump_FW
0xffc469b4,DumpAdjMirror_FW
0xffdd2ef0,DumpTransparentMemoryItem_FW
0xffcae3f8,E2LatOn_FW
0xffd9fc78,EF.AdjPreFlash_FW
0xffca6fa0,EF.IsChargeFull_FW
0xffd9fcbc,EF.SetChargeMode_FW
0xffd9fb88,EF.SetEFChargeTimeOut_FW
0xffd9fcd0,EF.SetFlashTime_FW
0xffd9fc60,EF.SetMainFlashTime_FW
0xffd9fb28,EF.StartEFCharge_FW
0xffd9fbd8,EF.StartInternalMainFlash_FW
0xffd9fb9c,EF.StartInternalPreFlash_FW
0xffd9fb78,EF.StopEFCharge_FW
0xffd06a88,EnableCzDebugLog_FW
0xffced158,EnableDebugLogMode_FW
0xffdf77ac,EnableFocusLens_FW
0xffdf7844,EnableFocusLensGainLockWithVoltage_FW
0xffdf7888,EnableFocusLensWaveLock_FW
0xffdf7c5c,EnableFocusPiCircuit_FW
0xffc0eec0,EnableInterrupt
0xffdf7c3c,EnableMechaCircuit_FW
0xffdf7ca4,EnableZoomEncoderCircuit_FW
0xffdf7f44,EnableZoomLensEncoderPowerControl_FW
0xffdf7c80,EnableZoomPiCircuit_FW
0xffcd2774,EngApp.Create_FW
0xffcd2748,EngApp.Delete_FW
0xffc24a10,EngDrvBits
0xffdcb95c,EngDrvBits_FW
0xffc249f4,EngDrvIn
0xffdcb94c,EngDrvIn_FW
0xffc249dc,EngDrvOut
0xffdcb930,EngDrvOut_FW
0xffc249fc,EngDrvRead
0xffdcb954,EngDrvRead_FW
0xffdcb980,EngDrvReadDump_FW
0xffd0eeb4,EngineDriver.Create_FW
0xffc27608,EnterToCompensationEVF
0xffc469a8,EraseAdjustmentArea_FW
0xffd13434,EraseLogSector_FW
0xffc62928,EraseSectorOfRom_FW
0xffd0d14c,EraseSignature_FW
0xffc05f50,err_init_task
0xffdf7028,EscapeFocusLens_FW
0xffdfa414,exec_FW
0xffc4bedc,Executedccd_FW
0xffd96c78,ExecuteDefectRec_FW
0xffd96c8c,ExecuteDefectRecAndSaveImage_FW
0xffc4b7dc,ExecuteDigicon_FW
0xffc65748,ExecuteEventProcedure
0xffc657c0,ExecuteEventProcedure_FW
0xffe52aa0,ExecuteInternalPreFlash_FW
0xffd2f320,ExecuteResetFactoryWithRomWrite_FW
0xffc4ae24,ExecuteTestRec_FW
0xffc4ae38,ExecuteTestRecCF_FW
0xffc4aeb4,ExecuteTestRecDevelopProcess_FW
0xffc4ae38,ExecuteTestRecSD_FW
0xffc4ae68,ExecuteTestRecSw1_FW
0xffc4ae50,ExecuteTestRecWithInteg_FW
0xffc2764c,ExitFromCompensationEVF
0xffc0f438,ExitTask
0xffc0f438,ExitTask_FW
0xffc64160,ExMem.AllocCacheable_FW
0xffc63fa8,ExMem.AllocUncacheable_FW
0xffc641e8,ExMem.FreeCacheable_FW
0xffc640e4,ExMem.FreeUncacheable_FW
0xffc63ac4,ExMem.View_FW
0xffc640f8,exmem_alloc
0xffc64170,exmem_free
0xffc2668c,ExMem_FW
0xffc8da50,ExpCtrlTool.SetExpMode_FW
0xffc34ce8,ExpCtrlTool_StartContiAE
0xffc34dc0,ExpCtrlTool_StopContiAE
0xffc66180,ExportToEventProcedure_FW
0xffd0ede0,FA.Create_FW
0xffd0edcc,FA.Delete_FW
0xffceaaac,FADBGPrintf_FW
0xffceaa0c,FADBGSingal_FW
0xffceac2c,FAPrintf_FW
0xffc25c00,Fclose_Fut
0xffc25c00,Fclose_Fut_FW
0xffc25dec,Feof_Fut
0xffc25e28,Fflush_Fut
0xffc25d54,Fgets_Fut
0xffe52fd0,FixAEWithCompensation_FW
0xffd236c0,FmtMenu_ExecuteQuickFormat_FW
0xffe52ea4,FocusAEWithCompensation_FW
0xffc25bc0,Fopen_Fut
0xffc25bc0,Fopen_Fut_FW
0xffc25cac,Fread_Fut
0xffc25cac,Fread_Fut_FW
0xffc04160,free
0xffdd3070,FreeBufferForSoundRec_FW
0xffdfa3a0,FreeMemory
0xffdfa3a0,FreeMemory_FW
0xffc2931c,FreeUncacheableMemory
0xffc25da0,Fseek_Fut
0xffc25da0,Fseek_Fut_FW
0xffc25d00,Fwrite_Fut
0xffc25d00,Fwrite_Fut_FW
0xffc409b0,GetAdChValue_FW
0xffe518fc,GetAdjAFInteg_FW
0xffc46a0c,GetAdjTableMapVersion_FW
0xffc46a1c,GetAdjTableValueVersion_FW
0xffc469d8,GetAdjTableVersion_FW
0xffc409a8,GetAdVBattBottom_FW
0xffce9c48,GetAEIntegralServiceMode_FW
0xffce98e8,GetAEIntegralValueWithFix_FW
0xffce9c3c,GetAEIntegValueBit_FW
0xffce9588,GetAEIntegWinData_FW
0xffce9800,GetAEIntegWinDataWithMode_FW
0xffce9a0c,GetAllAEIntegralAllValueWithFix_FW
0xffc23b20,GetBatteryCoverClose_FW
0xffc45624,GetBatteryTemperature
0xffc45624,GetBatteryTemperature_FW
0xffc47888,GetBpDBAdjustmentOffset_FW
0xffc681fc,GetBuildDate_FW
0xffc68204,GetBuildTime_FW
0xffdd2a20,GetCameraInformationData_FW
0xffe56bb8,GetCaptureInfoData_FW
0xffc455b0,GetCCDTemperature
0xffc455b0,GetCCDTemperature_FW
0xffe4da2c,GetCdsGainValue_FW
0xffe4db1c,GetCdsPreGain_FW
0xffe4db74,GetCdsPreGainReg_FW
0xffc10020,GetCh_FW
0xffe54560,GetContinuousMovieJpegVRAMData_FW
0xffe53bfc,GetContinuousVRAMData_FW
0xffe543a0,GetContinuousVRAMDataWithRingBuffer_FW
0xffe4de8c,GetCrwImageInfo_FW
0xffdd2880,GetCurrentAdjImgDriveType_FW
0xffd08708,GetCurrentAvValue
0xffd08708,GetCurrentAvValue_FW
0xffc730f8,GetCurrentCaptureModeType_FW
0xffdd29d8,GetCurrentCcdTemp_FW
0xffc80e04,GetCurrentExposureTime_FW
0xffd07a68,GetCurrentFocusLensPosition_FW
0xffd07a68,GetCurrentFocusPosition_FW
0xffdd288c,GetCurrentImgDrvMode_FW
0xffceb108,GetCurrentMaximumLogSize_FW
0xffdd29f4,GetCurrentOptTemp_FW
0xffc80b2c,GetCurrentShutterSpeed_FW
0xffd07a00,GetCurrentTargetDistance_FW
0xffe4f640,GetCurrentZoomLensDirection_FW
0xffd09bc8,GetCurrentZoomLensPoint_FW
0xffd09ba0,GetCurrentZoomLensPosition_FW
0xffd09bc8,GetCurrentZoomPoint_FW
0xffd09ba0,GetCurrentZoomPosition_FW
0xffd0d098,GetDateAndTime_FW
0xffe54c08,GetDay_FW
0xffc47890,GetDccdAdjustmentOffset_FW
0xffc4bfe8,GetdccdFilterValue_FW
0xffc4bf54,GetdccdImage_FW
0xffc47614,GetDCPAdjOffset_FW
0xffd96afc,GetDefectCrawInfo_FW
0xffc23b1c,GetDialEventId_FW
0xffc512bc,GetDrive_ClusterSize
0xffc5131c,GetDrive_FreeClusters
0xffc512f0,GetDrive_TotalClusters
0xffc28880,GetEventFlagValue
0xffe529b0,GetExStrobeID_FW
0xffc6820c,GetFirmwareVersion_FW
0xffd07f40,GetFocusDefaultResetPosition_FW
0xffdeea44,GetFocusLensCurrentPosition_FW
0xffdeea70,GetFocusLensDriveVoltage_FW
0xffdeeb38,GetFocusLensHoldVoltage_FW
0xffdf7958,GetFocusLensLoadCamTable_FW
0xffdf78ec,GetFocusLensLoadSubjectDistance_FW
0xffdf7a3c,GetFocusLensMoveMaxPosition_FW
0xffdf7a54,GetFocusLensMoveMinPosition_FW
0xffdf78e4,GetFocusLensPositionRatio_FW
0xffd076c4,GetFocusLensPullInMaxSpeed_FW
0xffdee2bc,GetFocusLensResetDefaultPosition_FW
0xffdee2ac,GetFocusLensResetPosition_FW
0xffe68c70,GetFocusLensResetVoltage_FW
0xffdeeaec,GetFocusLensSettingWaitVoltage_FW
0xffd07a00,GetFocusLensSubjectDistance
0xffdf78c0,GetFocusLensSubjectDistance_FW
0xffd07e58,GetFocusLensSubjectDistanceFromLens
0xffdf78dc,GetFocusLensSubjectDistanceNumber_FW
0xffd08f7c,GetFocusPiSensorLevel_FW
0xffd07ed4,GetFocusResetPosition_FW
0xffc56d18,GetFocusStartZoomPosition_FW
0xffe4e12c,GetFrameRateWithApex_FW
0xffe54c30,GetHour_FW
0xffdd8e1c,getImageDirName
0xffcf1008,GetImageFolder
0xffd08708,GetIrisAv_FW
0xffc435d4,GetKbdState
0xffe55544,GetLastVBatADLevel_FW
0xffdc38bc,GetLatestHVPosition_FW
0xffd08970,GetLensErrorStatus_FW
0xffceb0ac,GetLogData_FW
0xffceb0b4,GetLogDataOnlyAddMemory_FW
0xffd1340c,GetLogToFile_FW
0xffcaac24,GetMacroSupportZoomPoint_FW
0xffd09668,GetMechaShutterStatus_FW
0xffc0a7f8,GetMemInfo
0xffe54c58,GetMinute_FW
0xffe54bdc,GetMonth_FW
0xffcb69c4,GetMovieJpegVRAMHPixelsSize_FW
0xffcb69d0,GetMovieJpegVRAMVPixelsSize_FW
0xffc28ce8,GetNumberOfPostedMessages
0xffe4da9c,GetObClampValue_FW
0xffce9ae0,GetOnlyAEIntegData_FW
0xffc4569c,GetOpticalTemperature
0xffc4569c,GetOpticalTemperature_FW
0xffd2eff4,GetParameterData
0xffe542fc,GetPixelsOfViewangle_FW
0xffc69454,GetPropertyCase
0xffc23af8,GetSDDetect_FW
0xffc23b00,GetSDProtect
0xffc23b00,GetSDProtect_FW
0xffe54c80,GetSecond_FW
0xffc6c0f8,GetSelfControllerHandle_FW
0xffc0f13c,GetSemaphoreValue
0xffe4e0d8,GetShutterSpeedRegularMaxLimit_FW
0xffe4e0f0,GetShutterSpeedRegularMinLimit_FW
0xffc0ee9c,GetSRAndDisableInterrupt
0xffc10070,GetStringWithPrompt_FW
0xffe53b10,GetSumYOfVRAMCenterLine_FW
0xffc23a8c,GetSwitchStatus_FW
0xffdfa400,GetSystemTime
0xffdfa400,GetSystemTime_FW
0xffc49b50,GetTestRecCrawAddress_FW
0xffc639e8,GetTimeOfSystem_FW
0xffdd2fd4,GetTransparentMemory_FW
0xffdd3018,GetTransparentMemoryPosition_FW
0xffdd2fc0,GetTransparentMemorySize_FW
0xffe56b40,GetUnpackCrwIntegralMultiValueForShading_FW
0xffe56770,GetUnpackCrwIntegralValue_FW
0xffe569f8,GetUnpackCrwIntegralValueForColorShading_FW
0xffe56790,GetUnpackCrwIntegralValueForShading_FW
0xffe4e0c8,GetUserSetShutterSPeed_FW
0xffc22be4,GetVBatVoltage_FW
0xffe53530,GetVideoOutType_FW
0xffcb69ac,GetVRAMHPixelsSize
0xffcb69ac,GetVRAMHPixelsSize_FW
0xffcb69b8,GetVRAMVPixelsSize
0xffcb69b8,GetVRAMVPixelsSize_FW
0xffe54bac,GetYear_FW
0xffdf1664,GetZoomActuatorCurrentPosition_FW
0xffdf1640,GetZoomActuatorSpeedPPS_FW
0xffe4fe68,GetZoomDefaultCommonDriveParam_FW
0xffe4fd84,GetZoomDefaultDriveParam_FW
0xffd0a5b4,GetZoomDrivingTime_FW
0xffd09bc8,GetZoomLensCurrentPoint
0xffd09bc8,GetZoomLensCurrentPoint_FW
0xffdf2444,GetZoomLensCurrentPosition
0xffd09ba0,GetZoomLensCurrentPosition_FW
0xffd0a5b0,GetZoomLensMechaEdgePosition_FW
0xffe4f4c4,GetZoomLensResetPlus_FW
0xffd09fb0,GetZoomLensTelePoint_FW
0xffe4fe1c,GetZoomNormalDriveParam_FW
0xffd08f34,GetZoomPiSensorLevel_FW
0xffe4fdd0,GetZoomResetDriveParam_FW
0xffdf3850,GetZoomResetSensorLevel_FW
0xffd09fb0,GetZoomTelePoint_FW
0xffc0f104,GiveSemaphore
0xffc0f104,GiveSemaphore_FW
0xffc7bd44,GUISrv_StartGUISystem
0xffc7bd44,GUISrv_StartGUISystem_FW
0xffc6cfcc,HardwareDefect_FW
0xffc6cf7c,HardwareDefectWithRestart_FW
0xffceb0d0,InactivateAdjLog_FW
0xffd0eda4,InitializeAdjustmentFunction_FW
0xffd0ed34,InitializeAdjustmentSystem_FW
0xffc4b6dc,Initializedccd_FW
0xffe56d5c,InitializeDefectAdjustment_FW
0xffe3e12c,InitializeDefectRec_FW
0xffc4b6dc,InitializeDigicon_FW
0xffe57078,InitializeMechaDevice_FW
0xffdd316c,InitializeSoundRec_FW
0xffc4ab24,InitializeTestRec_FW
0xffe4dcd4,IsAdjCdsMode_FW
0xffc457b4,IsBatteryTemperature_FW
0xffc45780,IsCCDTemperature_FW
0xffc6ca34,IsControlEventActive_FW
0xffc25078,IsDUIDFixFlag_FW
0xffe53610,IsEVFDrive_FW
0xffe53940,IsEvfDriveMode_FW
0xffe529b8,IsExStrobeChargeComp_FW
0xffc25038,IsFactoryMode_FW
0xffd07eb0,IsFocusLensOutSidePosition_FW
0xffc23b28,IsHvSensorExist_FW
0xffc56cf4,IsLensOutside_FW
0xffceb0fc,IsLogOutType_FW
0xffc250c0,IsNormalCameraMode_FW
0xffc4574c,IsOpticalTemperature_FW
0xffca6fa0,IsStrobeChargeCompleted
0xffdf1014,IsZoomActuatorResetSensorPlusSide_FW
0xffd0a2e4,IsZoomLensOutSidePosition_FW
0xffd0cd80,j_BeepDrive_FW
0xffd0cd84,j_BeepDriveComp_FW
0xffe4dd5c,j_CancelImageDrive_FW
0xffe4f874,j_ClearZoomDriveParam_FW
0xffcae9f0,j_E2LatOn_FW
0xffd9fc74,j_EF.IsChargeFull_FW
0xffd0d1d0,j_exec_FW
0xffc26684,j_ExMem.AllocCacheable_FW
0xffc2667c,j_ExMem.AllocUncacheable_FW
0xffc26688,j_ExMem.FreeCacheable_FW
0xffc26680,j_ExMem.FreeUncacheable_FW
0xffc26678,j_ExMem.View_FW
0xffd0cd7c,j_GetAdChValue_FW
0xffd0cd78,j_GetAdVBattBottom_FW
0xffce97fc,j_GetAEIntegWinData_FW
0xffd0ce00,j_GetBatteryCoverClose_FW
0xffc4580c,j_GetBatteryTemperature_FW
0xffdd2a5c,j_GetCameraInformationData_FW
0xffc45808,j_GetCCDTemperature_FW
0xffe4db44,j_GetCdsPreGain_FW
0xffe4db9c,j_GetCdsPreGainReg_FW
0xffe4e204,j_GetCurrentAvValue_FW
0xffe4dff8,j_GetCurrentExposureTime_FW
0xffe50308,j_GetCurrentFocusLensPosition_FW
0xffe50308,j_GetCurrentFocusPosition_FW
0xffe4e000,j_GetCurrentShutterSpeed_FW
0xffe502b0,j_GetCurrentTargetDistance_FW
0xffe4f63c,j_GetCurrentZoomLensPoint_FW
0xffe4f638,j_GetCurrentZoomLensPosition_FW
0xffe4f63c,j_GetCurrentZoomPoint_FW
0xffe4f638,j_GetCurrentZoomPosition_FW
0xffe556c8,j_GetDCPAdjOffset_FW
0xffd0cdfc,j_GetDialEventId_FW
0xffe502a8,j_GetFocusDefaultResetPosition_FW
0xffdf78b4,j_GetFocusLensCurrentPosition_FW
0xffdf7984,j_GetFocusLensDriveVoltage_FW
0xffdf79fc,j_GetFocusLensHoldVoltage_FW
0xffdf7a6c,j_GetFocusLensPullInMaxSpeed_FW
0xffdf78bc,j_GetFocusLensResetDefaultPosition_FW
0xffdf78b8,j_GetFocusLensResetPosition_FW
0xffdf7a38,j_GetFocusLensResetVoltage_FW
0xffdf79c0,j_GetFocusLensSettingWaitVoltage_FW
0xffdf7c7c,j_GetFocusPiSensorLevel_FW
0xffe502ac,j_GetFocusResetPosition_FW
0xffdf7c1c,j_GetFocusStartZoomPosition_FW
0xffdf7b38,j_GetIrisAv_FW
0xffdf7c18,j_GetLensErrorStatus_FW
0xffdf7e68,j_GetMechaShutterStatus_FW
0xffe54434,j_GetMovieJpegVRAMHPixelsSize_FW
0xffe54438,j_GetMovieJpegVRAMVPixelsSize_FW
0xffc45804,j_GetOpticalTemperature_FW
0xffd0cde4,j_GetSDDetect_FW
0xffd0cde8,j_GetSDProtect_FW
0xffd0cdd0,j_GetSwitchStatus_FW
0xffe5554c,j_GetVBatVoltage_FW
0xffe53b78,j_GetVRAMHPixelsSize_FW
0xffe53b7c,j_GetVRAMVPixelsSize_FW
0xffdf164c,j_GetZoomActuatorCurrentPosition_FW
0xffe4f7e0,j_GetZoomDrivingTime_FW
0xffdf81d4,j_GetZoomLensCurrentPoint_FW
0xffdf81d8,j_GetZoomLensCurrentPosition_FW
0xffdf81e0,j_GetZoomLensMechaEdgePosition_FW
0xffdf81dc,j_GetZoomLensTelePoint_FW
0xffdf7ca0,j_GetZoomPiSensorLevel_FW
0xffe4f7a0,j_GetZoomResetSensorLevel_FW
0xffe4f79c,j_GetZoomTelePoint_FW
0xffd96cdc,j_InitializeDefectRec_FW
0xffc45818,j_IsBatteryTemperature_FW
0xffc45814,j_IsCCDTemperature_FW
0xffe50888,j_IsFocusLensOutSidePosition_FW
0xffd0ce04,j_IsHvSensorExist_FW
0xffdf7c14,j_IsLensOutside_FW
0xffc45810,j_IsOpticalTemperature_FW
0xffdf1650,j_IsZoomActuatorResetSensorPlusSide_FW
0xffe4fa2c,j_IsZoomLensOutSidePosition_FW
0xffd0cd8c,j_LEDDrive_FW
0xffdb5770,j_LiveImageTool.GetDzoomPosition_FW
0xffd0d144,j_MemoryChecker_FW
0xffd0d140,j_MonSelEvent_FW
0xffc26674,j_NewTaskShell_FW
0xffc66db8,j_OpLog.WriteToROM_FW
0xffd0d1b8,j_Peek16_FW
0xffd0d1b4,j_Peek32_FW
0xffd0d1bc,j_Peek8_FW
0xffd0d13c,j_Printf_FW
0xffc570d0,j_PT_GetDigitalZoomPosition_FW
0xffc6d1fc,j_PTM_AllReset_FW
0xffc6d810,j_PTM_BackupUIProperty_FW
0xffc6d764,j_PTM_GetWorkingCaptureMode_FW
0xffc6d7f4,j_PTM_IsEnableItem_FW
0xffc6d7e0,j_PTM_NextItem_FW
0xffc6d7e4,j_PTM_PrevItem_FW
0xffc6d768,j_PTM_SetCurrentItem_FW
0xffc6d7f8,j_PTM_SetProprietyEnable_FW
0xffc2660c,j_PutsCameraLogEvent_FW
0xffc26198,j_Read_FW
0xffe52424,j_ReloadAFAdjustment_FW
0xffe4da98,j_ReloadCdsAdjustment_FW
0xffe52b28,j_ReloadColorAdjustment_FW
0xffe529c8,j_ReloadEfAdjustment_FW
0xffe502a4,j_ReloadFocusLensAdjustment_FW
0xffe4e200,j_ReloadIrisAdjustment_FW
0xffe4e358,j_ReloadNdFilterAdjustment_FW
0xffe4f0f0,j_ReloadWBAdjustment_FW
0xffe4f65c,j_ReloadZoomAdjustment_FW
0xffd0d15c,j_SDump_FW
0xffe508c0,j_SetFocusResetState_FW
0xffe4fa38,j_SetZoomResetState_FW
0xffc26600,j_ShowCameraLog_FW
0xffc26604,j_ShowCameraLogInfo_FW
0xffc265fc,j_StartCameraLog_FW
0xffc26608,j_StopCameraLog_FW
0xffe53b80,j_StopContinuousVRAMData_FW
0xffc112d4,j_strcmp_FW
0xffd96ce0,j_TerminateDefectRec_FW
0xffd0dd40,j_UIFS_Capture_FW
0xffd0dd44,j_UIFS_CaptureNoneStop_FW
0xffd0e100,j_UIFS_GetNumberOfDisplayedImage_FW
0xffd0e0fc,j_UIFS_IsAvailableShots_FW
0xffd0dd0c,j_UIFS_MoveZoomTo_FW
0xffd0dd48,j_UIFS_StartMovieRecord_FW
0xffd0dd4c,j_UIFS_StopMovieRecord_FW
0xffd0dd64,j_UIFS_WriteFirmInfoToFile_FW
0xffd0cd88,j_VbattGet_FW
0xffd0d148,j_VerifyByte_FW
0xffc23ba8,kbd_p1_f
0xffc23bb4,kbd_p1_f_cont
0xffc2345c,kbd_p2_f
0xffc23b2c,kbd_read_keys
0xffc42fb8,kbd_read_keys_r2
0xffcd1f60,LcdCon_GetLcdAdjParameter_FW
0xffcd2328,LcdCon_GetLcdBackLightParameter_FW
0xffcd2158,LcdCon_GetLcdParameter_FW
0xffcd1fe8,LcdCon_SaveLcdAdjParameter_FW
0xffcd23ac,LcdCon_SaveLcdBackLightParameter_FW
0xffcd21e0,LcdCon_SaveLcdParameter_FW
0xffcd1ed8,LcdCon_SetLcdAdjParameter_FW
0xffcd22a0,LcdCon_SetLcdBackLightBrightness_FW
0xffcd22d0,LcdCon_SetLcdBackLightParameter_FW
0xffcd1e98,LcdCon_SetLcdDriver_FW
0xffcd2004,LcdCon_SetLcdParameter_FW
0xffcd1fa8,LcdCon_ShowLcdAdjParameter_FW
0xffcd236c,LcdCon_ShowLcdBackLightParameter_FW
0xffcd21a0,LcdCon_ShowLcdParameter_FW
0xffc3fc14,LcdCon_StartLcdPeriodicalSetting_FW
0xffc3fc64,LcdCon_StopLcdPeriodicalSetting_FW
0xffe1ce9c,LCDMsg_ChangeColor_FW
0xffe1ccdc,LCDMsg_Create_FW
0xffe1c9e4,LCDMsg_Delete_FW
0xffe1c9a4,LCDMsg_Move_FW
0xffe1cdc4,LCDMsg_SetNum_FW
0xffe1cdd4,LCDMsg_SetStr_FW
0xffe1cd74,LCDMsg_SwDisp_FW
0xffc42bc8,LEDDrive
0xffc42c90,LEDDrive_FW
0xffdb5700,LiveImageTool.ChangeDzoom_FW
0xffdb5690,LiveImageTool.DzoomTele_FW
0xffdb56b0,LiveImageTool.DzoomWide_FW
0xffcb6878,LiveImageTool.GetDzoomPosition_FW
0xffdb5774,LiveImageTool.Jump_FW
0xffdb56e0,LiveImageTool.Pause_FW
0xffdb56f0,LiveImageTool.Resume_FW
0xffdb4e94,LiveImageTool.StartEVF_FW
0xffdb4f10,LiveImageTool.StartEVFFocusJet_FW
0xffdb4f8c,LiveImageTool.StartEVFMF_FW
0xffdb5598,LiveImageTool.StartEVFMovHD_FW
0xffdb5424,LiveImageTool.StartEVFMovQQVGA_FW
0xffdb52ac,LiveImageTool.StartEVFMovQVGA60_FW
0xffdb5368,LiveImageTool.StartEVFMovQVGA_FW
0xffdb51f0,LiveImageTool.StartEVFMovVGA_FW
0xffdb54e0,LiveImageTool.StartEVFMovXGA_FW
0xffdb5660,LiveImageTool.StartMjpegMaking_FW
0xffdb56d0,LiveImageTool.StopDzoom_FW
0xffdb5650,LiveImageTool.StopEVF_FW
0xffdb5680,LiveImageTool.StopMjpegMaking_FW
0xffc46ad4,LoadAdjustmentTable_FW
0xffc46f74,LoadAdjustmentValue_FW
0xffcea668,LoadDataFromAdjTableBin_FW
0xffc46b0c,LoadDefectAdjTable_FW
0xffe55380,LoadFactoryNumber_FW
0xffcea564,LoadParamDataFromAdjTableBin_FW
0xffc62c04,LoadScript_FW
0xffe55460,LoadSerialNumber_FW
0xffc63458,LocalTime
0xffc6cd2c,LockMainPower
0xffc6cd2c,LockMainPower_FW
0xffc66720,LogCameraEvent
0xffc26228,Lseek
0xffc26228,lseek
0xffc26228,Lseek_FW
0xffdfa95c,MakeBootDisk_FW
0xffc25af8,MakeDirectory_Fut
0xffdfa970,MakeScriptDisk_FW
0xffc04104,malloc
0xffd0cbac,Mecha.Create_FW
0xffd0cc00,MechaReset_FW
0xffd0cc0c,MechaTerminate_FW
0xffd0cb70,MechaUnRegisterEventProcedure_FW
0xffc11318,memcmp
0xffc11318,memcmp_FW
0xffc2e864,memcpy
0xffc2e864,memcpy_FW
0xffdf9e14,MemoryChecker_FW
0xffd7b324,memset
0xffd7b324,memset_FW
0xffc00dcc,memShow_FW
0xffc265a8,mkdir
0xffc7cb50,mktime_ext
0xffdfa488,MonSelEvent_FW
0xffe4fb5c,MoveComputerZoomToPoint_FW
0xffc6bfc8,MoveControllerToTopOfZOrder_FW
0xffdf6e80,MoveCZToPoint_FW
0xffdf6f18,MoveCZToPointByOVF_FW
0xffdf6ee8,MoveCZToTele_FW
0xffdf6eb8,MoveCZToWide_FW
0xffe6811c,MoveDCMotorCCW_FW
0xffe680ac,MoveDCMotorCW_FW
0xffdf7430,MoveFocusActuator_FW
0xffe50650,MoveFocusDistance_FW
0xffe50650,MoveFocusLensToDistance
0xffe50650,MoveFocusLensToDistance_FW
0xffe50538,MoveFocusLensToPosition_FW
0xffe5041c,MoveFocusLensToPositionWithMaxSpeed_FW
0xffe50460,MoveFocusLensToPositionWithSpeed_FW
0xffdf70a0,MoveFocusLensToTerminate_FW
0xffe50338,MoveFocusLensToTerminatePosition_FW
0xffdf70fc,MoveFocusLensWithDistance_FW
0xffdf7208,MoveFocusLensWithPosition_FW
0xffdf731c,MoveFocusLensWithPositionWithoutBacklash_FW
0xffe50588,MoveFocusPosition_FW
0xffe50338,MoveFocusToTerminate_FW
0xffe4e2e8,MoveIrisFullClose_FW
0xffe4e2b4,MoveIrisFullOpen_FW
0xffe4e1b4,MoveIrisToAv_FW
0xffdf7ae0,MoveIrisToTerminatePosition_FW
0xffdf7ae8,MoveIrisWithAv
0xffdf7ae8,MoveIrisWithAv_FW
0xffdf7b10,MoveIrisWithAvWithoutBacklash_FW
0xffdf7b94,MoveLensToFirstPoint_FW
0xffdf7bdc,MoveLensToTerminatePoint_FW
0xffdf15e4,MoveZoomActuator_FW
0xffdf813c,MoveZoomLensToMechaEdge_FW
0xffe500ac,MoveZoomLensToMechaEnd_FW
0xffe4fb20,MoveZoomLensToPoint_FW
0xffe4fae4,MoveZoomLensToPosition_FW
0xffe5014c,MoveZoomLensToPositionByManual_FW
0xffdf80fc,MoveZoomLensToTerminatePosition_FW
0xffdf8074,MoveZoomLensWithPoint
0xffdf8074,MoveZoomLensWithPoint_FW
0xffdf80b8,MoveZoomLensWithPosition_FW
0xffe4fb20,MoveZoomPoint_FW
0xffe4fae4,MoveZoomPosition_FW
0xffc68e60,NewTaskShell
0xffc68ec0,NewTaskShell_FW
0xffd12088,NR_GetDarkSubType
0xffd12088,NR_GetDarkSubType_FW
0xffd120f8,NR_GetDefectCorrectType_FW
0xffd11fd8,NR_SetDarkSubType
0xffd11fd8,NR_SetDarkSubType_FW
0xffd1205c,NR_SetDefectCorrectType_FW
0xffd1214c,NR_SetDoubleNRType_FW
0xffd12138,NR_SetLotasPonyType_FW
0xffd120c8,NR_SetTassenType_FW
0xffd0cdc0,OffPrintPhySw_FW
0xffe4efb8,OneShotWhigeBalance_FW
0xffe4efb8,OneTypeWhiteBalance_FW
0xffd0cdb0,OnPrintPhySw_FW
0xffc260a0,Open
0xffc0b070,open
0xffc260a0,Open_FW
0xffc100d0,OpenConsole_FW
0xffde8cec,OpenFastDir
0xffc26248,OpenForScrip_FW
0xffe4e464,OpenMShutter_FW
0xffc26610,OpLog.Create_FW
0xffc676c0,OpLog.Get_FW
0xffc676e0,OpLog.Play_FW
0xffc66dc8,OpLog.ReadFromROM_FW
0xffc66e14,OpLog.ReadFromSD_FW
0xffc677dc,OpLog.Start_FW
0xffc66d5c,OpLog.Stop_FW
0xffc66d88,OpLog.WriteToROM_FW
0xffc67254,OpLog.WriteToSD_FW
0xffceac7c,OutputLogToFile_FW
0xffc6f998,PB2Rec
0xffdfa3d0,Peek16_FW
0xffdfa3c8,Peek32_FW
0xffdfa3d8,Peek8_FW
0xffd966bc,PointDefDetect_FW
0xffd96a58,PointKizuCheck_FW
0xffd0d194,Poke16_FW
0xffd0d184,Poke32_FW
0xffd0d1a4,Poke8_FW
0xffc6c620,PostEventShootSeqToUI_FW
0xffc6c55c,PostLogicalEventForNotPowerType
0xffc6c55c,PostLogicalEventForNotPowerType_FW
0xffc6c5a8,PostLogicalEventToUI
0xffc6c5a8,PostLogicalEventToUI_FW
0xffc28bf0,PostMessageQueue
0xffc0f5c0,PostMessageQueueStrictly
0xffe530b8,PreFixAE_FW
0xffc471b4,PrintAdjKabotanInfo_FW
0xffc46f98,PrintAdjTableMap_FW
0xffce89dc,PrintAllAEIntegData_FW
0xffc62bf8,Printf_FW
0xffcea9ec,PrintFaexeVersioin_FW
0xffcea9b8,PrintFirmVersion_FW
0xffe524f4,PrintMultiWinScanTable_FW
0xffe52460,PrintScanTable_FW
0xffc570d4,PT_ChangeZoomSpeed_FW
0xffc56f2c,PT_CompleteCaptModeChange_FW
0xffc56f3c,PT_CompleteCharge_FW
0xffc56f44,PT_CompleteFileWrite_FW
0xffc56ef4,PT_CompletePreCapt_FW
0xffc56f14,PT_CompleteStopDigZoom_FW
0xffc56f0c,PT_CompleteStopZoom_FW
0xffc56f1c,PT_CompleteStoreLens_FW
0xffc56f34,PT_CompleteSynchroWrite_FW
0xffc57108,PT_DoAELock_FW
0xffc570e8,PT_DoAFLock_FW
0xffc56f54,PT_EraseAllFile_FW
0xffc2735c,PT_GetDigitalZoomPosition_FW
0xffc570bc,PT_GetDigitalZoomTele_FW
0xffc56fd0,PT_GetPropertyCaseInt_FW
0xffc57138,PT_MFOff_FW
0xffc57128,PT_MFOn_FW
0xffc56f7c,PT_mod_FW
0xffc570a8,PT_MoveDigitalZoomAt_FW
0xffc57088,PT_MoveDigitalZoomToTele_FW
0xffc57098,PT_MoveDigitalZoomToWide
0xffc57098,PT_MoveDigitalZoomToWide_FW
0xffc57070,PT_MoveOpticalZoomAt
0xffc57070,PT_MoveOpticalZoomAt_FW
0xffc57048,PT_MoveOpticalZoomToTele_FW
0xffc5705c,PT_MoveOpticalZoomToWide_FW
0xffc56f24,PT_MovieRecordStopped_FW
0xffc56f04,PT_NextShootAvailable_FW
0xffc5f2d8,PT_PlaySound
0xffc56efc,PT_RecreviewAvailable_FW
0xffc56fa4,PT_SetPropertyCaseInt_FW
0xffc56f4c,PT_ShootPicture_FW
0xffc57118,PT_UnlockAE_FW
0xffc570f8,PT_UnlockAF_FW
0xffd2e238,PTM_AllReset_FW
0xffc6d1ec,PTM_AllResetToFactorySetting_FW
0xffd2ef64,PTM_BackupUIProperty_FW
0xffc6d774,PTM_GetCurrentItem_FW
0xffd2e59c,PTM_GetWorkingCaptureMode_FW
0xffd2ee98,PTM_IsEnableItem_FW
0xffd2e94c,PTM_NextItem_FW
0xffd2e954,PTM_PrevItem_FW
0xffc6d814,PTM_RestoreUIProperty_FW
0xffc6d684,PTM_SetCurrentCaptureMode_FW
0xffd2e5b4,PTM_SetCurrentItem_FW
0xffd2ec50,PTM_SetProprietyEnable_FW
0xffdf7ed8,PutInNdFilter
0xffe4e370,PutInNdFilter_FW
0xffdf7efc,PutOutNdFilter
0xffe4e3a8,PutOutNdFilter_FW
0xffc663fc,PutsCameraLogEvent_FW
0xffe39368,qsort
0xffcae844,QuietImager_FW
0xffc11420,rand
0xffc0b308,Read
0xffc0b308,read
0xffc0b308,Read_FW
0xffde8e40,ReadFastDir
0xffd7b3a0,realloc
0xffdea6b4,reboot_fw_update
0xffc6f9d8,Rec2PB
0xffdf7ce8,ReceiveMechaCircuitDataAll_FW
0xffc28aa4,ReceiveMessageQueue
0xffc0f594,ReceiveMessageQueueStrictly
0xffc471ac,RefreshAdjustmentTableMirror_FW
0xffd79df0,RefreshPhysicalScreen
0xffe52be4,RegistColorMatrix_FW
0xffc6561c,RegisterEventProcedure
0xffc0ee60,RegisterInterruptHandler
0xffd21804,RegisterLanguageName_FW
0xffc4c1dc,RegistFirmScanNoticeCBR_FW
0xffc28f14,ReleaseRecursiveLock
0xffcab7cc,ReloadAFAdjustment_FW
0xffcaded4,ReloadCdsAdjustment_FW
0xffdb7dd8,ReloadColorAdjustment_FW
0xffe56d18,ReloadDefectAdjustmentData_FW
0xffd9d720,ReloadEfAdjustment_FW
0xffd07fac,ReloadFocusLensAdjustment_FW
0xffd08910,ReloadIrisAdjustment_FW
0xffd097a0,ReloadNdFilterAdjustment_FW
0xffe56d00,ReloadShadingAdjustmentData_FW
0xffca204c,ReloadWBAdjustment_FW
0xffd0a3a4,ReloadZoomAdjustment_FW
0xffdd2fa0,RemoveTransparentMemory_FW
0xffc259f0,RenameFile_Fut
0xffe506b8,ResetFocus_FW
0xffdf6fcc,ResetFocusLens
0xffdf6fcc,ResetFocusLens_FW
0xffdf7abc,ResetIris_FW
0xffc4b9d4,ResetRegistNoticeCBR_FW
0xffe4fa48,ResetZoom_FW
0xffdf7fc8,ResetZoomLens
0xffdf7fc8,ResetZoomLens_FW
0xffdf7ff4,ResetZoomLensToFirst_FW
0xffdf8034,ResetZoomLensToTermiante_FW
0xffe4fb98,ResetZoomToAdjFirstPoint_FW
0xffe4fbdc,ResetZoomToAdjTerminatePoint_FW
0xffe4fa7c,ResetZoomToFirst_FW
0xffe4fa7c,ResetZoomToFirstPoint_FW
0xffe4fab0,ResetZoomToTerminate_FW
0xffe4fab0,ResetZoomToTerminatePoint_FW
0xffc2aab4,Restart
0xffc68508,RomCheckSum_FW
0xffc0fd88,RotateConsoleZOder_FW
0xffc46eb4,SaveAdjustmentTable_FW
0xffc46f3c,SaveAdjustmentValue_FW
0xffe54804,SaveBatSenseOffsetAdjustmentTable_FW
0xffe54cf0,SaveBmpVRAMData_FW
0xffc46f24,SaveDefectAdjTable_FW
0xffe55550,SaveFactoryReserveData_FW
0xffe55118,SaveFromImage_FW
0xffd21800,SaveLanguageNameList_FW
0xffe55084,SavePaletteData
0xffe55084,SavePaletteData_FW
0xffcd4c5c,Scene.ForbidContiSceneDetect_FW
0xffcd4c88,Scene.TestSunset_FW
0xffd7af9c,ScreenLock
0xffd7afe0,ScreenUnlock
0xffdfa180,SDump_FW
0xffe51434,SelectAdjBPFilter_FW
0xffdf7cc4,SendMechaCircuitData_FW
0xffd96ab4,SensDefCrowdCheck_FW
0xffc6c7c4,set_control_event
0xffe53030,SetAdj_AEMode_FW
0xffce9fac,SetAdjAEIntegSmearLimitter_FW
0xffe51974,SetAdjAFIntegCrwAdd_FW
0xffe51454,SetAdjAFWinPos_FW
0xffe4dbd8,SetAdjCdsMode_FW
0xffe52f1c,SetAE_CdsGainValue_FW
0xffe52de0,SetAE_ShutterSpeed
0xffe52de0,SetAE_ShutterSpeed_FW
0xffce9fa4,SetAEIntegAverageOBData_FW
0xffce9360,SetAEIntegCorrectProperty_FW
0xffce9404,SetAEIntegralGetaTime_FW
0xffce93c0,SetAEIntegralValueProperty_FW
0xffce92d4,SetAEIntegStrobeProperty_FW
0xffce9c20,SetAEIntegValueBit_FW
0xffce9bcc,SetAEIntegWindowsMode_FW
0xffc6cda0,SetAutoShutdownTime
0xffc6cda0,SetAutoShutdownTime_FW
0xffe51494,SetBPFilterForBP_FW
0xffe4dae8,SetCDSGain_FW
0xffe4dbc0,SetCDSGainStep_FW
0xffe4dae8,SetCdsGainValue_FW
0xffe4db14,SetCdsPreGain_FW
0xffe4db6c,SetCdsPreGainReg_FW
0xffc730bc,SetCurrentCaptureModeType
0xffc730bc,SetCurrentCaptureModeType_FW
0xffe5481c,SetDate_FW
0xffe54a18,SetDay_FW
0xffce9fbc,SetDefaultAEIntegSmearLimitter_FW
0xffcecf58,SetDefaultRecParameter_FW
0xffd96b64,SetDefectRecParam_FW
0xffe4da54,SetDeltaCDSGain_FW
0xffc24ffc,SetDUIDFixFlag_FW
0xffc24ea4,SetDurianMode_FW
0xffc28814,SetEventFlag
0xffe529c0,SetExStrobeMode_FW
0xffc24f8c,SetFactoryMode_FW
0xffe55370,SetFactorySerialNumber_FW
0xffdd2aa8,SetFaexeEventTableActivation_FW
0xffc26404,SetFileAttributes
0xffc263a8,SetFileTimeStamp
0xffdf75e8,SetFocusLensCondition_FW
0xffdf75d4,SetFocusLensDefaultPullOutTable_FW
0xffdf7988,SetFocusLensDriveVoltage_FW
0xffdf7a00,SetFocusLensHoldVoltage_FW
0xffdf778c,SetFocusLensMaxSpeedLimit_FW
0xffdf79c4,SetFocusLensSettingWaitVoltage_FW
0xffdf74ec,SetFocusLensSpeed_FW
0xffdf7518,SetFocusLensSpeedTable_FW
0xffdeea40,SetFocusResetState_FW
0xffe54a80,SetHour_FW
0xffc64d28,SetHPTimerAfterNow
0xffc64da8,SetHPTimerAfterTimeout
0xffd0cdec,SetIgnoreAVJACK_FW
0xffe54814,SetImageMode_FW
0xffe547f0,SetInputVoltage_FW
0xffe54ca8,SetLangMenuType_FW
0xffce9f78,SetLineDefMarkThroughMode_FW
0xffc6caa4,SetLogicalEventActive
0xffdf7e54,SetMechaShutterWaitTimeSetting_FW
0xffe54ae4,SetMinute_FW
0xffe549bc,SetMonth_FW
0xffdf7f20,SetNdDacSetting_FW
0xffe4dae0,SetObClamp_FW
0xffe4dae0,SetObClampValue_FW
0xffe4ef38,SetOneShotWBParam_FW
0xffe4ef38,SetOneTypeWBParam_FW
0xffd2ef64,SetParameterData
0xffe55660,SetProductVolume_FW
0xffc69324,SetPropertyCase
0xffd0cda0,SetRawSWCheckMode_FW
0xffe4f04c,SetReferenceWBGainForCalibration_FW
0xffe51158,SetScanLensIndex_FW
0xffe51260,SetScanWindowMode_FW
0xffc6caf4,SetScriptMode
0xffc6caf4,SetScriptMode_FW
0xffd0cd4c,SetSDPwrPort_FW
0xffe54b48,SetSecond_FW
0xffe4e07c,SetShutterSpeed_FW
0xffe4e02c,SetShutterSpeedWithMecha_FW
0xffc0eea0,SetSR
0xffc4b64c,SetTestRecSkimmingYUV_FW
0xffc296c0,SetTimerAfter
0xffc29740,SetTimerWhen
0xffe4f078,SetToolCorrectCoefficient_FW
0xffe53608,SetVideoOutType_FW
0xffe4f00c,SetWBYlStandardWidth_FW
0xffce9b54,SetWhiteCoefficient_FW
0xffe5495c,SetYear_FW
0xffdf1624,SetZoomActuatorSpeedPPS_FW
0xffe4fe90,SetZoomCommonDriveParam_FW
0xffe4fd9c,SetZoomDriveParam_FW
0xffe4fc20,SetZoomLensEncoderPowerControl_FW
0xffe69a28,SetZoomLensICDriveData_FW
0xffdf81a8,SetZoomLensSpeedMode_FW
0xffe4fe34,SetZoomNormalDriveParam_FW
0xffe4fde8,SetZoomResetDriveParam_FW
0xffdf3910,SetZoomResetState_FW
0xffd0d1d4,ShowAllTaskInfo_FW
0xffc664ac,ShowCameraLog_FW
0xffc66440,ShowCameraLogInfo_FW
0xffe52d88,ShowCurrentExp_FW
0xffc46a30,ShowDefaultAdjTableVersion_FW
0xffdf7718,ShowFocusLensCurrentSpeedTable_FW
0xffd217d4,ShowLanguageNameList_FW
0xffc6c67c,ShowLogicalEventName_FW
0xffd0cc18,ShowMechaMacro_FW
0xffd0cd90,ShowPhySwStatus_FW
0xffd0cdd4,ShowSDStatus_FW
0xffdd2ed0,ShowTransparentMemory_FW
0xffc6a254,ShutdownPlayModeMenu_FW
0xffc6a3bc,ShutdownPlayModeMenuWithoutPbRedraw_FW
0xffc6a04c,ShutdownRecModeMenu_FW
0xffe532e8,SleepAE_FW
0xffc29160,SleepTask
0xffc29160,SleepTask_FW
0xffc1123c,sprintf_FW
0xffc11414,srand
0xffc57148,SS.Create_FW
0xffd7b458,sscanf_FW
0xffe51964,StartAdjAFInteg_FW
0xffe5162c,StartAdjAFService_FW
0xffce9f6c,StartAEIntegralService_FW
0xffc664fc,StartCameraLog_FW
0xffe4de68,StartCaptureDrive_FW
0xffe51e30,StartCrwCustomScan_FW
0xffe51db8,StartCustomScan_FW
0xffe538f0,StartEVFDrive_FW
0xffe538ac,StartEVFDriveWithMode_FW
0xffc250d8,StartFactoryModeController_FW
0xffceb0e4,StartLogOut_FW
0xffc69fb8,StartPlayModeMenu_FW
0xffc69fd4,StartRecModeMenu
0xffc69fd4,StartRecModeMenu_FW
0xffc10928,StartRedirectUART_FW
0xffdd3124,StartSoundPlay_FW
0xffdd30ec,StartSoundRecord_FW
0xffc680a8,StartWDT_FW
0xffc26270,stat
0xffe51908,StopAdjAFInteg_FW
0xffe5173c,StopAdjAFService_FW
0xffce9c54,StopAEIntegralService_FW
0xffc666c0,StopCameraLog_FW
0xffe4dd18,StopCaptureDrive_FW
0xffcb6a78,StopContinuousVRAMData_FW
0xffe51d50,StopCustomScan_FW
0xffe53638,StopEVFDrive_FW
0xffcead88,StopLogOut_FW
0xffe52a80,StopStrobeChargeForFA_FW
0xffc6810c,StopWDT_FW
0xffe4fa34,StopZoomEmergency_FW
0xffc7c30c,strcat
0xffc03fe8,strchr
0xffc112d4,strcmp
0xffc112fc,strcmp_FW
0xffc112bc,strcpy
0xffc112bc,strcpy_FW
0xffc7c558,strftime
0xffc04034,strlen
0xffc04034,strlen_FW
0xffc03f9c,strncmp
0xffc03f60,strncpy
0xffc0400c,strrchr
0xffc2eb44,strtol
0xffc2e948,strtolx
0xffe53558,SwitchOffDisplay_FW
0xffe53590,SwitchOnDisplay_FW
0xffd0d8a0,System.Create_FW
0xffd0d1e4,System.Delete_FW
0xffc0f034,TakeSemaphore
0xffc0f034,TakeSemaphore_FW
0xffc0f568,TakeSemaphoreStrictly
0xffc39770,task__ImageSensorTask
0xffca93c0,task_AfIntSrvTask
0xffcaa2ac,task_AFTask
0xffc43698,task_AudioTsk
0xffe6cd28,task_AviPlay
0xffe6adc0,task_AviRead
0xffdf50bc,task_AviWrite
0xffc22730,task_BatteryTask
0xffc420bc,task_BeepTask
0xffc8abec,task_BrtMsrTask
0xffc2a928,task_Bye
0xffc5914c,task_CaptSeq
0xffc5914c,task_CaptSeqTask
0xffc0616c,task_ClockSave
0xffd9e24c,task_CntFlashTask
0xffc7049c,task_CommonDrivers
0xffdf827c,task_CreateHeaderTask
0xffc6b604,task_CtrlSrv
0xffca35e0,task_DetectMoveTask
0xffca6544,task_DevelopModule
0xffcf69f8,task_DPOFTask
0xffc77434,task_DSITask
0xffd119a4,task_DvlpSeqTask
0xffca6c88,task_EFChargeT
0xffe7a6d0,task_EfctConTask
0xffc68dac,task_EvShel
0xffc91338,task_ExpDrv
0xffc91338,task_ExpDrvTask
0xffc77198,task_FaceFrame
0xffce72e0,task_Fencing
0xffde29b8,task_FileScheduleTask
0xffde3918,task_FileWrite
0xffde3918,task_FileWriteTask
0xffdec170,task_FocusEvent
0xffde841c,task_FORMAT_TASK_NAME
0xffde8234,task_FORMAT_TASK_PROGRESS
0xffca4980,task_FramePosition
0xffc4de8c,task_FsIoNotifyTask
0xffc44c30,task_FWDDATA
0xffc542c0,task_ImgPlayDrv
0xffd00c7c,task_ImgTrim
0xffc70464,task_InitFileModules
0xffc3f78c,task_LcdConTask
0xffc427e8,task_LEDCon
0xffc5649c,task_LensController
0xffdef9ec,task_MechaShutter
0xffcd2e64,task_MotionVector
0xffd0c848,task_MovieRecord
0xffdf0334,task_Nd
0xffcc2c60,task_NormalThumbCache
0xffca2980,task_OBCtrlTask
0xffc66bb4,task_OpePlay
0xffc2378c,task_PhySw
0xffcb6eac,task_PrcssFil
0xffdbc898,task_PTPtoFAPI_EventProcTask
0xffde7c6c,task_ReadFileTask
0xffde5058,task_ReadScheduleTask
0xffc55464,task_RedEyeCapt
0xffd02608,task_RedEyePly
0xffcd43f0,task_SceneDetectTask
0xffc5168c,task_SD1stInit
0xffd107ac,task_ShutterSoundTask
0xffcaf854,task_SsgMainTask
0xffcafa48,task_SsgPeriodTask
0xffc5ed24,task_SsTask
0xffc105f8,task_Startup
0xffc2b1f4,task_StartupImage
0xffcb7c80,task_SynchTask
0xffcb7bf8,task_SyncPeriod
0xffcb3080,task_TgTask
0xffc45458,task_Thermometer
0xffcb98d8,task_TimerUtility
0xffcc6d44,task_TrnsCtrlTask
0xffc107d4,task_UartLog
0xffc36848,task_WBCtrl
0xffc84af8,task_WBIntegTask
0xffca02f8,task_WBLPFace
0xffc67f34,task_WdtPrint
0xffc67fe8,task_WdtReset
0xffdf0918,task_ZoomEvent
0xffd0ed6c,TerminateAdjustmentSystem_FW
0xffc4b788,Terminatedccd_FW
0xffe56d6c,TerminateDefectAdjustment_FW
0xffe3e198,TerminateDefectRec_FW
0xffc4b788,TerminateDigicon_FW
0xffe570b0,TerminateMechaDevice_FW
0xffdd31a0,TerminateSoundRec_FW
0xffc4ab8c,TerminateTestRec_FW
0xffc6330c,time
0xffc28ca8,TryPostMessageQueue
0xffc28b6c,TryReceiveMessageQueue
0xffc0efe0,TryTakeSemaphore
0xffc77d38,TurnOffBackLight
0xffc3f32c,TurnOffDisplay
0xffc2a878,TurnOffE1_FW
0xffc43ce8,TurnOffVideoOutMode_FW
0xffc77d20,TurnOnBackLight
0xffc3f300,TurnOnDisplay
0xffc43c84,TurnOnVideoOutMode_FW
0xffd0eafc,UI.Create_FW
0xffd0eafc,UI_RegistDebugEventProc_FW
0xffd0eae8,UI_ShowStateOfRecMode_FW
0xffc6caa4,UiEvnt_SetLogicalEventActive_FW
0xffc6cb28,UiEvnt_StartDisguiseCradleStatus_FW
0xffc6cb38,UiEvnt_StopDisguiseCradleStatus_FW
0xffd348c0,UIFS_Capture_FW
0xffd34994,UIFS_CaptureNoneStop_FW
0xffd0dde4,UIFS_ChangeShootState_FW
0xffd0dc1c,UIFS_ClosePopupStrobe_FW
0xffd0dcac,UIFS_ConnectVideo_FW
0xffd0dcdc,UIFS_DisconnectVideo_FW
0xffd0dd58,UIFS_EndClockMode_FW
0xffd0df14,UIFS_GetAvItem_FW
0xffd0de64,UIFS_GetAvItemCount_FW
0xffd0df8c,UIFS_GetCurrentAvString_FW
0xffd0e07c,UIFS_GetCurrentTvString_FW
0xffd0de2c,UIFS_GetLastPath_FW
0xffd0dd68,UIFS_GetMovieRecoadableNumber_FW
0xffd62468,UIFS_GetNumberOfDisplayedImage_FW
0xffd0ddb0,UIFS_GetStillShotableNumber_FW
0xffd0df50,UIFS_GetTvItem_FW
0xffd0debc,UIFS_GetTvItemCount_FW
0xffd0db34,UIFS_IsAutoPopupDownStrobe_FW
0xffd0db3c,UIFS_IsAvailableAvTvMode_FW
0xffd0db1c,UIFS_IsAvailableMovieRecDigZoom_FW
0xffd0db14,UIFS_IsAvailableMovieRecOptZoom_FW
0xffd0db2c,UIFS_IsAvailableRecMenuAFMode_FW
0xffd0db24,UIFS_IsAvailableServoAF_FW
0xffc75588,UIFS_IsAvailableShots_FW
0xffd0dc4c,UIFS_MountExtFlash_FW
0xffd35ae0,UIFS_MoveZoomTo_FW
0xffd0dbec,UIFS_OpenPopupStrobe_FW
0xffd0dd18,UIFS_PostModeDial_FW
0xffd0dd14,UIFS_RestartPostingUIEvent_FW
0xffd0db64,UIFS_SetCaptureModeToP_FW
0xffd0dd60,UIFS_SetCradleSetting_FW
0xffd0db98,UIFS_SetDialMovieRec_FW
0xffd0dbcc,UIFS_SetDialPlay_FW
0xffd0db44,UIFS_SetDialStillRec_FW
0xffd0de08,UIFS_ShootSeqToUI_FW
0xffd0dd50,UIFS_StartClockMode_FW
0xffc766e8,UIFS_StartMovieRecord_FW
0xffc7671c,UIFS_StopMovieRecord_FW
0xffd0dd10,UIFS_StopPostingUIEvent_FW
0xffd0dc7c,UIFS_UnmountExtFlash_FW
0xffd1f768,UIFS_WriteFirmInfoToFile
0xffd1f768,UIFS_WriteFirmInfoToFile_FW
0xffc24c9c,UndisplayFactoryMode_FW
0xffc62b08,UnLoadScript_FW
0xffc276c4,UnlockAE
0xffc27590,UnlockAF
0xffc6cc80,UnlockMainPower
0xffc6cc80,UnlockMainPower_FW
0xffe52c1c,UnregistColorMatrix_FW
0xffc0ee84,UnregisterInterruptHandler
0xffd354b4,UnsetZoomForMovie
0xffc5113c,UpdateMBROnFlash
0xffc22be4,VbattGet
0xffc22be4,VbattGet_FW
0xffdf9f50,VerifyByte_FW
0xffc11280,vsprintf
0xffd0d1c0,Wait_FW
0xffc28754,WaitForAllEventFlag
0xffc0f618,WaitForAllEventFlagStrictly
0xffc28670,WaitForAnyEventFlag
0xffc0f5ec,WaitForAnyEventFlagStrictly
0xffc2619c,Write
0xffc2619c,write
0xffc2619c,Write_FW
0xffc47240,WRITEADJTABLETOFROM_FW
0xffc47264,WRITEADJUSTMENTDATATOFROM_FW
0xffcfc6fc,WriteSDCard
0xffc62878,WriteToRom_FW
