0xff810dc8,memShow_FW
0xff81402c,strncpy
0xff814068,strncmp
0xff8140b4,strchr
0xff8140d8,strrchr
0xff814100,strlen
0xff814100,strlen_FW
0xff8141e8,malloc
0xff814244,free
0xff815f58,drysh_FW
0xff815fd4,err_init_task
0xff816124,task_ClockSave
0xff81a264,GetMemInfo
0xff81aadc,open
0xff81ab8c,close
0xff81ad74,Read
0xff81ad74,read
0xff81ad74,Read_FW
0xff81e838,RegisterInterruptHandler
0xff81e85c,UnregisterInterruptHandler
0xff81e874,GetSRAndDisableInterrupt
0xff81e878,SetSR
0xff81e898,EnableInterrupt
0xff81e8a0,CreateTask
0xff81e8a0,CreateTask_FW
0xff81eb30,ExitTask
0xff81eb30,ExitTask_FW
0xff81eb78,DebugAssert
0xff81f280,RotateConsoleZOder_FW
0xff81f490,CPrintf_FW
0xff81f4ec,CPutChar_FW
0xff81f518,GetCh_FW
0xff81f568,GetStringWithPrompt_FW
0xff81f5c8,OpenConsole_FW
0xff81f734,CloseConsole_FW
0xff81faf0,task_Startup
0xff81fccc,_uartr_req
0xff81fd5c,task_UartLog
0xff81feb0,StartRedirectUART_FW
0xff820674,sprintf_FW
0xff8206b8,vsprintf
0xff8206f4,strcpy
0xff8206f4,strcpy_FW
0xff82070c,j_strcmp_FW
0xff82070c,strcmp
0xff820734,strcmp_FW
0xff820750,memcmp
0xff820750,memcmp_FW
0xff832c1c,task_BatteryTask
0xff833308,GetVBatVoltage_FW
0xff833308,VbattGet
0xff833308,VbattGet_FW
0xff834424,kbd_p2_f
0xff834754,task_PhySw
0xff834ae0,GetSwitchStatus_FW
0xff834b4c,GetSDDetect_FW
0xff834b54,GetSDProtect
0xff834b54,GetSDProtect_FW
0xff834b70,GetDialEventId_FW
0xff834b74,GetLcdPosition_FW
0xff834b7c,GetBatteryCoverClose_FW
0xff834b84,IsHvSensorExist_FW
0xff834b8c,kbd_read_keys
0xff834c04,kbd_p1_f
0xff834c10,kbd_p1_f_cont
0xff835a3c,EngDrvOut
0xff835a54,EngDrvIn
0xff835a5c,EngDrvRead
0xff835a70,EngDrvBits
0xff836b68,DisplayFactoryMode_FW
0xff836b74,UndisplayFactoryMode_FW
0xff836f44,SetDurianMode_FW
0xff836f7c,ClearDurianMode_FW
0xff836f7c,ClearFactoryMode_FW
0xff836fb4,SetFactoryMode_FW
0xff836fec,ClearDUIDFixFlag_FW
0xff837024,SetDUIDFixFlag_FW
0xff837060,IsFactoryMode_FW
0xff8370a0,IsDUIDFixFlag_FW
0xff8370e8,IsNormalCameraMode_FW
0xff837100,StartFactoryModeController_FW
0xff837944,RenameFile_Fut
0xff8379d8,DeleteFile_Fut
0xff837a4c,MakeDirectory_Fut
0xff837abc,DeleteDirectory_Fut
0xff837b14,Fopen_Fut
0xff837b14,Fopen_Fut_FW
0xff837b54,Fclose_Fut
0xff837b54,Fclose_Fut_FW
0xff837c00,Fread_Fut
0xff837c00,Fread_Fut_FW
0xff837c54,Fwrite_Fut
0xff837c54,Fwrite_Fut_FW
0xff837ca8,Fgets_Fut
0xff837cf4,Fseek_Fut
0xff837cf4,Fseek_Fut_FW
0xff837d40,Feof_Fut
0xff837d7c,Fflush_Fut
0xff837ff4,Open
0xff837ff4,Open_FW
0xff838060,Close
0xff838060,Close_FW
0xff8380ec,j_Read_FW
0xff8380f0,Write
0xff8380f0,write
0xff8380f0,Write_FW
0xff83817c,Lseek
0xff83817c,lseek
0xff83817c,Lseek_FW
0xff83819c,OpenForScrip_FW
0xff8381c4,stat
0xff8382fc,SetFileTimeStamp
0xff838358,SetFileAttributes
0xff8384fc,mkdir
0xff838550,j_StartCameraLog_FW
0xff838554,j_ShowCameraLog_FW
0xff838558,j_ShowCameraLogInfo_FW
0xff83855c,j_StopCameraLog_FW
0xff838560,j_PutsCameraLogEvent_FW
0xff838564,OpLog.Create_FW
0xff8385c8,j_NewTaskShell_FW
0xff8385cc,j_ExMem.View_FW
0xff8385d0,j_ExMem.AllocUncacheable_FW
0xff8385d4,j_ExMem.FreeUncacheable_FW
0xff8385d8,j_ExMem.AllocCacheable_FW
0xff8385dc,j_ExMem.FreeCacheable_FW
0xff8385e0,ExMem_FW
0xff8393d0,PT_GetDigitalZoomPosition_FW
0xff839670,DoAFLock
0xff8396a8,UnlockAF
0xff839770,EnterToCompensationEVF
0xff8397b4,ExitFromCompensationEVF
0xff839868,DoAELock
0xff83988c,UnlockAE
0xff83ad0c,CreateMessageQueue
0xff83ad90,DeleteMessageQueue
0xff83ae20,ReceiveMessageQueue
0xff83aee8,TryReceiveMessageQueue
0xff83af6c,PostMessageQueue
0xff83b024,TryPostMessageQueue
0xff83b064,GetNumberOfPostedMessages
0xff83b0d0,CreateBinarySemaphore
0xff83b138,CreateCountingSemaphore
0xff83b138,CreateCountingSemaphore_FW
0xff83b190,DeleteSemaphore
0xff83b190,DeleteSemaphore_FW
0xff83b1e8,TryTakeSemaphore
0xff83b23c,TakeSemaphore
0xff83b23c,TakeSemaphore_FW
0xff83b30c,GiveSemaphore
0xff83b30c,GiveSemaphore_FW
0xff83b344,GetSemaphoreValue
0xff83b574,SleepTask
0xff83b574,SleepTask_FW
0xff83b634,CreateTaskStrictly
0xff83b668,CreateMessageQueueStrictly
0xff83b68c,CreateEventFlagStrictly
0xff83b6b0,CreateBinarySemaphoreStrictly
0xff83b6d4,CreateCountingSemaphoreStrictly
0xff83b6f8,CreateRecursiveLockStrictly
0xff83b71c,TakeSemaphoreStrictly
0xff83b748,ReceiveMessageQueueStrictly
0xff83b774,PostMessageQueueStrictly
0xff83b7a0,WaitForAnyEventFlagStrictly
0xff83b7cc,WaitForAllEventFlagStrictly
0xff83b7f8,AcquireRecursiveLockStrictly
0xff83b8f0,AllocateUncacheableMemory
0xff83b930,FreeUncacheableMemory
0xff83bb9c,_GetSystemTime
0xff83bcd4,SetTimerAfter
0xff83bd54,SetTimerWhen
0xff83bdb8,CancelTimer
0xff83ce8c,TurnOffE1_FW
0xff83cf40,task_Bye
0xff83d0dc,Restart
0xff83d970,task_StartupImage
0xff83d9ac,task_ShutdownImage
0xff84110c,memcpy
0xff84110c,memcpy_FW
0xff8411f0,strtolx
0xff8413ec,strtol
0xff847d34,ExpCtrlTool_StartContiAE
0xff847ec0,ExpCtrlTool_StopContiAE
0xff849bc8,task_WBCtrl
0xff84c2ac,task_AFTask
0xff84ceac,GetMacroSupportZoomPoint_FW
0xff84e02c,ReloadAFAdjustment_FW
0xff84fb94,task__ImageSensorTask
0xff8534e0,LiveImageTool.GetDzoomPosition_FW
0xff854000,GetVRAMHPixelsSize
0xff854000,GetVRAMHPixelsSize_FW
0xff85400c,GetVRAMVPixelsSize
0xff85400c,GetVRAMVPixelsSize_FW
0xff854018,GetMovieJpegVRAMHPixelsSize_FW
0xff854024,GetMovieJpegVRAMVPixelsSize_FW
0xff8540fc,StopContinuousVRAMData_FW
0xff85d070,DispCon_ShowColorBar_FW
0xff85d130,DispCon_ShowFiveStep_FW
0xff85d2cc,DispCon_ShowWhiteChart_FW
0xff85d320,DispCon_ShowBlackChart_FW
0xff85d33c,DispCon_ShowBitmapColorBar
0xff85d33c,DispCon_ShowBitmapColorBar_FW
0xff85d3e4,DispCon_ShowCustomColorBar_FW
0xff85d470,DispCon_SetDisplayType_FW
0xff85d490,DispCon_ShowColorChart_FW
0xff85d4b4,DispCon_ShowWhiteLine_FW
0xff85d6f4,DispCon_TurnOnDisplay_FW
0xff85d6f4,TurnOnDisplay
0xff85d704,DispCon_TurnOffDisplay_FW
0xff85d704,TurnOffDisplay
0xff85d714,DispCon_TurnOnBackLight_FW
0xff85d724,DispCon_TurnOffBackLight_FW
0xff85d734,DispCon_SetMaxBackLightBrightness_FW
0xff85d7b4,DispCon_SetVideoAdjParameter_FW
0xff85d84c,DispCon_GetVideoAdjParameter_FW
0xff85d8d0,DispCon_ShowVideoAdjParameter_FW
0xff85d928,DispCon_SaveVideoAdjParameter_FW
0xff85da14,DispCon_SetLcdGainAdjParameter_FW
0xff85da68,DispCon_GetLcdGainAdjParameter_FW
0xff85daa4,DispCon_ShowLcdGainAdjParameter_FW
0xff85dab4,DispCon_SaveLcdGainAdjParameter_FW
0xff85dad0,DispCon_ShowHdChart_FW
0xff85dc04,task_LcdConTask
0xff85e004,LcdCon_StartLcdPeriodicalSetting_FW
0xff85e054,LcdCon_StopLcdPeriodicalSetting_FW
0xff85ee2c,GetAdVBattBottom_FW
0xff85ee34,GetAdChValue_FW
0xff8602d0,task_BeepTask
0xff860654,BeepDrive_FW
0xff860674,BeepDriveComp_FW
0xff861040,task_HdmiDriverTask
0xff861a94,HdmiSimulateModeStop_FW
0xff861abc,HdmiSimulateModeStart_FW
0xff861b24,i2c_write_event_FW
0xff861b6c,i2c_read_event_FW
0xff861b88,HdmiHpd5VOutput_FW
0xff861b8c,LockHdmiState_FW
0xff861bd4,EdidDump_FW
0xff861c9c,HdmiRegDump_FW
0xff86229c,task_LEDCon
0xff86267c,LEDDrive
0xff862744,LEDDrive_FW
0xff862be4,kbd_read_keys_r2
0xff863398,GetKbdState
0xff86363c,task_RotaryEncoder
0xff863d54,task_AudioTsk
0xff865e74,TurnOnVideoOutMode_FW
0xff865ea4,TurnOffVideoOutMode_FW
0xff866578,SetStereoSeparation_FW
0xff867808,task_ASIF
0xff868104,task_Thermometer
0xff8682fc,GetCCDTemperature
0xff8682fc,GetCCDTemperature_FW
0xff868370,GetBatteryTemperature
0xff868370,GetBatteryTemperature_FW
0xff8683e4,GetOpticalTemperature
0xff8683e4,GetOpticalTemperature_FW
0xff868490,IsOpticalTemperature_FW
0xff8684c4,IsCCDTemperature_FW
0xff8684f8,IsBatteryTemperature_FW
0xff868548,j_GetOpticalTemperature_FW
0xff86854c,j_GetCCDTemperature_FW
0xff868550,j_GetBatteryTemperature_FW
0xff868554,j_IsOpticalTemperature_FW
0xff868558,j_IsCCDTemperature_FW
0xff86855c,j_IsBatteryTemperature_FW
0xff86a044,EraseAdjustmentArea_FW
0xff86a050,DumpAdjMirror_FW
0xff86a074,GetAdjTableVersion_FW
0xff86a0a8,GetAdjTableMapVersion_FW
0xff86a0b8,GetAdjTableValueVersion_FW
0xff86a0cc,ShowDefaultAdjTableVersion_FW
0xff86a170,LoadAdjustmentTable_FW
0xff86a1a8,LoadDefectAdjTable_FW
0xff86a514,SaveAdjustmentTable_FW
0xff86a584,SaveDefectAdjTable_FW
0xff86a59c,SaveAdjustmentValue_FW
0xff86a5d4,LoadAdjustmentValue_FW
0xff86a5f8,PrintAdjTableMap_FW
0xff86a8c4,CreateAdjustmentTableMirror_FW
0xff86a8cc,RefreshAdjustmentTableMirror_FW
0xff86a8d4,CreateDefectTableMirror_FW
0xff86a8dc,RefreshDefectTableMirror_FW
0xff86a8e4,PrintAdjKabotanInfo_FW
0xff86a970,WRITEADJTABLETOFROM_FW
0xff86a994,WRITEADJUSTMENTDATATOFROM_FW
0xff86ad80,GetDCPAdjOffset_FW
0xff86ae18,GetDurianAdjustmentOffset_FW
0xff86b02c,GetBpDBAdjustmentOffset_FW
0xff86b034,GetDccdAdjustmentOffset_FW
0xff86d8ac,GetTestRecCrawAddress_FW
0xff86e76c,InitializeTestRec_FW
0xff86e7d4,TerminateTestRec_FW
0xff86ea9c,ExecuteTestRec_FW
0xff86eab0,ExecuteTestRecCF_FW
0xff86eab0,ExecuteTestRecSD_FW
0xff86eac8,ExecuteTestRecWithInteg_FW
0xff86eae0,ExecuteTestRecSw1_FW
0xff86eb2c,ExecuteTestRecDevelopProcess_FW
0xff86f27c,CalculateTestRecYUVData_FW
0xff86f2e4,SetTestRecSkimmingYUV_FW
0xff86f378,Initializedccd_FW
0xff86f378,InitializeDigicon_FW
0xff86f424,Terminatedccd_FW
0xff86f424,TerminateDigicon_FW
0xff86f478,ExecuteDigicon_FW
0xff86f670,ResetRegistNoticeCBR_FW
0xff86fb74,Executedccd_FW
0xff86fbec,GetdccdImage_FW
0xff86fc80,GetdccdFilterValue_FW
0xff86fe74,RegistFirmScanNoticeCBR_FW
0xff872184,task_FsIoNotifyTask
0xff87563c,UpdateMBROnFlash
0xff8757bc,GetDrive_ClusterSize
0xff8757f0,GetDrive_TotalClusters
0xff87581c,GetDrive_FreeClusters
0xff875b84,task_SD1stInit
0xff879fb4,task_ImgPlayDrv
0xff87b36c,task_RedEyeCapt
0xff87c93c,IsLensOutside_FW
0xff87d938,task_LensController
0xff87e9a0,GetFocusStartZoomPosition_FW
0xff87ee04,task_ISMainTask
0xff87f0ac,ISInitMotion_FW
0xff87f724,StartBDrive_FW
0xff87f724,StartISAdjustmentDrive_FW
0xff87f724,StartISDrive_FW
0xff87f730,StopBDrive_FW
0xff87f730,StopISAdjustmentDrive_FW
0xff87f730,StopISDrive_FW
0xff87f73c,StartBPanDrive_FW
0xff87f73c,StartISPanDrive_FW
0xff87f748,StopBPanDrive_FW
0xff87f748,StopISPanDrive_FW
0xff87f760,StartISLocalAutoCenter_FW
0xff87f7a0,StartISLocalHallAdjust_FW
0xff87f80c,SearchBCentralPosition_FW
0xff87f80c,SearchISLensCentralPosition_FW
0xff87f874,MoveISLensToCentralPosition_FW
0xff87f8bc,ChangeToISCloseControl_FW
0xff87f944,GetISHallDevicePitchOffset_FW
0xff87f9d4,GetISHallDeviceYawOffset_FW
0xff87f9e0,GetISHallDevicePitchGain_FW
0xff87f9ec,GetISHallDeviceYawGain_FW
0xff87f9f8,GetISGyroPitchGain_FW
0xff87fa04,GetISGyroYawGain_FW
0xff87fa10,GetISPitchPWM_FW
0xff87fa1c,GetISYawPWM_FW
0xff87fa28,GetISShiftLensPitchPosition_FW
0xff87fa34,GetISShiftLensYawPosition_FW
0xff87fa40,GetGyroDataPitch_FW
0xff87fa40,GetISGyroDataPitch_FW
0xff87fa5c,GetGyroDataYaw_FW
0xff87fa5c,GetISGyroDataYaw_FW
0xff87fa90,GetGyro10BitDACPitch_FW
0xff87fa90,GetISGyro10BitDACPitch_FW
0xff87fa9c,GetGyro10BitDACYaw_FW
0xff87fa9c,GetISGyro10BitDACYaw_FW
0xff87fac8,GetGyroHPFINOffsetPitch_FW
0xff87fac8,GetISGyroHPFINOffsetPitch_FW
0xff87fae4,GetGyroHPFINOffsetYaw_FW
0xff87fae4,GetISGyroHPFINOffsetYaw_FW
0xff87fb00,GetGyroHPFINPitch_FW
0xff87fb00,GetISGyroHPFINPitch_FW
0xff87fb5c,GetGyroHPFINYaw_FW
0xff87fb5c,GetISGyroHPFINYaw_FW
0xff87fbcc,ClearISCalcZData_FW
0xff87fdec,CancelLoopGainCalc_FW
0xff880750,GetISLensDampAaxis_FW
0xff88075c,GetISLensDampBaxis_FW
0xff880780,GetISLensEViAaxis_FW
0xff88079c,GetISLensEViBaxis_FW
0xff8807b8,GetISLensCorrectedEViAaxis_FW
0xff880810,GetISLensCorrectedEViBaxis_FW
0xff8808dc,PT_CompletePreCapt_FW
0xff8808e4,PT_RecreviewAvailable_FW
0xff8808ec,PT_NextShootAvailable_FW
0xff8808f4,PT_CompleteStopZoom_FW
0xff8808fc,PT_CompleteStopDigZoom_FW
0xff880904,PT_CompleteStoreLens_FW
0xff88090c,PT_MovieRecordStopped_FW
0xff880914,PT_CompleteCaptModeChange_FW
0xff88091c,PT_CompleteSynchroWrite_FW
0xff880924,PT_CompleteCharge_FW
0xff88092c,PT_CompleteFileWrite_FW
0xff880934,PT_ShootPicture_FW
0xff88093c,PT_EraseAllFile_FW
0xff880964,PT_mod_FW
0xff88098c,PT_SetPropertyCaseInt_FW
0xff8809b8,PT_GetPropertyCaseInt_FW
0xff880a30,PT_MoveOpticalZoomToTele_FW
0xff880a44,PT_MoveOpticalZoomToWide_FW
0xff880a58,PT_MoveOpticalZoomAt
0xff880a58,PT_MoveOpticalZoomAt_FW
0xff880a70,PT_MoveDigitalZoomToTele_FW
0xff880a80,PT_MoveDigitalZoomToWide
0xff880a80,PT_MoveDigitalZoomToWide_FW
0xff880a90,PT_MoveDigitalZoomAt_FW
0xff880aa4,PT_GetDigitalZoomTele_FW
0xff880ab8,j_PT_GetDigitalZoomPosition_FW
0xff880abc,PT_ChangeZoomSpeed_FW
0xff880ad0,PT_DoAFLock_FW
0xff880ae0,PT_UnlockAF_FW
0xff880af0,PT_DoAELock_FW
0xff880b00,PT_UnlockAE_FW
0xff880b10,PT_MFOn_FW
0xff880b20,PT_MFOff_FW
0xff880b30,SS.Create_FW
0xff883630,task_CaptSeq
0xff883630,task_CaptSeqTask
0xff884d98,task_DvlpSeqTask
0xff88a1b8,task_SsTask
0xff88a804,PT_PlaySound
0xff88d8b0,CreateEventFlag
0xff88d908,DeleteEventFlag
0xff88d958,CheckAnyEventFlag
0xff88d9a0,CheckAllEventFlag
0xff88d9e8,WaitForAnyEventFlag
0xff88dacc,WaitForAllEventFlag
0xff88db8c,SetEventFlag
0xff88dbc0,ClearEventFlag
0xff88dbf8,GetEventFlagValue
0xff88dd7c,CreateRecursiveLock
0xff88ddcc,DeleteRecursiveLock
0xff88de1c,AcquireRecursiveLock
0xff88df3c,ReleaseRecursiveLock
0xff88ee70,WriteToRom_FW
0xff88ef00,EraseSectorOfRom_FW
0xff88f0c8,UnLoadScript_FW
0xff88f1b4,Printf_FW
0xff88f1c0,LoadScript_FW
0xff88f99c,LocalTime
0xff88ff7c,time
0xff89002c,GetTimeOfSystem_FW
0xff8902a8,ExMem.View_FW
0xff890794,ExMem.AllocUncacheable_FW
0xff8908d4,ExMem.FreeUncacheable_FW
0xff8908e8,exmem_alloc
0xff890950,ExMem.AllocCacheable_FW
0xff890960,exmem_free
0xff8909d8,ExMem.FreeCacheable_FW
0xff891694,SetHPTimerAfterNow
0xff891714,SetHPTimerAfterTimeout
0xff89179c,CancelHPTimer
0xff891f88,RegisterEventProcedure
0xff8920b4,ExecuteEventProcedure
0xff89212c,ExecuteEventProcedure_FW
0xff892aec,ExportToEventProcedure_FW
0xff892af8,CreateProxyOfEventProcedure_FW
0xff892b50,DeleteProxyOfEventProcedure_FW
0xff892d68,PutsCameraLogEvent_FW
0xff892dac,ShowCameraLogInfo_FW
0xff892e18,ShowCameraLog_FW
0xff892e68,StartCameraLog_FW
0xff89302c,StopCameraLog_FW
0xff89308c,LogCameraEvent
0xff893520,task_OpePlay
0xff8936c8,OpLog.Stop_FW
0xff8936f4,OpLog.WriteToROM_FW
0xff893724,j_OpLog.WriteToROM_FW
0xff893734,OpLog.ReadFromROM_FW
0xff893780,OpLog.ReadFromSD_FW
0xff893bc0,OpLog.WriteToSD_FW
0xff894014,OpLog.Get_FW
0xff894034,OpLog.Play_FW
0xff894164,OpLog.Start_FW
0xff8948ac,task_WdtPrint
0xff894960,task_WdtReset
0xff894a20,StartWDT_FW
0xff894a84,StopWDT_FW
0xff894b74,GetBuildDate_FW
0xff894b7c,GetBuildTime_FW
0xff894b84,GetFirmwareVersion_FW
0xff894c90,CheckSumAll_FW
0xff894e80,RomCheckSum_FW
0xff895724,task_EvShel
0xff8957d8,NewTaskShell
0xff895838,NewTaskShell_FW
0xff895c94,SetPropertyCase
0xff895dbc,GetPropertyCase
0xff896934,StartPlayModeMenu_FW
0xff896950,StartRecModeMenu
0xff896950,StartRecModeMenu_FW
0xff8969d8,ShutdownRecModeMenu_FW
0xff896c1c,ShutdownPlayModeMenu_FW
0xff896da0,ShutdownPlayModeMenuWithoutPbRedraw_FW
0xff899430,task_CtrlSrv
0xff899bc0,CreateController_FW
0xff899c7c,DeleteController_FW
0xff899dfc,MoveControllerToTopOfZOrder_FW
0xff899f3c,GetSelfControllerHandle_FW
0xff89a418,PostLogicalEventForNotPowerType
0xff89a418,PostLogicalEventForNotPowerType_FW
0xff89a464,PostLogicalEventToUI
0xff89a464,PostLogicalEventToUI_FW
0xff89a4dc,PostEventShootSeqToUI_FW
0xff89a538,ShowLogicalEventName_FW
0xff89bfe4,set_control_event
0xff89c384,IsControlEventActive_FW
0xff89c3f4,SetLogicalEventActive
0xff89c3f4,UiEvnt_SetLogicalEventActive_FW
0xff89c444,SetScriptMode
0xff89c444,SetScriptMode_FW
0xff89c4b4,UiEvnt_StartDisguiseCradleStatus_FW
0xff89c4c4,UiEvnt_StopDisguiseCradleStatus_FW
0xff89c60c,UnlockMainPower
0xff89c60c,UnlockMainPower_FW
0xff89c6b8,LockMainPower
0xff89c6b8,LockMainPower_FW
0xff89c72c,SetAutoShutdownTime
0xff89c72c,SetAutoShutdownTime_FW
0xff89c90c,HardwareDefectWithRestart_FW
0xff89c95c,HardwareDefect_FW
0xff89cb7c,PTM_AllResetToFactorySetting_FW
0xff89cb8c,j_PTM_AllReset_FW
0xff89cf24,PTM_SetCurrentCaptureMode_FW
0xff89cff4,j_PTM_GetWorkingCaptureMode_FW
0xff89cff8,j_PTM_SetCurrentItem_FW
0xff89d004,PTM_GetCurrentItem_FW
0xff89d070,j_PTM_NextItem_FW
0xff89d074,j_PTM_PrevItem_FW
0xff89d084,j_PTM_IsEnableItem_FW
0xff89d088,j_PTM_SetProprietyEnable_FW
0xff89d0a0,j_PTM_BackupUIProperty_FW
0xff89d0a4,PTM_RestoreUIProperty_FW
0xff89dfe4,Rec2PB
0xff89f73c,PB2Rec
0xff8a01b4,task_InitFileModules
0xff8a01ec,task_CommonDrivers
0xff8a59d4,SetCurrentCaptureModeType
0xff8a59d4,SetCurrentCaptureModeType_FW
0xff8a5a10,GetCurrentCaptureModeType_FW
0xff8a859c,UIFS_IsAvailableShots_FW
0xff8a9e44,UIFS_StartMovieRecord_FW
0xff8a9e68,UIFS_StopMovieRecord_FW
0xff8aaa3c,task_FaceFrame
0xff8aadf4,task_DSITask
0xff8ac578,TurnOnBackLight
0xff8ac590,TurnOffBackLight
0xff8b34f4,GUISrv_StartGUISystem
0xff8b34f4,GUISrv_StartGUISystem_FW
0xff8b3cfc,RefreshPhysicalScreen
0xff8b4ec0,ScreenLock
0xff8b4f24,ScreenUnlock
0xff8b5478,atol_FW
0xff8b5484,strcat
0xff8b56d0,strftime
0xff8b5cc8,mktime_ext
0xff8ba1f0,GetCurrentShutterSpeed_FW
0xff8ba4c8,GetCurrentExposureTime_FW
0xff8be878,task_WBIntegTask
0xff8c56fc,task_BrtMsrTask
0xff8c87e4,ExpCtrlTool.SetExpMode_FW
0xff8cca88,task_ExpDrv
0xff8cca88,task_ExpDrvTask
0xff8dcf48,task_WBLPFace
0xff8dfa10,ReloadWBAdjustment_FW
0xff8e0298,task_OBCtrlTask
0xff8e1788,task_DetectMoveTask
0xff8e4944,task_DevelopModule
0xff8e59b0,task_EFChargeT
0xff8e5d08,EF.IsChargeFull_FW
0xff8e5d08,IsStrobeChargeCompleted
0xff8e822c,task_AfIntSrvTask
0xff900208,ReloadCdsAdjustment_FW
0xff90074c,E2LatOn_FW
0xff900a3c,ActivateImager_FW
0xff900ac8,ActivateImagerXOne_FW
0xff900b98,QuietImager_FW
0xff900c44,CancelImager_FW
0xff900c68,ChangeImagerToWholeParallel_FW
0xff900c70,ChangeImagerToWholeParallelBP_FW
0xff900c78,ChangeImagerToWholeParallelBPOne_FW
0xff900c80,ChangeImagerToCombiParallel_FW
0xff900c88,ChangeImagerToWideDraft_FW
0xff900c90,ChangeImagerToFocusJet_FW
0xff900c98,ChangeImagerToMangoPudding_FW
0xff900ca0,ChangeImagerToSuperWideDraft_FW
0xff900ca8,ChangeImagerToJetDraft_FW
0xff900cb0,ChangeImagerToJumboDraft_FW
0xff900cb8,ChangeImagerToHoneyFlash_FW
0xff900cc0,ChangeImagerToMillefeAdjust_FW
0xff900cc8,ChangeImagerToDigiconMode_FW
0xff900cc8,ChangeImagerToOITA_XAVIER_FW
0xff900cd0,ChangeImagerToAlternateDraft_FW
0xff900cd8,ChangeImagerToUltraGhostQ_FW
0xff900ce0,ChangeImagerToMontblancWhole_FW
0xff900ce8,ChangeImagerToMontblancMillefe_FW
0xff900cf0,ChangeImagerToFastBP_FW
0xff900cf8,ChangeImagerToHarleyDavidson_FW
0xff900d00,ChangeImagerToWideDraftHD_FW
0xff900d08,ChangeImagerToFocusJetHD_FW
0xff900d10,ChangeImagerToMangoPuddingHD_FW
0xff900d18,ChangeImagerToHoneyFlashHD_FW
0xff900d20,ChangeImagerToHoneyFlashDark_FW
0xff900d28,ChangeImagerToHoneyHDFlashDark_FW
0xff900d30,ChangeImagerToRoadKing_FW
0xff900d3c,CancelImageDrive_FW
0xff900d5c,j_E2LatOn_FW
0xff901c2c,task_SsgMainTask
0xff901ddc,task_SsgPeriodTask
0xff905f58,task_TgTask
0xff90d570,task_LiveImageTask
0xff90f43c,task_PrcssFil
0xff910764,task_SyncPeriod
0xff9107f8,task_SynchTask
0xff912ac4,task_TimerUtility
0xff91cb64,task_NormalThumbCache
0xff920920,task_TrnsCtrlTask
0xff926768,LcdCon_SetLcdBackLightBrightness_FW
0xff926798,LcdCon_SetLcdBackLightParameter_FW
0xff9267f0,LcdCon_GetLcdBackLightParameter_FW
0xff926834,LcdCon_ShowLcdBackLightParameter_FW
0xff926874,LcdCon_SaveLcdBackLightParameter_FW
0xff926a88,LcdCon_SetLcdDriver_FW
0xff926adc,LcdCon_SetLcdAdjParameter_FW
0xff926b7c,LcdCon_GetLcdAdjParameter_FW
0xff926bc4,LcdCon_ShowLcdAdjParameter_FW
0xff926c04,LcdCon_SaveLcdAdjParameter_FW
0xff926c20,LcdCon_SetLcdParameter_FW
0xff926d88,LcdCon_GetLcdParameter_FW
0xff926dd0,LcdCon_ShowLcdParameter_FW
0xff926e10,LcdCon_SaveLcdParameter_FW
0xff929d2c,GetLatestHVPosition_FW
0xff92a118,EngApp.Delete_FW
0xff92a144,EngApp.Create_FW
0xff92c600,task_MotionVector
0xff92f374,task_SceneDetectTask
0xff92feac,Scene.ForbidContiSceneDetect_FW
0xff92fed8,Scene.TestSunset_FW
0xff931670,task_AutoShutterMan
0xff947150,task_Fencing
0xff949e38,PrintAllAEIntegData_FW
0xff94a6dc,AbortAEIntegralValue_FW
0xff94a730,SetAEIntegStrobeProperty_FW
0xff94a7bc,SetAEIntegCorrectProperty_FW
0xff94a81c,SetAEIntegralValueProperty_FW
0xff94a860,SetAEIntegralGetaTime_FW
0xff94a9e4,GetAEIntegWinData_FW
0xff94ac78,j_GetAEIntegWinData_FW
0xff94ac7c,GetAEIntegWinDataWithMode_FW
0xff94ad64,GetAEIntegralValueWithFix_FW
0xff94ae88,GetAllAEIntegralAllValueWithFix_FW
0xff94af5c,GetOnlyAEIntegData_FW
0xff94afd0,SetWhiteCoefficient_FW
0xff94b048,SetAEIntegWindowsMode_FW
0xff94b09c,SetAEIntegValueBit_FW
0xff94b0b8,GetAEIntegValueBit_FW
0xff94b0c4,GetAEIntegralServiceMode_FW
0xff94b0d0,StopAEIntegralService_FW
0xff94b3e8,StartAEIntegralService_FW
0xff94b3f4,SetLineDefMarkThroughMode_FW
0xff94b420,SetAEIntegAverageOBData_FW
0xff94b428,SetAdjAEIntegSmearLimitter_FW
0xff94b438,SetDefaultAEIntegSmearLimitter_FW
0xff94b448,AttachIntegCrawData_FW
0xff94b9e0,LoadParamDataFromAdjTableBin_FW
0xff94bae4,LoadDataFromAdjTableBin_FW
0xff94bbe0,DeviceUniqueIDCheckSum_FW
0xff94be34,PrintFirmVersion_FW
0xff94be68,PrintFaexeVersioin_FW
0xff94be78,CreateFADBGSingalID_FW
0xff94be88,FADBGSingal_FW
0xff94bf28,FADBGPrintf_FW
0xff94c0a8,FAPrintf_FW
0xff94c0f8,OutputLogToFile_FW
0xff94c204,StopLogOut_FW
0xff94c528,GetLogData_FW
0xff94c530,GetLogDataOnlyAddMemory_FW
0xff94c538,ActivateAdjLog_FW
0xff94c54c,InactivateAdjLog_FW
0xff94c560,StartLogOut_FW
0xff94c578,IsLogOutType_FW
0xff94c584,GetCurrentMaximumLogSize_FW
0xff94e3c8,SetDefaultRecParameter_FW
0xff94e5c8,EnableDebugLogMode_FW
0xff94e5dc,DisableDebugLogMode_FW
0xff952d1c,GetImageFolder
0xff953e84,task_MetaCtg
0xff959360,task_DPOFTask
0xff962f28,WriteSDCard
0xff96929c,task_ImgEdt
0xff96a1e4,task_ImgTrim
0xff96c414,task_RedEyePly
0xff9726ac,StartCzTuning_FW
0xff9726b4,MoveCzPeakPositon_FW
0xff9726bc,CzDebugPrint_FW
0xff9726c4,CzDebugPrintToFile_FW
0xff97348c,GetFocusLensPullInMaxSpeed_FW
0xff9734dc,DisableFocusPullInMaxSpeed_FW
0xff973818,GetCurrentTargetDistance_FW
0xff973818,GetFocusLensSubjectDistance
0xff973880,GetCurrentFocusLensPosition_FW
0xff973880,GetCurrentFocusPosition_FW
0xff973c6c,GetFocusLensSubjectDistanceFromLens
0xff973cc4,IsFocusLensOutSidePosition_FW
0xff973ce8,GetFocusResetPosition_FW
0xff973d54,GetFocusDefaultResetPosition_FW
0xff973dc0,ReloadFocusLensAdjustment_FW
0xff975264,GetCurrentAvValue
0xff975264,GetCurrentAvValue_FW
0xff975264,GetIrisAv_FW
0xff975420,GetCurrentIrisPosition_FW
0xff975420,GetIrisCurrentPosition_FW
0xff9756e4,ReloadGetaAdjustment_FW
0xff975dd4,GetLensErrorStatus_FW
0xff976074,task_MechaCom
0xff977444,GetZoomPiSensorLevel_FW
0xff977554,GetPrismInPiSensorLevel_FW
0xff97755c,GetPrismOutPiSensorLevel_FW
0xff9775e4,GetFocusPiSensorLevel_FW
0xff97762c,GetSlavePiSensorLevel_FW
0xff9788fc,GetBarrelEncoderTargetPosition_FW
0xff978940,GetBarrelEncoderCurrentPosition_FW
0xff978aa4,j_GetBarrelEncoderCurrentPosition_FW
0xff978aa8,SetBarrelEncoderCurrentPosition_FW
0xff978abc,j_GetBarrelEncoderTargetPosition_FW
0xff978ac0,SetBarrelEncoderTargetPosition_FW
0xff978ad4,GetBarrelEncoderValue_FW
0xff979098,GetMechaShutterMoveTime_FW
0xff9790c0,GetMechaShutterStatus_FW
0xff979190,task_ZoomEvent
0xff979a04,IsZoomActuatorResetSensorPlusSide_FW
0xff97a100,MoveZoomActuator_FW
0xff97a140,SetZoomActuatorSpeedPPS_FW
0xff97a15c,GetZoomActuatorSpeedPPS_FW
0xff97a168,j_GetZoomActuatorCurrentPosition_FW
0xff97a16c,j_IsZoomActuatorResetSensorPlusSide_FW
0xff97a180,GetZoomActuatorCurrentPosition_FW
0xff97ab3c,GetZoomLensCurrentPosition_FW
0xff97abe8,GetZoomLensTelePoint_FW
0xff97abe8,GetZoomTelePoint_FW
0xff97ae10,GetCurrentZoomLensPoint_FW
0xff97ae10,GetCurrentZoomPoint_FW
0xff97ae10,GetZoomLensCurrentPoint
0xff97ae10,GetZoomLensCurrentPoint_FW
0xff97b18c,IsZoomLensOutSidePosition_FW
0xff97b39c,ReloadZoomAdjustment_FW
0xff97b65c,GetZoomLensMechaEdgePosition_FW
0xff97b660,GetZoomDrivingTime_FW
0xff97c610,GetZoomResetSensorLevel_FW
0xff97c61c,ClearZoomDriveParam_FW
0xff97c6d0,SetZoomResetState_FW
0xff97c704,task_ZoomSlaveEvent
0xff97da08,task_ZoomSlaveSynchro
0xff97e410,GetZoomSlaveCurrentPosition_FW
0xff97e678,GetZoomSlaveDirection_FW
0xff97ec38,GetZoomSlaveDriveVoltage_FW
0xff97edac,GetZoomTWCurrentPosition_FW
0xff97ee70,task_ZoomTWSynchro
0xff9804b8,GetZoomTWBarrelResetSensorPulse_FW
0xff9804d4,GetZoomTWBarrelPiPosition_FW
0xff98051c,GetZoomTWCurrentBarrelPosition_FW
0xff98469c,task_TmgGen
0xff986650,task_MovieRecord
0xff987140,MechaUnRegisterEventProcedure_FW
0xff98717c,Mecha.Create_FW
0xff9871d4,MechaReset_FW
0xff9871e0,MechaTerminate_FW
0xff9871ec,ShowMechaMacro_FW
0xff987300,DispDev_EnableEventProc_FW
0xff987340,SetSDPwrPort_FW
0xff98736c,j_GetAdVBattBottom_FW
0xff987370,j_GetAdChValue_FW
0xff987374,j_BeepDrive_FW
0xff987378,j_BeepDriveComp_FW
0xff98737c,j_SetStereoSeparation_FW
0xff987380,j_VbattGet_FW
0xff987384,j_LEDDrive_FW
0xff987388,ShowPhySwStatus_FW
0xff987398,SetRawSWCheckMode_FW
0xff9873a8,OnPrintPhySw_FW
0xff9873b8,OffPrintPhySw_FW
0xff9873c8,j_GetSwitchStatus_FW
0xff9873cc,ShowSDStatus_FW
0xff9873dc,j_GetSDDetect_FW
0xff9873e0,j_GetSDProtect_FW
0xff9873e4,SetIgnoreAVJACK_FW
0xff9873f4,j_GetDialEventId_FW
0xff9873f8,j_GetLcdPosition_FW
0xff9873fc,j_GetBatteryCoverClose_FW
0xff987400,j_IsHvSensorExist_FW
0xff987404,Driver.Create_FW
0xff987404,Driver_EnableEventProc_FW
0xff9876d4,GetDateAndTime_FW
0xff987778,j_Printf_FW
0xff98777c,j_MonSelEvent_FW
0xff987780,j_MemoryChecker_FW
0xff987784,j_VerifyByte_FW
0xff987788,EraseSignature_FW
0xff987798,j_SDump_FW
0xff98779c,Dump_FW
0xff9877ac,Dump32_FW
0xff9877c0,Poke32_FW
0xff9877d0,Poke16_FW
0xff9877e0,Poke8_FW
0xff9877f0,j_Peek32_FW
0xff9877f4,j_Peek16_FW
0xff9877f8,j_Peek8_FW
0xff9877fc,Wait_FW
0xff98780c,j_exec_FW
0xff987810,ShowAllTaskInfo_FW
0xff987820,System.Delete_FW
0xff987edc,System.Create_FW
0xff988150,UIFS_IsAvailableMovieRecOptZoom_FW
0xff988158,UIFS_IsAvailableMovieRecDigZoom_FW
0xff988160,UIFS_IsAvailableServoAF_FW
0xff988168,UIFS_IsAvailableRecMenuAFMode_FW
0xff988170,UIFS_IsAutoPopupDownStrobe_FW
0xff988178,UIFS_IsAvailableAvTvMode_FW
0xff9882fc,UIFS_SetDialStillRec_FW
0xff98831c,UIFS_SetCaptureModeToP_FW
0xff988360,UIFS_SetDialMovieRec_FW
0xff988398,UIFS_SetDialPlay_FW
0xff9883b8,UIFS_OpenPopupStrobe_FW
0xff9883e8,UIFS_ClosePopupStrobe_FW
0xff988418,UIFS_MountExtFlash_FW
0xff988448,UIFS_UnmountExtFlash_FW
0xff988478,UIFS_ConnectVideo_FW
0xff9884a8,UIFS_DisconnectVideo_FW
0xff9884d8,j_UIFS_MoveZoomTo_FW
0xff9884dc,UIFS_StopPostingUIEvent_FW
0xff9884e0,UIFS_RestartPostingUIEvent_FW
0xff9884e4,UIFS_PostModeDial_FW
0xff98850c,j_UIFS_Capture_FW
0xff988510,j_UIFS_CaptureNoneStop_FW
0xff988514,j_UIFS_StartMovieRecord_FW
0xff988518,j_UIFS_StopMovieRecord_FW
0xff98851c,UIFS_StartClockMode_FW
0xff98852c,UIFS_EndClockMode_FW
0xff98853c,UIFS_SetCradleSetting_FW
0xff988540,j_UIFS_WriteFirmInfoToFile_FW
0xff988544,UIFS_GetMovieRecoadableNumber_FW
0xff98858c,UIFS_GetStillShotableNumber_FW
0xff9885d4,UIFS_ChangeShootState_FW
0xff9885f8,UIFS_ShootSeqToUI_FW
0xff98861c,UIFS_GetLastPath_FW
0xff988654,UIFS_GetAvItemCount_FW
0xff9886ac,UIFS_GetTvItemCount_FW
0xff988704,UIFS_GetAvItem_FW
0xff988828,UIFS_GetTvItem_FW
0xff988864,UIFS_GetCurrentAvString_FW
0xff9888e4,UIFS_GetCurrentTvString_FW
0xff988968,j_UIFS_IsAvailableShots_FW
0xff98896c,j_UIFS_GetNumberOfDisplayedImage_FW
0xff988970,j_UIFS_PlayTrimExecuteAllImageSize_FW
0xff9893ac,UI_ShowStateOfRecMode_FW
0xff9893c0,UI.Create_FW
0xff9893c0,UI_RegistDebugEventProc_FW
0xff9894b4,InitializeAdjustmentSystem_FW
0xff9894ec,TerminateAdjustmentSystem_FW
0xff989524,InitializeAdjustmentFunction_FW
0xff98954c,FA.Delete_FW
0xff989560,FA.Create_FW
0xff989584,DispDev.Create_FW
0xff9895f4,Capture.Create_FW
0xff989634,EngineDriver.Create_FW
0xff98bc4c,task_CreateHeaderTask
0xff98d808,NR_SetDarkSubType
0xff98d808,NR_SetDarkSubType_FW
0xff98d89c,NR_SetDefectCorrectType_FW
0xff98d8c8,NR_GetDarkSubType
0xff98d8c8,NR_GetDarkSubType_FW
0xff98d908,NR_SetTassenType_FW
0xff98d938,NR_GetDefectCorrectType_FW
0xff98d978,NR_SetLotasPonyType_FW
0xff98d98c,NR_SetDoubleNRType_FW
0xff98f738,GetLogToFile_FW
0xff98f760,EraseLogSector_FW
0xff99447c,AdditionAgentRAM_FW
0xff9a12d8,UIFS_WriteFirmInfoToFile
0xff9a12d8,UIFS_WriteFirmInfoToFile_FW
0xff9a4d70,FmtMenu_ExecuteQuickFormat_FW
0xff9b0f34,PTM_AllReset_FW
0xff9b1294,PTM_GetWorkingCaptureMode_FW
0xff9b12ac,PTM_SetCurrentItem_FW
0xff9b15c4,PTM_NextItem_FW
0xff9b15cc,PTM_PrevItem_FW
0xff9b18d0,PTM_SetProprietyEnable_FW
0xff9b1b14,PTM_IsEnableItem_FW
0xff9b1bdc,PTM_BackupUIProperty_FW
0xff9b1bdc,SetParameterData
0xff9b1c70,GetParameterData
0xff9b1fa8,ExecuteResetFactoryWithRomWrite_FW
0xff9b8a0c,UIFS_Capture_FW
0xff9b8ae0,UIFS_CaptureNoneStop_FW
0xff9b9ccc,UIFS_MoveZoomTo_FW
0xff9eafdc,UIFS_GetNumberOfDisplayedImage_FW
0xffa0325c,UIFS_PlayTrimExecuteAllImageSize_FW
0xffa33eb8,memset
0xffa33eb8,memset_FW
0xffa33f34,realloc
0xffa33fec,srand
0xffa33ff8,rand
0xffa34028,sscanf_FW
0xffa34ebc,apex2us
0xffa52910,PointDefDetect_FW
0xffa52b4c,MergeAndConvertDefect_FW
0xffa52ed0,PointKizuCheck_FW
0xffa52f2c,SensDefCrowdCheck_FW
0xffa52f60,ChangeGradeTable_FW
0xffa52f74,CrossDefDetect_FW
0xffa5309c,ChangeCrossThresholdTable_FW
0xffa530b0,GetDefectCrawInfo_FW
0xffa53118,SetDefectRecParam_FW
0xffa5321c,ChangeDefectRecParam_FW
0xffa5322c,ExecuteDefectRec_FW
0xffa53240,ExecuteDefectRecAndSaveImage_FW
0xffa53290,j_InitializeDefectRec_FW
0xffa53294,j_TerminateDefectRec_FW
0xffa5367c,task_ChaseFrame
0xffa54134,task_DispFace
0xffa556d4,DevelopTool.DevelopTest_FW
0xffa5f480,ReloadEfAdjustment_FW
0xffa5fde4,task_CntFlashTask
0xffa618ac,EF.StartEFCharge_FW
0xffa618fc,EF.StopEFCharge_FW
0xffa6190c,EF.SetEFChargeTimeOut_FW
0xffa61920,EF.StartInternalPreFlash_FW
0xffa6195c,EF.StartInternalMainFlash_FW
0xffa619e4,EF.SetMainFlashTime_FW
0xffa619f8,j_EF.IsChargeFull_FW
0xffa619fc,EF.AdjPreFlash_FW
0xffa61a40,EF.SetChargeMode_FW
0xffa61a54,EF.SetFlashTime_FW
0xffa64a30,AFTool.GetEVal_FW
0xffa6a3b4,LiveImageTool.StartEVF_FW
0xffa6a3c0,LiveImageTool.StartEVFFocusJet_FW
0xffa6a3cc,LiveImageTool.StartEVFMF_FW
0xffa6a4d4,LiveImageTool.StartEVFMovVGA_FW
0xffa6a4e8,LiveImageTool.StartEVFMovQVGA_FW
0xffa6a510,LiveImageTool.StartEVFMovHD_FW
0xffa6a538,LiveImageTool.StartEVFMovQVGA60_FW
0xffa6a54c,LiveImageTool.StartEVFMovQQVGA_FW
0xffa6a560,LiveImageTool.StartEVFMovXGA_FW
0xffa6a59c,LiveImageTool.StopEVF_FW
0xffa6a5ac,LiveImageTool.StartMjpegMaking_FW
0xffa6a5cc,LiveImageTool.StopMjpegMaking_FW
0xffa6a5dc,LiveImageTool.DzoomTele_FW
0xffa6a5fc,LiveImageTool.DzoomWide_FW
0xffa6a61c,LiveImageTool.StopDzoom_FW
0xffa6a62c,LiveImageTool.Pause_FW
0xffa6a63c,LiveImageTool.Resume_FW
0xffa6a64c,LiveImageTool.ChangeDzoom_FW
0xffa6a6bc,j_LiveImageTool.GetDzoomPosition_FW
0xffa6a6c0,LiveImageTool.Jump_FW
0xffa6a6d4,LiveImageTool.Dister_FW
0xffa6d708,ReloadColorAdjustment_FW
0xffa72098,task_PTPtoFAPI_EventProcTask
0xffa72ad8,add_ptp_handler
0xffa8e1c4,EngDrvOut_FW
0xffa8e1e0,EngDrvIn_FW
0xffa8e1e8,EngDrvRead_FW
0xffa8e1f0,EngDrvBits_FW
0xffa8e214,EngDrvReadDump_FW
0xffa97198,GetCurrentAdjImgDriveType_FW
0xffa971a4,GetCurrentImgDrvMode_FW
0xffa971c4,ConvertAEIntegDrvTypeToAdjImgDriveType_FW
0xffa97210,ConvertAdjImgDrvModeToAdjImgDriveType_FW
0xffa97278,ChangeAdjImgDrvMode_FW
0xffa972a4,ChangeAEIntegDrvTypeToAdjImgDriveType_FW
0xffa972f0,GetCurrentCcdTemp_FW
0xffa9730c,GetCurrentOptTemp_FW
0xffa97338,GetCameraInformationData_FW
0xffa97374,j_GetCameraInformationData_FW
0xffa973c0,SetFaexeEventTableActivation_FW
0xffa977e8,ShowTransparentMemory_FW
0xffa97808,DumpTransparentMemoryItem_FW
0xffa97848,AddTransparentMemory_FW
0xffa97880,AttachToTransparentMemory_FW
0xffa978b8,RemoveTransparentMemory_FW
0xffa978d8,GetTransparentMemorySize_FW
0xffa978ec,GetTransparentMemory_FW
0xffa97930,GetTransparentMemoryPosition_FW
0xffa97e74,StartSoundRecord_FW
0xffa97eac,StartSoundPlay_FW
0xffa97ee4,InitializeSoundRec_FW
0xffa97f34,TerminateSoundRec_FW
0xffa9ff34,getImageDirName
0xffab6000,task_FileScheduleTask
0xffab6ffc,task_FileWrite
0xffab6ffc,task_FileWriteTask
0xffab851c,task_FORMAT_TASK_PROGRESS
0xffab8704,task_FORMAT_TASK_NAME
0xffab8f84,closedir
0xffab8fd4,OpenFastDir
0xffab9128,ReadFastDir
0xffabaec8,task_FilYuvMaker
0xffabbcb4,task_DecJpgRd
0xffabe548,reboot_fw_update
0xffac30ec,task_ImgDLight
0xffac4ce0,MoveDCMotorCW_FW
0xffac4d50,MoveDCMotorCCW_FW
0xffac50b0,task_FocusEvent
0xffac7108,GetFocusLensResetPosition_FW
0xffac7118,GetFocusLensResetDefaultPosition_FW
0xffac789c,SetFocusResetState_FW
0xffac78a0,GetFocusLensCurrentPosition_FW
0xffac78cc,GetFocusLensDriveVoltage_FW
0xffac7948,GetFocusLensSettingWaitVoltage_FW
0xffac7994,GetFocusLensHoldVoltage_FW
0xffac79fc,task_IrisEvent
0xffac88d0,EnableIrisActuator_FW
0xffac88f4,DisableIrisActuator_FW
0xffac8918,ResetIrisActuator_FW
0xffacb0c4,task_MechaShutter
0xffacd184,GetZoomLensCurrentPosition
0xfface350,GetZoomSlaveResetPosition_FW
0xfface360,GetZoomSlaveResetDefaultPosition_FW
0xffaceadc,task_ZoomTWEvent
0xffad0570,GetZoomTWResetPosition_FW
0xffad0580,GetZoomTWResetDefaultPosition_FW
0xffad0d34,GetZoomTWDriveVoltage_FW
0xffad0f1c,task_MechaNCTask
0xffad3768,task_MovRead
0xffad5a80,task_MovPlay
0xffad8da8,task_MovWrite
0xffadcf6c,task_MovEdit
0xffade24c,task_AviRead
0xffadf7d0,MoveCZToPoint_FW
0xffadf808,MoveCZToWide_FW
0xffadf838,MoveCZToTele_FW
0xffadf868,MoveCZToPointByOVF_FW
0xffadf91c,ResetFocusLens
0xffadf91c,ResetFocusLens_FW
0xffadf978,EscapeFocusLens_FW
0xffadf9f0,MoveFocusLensToTerminate_FW
0xffadfa4c,MoveFocusLensWithDistance_FW
0xffadfb58,MoveFocusLensWithPosition_FW
0xffadfc6c,MoveFocusLensWithPositionWithoutBacklash_FW
0xffadfd80,MoveFocusActuator_FW
0xffadfe3c,SetFocusLensSpeed_FW
0xffadfe68,SetFocusLensSpeedTable_FW
0xffadff24,SetFocusLensDefaultPullOutTable_FW
0xffadff38,SetFocusLensCondition_FW
0xffae0068,ShowFocusLensCurrentSpeedTable_FW
0xffae00dc,SetFocusLensMaxSpeedLimit_FW
0xffae00ec,CancelFocusLensMaxSpeedLimit_FW
0xffae00fc,EnableFocusLens_FW
0xffae0148,DisableFocusLens_FW
0xffae0194,EnableFocusLensGainLockWithVoltage_FW
0xffae01c8,DisableFocusLensGainLock_FW
0xffae01d8,EnableFocusLensWaveLock_FW
0xffae01f4,DisableFocusLensWaveLock_FW
0xffae0204,j_GetFocusLensCurrentPosition_FW
0xffae0208,j_GetFocusLensResetPosition_FW
0xffae020c,j_GetFocusLensResetDefaultPosition_FW
0xffae0210,GetFocusLensSubjectDistance_FW
0xffae022c,GetFocusLensSubjectDistanceNumber_FW
0xffae0234,GetFocusLensPositionRatio_FW
0xffae023c,GetFocusLensLoadSubjectDistance_FW
0xffae02a0,ChangeFocusDistanceToPosition_FW
0xffae02a8,GetFocusLensLoadCamTable_FW
0xffae02dc,j_GetFocusLensDriveVoltage_FW
0xffae02e0,SetFocusLensDriveVoltage_FW
0xffae0318,j_GetFocusLensSettingWaitVoltage_FW
0xffae031c,SetFocusLensSettingWaitVoltage_FW
0xffae0354,j_GetFocusLensHoldVoltage_FW
0xffae0358,SetFocusLensHoldVoltage_FW
0xffae0390,j_GetFocusLensResetVoltage_FW
0xffae0394,GetFocusLensMoveMaxPosition_FW
0xffae03ac,GetFocusLensMoveMinPosition_FW
0xffae03c4,j_GetFocusLensPullInMaxSpeed_FW
0xffae041c,ResetIris_FW
0xffae0478,MoveIrisToStandbyPosition_FW
0xffae04a0,MoveIrisWithAv
0xffae04a0,MoveIrisWithAv_FW
0xffae04cc,MoveIrisWithAvAndSpeed_FW
0xffae0500,MoveIrisToPositionWithBacklash_FW
0xffae052c,MoveIrisToTerminatePosition_FW
0xffae0554,MoveIrisToFullOpen_FW
0xffae057c,MoveIrisToFullClose_FW
0xffae05a4,j_GetIrisAv_FW
0xffae05a8,j_GetIrisCurrentPosition_FW
0xffae05ac,MoveIrisWithAvWithoutBacklash_FW
0xffae05d8,MoveIrisToPositionWithoutBacklash_FW
0xffae0604,MoveIrisWithAvAndSpeedWithoutBacklash_FW
0xffae0638,EnableIris_FW
0xffae065c,DisableIris_FW
0xffae0680,ChangeIrisSpeed_FW
0xffae06a0,ShowIrisShutterAvTvTable_FW
0xffae07fc,MoveLensToFirstPoint_FW
0xffae0844,MoveLensToTerminatePoint_FW
0xffae087c,j_IsLensOutside_FW
0xffae0880,j_GetLensErrorStatus_FW
0xffae0884,j_GetFocusStartZoomPosition_FW
0xffae0888,EnableLensError_FW
0xffae0898,DisableLensError_FW
0xffae08a8,SetLensOutsideFlag_FW
0xffae08bc,MoveLensToAllReset_FW
0xffae08e8,WriteMechaLogToRom_FW
0xffae08f0,WriteMechaLogToFile_FW
0xffae090c,EnableMechaCircuit_FW
0xffae091c,DisableMechaCircuit_FW
0xffae092c,EnableFocusPiCircuit_FW
0xffae093c,DisableFocusPiCircuit_FW
0xffae094c,j_GetFocusPiSensorLevel_FW
0xffae0950,EnableZoomPiCircuit_FW
0xffae0960,DisableZoomPiCircuit_FW
0xffae0970,j_GetZoomPiSensorLevel_FW
0xffae0974,EnableZoomEncoderCircuit_FW
0xffae0984,DisableZoomEncoderCircuit_FW
0xffae0994,SendMechaCircuitData_FW
0xffae09b8,ReceiveMechaCircuitDataAll_FW
0xffae09ec,EnableSlavePiCircuit_FW
0xffae09fc,DisableSlavePiCircuit_FW
0xffae0a0c,j_GetSlavePiSensorLevel_FW
0xffae0a10,EnablePrismInPiCircuit_FW
0xffae0a20,DisablePrismInPiCircuit_FW
0xffae0a30,j_GetPrismInPiSensorLevel_FW
0xffae0a34,EnablePrismOutPiCircuit_FW
0xffae0a44,DisablePrismOutPiCircuit_FW
0xffae0a54,j_GetPrismOutPiSensorLevel_FW
0xffae0b20,CloseMechaShutterWithTiming_FW
0xffae0b68,SetMechaShutterWaitTimeSetting_FW
0xffae0b7c,j_GetMechaShutterStatus_FW
0xffae0b80,j_GetMechaShutterMoveTime_FW
0xffae0b84,OpenMechaShutterToFullOpen_FW
0xffae0ba8,SetMechaShutterStanbyPosition_FW
0xffae0bb8,MoveMechaShutterStanbyPosition_FW
0xffae0bec,EnableZoomLensEncoderPowerControl_FW
0xffae0bfc,DisableZoomLensEncoderPowerControl_FW
0xffae0c70,ResetZoomLens
0xffae0c70,ResetZoomLens_FW
0xffae0c9c,ResetZoomLensToFirst_FW
0xffae0cdc,ResetZoomLensToTermiante_FW
0xffae0d1c,MoveZoomLensWithPoint
0xffae0d1c,MoveZoomLensWithPoint_FW
0xffae0d60,MoveZoomLensWithPosition_FW
0xffae0da4,MoveZoomLensToTerminatePosition_FW
0xffae0de4,MoveZoomLensToMechaEdge_FW
0xffae0e50,SetZoomLensSpeedMode_FW
0xffae0e8c,j_GetZoomLensCurrentPoint_FW
0xffae0e90,j_GetZoomLensCurrentPosition_FW
0xffae0e94,j_GetZoomLensTelePoint_FW
0xffae0e98,j_GetZoomLensMechaEdgePosition_FW
0xffae0e9c,ChangeZoomLensPointToMagnification_FW
0xffae0ea4,ChangeZoomLensMagnificationToPoint_FW
0xffae0eac,ResetZoomSlave_FW
0xffae0f44,MoveZoomSlaveToTerminate_FW
0xffae0f70,MoveZoomSlaveActuator_FW
0xffae104c,MoveZoomSlaveWithPosition_FW
0xffae1128,MoveZoomSlaveWithPositionWithoutBacklash_FW
0xffae1204,j_GetZoomSlaveCurrentPosition_FW
0xffae1208,j_GetZoomSlaveDriveVoltage_FW
0xffae120c,SetZoomSlaveDriveVoltage_FW
0xffae1220,j_GetZoomSlaveResetDefaultPosition_FW
0xffae1224,j_GetZoomSlaveResetPosition_FW
0xffae1228,j_GetZoomSlaveDirection_FW
0xffae122c,EnableZoomSlaveSynchro_FW
0xffae123c,DisableZoomSlaveSynchro_FW
0xffae124c,EnableZoomSlave_FW
0xffae1278,DisableZoomSlave_FW
0xffae12a4,SetZoomSlaveSpeedTable_FW
0xffae1344,SetZoomSlaveAccelerationTable_FW
0xffae13fc,SetZoomSlaveSlowdownTable_FW
0xffae146c,ResetZoomTW_FW
0xffae1498,MoveZoomTWToTerminate_FW
0xffae14c4,MoveZoomTWActuator_FW
0xffae15a0,MoveZoomTWWithPosition_FW
0xffae167c,MoveZoomTWWithPositionWithoutBacklash_FW
0xffae1758,MoveZoomTWWithPositionWithoutSynchro_FW
0xffae1834,MoveZoomTWWithEncoderPositionWithoutBacklash_FW
0xffae1910,MoveZoomTWWithEncoderPositionWithoutSynchro_FW
0xffae19ec,j_GetZoomTWDriveVoltage_FW
0xffae19f0,SetZoomTWDriveVoltage_FW
0xffae1a04,j_GetZoomTWResetDefaultPosition_FW
0xffae1a08,j_GetZoomTWResetPosition_FW
0xffae1a0c,SetZoomTWSpeedTable_FW
0xffae1aac,SetZoomTWAccelerationTable_FW
0xffae1b64,SetZoomTWSlowdownTable_FW
0xffae1bd4,j_GetZoomTWCurrentPosition_FW
0xffae1bd8,SetZoomTWCurrentPosition_FW
0xffae1bec,j_GetZoomTWBarrelPiPosition_FW
0xffae1bf0,j_GetZoomTWBarrelResetSensorPulse_FW
0xffae1bf4,j_GetZoomTWCurrentBarrelPosition_FW
0xffae1bf8,SetZoomResetDriverPositionCounter_FW
0xffae1c08,GetZoomLensPiPosition_FW
0xffae1c10,GetPrismInPiPosition_FW
0xffae1c18,GetPrismOutPiPosition_FW
0xffae1c40,ISAutoCenter_FW
0xffae1c50,StartISLocalAdjust_FW
0xffae1c60,j_StartISLocalHallAdjust_FW
0xffae1c64,j_StartISLocalAutoCenter_FW
0xffae1c68,ISMoveToMechaEdgeOPEN_FW
0xffae1c7c,ISChangeOPENtoCLOSE_FW
0xffae1c8c,SetISDriveAaxis_FW
0xffae1ca0,SetISDriveBaxis_FW
0xffae1cb4,SetISHallOffsetAaxis_FW
0xffae1cc8,SetISHallOffsetBaxis_FW
0xffae1cdc,SetISHallGainAaxis_FW
0xffae1cf0,SetISHallGainBaxis_FW
0xffae1d04,SetISGyroGainAaxis_FW
0xffae1d18,SetISGyroGainBaxis_FW
0xffae1d2c,GetISDriveAaxis_FW
0xffae1d4c,GetISDriveBaxis_FW
0xffae1d6c,GetISPositionAaxis_FW
0xffae1d8c,GetISPositionBaxis_FW
0xffae1dac,GetISHallOffsetAaxis_FW
0xffae1dcc,GetISHallOffsetBaxis_FW
0xffae1dec,GetISHallGainAaxis_FW
0xffae1e0c,GetISHallGainBaxis_FW
0xffae1e2c,GetISGyroGainAaxis_FW
0xffae1e4c,GetISGyroGainBaxis_FW
0xffae1e6c,j_GetGyroDataPitch_FW
0xffae1e70,j_GetGyroDataYaw_FW
0xffae1e74,SetGyro10BitDACPitch_FW
0xffae1e88,SetGyro10BitDACYaw_FW
0xffae1e9c,j_GetGyro10BitDACPitch_FW
0xffae1ea0,j_GetGyro10BitDACYaw_FW
0xffae1ea4,SetGyroHPFINOffsetPitch_FW
0xffae1eb8,SetGyroHPFINOffsetYaw_FW
0xffae1ecc,j_GetGyroHPFINOffsetPitch_FW
0xffae1ed0,j_GetGyroHPFINOffsetYaw_FW
0xffae1ed4,j_GetGyroHPFINPitch_FW
0xffae1ed8,j_GetGyroHPFINYaw_FW
0xffae1edc,SetISTuningFlag_FW
0xffae1ef4,SetGyroFilterChargeStart_FW
0xffae1f0c,SetGyroFilterChargeStop_FW
0xffae2014,GetGyroFilterCharge_FW
0xffae2034,GetISFirmVersion_FW
0xffae205c,GetMechaDSPVersion_FW
0xffae2084,GetISParamVersion_FW
0xffae20ac,SetZoomPosition_FW
0xffae20c0,ISControlStart_FW
0xffae20d0,ISControlStop_FW
0xffae20e0,ISPanModeStart_FW
0xffae20f0,ISPanModeStop_FW
0xffae2100,SetISControlType_FW
0xffae2114,SetISStillStatus_FW
0xffae2124,SetISMovieStatus_FW
0xffae2134,ChangeParallelMode_FW
0xffae2148,SetLPFParallelBest_FW
0xffae2164,GetLPFParallelBest_FW
0xffae2194,SelectPositionSignal_FW
0xffae21a8,ClearISIComponent_FW
0xffae21b8,SetISHPFCutoff_FW
0xffae21cc,ClearISZData_FW
0xffae21dc,GetISHallOut1Amp_FW
0xffae22ac,ISMDStart_FW
0xffae22bc,ISMDStop_FW
0xffae22cc,SetISLPFAaxis_FW
0xffae22e0,SetISLPFBaxis_FW
0xffae22f4,EnableISDriveError_FW
0xffae2304,DisableISDriveError_FW
0xffae2314,EnableISAutoGyroOffset_FW
0xffae2324,DisableISAutoGyroOffset_FW
0xffae2334,SetISHallAmpFirstGain_FW
0xffae2348,GetISHallAmpFirstGain_FW
0xffae2370,StartLoopGainCalc_FW
0xffae23ac,GetLoopGainCalcData_FW
0xffae2400,SetLoopGainAdjValue_FW
0xffae241c,GetLoopGainAdjValue_FW
0xffae2440,StopLoopGainCalc_FW
0xffae2450,GetISCrossTalkComp_FW
0xffae24a0,SetISCrossTalkCompA1_FW
0xffae24b4,SetISCrossTalkCompA2_FW
0xffae24c8,SetISCrossTalkCompB1_FW
0xffae24dc,SetISCrossTalkCompB2_FW
0xffae24f0,StartImStEventProc_FW
0xffae33d8,task_ShutterSoundTask
0xffae5200,MemoryChecker_FW
0xffae5290,VerifyByte_FW
0xffae5470,SDump_FW
0xffae5690,FreeMemory
0xffae5690,FreeMemory_FW
0xffae5698,AllocateMemory
0xffae5698,AllocateMemory_FW
0xffae56b8,Peek32_FW
0xffae56c0,Peek16_FW
0xffae56c8,Peek8_FW
0xffae56f0,GetSystemTime
0xffae56f0,GetSystemTime_FW
0xffae5704,exec_FW
0xffae5778,MonSelEvent_FW
0xffae5c4c,MakeBootDisk_FW
0xffae5c60,MakeScriptDisk_FW
0xffafddf0,task_ReadMultiConTask
0xffb0ccb4,LCDMsg_Move_FW
0xffb0ccf4,LCDMsg_Delete_FW
0xffb0cff4,LCDMsg_Create_FW
0xffb0d094,LCDMsg_SwDisp_FW
0xffb0d0e4,LCDMsg_SetNum_FW
0xffb0d0f4,LCDMsg_SetStr_FW
0xffb0d1bc,LCDMsg_ChangeColor_FW
0xffb2e204,qsort
0xffb333a8,InitializeDefectRec_FW
0xffb33414,TerminateDefectRec_FW
0xffb3d7e4,Bat_Calc_FW
0xffb3d7e4,CalculateBatSenseOffset_FW
0xffb458d4,GetCdsGainValue_FW
0xffb458fc,SetDeltaCDSGain_FW
0xffb45940,j_ReloadCdsAdjustment_FW
0xffb45944,GetObClampValue_FW
0xffb4596c,SetObClamp_FW
0xffb4596c,SetObClampValue_FW
0xffb45974,SetCDSGain_FW
0xffb45974,SetCdsGainValue_FW
0xffb459a0,SetCdsPreGain_FW
0xffb459a8,GetCdsPreGain_FW
0xffb459d0,j_GetCdsPreGain_FW
0xffb459f8,SetCdsPreGainReg_FW
0xffb45a00,GetCdsPreGainReg_FW
0xffb45a28,j_GetCdsPreGainReg_FW
0xffb45a4c,SetCDSGainStep_FW
0xffb45a64,SetAdjCdsMode_FW
0xffb45a7c,CancelAdjCdsMode_FW
0xffb45a94,IsAdjCdsMode_FW
0xffb45b94,StopCaptureDrive_FW
0xffb45bd8,j_CancelImageDrive_FW
0xffb45cf4,StartCaptureDrive_FW
0xffb45cfc,CaptureWithParam_FW
0xffb45d10,ChangeImageDrive_FW
0xffb45d18,GetCrwImageInfo_FW
0xffb45e68,ConvertTvToExposureTime_FW
0xffb45e88,j_GetCurrentExposureTime_FW
0xffb45e90,j_GetCurrentShutterSpeed_FW
0xffb45ebc,SetShutterSpeedWithMecha_FW
0xffb45f0c,SetShutterSpeed_FW
0xffb45f58,GetUserSetShutterSPeed_FW
0xffb45f68,GetShutterSpeedRegularMaxLimit_FW
0xffb45f80,GetShutterSpeedRegularMinLimit_FW
0xffb45fbc,GetFrameRateWithApex_FW
0xffb46090,MoveIrisToAv_FW
0xffb460dc,ReloadIrisAdjustment_FW
0xffb4613c,j_ReloadGetaAdjustment_FW
0xffb46140,j_GetCurrentAvValue_FW
0xffb4620c,j_GetCurrentIrisPosition_FW
0xffb46218,MoveIrisFullOpen_FW
0xffb4624c,MoveIrisFullClose_FW
0xffb46280,ResetIrisPosition_FW
0xffb462b4,GetIrisPRResetPosition_FW
0xffb462bc,MoveIrisWithTerminatePosition_FW
0xffb462f0,MoveIrisMechaPositionWithBacklash_FW
0xffb4632c,MoveIrisMechaPositionWithoutBacklash_FW
0xffb46368,MoveIrisToAvWithoutBacklash_FW
0xffb463b4,GetUsableMinAv_FW
0xffb463cc,GetUsableMaxAv_FW
0xffb46420,ReloadNdFilterAdjustment_FW
0xffb46438,PutInNdFilter
0xffb46438,PutInNdFilter_FW
0xffb46470,PutOutNdFilter
0xffb46470,PutOutNdFilter_FW
0xffb464f4,CloseMShutter_FW
0xffb4652c,OpenMShutter_FW
0xffb46e48,CalculatePeakFromLeastSquareResult_FW
0xffb46e84,CalculateLog2ToApex_FW
0xffb46e98,CalculatePow2FromApex_FW
0xffb46ee4,CalcLog10_FW
0xffb46f0c,ConvertApexToApexStd_FW
0xffb46f3c,ConvertApexStdToApex_FW
0xffb46fd4,CalcSqrt_FW
0xffb47000,SetOneShotWBParam_FW
0xffb47000,SetOneTypeWBParam_FW
0xffb47080,OneShotWhigeBalance_FW
0xffb47080,OneTypeWhiteBalance_FW
0xffb470d4,SetWBYlStandardWidth_FW
0xffb47114,SetReferenceWBGainForCalibration_FW
0xffb47140,SetToolCorrectCoefficient_FW
0xffb471b8,j_ReloadWBAdjustment_FW
0xffb474d8,ConvertCxCyToWBGain_FW
0xffb476ec,GetZoomLensResetPlus_FW
0xffb47a18,GetCurrentZoomLensPosition_FW
0xffb47a18,GetCurrentZoomPosition_FW
0xffb47a20,j_GetCurrentZoomLensPoint_FW
0xffb47a20,j_GetCurrentZoomPoint_FW
0xffb47a24,GetCurrentZoomLensDirection_FW
0xffb47a40,j_ReloadZoomAdjustment_FW
0xffb47d14,j_GetZoomTelePoint_FW
0xffb47d18,j_GetZoomResetSensorLevel_FW
0xffb47d58,j_GetZoomDrivingTime_FW
0xffb47dcc,j_ClearZoomDriveParam_FW
0xffb47f44,j_IsZoomLensOutSidePosition_FW
0xffb47f4c,StopZoomEmergency_FW
0xffb47f50,j_SetZoomResetState_FW
0xffb47f60,ResetZoom_FW
0xffb47f94,ResetZoomToFirst_FW
0xffb47f94,ResetZoomToFirstPoint_FW
0xffb47fc8,ResetZoomToTerminate_FW
0xffb47fc8,ResetZoomToTerminatePoint_FW
0xffb47ffc,MoveZoomLensToPosition_FW
0xffb47ffc,MoveZoomPosition_FW
0xffb48038,MoveZoomLensToPoint_FW
0xffb48038,MoveZoomPoint_FW
0xffb48074,MoveComputerZoomToPoint_FW
0xffb480b0,ResetZoomToAdjFirstPoint_FW
0xffb480f4,ResetZoomToAdjTerminatePoint_FW
0xffb48138,SetZoomLensEncoderPowerControl_FW
0xffb4817c,GetZoomDefaultDriveParam_FW
0xffb48194,SetZoomDriveParam_FW
0xffb481c8,GetZoomResetDriveParam_FW
0xffb481e0,SetZoomResetDriveParam_FW
0xffb48214,GetZoomNormalDriveParam_FW
0xffb4822c,SetZoomNormalDriveParam_FW
0xffb48260,GetZoomDefaultCommonDriveParam_FW
0xffb483b4,SetZoomCommonDriveParam_FW
0xffb4843c,ClearZoomCommonDriveParam_FW
0xffb48544,MoveZoomLensToMechaEnd_FW
0xffb48624,MoveZoomLensToPositionByManual_FW
0xffb48938,ResetZoomByLens_FW
0xffb48974,MoveZoomLensToPositionByLens_FW
0xffb489c4,MoveZoomLensToSinkByLens_FW
0xffb48a00,GetCurrentZoomLensPositionByLens_FW
0xffb48a08,GetZoomResetPositionByLens_FW
0xffb48a38,GetZoomAdjResetPositionByLens_FW
0xffb48a40,EnableZoomWithIndex_FW
0xffb48a7c,DisableZoomWithIndex_FW
0xffb48ab8,IsZoomLensOutSideWithIndex_FW
0xffb48ac0,StopZoomByLens_FW
0xffb48b04,EnableZoomVoltageByLens_FW
0xffb48b30,DisableZoomVoltageByLens_FW
0xffb48b44,GetZoomMaxSpeedByLens_FW
0xffb48b4c,SetZoomMaxSpeedByLens_FW
0xffb48b64,EnableZoomPiByLens_FW
0xffb48b6c,DisableZoomPiByLens_FW
0xffb48b74,GetZoomResetSensorLevelByLens_FW
0xffb48b7c,GetZoomResetSensorChangeLevelByLens_FW
0xffb48b8c,EnableZoomDrvWaveformByLens_FW
0xffb48b9c,DisableZoomDrvWaveformByLens_FW
0xffb48c74,ConvertToPositionWithDistanceAndZoomPoint_FW
0xffb48c8c,j_ReloadFocusLensAdjustment_FW
0xffb48c90,j_GetFocusDefaultResetPosition_FW
0xffb48c94,j_GetFocusResetPosition_FW
0xffb48c98,j_GetCurrentTargetDistance_FW
0xffb48cf0,j_GetCurrentFocusLensPosition_FW
0xffb48cf0,j_GetCurrentFocusPosition_FW
0xffb48d20,MoveFocusLensToTerminatePosition_FW
0xffb48d20,MoveFocusToTerminate_FW
0xffb48e04,MoveFocusLensToPositionWithMaxSpeed_FW
0xffb48e48,MoveFocusLensToPositionWithSpeed_FW
0xffb48f20,MoveFocusLensToPosition_FW
0xffb48f70,MoveFocusPosition_FW
0xffb49038,MoveFocusDistance_FW
0xffb49038,MoveFocusLensToDistance
0xffb49038,MoveFocusLensToDistance_FW
0xffb490a0,ResetFocus_FW
0xffb49270,j_IsFocusLensOutSidePosition_FW
0xffb492a8,j_SetFocusResetState_FW
0xffb492cc,GetFocusResetPositionOfBothWay_FW
0xffb492f8,j_DisableFocusPullInMaxSpeed_FW
0xffb492fc,EnableFocusPullInMaxSpeed_FW
0xffb49bf0,SetScanLensIndex_FW
0xffb49cf8,SetScanWindowMode_FW
0xffb49ecc,SelectAdjBPFilter_FW
0xffb49eec,SetAdjAFWinPos_FW
0xffb49f2c,SetBPFilterForBP_FW
0xffb49f4c,CancelBPFilterForBP_FW
0xffb4a0bc,StartAdjAFService_FW
0xffb4a1cc,StopAdjAFService_FW
0xffb4a39c,GetAdjAFInteg_FW
0xffb4a3a8,StopAdjAFInteg_FW
0xffb4a404,StartAdjAFInteg_FW
0xffb4a414,SetAdjAFIntegCrwAdd_FW
0xffb4a96c,StopCustomScan_FW
0xffb4a9d4,StartCustomScan_FW
0xffb4aa4c,StartCrwCustomScan_FW
0xffb4ab2c,StartCustomScanWithComingAndGoing_FW
0xffb4abd0,StartCustomScanWithComingAndGoingForFaexe_FW
0xffb4b1d0,j_ReloadAFAdjustment_FW
0xffb4b20c,PrintScanTable_FW
0xffb4b2a0,PrintMultiWinScanTable_FW
0xffb4b7a8,GetExStrobeID_FW
0xffb4b7b0,IsExStrobeChargeComp_FW
0xffb4b7b8,SetExStrobeMode_FW
0xffb4b7bc,CancelExStrobeMode_FW
0xffb4b7c0,j_ReloadEfAdjustment_FW
0xffb4b7f8,ChargeStrobe_FW
0xffb4b82c,ChargeStrobeForFA_FW
0xffb4b878,StopStrobeChargeForFA_FW
0xffb4b898,ExecuteInternalPreFlash_FW
0xffb4b920,j_ReloadColorAdjustment_FW
0xffb4b9dc,RegistColorMatrix_FW
0xffb4ba14,UnregistColorMatrix_FW
0xffb4bb80,ShowCurrentExp_FW
0xffb4bbd8,SetAE_ShutterSpeed
0xffb4bbd8,SetAE_ShutterSpeed_FW
0xffb4bc9c,FocusAEWithCompensation_FW
0xffb4bd14,SetAE_CdsGainValue_FW
0xffb4bdc8,FixAEWithCompensation_FW
0xffb4be28,SetAdj_AEMode_FW
0xffb4be60,CancelAdj_AEMode_FW
0xffb4beb0,PreFixAE_FW
0xffb4c044,AfAEWithAperturePriority_FW
0xffb4c088,AdjAEWithAperturePriority_FW
0xffb4c0e0,SleepAE_FW
0xffb4c234,AfAEWithCompensation_FW
0xffb4c278,SetAdjExpWithBv_FW
0xffb4c3f4,GetVideoOutType_FW
0xffb4c450,SwitchOffDisplay_FW
0xffb4c488,SwitchOnDisplay_FW
0xffb4c520,SetVideoOutType_FW
0xffb4c528,IsEVFDrive_FW
0xffb4c550,StopEVFDrive_FW
0xffb4c808,StartEVFDriveWithMode_FW
0xffb4c84c,StartEVFDrive_FW
0xffb4c89c,IsEvfDriveMode_FW
0xffb4ca6c,GetSumYOfVRAMCenterLine_FW
0xffb4cad4,j_GetVRAMHPixelsSize_FW
0xffb4cad8,j_GetVRAMVPixelsSize_FW
0xffb4cadc,j_StopContinuousVRAMData_FW
0xffb4cb58,GetContinuousVRAMData_FW
0xffb4d250,GetPixelsOfViewangle_FW
0xffb4d2f4,GetContinuousVRAMDataWithRingBuffer_FW
0xffb4d388,j_GetMovieJpegVRAMHPixelsSize_FW
0xffb4d38c,j_GetMovieJpegVRAMVPixelsSize_FW
0xffb4d4b4,GetContinuousMovieJpegVRAMData_FW
0xffb4d52c,ChangeDistortionSetForLiveImage_FW
0xffb4d75c,Bat_VIN_FW
0xffb4d75c,SetInputVoltage_FW
0xffb4d770,Bat_Save_FW
0xffb4d770,SaveBatSenseOffsetAdjustmentTable_FW
0xffb4d780,SetImageMode_FW
0xffb4d788,SetDate_FW
0xffb4d8c8,SetYear_FW
0xffb4d928,SetMonth_FW
0xffb4d984,SetDay_FW
0xffb4d9ec,SetHour_FW
0xffb4da50,SetMinute_FW
0xffb4dab4,SetSecond_FW
0xffb4db18,GetYear_FW
0xffb4db48,GetMonth_FW
0xffb4db74,GetDay_FW
0xffb4db9c,GetHour_FW
0xffb4dbc4,GetMinute_FW
0xffb4dbec,GetSecond_FW
0xffb4dc14,SetLangMenuType_FW
0xffb4dda0,SaveBmpVRAMData_FW
0xffb4e148,SavePaletteData
0xffb4e148,SavePaletteData_FW
0xffb4e1e0,SaveFromImage_FW
0xffb4e438,SetFactorySerialNumber_FW
0xffb4e448,LoadFactoryNumber_FW
0xffb4e528,LoadSerialNumber_FW
0xffb4e60c,GetLastVBatADLevel_FW
0xffb4e614,j_GetVBatVoltage_FW
0xffb4e618,SaveFactoryReserveData_FW
0xffb4e728,SetProductVolume_FW
0xffb4e790,j_GetDCPAdjOffset_FW
0xffb4f800,GetUnpackCrwIntegralValue_FW
0xffb4f820,GetUnpackCrwIntegralValueForShading_FW
0xffb4fa88,GetUnpackCrwIntegralValueForColorShading_FW
0xffb4fbd0,GetUnpackCrwIntegralMultiValueForShading_FW
0xffb4fc48,GetCaptureInfoData_FW
0xffb4fd90,ReloadShadingAdjustmentData_FW
0xffb4fdb0,ReloadDefectAdjustmentData_FW
0xffb4fdf4,InitializeDefectAdjustment_FW
0xffb4fe04,TerminateDefectAdjustment_FW
0xffb5001c,DevelopStillPicture_FW
0xffb50110,InitializeMechaDevice_FW
0xffb50148,TerminateMechaDevice_FW
0xffb501b8,CreateJumptable
0xffb5167c,GetISGyroYawOffset_FW
0xffb51684,GetISGyroPitchOffset_FW
0xffb5169c,HitISLensAgainstRightEdge_FW
0xffb516b0,HitISLensAgainstLeftEdge_FW
0xffb516c4,HitISLensAgainstBottomEdge_FW
0xffb516d8,HitISLensAgainstTopEdge_FW
0xffb516fc,MoveISLensToRightLimitPosition_FW
0xffb51710,MoveISLensToLeftLimitPosition_FW
0xffb51724,MoveISLensToBottomLimitPosition_FW
0xffb51738,MoveISLensToTopLimitPosition_FW
0xffb5174c,j_StopBDrive_FW
0xffb5174c,j_StopISDrive_FW
0xffb51750,j_StartBDrive_FW
0xffb51750,j_StartISDrive_FW
0xffb51754,j_GetISHallDeviceYawGain_FW
0xffb51758,j_GetISHallDevicePitchGain_FW
0xffb5175c,j_GetISHallDeviceYawOffset_FW
0xffb51760,j_GetISHallDevicePitchOffset_FW
0xffb51764,WriteHallDeviceAdjustment_FW
0xffb5179c,j_GetISGyroYawGain_FW
0xffb517a0,j_GetISGyroPitchGain_FW
0xffb517a4,WriteGyroAdjustment_FW
0xffb51818,j_GetISYawPWM_FW
0xffb5181c,j_GetISPitchPWM_FW
0xffb51820,WritePWMAdjustment_FW
0xffb51850,SetISPitchPWM_FW
0xffb51864,SetISYawPWM_FW
0xffb51878,SetISGyroYawGain_FW
0xffb5188c,SetISGyroPitchGain_FW
0xffb5189c,SetISGyroYawOffset_FW
0xffb518a0,SetISGyroPitchOffset_FW
0xffb518a8,SetISHallDeviceYawGain_FW
0xffb518bc,SetISHallDevicePitchGain_FW
0xffb518d0,SetISHallDeviceYawOffset_FW
0xffb518e4,SetISHallDevicePitchOffset_FW
0xffb518f4,SetZoomPointToIS_FW
0xffb51904,j_StartISAdjustmentDrive_FW
0xffb51908,j_StopISAdjustmentDrive_FW
0xffb5190c,j_StartBPanDrive_FW
0xffb5190c,j_StartISPanDrive_FW
0xffb51910,j_StopBPanDrive_FW
0xffb51910,j_StopISPanDrive_FW
0xffb51914,j_SearchBCentralPosition_FW
0xffb51914,j_SearchISLensCentralPosition_FW
0xffb51918,j_MoveISLensToCentralPosition_FW
0xffb5191c,j_GetISShiftLensPitchPosition_FW
0xffb51920,j_GetISShiftLensYawPosition_FW
0xffb51924,j_GetISLensEViAaxis_FW
0xffb51928,j_GetISLensEViBaxis_FW
0xffb5192c,j_GetISLensCorrectedEViAaxis_FW
0xffb51930,j_GetISLensCorrectedEViBaxis_FW
0xffb51934,j_GetISLensDampAaxis_FW
0xffb51938,j_GetISLensDampBaxis_FW
0xffb51944,SetISCutOffFreqIndex_FW
0xffb51944,SetISHPFCutOffFreqIndex_FW
0xffb51954,SetISLPFCutOffFreqAaxis_FW
0xffb51964,SetISLPFCutOffFreqBaxis_FW
0xffb51978,SetLPFForParallelFilter_FW
0xffb51994,ChangeFilterMode_FW
0xffb5199c,j_ClearISCalcZData_FW
0xffb519bc,HitISMechaEdgeInOpenControl_FW
0xffb519cc,j_ChangeToISCloseControl_FW
0xffb51b08,SetISGyro10BitDACPitch_FW
0xffb51b24,SetISGyro10BitDACYaw_FW
0xffb51b40,SetISGyroHPFINOffsetPitch_FW
0xffb51b5c,SetISGyroHPFINOffsetYaw_FW
0xffb51b70,j_GetISGyroDataPitch_FW
0xffb51b78,j_GetISGyroDataYaw_FW
0xffb51b80,j_GetISGyroHPFINPitch_FW
0xffb51b88,j_GetISGyroHPFINYaw_FW
0xffb51b90,j_GetISGyro10BitDACPitch_FW
0xffb51b98,j_GetISGyro10BitDACYaw_FW
0xffb51ba0,j_GetISGyroHPFINOffsetPitch_FW
0xffb51ba8,j_GetISGyroHPFINOffsetYaw_FW
0xffb51bb8,SetISGyroFilterCharge_FW
0xffb51bf8,SetISTuningMode_FW
0xffb51c10,SetISTuningOff_FW
0xffb51c30,SetISGyroCompensationMode_FW
0xffb51ccc,j_CancelLoopGainCalc_FW
0xffb51d00,ReloadISAdjustment_FW
0xffb51d38,CalcLoopGain_FW
0xffb51ddc,SetLoopGain_FW
0xffb51df4,GetLoopGain_FW
0xffb51e10,SetISLensPWMMode_FW
0xffb51e1c,GetGyroFilterChargeStatus_FW
0xffb51ea8,SetISCrossTalkCompCoeff_FW
0xffb51ecc,GetISCrossTalkCompCoeff_FW
0xffb61080,task_ReadScheduleTask
0xffb68004,task_EfctConTask
0xffb681a0,task_EfctConLowTask
0xffb6abcc,GetFocusLensResetVoltage_FW
0xffb7e580,task_ReadFileTask
0xffb87b04,_log10
0xffb87c74,_pow
0xffb88e78,_log
0xffb8aa80,_sqrt
