0xff827e14,_GetSystemTime
0xffad3158,_log
0xffad1de4,_log10
0xffad1f54,_pow
0xffad4db4,_sqrt
0xff81c2a4,_uartr_req
0xffa9aa98,AbortAEIntegralValue_FW
0xff869764,AcquireRecursiveLock
0xff827a70,AcquireRecursiveLockStrictly
0xff8fb954,ActivateAdjLog_FW
0xff9e2128,ActivateImager_FW
0xff9e21b4,ActivateImagerXOne_FW
0xff9ef744,add_ptp_handler
0xff93fc34,AdditionAgentRAM_FW
0xffa095d8,AddTransparentMemory_FW
0xffaa1078,AdjAEWithAperturePriority_FW
0xffaa1034,AfAEWithAperturePriority_FW
0xffaa1224,AfAEWithCompensation_FW
0xff9e0bf0,AFTool.GetEVal_FW
0xffa3d8b8,AllocateMemory
0xffa3d8b8,AllocateMemory_FW
0xff827b68,AllocateUncacheableMemory
0xff9b9440,apex2us
0xff8926fc,atol_FW
0xffa9b578,AttachIntegCrawData_FW
0xffa09610,AttachToTransparentMemory_FW
0xff844c70,Bat_Calc_FW
0xffaa2604,Bat_Save_FW
0xffaa25f0,Bat_VIN_FW
0xff84528c,BeepDrive_FW
0xffa9cc8c,CalcLog10_FW
0xffaa43b8,CalcLoopGain_FW
0xffa9cd7c,CalcSqrt_FW
0xff844c70,CalculateBatSenseOffset_FW
0xffa9cc2c,CalculateLog2ToApex_FW
0xffa9cbf0,CalculatePeakFromLeastSquareResult_FW
0xffa9cc40,CalculatePow2FromApex_FW
0xffaa0e50,CancelAdj_AEMode_FW
0xffa9bd44,CancelAdjCdsMode_FW
0xffa9f268,CancelBPFilterForBP_FW
0xffaa07ac,CancelExStrobeMode_FW
0xffa3a5ec,CancelFocusLensMaxSpeedLimit_FW
0xff86cffc,CancelHPTimer
0xff9e230c,CancelImager_FW
0xffaa43a4,CancelLoopGainCalc_FW
0xff828030,CancelTimer
0xff933bb4,Capture.Create_FW
0xffa9bae4,ChangeAdjImgDrvMode_FW
0xffa9bb10,ChangeAEIntegDrvTypeToAdjImgDriveType_FW
0xff8fd924,ChangeDefectRecExpGain_FW
0xff8fd8f8,ChangeDefectRecExpTv_FW
0xff8fd98c,ChangeDefectRecPeakHoldSetting_FW
0xffaa23c4,ChangeDistortionSetForLiveImage_FW
0xffaa41ec,ChangeFilterMode_FW
0xffa3a7a0,ChangeFocusDistanceToPosition_FW
0xff9d8140,ChangeGradeTable_FW
0xff9e23cc,ChangeImagerToAlternateDraft_FW
0xff9e23c4,ChangeImagerToDigiconMode_FW
0xff9e23ec,ChangeImagerToFastBP_FW
0xff9e238c,ChangeImagerToFocusJet_FW
0xff9e23b4,ChangeImagerToHoneyFlash_FW
0xff9e23a4,ChangeImagerToJetDraft_FW
0xff9e23ac,ChangeImagerToJumboDraft_FW
0xff9e2394,ChangeImagerToMangoPudding_FW
0xff9e23bc,ChangeImagerToMillefeAdjust_FW
0xff9e23e4,ChangeImagerToMontblancMillefe_FW
0xff9e23dc,ChangeImagerToMontblancWhole_FW
0xff9e23c4,ChangeImagerToOITA_XAVIER_FW
0xff9e239c,ChangeImagerToSuperWideDraft_FW
0xff9e23d4,ChangeImagerToUltraGhostQ_FW
0xff9e2330,ChangeImagerToWholeParallel_FW
0xff9e234c,ChangeImagerToWholeParallelBP_FW
0xff9e2368,ChangeImagerToWholeParallelBPOne_FW
0xff9e2384,ChangeImagerToWideDraft_FW
0xffa3b4c4,ChangeParallelMode_FW
0xff85c238,ChangeToISCloseControl_FW
0xffaa07e8,ChargeStrobe_FW
0xffaa081c,ChargeStrobeForFA_FW
0xff8692e8,CheckAllEventFlag
0xff8692a0,CheckAnyEventFlag
0xff870700,CheckSumAll_FW
0xff849b24,ClearDUIDFixFlag_FW
0xff869508,ClearEventFlag
0xff849acc,ClearFactoryMode_FW
0xff85c4c4,ClearISCalcZData_FW
0xffa3b538,ClearISIComponent_FW
0xffa3b55c,ClearISZData_FW
0xffa9dce8,ClearZoomCommonDriveParam_FW
0xffa34c74,ClearZoomDriveParam_FW
0xff823af4,Close
0xff819864,close
0xff823af4,Close_FW
0xff81bd88,CloseConsole_FW
0xffa21d70,closedir
0xffa3ac34,CloseMechaShutterWithTiming_FW
0xffa9c290,CloseMShutter_FW
0xffa9ba80,ConvertAdjImgDrvModeToAdjImgDriveType_FW
0xffa9ba34,ConvertAEIntegDrvTypeToAdjImgDriveType_FW
0xffa9cce4,ConvertApexStdToApex_FW
0xffa9ccb4,ConvertApexToApexStd_FW
0xffa9d280,ConvertCxCyToWBGain_FW
0xffa9e05c,ConvertToPositionWithDistanceAndZoomPoint_FW
0xffa9be68,ConvertTvToExposureTime_FW
0xff81bae4,CPrintf_FW
0xff81bb40,CPutChar_FW
0xff84ad18,CreateAdjustmentTableMirror_FW
0xff827348,CreateBinarySemaphore
0xff827928,CreateBinarySemaphoreStrictly
0xff876500,CreateController_FW
0xff8273b0,CreateCountingSemaphore
0xff8273b0,CreateCountingSemaphore_FW
0xff82794c,CreateCountingSemaphoreStrictly
0xff8691f8,CreateEventFlag
0xff827904,CreateEventFlagStrictly
0xff8fb294,CreateFADBGSingalID_FW
0xffaa44cc,CreateJumptable
0xff94d8ac,CreateLanguageMenu_FW
0xff826f84,CreateMessageQueue
0xff8278e0,CreateMessageQueueStrictly
0xff86e504,CreateProxyOfEventProcedure_FW
0xff8696c4,CreateRecursiveLock
0xff827970,CreateRecursiveLockStrictly
0xff81aef4,CreateTask
0xff81aef4,CreateTask_FW
0xff8278ac,CreateTaskStrictly
0xff9261d0,CzDebugPrint_FW
0xff81b1cc,DebugAssert
0xff8765bc,DeleteController_FW
0xff823484,DeleteDirectory_Fut
0xff869250,DeleteEventFlag
0xff8233a0,DeleteFile_Fut
0xff94d448,DeleteLanguageMenu_FW
0xff827008,DeleteMessageQueue
0xff86e55c,DeleteProxyOfEventProcedure_FW
0xff869714,DeleteRecursiveLock
0xff827408,DeleteSemaphore
0xff827408,DeleteSemaphore_FW
0xffaa3dc0,DevelopStillPicture_FW
0xff9d891c,DevelopTool.DevelopTest_FW
0xff8faffc,DeviceUniqueIDCheckSum_FW
0xff9261bc,DisableCzDebugLog_FW
0xff8fdc80,DisableDebugLogMode_FW
0xffa3a648,DisableFocusLens_FW
0xffa3a6c8,DisableFocusLensGainLock_FW
0xffa3a6f4,DisableFocusLensWaveLock_FW
0xffa3aac0,DisableFocusPiCircuit_FW
0xffa3aaa0,DisableMechaCircuit_FW
0xffa3ab08,DisableZoomEncoderCircuit_FW
0xffa3ada4,DisableZoomLensEncoderPowerControl_FW
0xffa3aae4,DisableZoomPiCircuit_FW
0xff8421a8,DispCon_GetLcdGainAdjParameter_FW
0xff842268,DispCon_GetLcdGammaParameter_FW
0xff841fd8,DispCon_GetVideoAdjParameter_FW
0xff8421f4,DispCon_SaveLcdGainAdjParameter_FW
0xff8422e4,DispCon_SaveLcdGammaParameter_FW
0xff842060,DispCon_SaveVideoAdjParameter_FW
0xff841e64,DispCon_SetDisplayType_FW
0xff8420dc,DispCon_SetLcdGainAdjParameter_FW
0xff842210,DispCon_SetLcdGammaParameter_FW
0xff841ee8,DispCon_SetMaxBackLightBrightness_FW
0xff841f68,DispCon_SetVideoAdjParameter_FW
0xff841dac,DispCon_ShowBitmapColorBar
0xff841dac,DispCon_ShowBitmapColorBar_FW
0xff841d90,DispCon_ShowBlackChart_FW
0xff841c40,DispCon_ShowColorBar_FW
0xff841e84,DispCon_ShowColorChart_FW
0xff841e0c,DispCon_ShowCustomColorBar_FW
0xff841c90,DispCon_ShowFiveStep_FW
0xff8421e4,DispCon_ShowLcdGainAdjParameter_FW
0xff8422ac,DispCon_ShowLcdGammaParameter_FW
0xff842034,DispCon_ShowVideoAdjParameter_FW
0xff841d58,DispCon_ShowWhiteChart_FW
0xff841ed8,DispCon_TurnOffBackLight_FW
0xff841eb8,DispCon_TurnOffDisplay_FW
0xff841ec8,DispCon_TurnOnBackLight_FW
0xff841ea8,DispCon_TurnOnDisplay_FW
0xff933b44,DispDev.Create_FW
0xff931cec,DispDev_EnableEventProc_FW
0xff8498c8,DisplayFactoryMode_FW
0xff8258c4,DoAELock
0xff8255d8,DoAFLock
0xff931de0,Driver.Create_FW
0xff931de0,Driver_EnableEventProc_FW
0xff814e04,drysh_FW
0xff932048,Dump32_FW
0xff932038,Dump_FW
0xff84abd0,DumpAdjMirror_FW
0xffa09598,DumpTransparentMemoryItem_FW
0xff8bc988,E2LatOn_FW
0xff9e00ac,EF.AdjPreFlash_FW
0xff8ab714,EF.IsChargeFull_FW
0xff9e00f0,EF.SetChargeMode_FW
0xff9dffbc,EF.SetEFChargeTimeOut_FW
0xff9e0104,EF.SetFlashTime_FW
0xff9e0094,EF.SetMainFlashTime_FW
0xff9dff5c,EF.StartEFCharge_FW
0xff9e000c,EF.StartInternalMainFlash_FW
0xff9dffd0,EF.StartInternalPreFlash_FW
0xff9dffac,EF.StopEFCharge_FW
0xff9261a4,EnableCzDebugLog_FW
0xff8fdc6c,EnableDebugLogMode_FW
0xffa3a5fc,EnableFocusLens_FW
0xffa3a694,EnableFocusLensGainLockWithVoltage_FW
0xffa3a6d8,EnableFocusLensWaveLock_FW
0xffa3aab0,EnableFocusPiCircuit_FW
0xff81aeec,EnableInterrupt
0xff832cd0,EnableLog_FW
0xffa3aa90,EnableMechaCircuit_FW
0xffa3aaf8,EnableZoomEncoderCircuit_FW
0xffa3ad94,EnableZoomLensEncoderPowerControl_FW
0xffa3aad4,EnableZoomPiCircuit_FW
0xff932e7c,EndClockMode_FW
0xff8e3800,EngApp.Create_FW
0xff8e37e8,EngApp.Delete_FW
0xff822af4,EngDrvBits
0xffa02718,EngDrvBits_FW
0xff822ad8,EngDrvIn
0xffa02708,EngDrvIn_FW
0xff822ac0,EngDrvOut
0xffa026ec,EngDrvOut_FW
0xff822ae0,EngDrvRead
0xffa02710,EngDrvRead_FW
0xffa0273c,EngDrvReadDump_FW
0xff933bf4,EngineDriver.Create_FW
0xff82582c,EnterToCompensationEVF
0xff84abc4,EraseAdjustmentArea_FW
0xff93b1cc,EraseLogSector_FW
0xff93b9ec,EraseSectorOfRom_FW
0xff932024,EraseSignature_FW
0xff814e80,err_init_task
0xffa39e88,EscapeFocusLens_FW
0xffa3d924,exec_FW
0xff84f8f0,Executedccd_FW
0xff84f2c0,ExecuteDigicon_FW
0xff86dac0,ExecuteEventProcedure
0xff86db38,ExecuteEventProcedure_FW
0xffaa0888,ExecuteInternalPreFlash_FW
0xff95aadc,ExecuteResetFactoryWithRomWrite_FW
0xff84efa0,ExecuteTestRec_FW
0xff84f070,ExecuteTestRecCF_FW
0xff825870,ExitFromCompensationEVF
0xff81b184,ExitTask
0xff81b184,ExitTask_FW
0xff86c204,ExMem.AllocCacheable_FW
0xff86c04c,ExMem.AllocUncacheable_FW
0xff86c28c,ExMem.FreeCacheable_FW
0xff86c188,ExMem.FreeUncacheable_FW
0xff86bb68,ExMem.View_FW
0xff86c19c,exmem_alloc
0xff86c214,exmem_free
0xff824254,ExMem_FW
0xff8a0ff8,ExpCtrlTool.SetExpMode_FW
0xff830d00,ExpCtrlTool_StartContiAE
0xff830e44,ExpCtrlTool_StopContiAE
0xff86e4f8,ExportToEventProcedure_FW
0xff933b20,FA.Create_FW
0xff933b0c,FA.Delete_FW
0xff8fb344,FADBGPrintf_FW
0xff8fb2a4,FADBGSingal_FW
0xff8fb4c4,FAPrintf_FW
0xff82351c,Fclose_Fut
0xff82351c,Fclose_Fut_FW
0xff823708,Feof_Fut
0xff823744,Fflush_Fut
0xff823670,Fgets_Fut
0xffaa0db8,FixAEWithCompensation_FW
0xff94eeec,FmtMenu_ExecuteQuickFormat_FW
0xffaa0c8c,FocusAEWithCompensation_FW
0xff8234dc,Fopen_Fut
0xff8234dc,Fopen_Fut_FW
0xff8235c8,Fread_Fut
0xff8235c8,Fread_Fut_FW
0xff813a7c,free
0xffa09720,FreeBufferForSoundRec_FW
0xffa3d8b0,FreeMemory
0xffa3d8b0,FreeMemory_FW
0xff827ba8,FreeUncacheableMemory
0xff8236bc,Fseek_Fut
0xff8236bc,Fseek_Fut_FW
0xff82361c,Fwrite_Fut
0xff82361c,Fwrite_Fut_FW
0xff843b78,GetAdChValue_FW
0xffa9f7f4,GetAdjAFInteg_FW
0xff84ac28,GetAdjTableMapVersion_FW
0xff84ac38,GetAdjTableValueVersion_FW
0xff84abf4,GetAdjTableVersion_FW
0xff843b70,GetAdVBattBottom_FW
0xffa9b244,GetAEIntegralServiceMode_FW
0xffa9aef0,GetAEIntegralValueWithFix_FW
0xffa9b238,GetAEIntegValueBit_FW
0xffa9ac38,GetAEIntegWinData_FW
0xffa9ad80,GetAEIntegWinDataWithMode_FW
0xffa9b014,GetAllAEIntegralAllValueWithFix_FW
0xff821b9c,GetBatteryCoverClose_FW
0xff848cf4,GetBatteryTemperature
0xff848cf4,GetBatteryTemperature_FW
0xff8705e4,GetBuildDate_FW
0xff8705ec,GetBuildTime_FW
0xffaa3b9c,GetCaptureInfoData_FW
0xff848c84,GetCCDTemperature
0xff848c84,GetCCDTemperature_FW
0xffa9bb80,GetCdsGainValue_FW
0xffa9bc70,GetCdsPreGain_FW
0xffa9bcc8,GetCdsPreGainReg_FW
0xff81bb6c,GetCh_FW
0xffaa234c,GetContinuousMovieJpegVRAMData_FW
0xffaa19e4,GetContinuousVRAMData_FW
0xffaa2188,GetContinuousVRAMDataWithRingBuffer_FW
0xffa9ba08,GetCurrentAdjImgDriveType_FW
0xff928280,GetCurrentAvValue
0xff928280,GetCurrentAvValue_FW
0xff8800f8,GetCurrentCaptureModeType_FW
0xff848c84,GetCurrentCcdTemp_FW
0xff89403c,GetCurrentExposureTime_FW
0xff9273ac,GetCurrentFocusLensPosition_FW
0xff9273ac,GetCurrentFocusPosition_FW
0xffa9ba14,GetCurrentImgDrvMode_FW
0xff8fb9a0,GetCurrentMaximumLogSize_FW
0xff848d64,GetCurrentOptTemp_FW
0xff893d64,GetCurrentShutterSpeed_FW
0xff927344,GetCurrentTargetDistance_FW
0xffa9d4a4,GetCurrentZoomLensDirection_FW
0xff92b9cc,GetCurrentZoomLensPoint_FW
0xff92b9a4,GetCurrentZoomLensPosition_FW
0xff92b9cc,GetCurrentZoomPoint_FW
0xff92b9a4,GetCurrentZoomPosition_FW
0xffaa2a08,GetDay_FW
0xff84f9fc,GetdccdFilterValue_FW
0xff84f968,GetdccdImage_FW
0xff9d83e4,GetDefectCount_FW
0xff821b98,GetDialEventId_FW
0xff8554ac,GetDrive_ClusterSize
0xff855514,GetDrive_FreeClusters
0xff85557c,GetDrive_TotalClusters,(stubs_entry_2.s)
0xff869540,GetEventFlagValue
0xffaa0798,GetExStrobeID_FW
0xff8705f4,GetFirmwareVersion_FW
0xff927814,GetFocusDefaultResetPosition_FW
0xffa2e984,GetFocusLensCurrentPosition_FW
0xffa2ee38,GetFocusLensDriveVoltage_FW
0xffa2ef00,GetFocusLensHoldVoltage_FW
0xffa3a7a8,GetFocusLensLoadCamTable_FW
0xffa3a73c,GetFocusLensLoadSubjectDistance_FW
0xffa3a890,GetFocusLensMoveMaxPosition_FW
0xffa3a8a8,GetFocusLensMoveMinPosition_FW
0xffa3a734,GetFocusLensPositionRatio_FW
0xff926fc0,GetFocusLensPullInMaxSpeed_FW
0xffa2e194,GetFocusLensResetDefaultPosition_FW
0xffa2e184,GetFocusLensResetPosition_FW
0xffaba0b8,GetFocusLensResetVoltage_FW
0xffa2eeb4,GetFocusLensSettingWaitVoltage_FW
0xff927344,GetFocusLensSubjectDistance
0xffa3a710,GetFocusLensSubjectDistance_FW
0xff92772c,GetFocusLensSubjectDistanceFromLens
0xffa3a72c,GetFocusLensSubjectDistanceNumber_FW
0xff928aa4,GetFocusPiSensorLevel_FW
0xff9277a8,GetFocusResetPosition_FW
0xff85b48c,GetFocusStartZoomPosition_FW
0xff85c398,GetGyro10BitDACPitch_FW
0xff85c3a0,GetGyro10BitDACYaw_FW
0xff85c370,GetGyroDataPitch_FW
0xff85c378,GetGyroDataYaw_FW
0xff85c3c8,GetGyroHPFINOffsetPitch_FW
0xff85c3e0,GetGyroHPFINOffsetYaw_FW
0xff85c3f8,GetGyroHPFINPitch_FW
0xff85c454,GetGyroHPFINYaw_FW
0xffaa2a30,GetHour_FW
0xff928280,GetIrisAv_FW
0xffa3b11c,GetISDriveAaxis_FW
0xffa3b13c,GetISDriveBaxis_FW
0xffa3b400,GetISFirmVersion_FW
0xff85c398,GetISGyro10BitDACPitch_FW
0xff85c3a0,GetISGyro10BitDACYaw_FW
0xff85c370,GetISGyroDataPitch_FW
0xff85c378,GetISGyroDataYaw_FW
0xffa3b21c,GetISGyroGainAaxis_FW
0xffa3b23c,GetISGyroGainBaxis_FW
0xff85c3c8,GetISGyroHPFINOffsetPitch_FW
0xff85c3e0,GetISGyroHPFINOffsetYaw_FW
0xff85c3f8,GetISGyroHPFINPitch_FW
0xff85c454,GetISGyroHPFINYaw_FW
0xff85c2c0,GetISGyroPitchGain_FW
0xffaa3ec4,GetISGyroPitchOffset_FW
0xff85c2c8,GetISGyroYawGain_FW
0xffaa3ebc,GetISGyroYawOffset_FW
0xff85c2b0,GetISHallDevicePitchGain_FW
0xff85c2a0,GetISHallDevicePitchOffset_FW
0xff85c2b8,GetISHallDeviceYawGain_FW
0xff85c2a8,GetISHallDeviceYawOffset_FW
0xffa3b1dc,GetISHallGainAaxis_FW
0xffa3b1fc,GetISHallGainBaxis_FW
0xffa3b19c,GetISHallOffsetAaxis_FW
0xffa3b1bc,GetISHallOffsetBaxis_FW
0xffa3b56c,GetISHallOut1Amp_FW
0xff85cb40,GetISLensDampAaxis_FW
0xff85cb48,GetISLensDampBaxis_FW
0xffaa4164,GetISLensEViAaxis_FW
0xffaa4178,GetISLensEViBaxis_FW
0xffa3b428,GetISParamVersion_FW
0xff85c2d0,GetISPitchPWM_FW
0xffa3b15c,GetISPositionAaxis_FW
0xffa3b17c,GetISPositionBaxis_FW
0xff85c2e0,GetISShiftLensPitchPosition_FW
0xff85c2e8,GetISShiftLensYawPosition_FW
0xff85c2d8,GetISYawPWM_FW
0xff846248,GetKbdState
0xffaa3178,GetLastVBatADLevel_FW
0xff85b498,GetLensErrorStatus_FW
0xff8fb944,GetLogData_FW
0xff8fb94c,GetLogDataOnlyAddMemory_FW
0xff93b1a4,GetLogToFile_FW
0xffaa43c4,GetLoopGain_FW
0xffaa43bc,GetLoopGainCalcData_FW
0xffa3b4f4,GetLPFParallelBest_FW
0xff9296c0,GetMechaShutterStatus_FW
0xff813c24,GetMemInfo
0xffaa2a58,GetMinute_FW
0xffaa29dc,GetMonth_FW
0xff8c4178,GetMovieJpegVRAMHPixelsSize_FW
0xff8c4184,GetMovieJpegVRAMVPixelsSize_FW
0xff8272dc,GetNumberOfPostedMessages
0xffa9bbf0,GetObClampValue_FW
0xffa9b0e8,GetOnlyAEIntegData_FW
0xff848d64,GetOpticalTemperature
0xff848d64,GetOpticalTemperature_FW
0xff95a770,GetParameterData
0xffaa20e4,GetPixelsOfViewangle_FW
0xff8717a8,GetPropertyCase
0xff821b74,GetSDDetect_FW
0xff821b7c,GetSDProtect
0xff821b7c,GetSDProtect_FW
0xffaa2a80,GetSecond_FW
0xff876870,GetSelfControllerHandle_FW
0xff8275bc,GetSemaphoreValue
0xffa9bf68,GetShutterSpeedRegularMaxLimit_FW
0xffa9bf80,GetShutterSpeedRegularMinLimit_FW
0xff81aec8,GetSRAndDisableInterrupt
0xff81bbbc,GetStringWithPrompt_FW
0xffaa18f8,GetSumYOfVRAMCenterLine_FW
0xff821b08,GetSwitchStatus_FW
0xffa3d910,GetSystemTime
0xffa3d910,GetSystemTime_FW
0xff86b8ec,GetTimeOfSystem_FW
0xffa0967c,GetTransparentMemory_FW
0xffa096c0,GetTransparentMemoryPosition_FW
0xffa09668,GetTransparentMemorySize_FW
0xffaa3a60,GetUnpackCrwIntegralValue_FW
0xffa9bf58,GetUserSetShutterSPeed_FW
0xff820570,GetVBatVoltage_FW
0xffaa1318,GetVideoOutType_FW
0xff8c4160,GetVRAMHPixelsSize
0xff8c4160,GetVRAMHPixelsSize_FW
0xff8c416c,GetVRAMVPixelsSize
0xff8c416c,GetVRAMVPixelsSize_FW
0xffaa29ac,GetYear_FW
0xffa329e0,GetZoomActuatorCurrentPosition_FW
0xffa329cc,GetZoomActuatorSpeedPPS_FW
0xffa9dc38,GetZoomDefaultCommonDriveParam_FW
0xffa9db54,GetZoomDefaultDriveParam_FW
0xff92c364,GetZoomDrivingTime_FW
0xff92b9cc,GetZoomLensCurrentPoint
0xff92b9cc,GetZoomLensCurrentPoint_FW
0xffa337f0,GetZoomLensCurrentPosition
0xff92b9a4,GetZoomLensCurrentPosition_FW
0xff92c360,GetZoomLensMechaEdgePosition_FW
0xffa9d324,GetZoomLensResetPlus_FW
0xff92bdb0,GetZoomLensTelePoint_FW
0xffa9dbec,GetZoomNormalDriveParam_FW
0xff928a5c,GetZoomPiSensorLevel_FW
0xffa9dba0,GetZoomResetDriveParam_FW
0xffa34c5c,GetZoomResetSensorLevel_FW
0xff92bdb0,GetZoomTelePoint_FW
0xff827584,GiveSemaphore
0xff827584,GiveSemaphore_FW
0xff879164,HardwareDefect_FW
0xff879114,HardwareDefectWithRestart_FW
0xffaa3f04,HitISLensAgainstBottomEdge_FW
0xffaa3ef0,HitISLensAgainstLeftEdge_FW
0xffaa3edc,HitISLensAgainstRightEdge_FW
0xffaa3f18,HitISLensAgainstTopEdge_FW
0xffaa4214,HitISMechaEdgeInOpenControl_FW
0xff8fb968,InactivateAdjLog_FW
0xff933ae4,InitializeAdjustmentFunction_FW
0xff933a74,InitializeAdjustmentSystem_FW
0xff84f12c,Initializedccd_FW
0xff84f12c,InitializeDigicon_FW
0xffaa4424,InitializeMechaDevice_FW
0xffa0981c,InitializeSoundRec_FW
0xff84ed54,InitializeTestRec_FW
0xffa9be28,IsAdjCdsMode_FW
0xffa3b030,ISAutoCenter_FW
0xffa3b06c,ISChangeOPENtoCLOSE_FW
0xff878ba8,IsControlEventActive_FW
0xffa3b464,ISControlStart_FW
0xffa3b474,ISControlStop_FW
0xff849c3c,IsDUIDFixFlag_FW
0xffaa13f8,IsEVFDrive_FW
0xffaa1728,IsEvfDriveMode_FW
0xffaa07a0,IsExStrobeChargeComp_FW
0xff849c0c,IsFactoryMode_FW
0xff927784,IsFocusLensOutSidePosition_FW
0xff85bb90,ISInitMotion_FW
0xff85b468,IsLensOutside_FW
0xff8fb994,IsLogOutType_FW
0xffa3b590,ISMDStart_FW
0xffa3b5a0,ISMDStop_FW
0xffa3b058,ISMoveToMechaEdgeOPEN_FW
0xffa3b484,ISPanModeStart_FW
0xffa3b494,ISPanModeStop_FW
0xff8ab714,IsStrobeChargeCompleted
0xffa323fc,IsZoomActuatorResetSensorPlusSide_FW
0xff92c0e4,IsZoomLensOutSidePosition_FW
0xff931d60,j_BeepDrive_FW
0xffaa4224,j_ChangeToISCloseControl_FW
0xffaa41f4,j_ClearISCalcZData_FW
0xffa9d6b8,j_ClearZoomDriveParam_FW
0xff9e2418,j_E2LatOn_FW
0xff9e00a8,j_EF.IsChargeFull_FW
0xff9320a8,j_exec_FW
0xff82424c,j_ExMem.AllocCacheable_FW
0xff824244,j_ExMem.AllocUncacheable_FW
0xff824250,j_ExMem.FreeCacheable_FW
0xff824248,j_ExMem.FreeUncacheable_FW
0xff824240,j_ExMem.View_FW
0xff931d5c,j_GetAdChValue_FW
0xff931d58,j_GetAdVBattBottom_FW
0xffa9ad7c,j_GetAEIntegWinData_FW
0xff931ddc,j_GetBatteryCoverClose_FW
0xff848e1c,j_GetBatteryTemperature_FW
0xff848e18,j_GetCCDTemperature_FW
0xffa9bc98,j_GetCdsPreGain_FW
0xffa9bcf0,j_GetCdsPreGainReg_FW
0xffa9c068,j_GetCurrentAvValue_FW
0xffaa2ae4,j_GetCurrentCcdTemp_FW
0xffa9be88,j_GetCurrentExposureTime_FW
0xffa9e0b4,j_GetCurrentFocusLensPosition_FW
0xffa9e0b4,j_GetCurrentFocusPosition_FW
0xffaa2ae8,j_GetCurrentOptTemp_FW
0xffa9be90,j_GetCurrentShutterSpeed_FW
0xffa9e078,j_GetCurrentTargetDistance_FW
0xffa9d4a0,j_GetCurrentZoomLensPoint_FW
0xffa9d49c,j_GetCurrentZoomLensPosition_FW
0xffa9d4a0,j_GetCurrentZoomPoint_FW
0xffa9d49c,j_GetCurrentZoomPosition_FW
0xff931dd8,j_GetDialEventId_FW
0xffa9e070,j_GetFocusDefaultResetPosition_FW
0xffa3a704,j_GetFocusLensCurrentPosition_FW
0xffa3a7d8,j_GetFocusLensDriveVoltage_FW
0xffa3a850,j_GetFocusLensHoldVoltage_FW
0xffa3a8c0,j_GetFocusLensPullInMaxSpeed_FW
0xffa3a70c,j_GetFocusLensResetDefaultPosition_FW
0xffa3a708,j_GetFocusLensResetPosition_FW
0xffa3a88c,j_GetFocusLensResetVoltage_FW
0xffa3a814,j_GetFocusLensSettingWaitVoltage_FW
0xffa3aad0,j_GetFocusPiSensorLevel_FW
0xffa9e074,j_GetFocusResetPosition_FW
0xffa3aa70,j_GetFocusStartZoomPosition_FW
0xffa3b28c,j_GetGyro10BitDACPitch_FW
0xffa3b290,j_GetGyro10BitDACYaw_FW
0xffa3b25c,j_GetGyroDataPitch_FW
0xffa3b260,j_GetGyroDataYaw_FW
0xffa3b2bc,j_GetGyroHPFINOffsetPitch_FW
0xffa3b2c0,j_GetGyroHPFINOffsetYaw_FW
0xffa3b2c4,j_GetGyroHPFINPitch_FW
0xffa3b2c8,j_GetGyroHPFINYaw_FW
0xffa3a98c,j_GetIrisAv_FW
0xffaa4348,j_GetISGyro10BitDACPitch_FW
0xffaa4350,j_GetISGyro10BitDACYaw_FW
0xffaa4328,j_GetISGyroDataPitch_FW
0xffaa4330,j_GetISGyroDataYaw_FW
0xffaa4358,j_GetISGyroHPFINOffsetPitch_FW
0xffaa4360,j_GetISGyroHPFINOffsetYaw_FW
0xffaa4338,j_GetISGyroHPFINPitch_FW
0xffaa4340,j_GetISGyroHPFINYaw_FW
0xffaa3fe0,j_GetISGyroPitchGain_FW
0xffaa3fdc,j_GetISGyroYawGain_FW
0xffaa3f98,j_GetISHallDevicePitchGain_FW
0xffaa3fa0,j_GetISHallDevicePitchOffset_FW
0xffaa3f94,j_GetISHallDeviceYawGain_FW
0xffaa3f9c,j_GetISHallDeviceYawOffset_FW
0xffaa418c,j_GetISLensDampAaxis_FW
0xffaa4190,j_GetISLensDampBaxis_FW
0xffaa405c,j_GetISPitchPWM_FW
0xffaa415c,j_GetISShiftLensPitchPosition_FW
0xffaa4160,j_GetISShiftLensYawPosition_FW
0xffaa4058,j_GetISYawPWM_FW
0xffa3aa6c,j_GetLensErrorStatus_FW
0xffa3acb8,j_GetMechaShutterStatus_FW
0xffaa221c,j_GetMovieJpegVRAMHPixelsSize_FW
0xffaa2220,j_GetMovieJpegVRAMVPixelsSize_FW
0xff848e14,j_GetOpticalTemperature_FW
0xff931dc0,j_GetSDDetect_FW
0xff931dc4,j_GetSDProtect_FW
0xff931dac,j_GetSwitchStatus_FW
0xffaa3180,j_GetVBatVoltage_FW
0xffaa1960,j_GetVRAMHPixelsSize_FW
0xffaa1964,j_GetVRAMVPixelsSize_FW
0xffa329d8,j_GetZoomActuatorCurrentPosition_FW
0xffa9d644,j_GetZoomDrivingTime_FW
0xffa3affc,j_GetZoomLensCurrentPoint_FW
0xffa3b024,j_GetZoomLensCurrentPosition_FW
0xffa3b02c,j_GetZoomLensMechaEdgePosition_FW
0xffa3b028,j_GetZoomLensTelePoint_FW
0xffa3aaf4,j_GetZoomPiSensorLevel_FW
0xffa9d604,j_GetZoomResetSensorLevel_FW
0xffa9d600,j_GetZoomTelePoint_FW
0xffa9e658,j_IsFocusLensOutSidePosition_FW
0xffa3aa68,j_IsLensOutside_FW
0xffa329dc,j_IsZoomActuatorResetSensorPlusSide_FW
0xffa9d830,j_IsZoomLensOutSidePosition_FW
0xff931d68,j_LEDDrive_FW
0xff9e8ee8,j_LiveImageTool.GetDzoomPosition_FW
0xff823cfc,j_Lseek_FW
0xff93201c,j_MemoryChecker_FW
0xff932018,j_MonSelEvent_FW
0xffaa4158,j_MoveISLensToCentralPosition_FW
0xff82423c,j_NewTaskShell_FW
0xff932090,j_Peek16_FW
0xff93208c,j_Peek32_FW
0xff932094,j_Peek8_FW
0xff932014,j_Printf_FW
0xff879388,j_PTM_AllReset_FW
0xff879810,j_PTM_BackupUIProperty_FW
0xff879764,j_PTM_GetWorkingCaptureMode_FW
0xff8797f4,j_PTM_IsEnableItem_FW
0xff8797e0,j_PTM_NextItem_FW
0xff8797e4,j_PTM_PrevItem_FW
0xff879768,j_PTM_SetCurrentItem_FW
0xff8797f8,j_PTM_SetProprietyEnable_FW
0xff8241d4,j_PutsCameraLogEvent_FW
0xff823b9c,j_Read_FW
0xffa9bbec,j_ReloadCdsAdjustment_FW
0xffaa0910,j_ReloadColorAdjustment_FW
0xffaa07b0,j_ReloadEfAdjustment_FW
0xffa9e06c,j_ReloadFocusLensAdjustment_FW
0xffa9c064,j_ReloadIrisAdjustment_FW
0xffa9c1bc,j_ReloadNdFilterAdjustment_FW
0xffa9cf60,j_ReloadWBAdjustment_FW
0xffa9d4c0,j_ReloadZoomAdjustment_FW
0xff932034,j_SDump_FW
0xffaa4154,j_SearchBCentralPosition_FW
0xffaa4154,j_SearchISLensCentralPosition_FW
0xffa9d848,j_SetZoomResetState_FW
0xff8241c8,j_ShowCameraLog_FW
0xff8241cc,j_ShowCameraLogInfo_FW
0xffaa3f90,j_StartBDrive_FW
0xffaa414c,j_StartBPanDrive_FW
0xff8241c4,j_StartCameraLog_FW
0xffaa4144,j_StartISAdjustmentDrive_FW
0xffaa3f90,j_StartISDrive_FW
0xffa3b054,j_StartISLocalAutoCenter_FW
0xffa3b050,j_StartISLocalHallAdjust_FW
0xffaa414c,j_StartISPanDrive_FW
0xffaa3f8c,j_StopBDrive_FW
0xffaa4150,j_StopBPanDrive_FW
0xff8241d0,j_StopCameraLog_FW
0xffaa1968,j_StopContinuousVRAMData_FW
0xffaa4148,j_StopISAdjustmentDrive_FW
0xffaa3f8c,j_StopISDrive_FW
0xffaa4150,j_StopISPanDrive_FW
0xff81cb4c,j_strcmp_FW
0xff932e5c,j_UIFS_Capture_FW
0xff932e60,j_UIFS_CaptureNoneStop_FW
0xff932e94,j_UIFS_DeleteAllSound_FW
0xff932d98,j_UIFS_MoveZoomTo_FW
0xff932e64,j_UIFS_StartMovieRecord_FW
0xff932e8c,j_UIFS_StartRecordSound_FW
0xff932e68,j_UIFS_StopMovieRecord_FW
0xff932e90,j_UIFS_StopRecordSound_FW
0xff932e9c,j_UIFS_WriteFirmInfoToFile_FW
0xff931d64,j_VbattGet_FW
0xff932020,j_VerifyByte_FW
0xff821ca0,kbd_p1_f
0xff821cac,kbd_p1_f_cont
0xff8214b8,kbd_p2_f
0xff821ba4,kbd_read_keys
0xff845de0,kbd_read_keys_r2
0xff8e2e84,LcdCon_GetLcdAdjParameter_FW
0xff8e3268,LcdCon_GetLcdBackLightParameter_FW
0xff8e3094,LcdCon_GetLcdParameter_FW
0xff8e2f0c,LcdCon_SaveLcdAdjParameter_FW
0xff8e32ec,LcdCon_SaveLcdBackLightParameter_FW
0xff8e311c,LcdCon_SaveLcdParameter_FW
0xff8e2de4,LcdCon_SetLcdAdjParameter_FW
0xff8e31e0,LcdCon_SetLcdBackLightBrightness_FW
0xff8e3210,LcdCon_SetLcdBackLightParameter_FW
0xff8e2d90,LcdCon_SetLcdDriver_FW
0xff8e2f28,LcdCon_SetLcdParameter_FW
0xff8e2ecc,LcdCon_ShowLcdAdjParameter_FW
0xff8e32ac,LcdCon_ShowLcdBackLightParameter_FW
0xff8e30dc,LcdCon_ShowLcdParameter_FW
0xffa73508,LCDMsg_ChangeColor_FW
0xffa73330,LCDMsg_Create_FW
0xffa7303c,LCDMsg_Delete_FW
0xffa72ffc,LCDMsg_Move_FW
0xffa73430,LCDMsg_SetNum_FW
0xffa73440,LCDMsg_SetStr_FW
0xffa733e0,LCDMsg_SwDisp_FW
0xff8459e8,LEDDrive
0xff8459e8,LEDDrive_FW
0xff9e8e78,LiveImageTool.ChangeDzoom_FW
0xff9e8f00,LiveImageTool.Dister_FW
0xff9e8e08,LiveImageTool.DzoomTele_FW
0xff9e8e28,LiveImageTool.DzoomWide_FW
0xff8c402c,LiveImageTool.GetDzoomPosition_FW
0xff9e8eec,LiveImageTool.Jump_FW
0xff9e8e58,LiveImageTool.Pause_FW
0xff9e8e68,LiveImageTool.Resume_FW
0xff9e87b8,LiveImageTool.StartEVF_FW
0xff9e8834,LiveImageTool.StartEVFFocusJet_FW
0xff9e88b0,LiveImageTool.StartEVFMF_FW
0xff9e8d10,LiveImageTool.StartEVFMovHD_FW
0xff9e8b9c,LiveImageTool.StartEVFMovQQVGA_FW
0xff9e8a24,LiveImageTool.StartEVFMovQVGA60_FW
0xff9e8ae0,LiveImageTool.StartEVFMovQVGA_FW
0xff9e8944,LiveImageTool.StartEVFMovVGA_FW
0xff9e8c58,LiveImageTool.StartEVFMovXGA_FW
0xff9e8dd8,LiveImageTool.StartMjpegMaking_FW
0xff9e8e48,LiveImageTool.StopDzoom_FW
0xff9e8dc8,LiveImageTool.StopEVF_FW
0xff9e8df8,LiveImageTool.StopMjpegMaking_FW
0xff84ad08,LoadAdjustmentTable_FW
0xff84b120,LoadAdjustmentValue_FW
0xff8faf00,LoadDataFromAdjTableBin_FW
0xffaa2f5c,LoadFactoryNumber_FW
0xff8fadfc,LoadParamDataFromAdjTableBin_FW
0xff86aa44,LoadScript_FW
0xffaa308c,LoadSerialNumber_FW
0xff86b25c,LocalTime
0xff878ec8,LockMainPower
0xff878ec8,LockMainPower_FW
0xff86ea98,LogCameraEvent
0xff823c34,Lseek
0xff823c34,lseek
0xff823c34,Lseek_FW
0xffa3dfec,MakeBootDisk_FW
0xff823414,MakeDirectory_Fut
0xffa3e000,MakeScriptDisk_FW
0xff8139a8,malloc
0xff931b84,Mecha.Create_FW
0xff931bdc,MechaReset_FW
0xff931be8,MechaTerminate_FW
0xff931b44,MechaUnRegisterEventProcedure_FW
0xff81cbb4,memcmp
0xff81cbb4,memcmp_FW
0xff8928f4,memcpy
0xff8928f4,memcpy_FW
0xffa3d0b0,MemoryChecker_FW
0xff9b8778,memset
0xff9b8778,memset_FW
0xff810bc4,memShow_FW
0xff823e98,mkdir
0xff893160,mktime_ext
0xffa3d998,MonSelEvent_FW
0xff876740,MoveControllerToTopOfZOrder_FW
0xffa39ce0,MoveCZToPoint_FW
0xffa39d78,MoveCZToPointByOVF_FW
0xffa39d48,MoveCZToTele_FW
0xffa39d18,MoveCZToWide_FW
0xffab94f0,MoveDCMotorCCW_FW
0xffab9480,MoveDCMotorCW_FW
0xffa3a290,MoveFocusActuator_FW
0xffa9e3fc,MoveFocusDistance_FW
0xffa9e3fc,MoveFocusLensToDistance
0xffa9e3fc,MoveFocusLensToDistance_FW
0xffa9e2e4,MoveFocusLensToPosition_FW
0xffa9e1c8,MoveFocusLensToPositionWithMaxSpeed_FW
0xffa9e20c,MoveFocusLensToPositionWithSpeed_FW
0xffa39f00,MoveFocusLensToTerminate_FW
0xffa9e0e4,MoveFocusLensToTerminatePosition_FW
0xffa39f5c,MoveFocusLensWithDistance_FW
0xffa3a068,MoveFocusLensWithPosition_FW
0xffa3a17c,MoveFocusLensWithPositionWithoutBacklash_FW
0xffa9e334,MoveFocusPosition_FW
0xffa9e0e4,MoveFocusToTerminate_FW
0xffa9c14c,MoveIrisFullClose_FW
0xffa9c118,MoveIrisFullOpen_FW
0xffa9c018,MoveIrisToAv_FW
0xffa3a934,MoveIrisToTerminatePosition_FW
0xffa3a93c,MoveIrisWithAv
0xffa3a93c,MoveIrisWithAv_FW
0xffa3a964,MoveIrisWithAvWithoutBacklash_FW
0xffaa3f64,MoveISLensToBottomLimitPosition_FW
0xff85c1f4,MoveISLensToCentralPosition_FW
0xffaa3f50,MoveISLensToLeftLimitPosition_FW
0xffaa3f3c,MoveISLensToRightLimitPosition_FW
0xffaa3f78,MoveISLensToTopLimitPosition_FW
0xffa3a9e8,MoveLensToFirstPoint_FW
0xffa3aa30,MoveLensToTerminatePoint_FW
0xffa32970,MoveZoomActuator_FW
0xffa3af8c,MoveZoomLensToMechaEdge_FW
0xffa9de7c,MoveZoomLensToMechaEnd_FW
0xffa9d930,MoveZoomLensToPoint_FW
0xffa9d8f4,MoveZoomLensToPosition_FW
0xffa9df1c,MoveZoomLensToPositionByManual_FW
0xffa3af4c,MoveZoomLensToTerminatePosition_FW
0xffa3aec4,MoveZoomLensWithPoint
0xffa3aec4,MoveZoomLensWithPoint_FW
0xffa3af08,MoveZoomLensWithPosition_FW
0xffa9d930,MoveZoomPoint_FW
0xffa9d8f4,MoveZoomPosition_FW
0xff871250,NewTaskShell
0xff8712b0,NewTaskShell_FW
0xff937028,NR_GetDarkSubType
0xff937028,NR_GetDarkSubType_FW
0xff937058,NR_GetDefectCorrectType_FW
0xff936f7c,NR_SetDarkSubType
0xff936f7c,NR_SetDarkSubType_FW
0xff936ffc,NR_SetDefectCorrectType_FW
0xff937088,NR_SetLotasPonyType_FW
0xff931d9c,OffPrintPhySw_FW
0xffa9ce28,OneShotWhigeBalance_FW
0xffa9ce28,OneTypeWhiteBalance_FW
0xff931d8c,OnPrintPhySw_FW
0xff823acc,Open
0xff8197b4,open
0xff823acc,Open_FW
0xff81bc1c,OpenConsole_FW
0xffa21c0c,OpenFastDir
0xffa9c2c8,OpenMShutter_FW
0xff8241d8,OpLog.Create_FW
0xff86fa38,OpLog.Get_FW
0xff86fa58,OpLog.Play_FW
0xff86f1a0,OpLog.ReadFromROM_FW
0xff86f240,OpLog.ReadFromSD_FW
0xff86f078,OpLog.Show_FW
0xff86fbd8,OpLog.Start_FW
0xff86f118,OpLog.Stop_FW
0xff86f144,OpLog.WriteToROM_FW
0xff86f60c,OpLog.WriteToSD_FW
0xff8fb514,OutputLogToFile_FW
0xff87bf0c,PB2Rec
0xffa3d8e0,Peek16_FW
0xffa3d8d8,Peek32_FW
0xffa3d8e8,Peek8_FW
0xff9d81f4,PointDefDetect_FW
0xff9d8384,PointKizuCheck_FW
0xff93206c,Poke16_FW
0xff93205c,Poke32_FW
0xff93207c,Poke8_FW
0xff876d68,PostEventShootSeqToUI_FW
0xff876ca4,PostLogicalEventForNotPowerType
0xff876ca4,PostLogicalEventForNotPowerType_FW
0xff876cf0,PostLogicalEventToUI
0xff876cf0,PostLogicalEventToUI_FW
0xff8271e4,PostMessageQueue
0xff8279ec,PostMessageQueueStrictly
0xffaa0ea0,PreFixAE_FW
0xff84b450,PrintAdjKabotanInfo_FW
0xff84b144,PrintAdjTableMap_FW
0xffa9a200,PrintAllAEIntegData_FW
0xff86aa38,Printf_FW
0xff8fb284,PrintFaexeVersioin_FW
0xff8fb250,PrintFirmVersion_FW
0xffaa0294,PrintMultiWinScanTable_FW
0xffaa0200,PrintScanTable_FW
0xff85f960,PT_ChangeZoomSpeed_FW
0xff85f6f8,PT_CompleteCaptModeChange_FW
0xff85f708,PT_CompleteCharge_FW
0xff85f710,PT_CompleteFileWrite_FW
0xff85f6c0,PT_CompletePreCapt_FW
0xff85f6e0,PT_CompleteStopDigZoom_FW
0xff85f6d8,PT_CompleteStopZoom_FW
0xff85f6e8,PT_CompleteStoreLens_FW
0xff85f700,PT_CompleteSynchroWrite_FW
0xff85f994,PT_DoAELock_FW
0xff85f974,PT_DoAFLock_FW
0xff85f718,PT_EraseAllFile_FW
0xff85f820,PT_GetLocalDateAndTimeString_FW
0xff85f7a8,PT_GetPropertyCaseInt_FW
0xff85f768,PT_GetSystemTime_FW
0xff85f880,PT_LCD_BkColorDef_FW
0xff85f9c4,PT_MFOff_FW
0xff85f9b4,PT_MFOn_FW
0xff85f740,PT_mod_FW
0xff85f94c,PT_MoveDigitalZoomAt_FW
0xff85f92c,PT_MoveDigitalZoomToTele_FW
0xff85f93c,PT_MoveDigitalZoomToWide
0xff85f93c,PT_MoveDigitalZoomToWide_FW
0xff85f914,PT_MoveOpticalZoomAt
0xff85f914,PT_MoveOpticalZoomAt_FW
0xff85f8ec,PT_MoveOpticalZoomToTele_FW
0xff85f900,PT_MoveOpticalZoomToWide_FW
0xff85f6f0,PT_MovieRecordStopped_FW
0xff85f6d0,PT_NextShootAvailable_FW
0xff85f28c,PT_PlaySound
0xff85f864,PT_PlaySound_FW
0xff85f6c8,PT_RecreviewAvailable_FW
0xff85f77c,PT_SetPropertyCaseInt_FW
0xff85f9a4,PT_UnlockAE_FW
0xff85f984,PT_UnlockAF_FW
0xff9599b4,PTM_AllReset_FW
0xff879378,PTM_AllResetToFactorySetting_FW
0xff95a6e0,PTM_BackupUIProperty_FW
0xff879774,PTM_GetCurrentItem_FW
0xff959d18,PTM_GetWorkingCaptureMode_FW
0xff95a614,PTM_IsEnableItem_FW
0xff95a0c8,PTM_NextItem_FW
0xff95a0d0,PTM_PrevItem_FW
0xff879814,PTM_RestoreUIProperty_FW
0xff8796b4,PTM_SetCurrentCaptureMode_FW
0xff959d30,PTM_SetCurrentItem_FW
0xff95a3cc,PTM_SetProprietyEnable_FW
0xffa3ad28,PutInNdFilter
0xffa9c1d4,PutInNdFilter_FW
0xffa3ad4c,PutOutNdFilter
0xffa9c20c,PutOutNdFilter_FW
0xff86e774,PutsCameraLogEvent_FW
0xffa84fc8,qsort
0xff9e2284,QuietImager_FW
0xff81ccbc,rand
0xff819a4c,Read
0xff819a4c,read
0xff819a4c,Read_FW
0xffa21ca0,ReadFastDir
0xff813b5c,realloc
0xffa296a0,reboot_fw_update
0xff87a8a4,Rec2PB
0xffa3ab3c,ReceiveMechaCircuitDataAll_FW
0xff827098,ReceiveMessageQueue
0xff8279c0,ReceiveMessageQueueStrictly
0xff84b350,RefreshAdjustmentTableMirror_FW
0xff9b8424,RefreshPhysicalScreen
0xffaa09cc,RegistColorMatrix_FW
0xff86d994,RegisterEventProcedure
0xff81ae8c,RegisterInterruptHandler
0xff94d388,RegisterLanguageName_FW
0xff869884,ReleaseRecursiveLock
0xff8bc434,ReloadCdsAdjustment_FW
0xff9ead38,ReloadColorAdjustment_FW
0xffaa3c2c,ReloadDefectAdjustmentData_FW
0xff9de08c,ReloadEfAdjustment_FW
0xff927880,ReloadFocusLensAdjustment_FW
0xff928478,ReloadIrisAdjustment_FW
0xff9297fc,ReloadNdFilterAdjustment_FW
0xffaa3c08,ReloadShadingAdjustmentData_FW
0xff9d7c24,ReloadWBAdjustment_FW
0xff92c154,ReloadZoomAdjustment_FW
0xffa09648,RemoveTransparentMemory_FW
0xff82334c,RenameFile_Fut
0xffa9e464,ResetFocus_FW
0xffa39e2c,ResetFocusLens
0xffa39e2c,ResetFocusLens_FW
0xffa3a910,ResetIris_FW
0xffa9d858,ResetZoom_FW
0xffa3ae18,ResetZoomLens
0xffa3ae18,ResetZoomLens_FW
0xffa3ae44,ResetZoomLensToFirst_FW
0xffa3ae84,ResetZoomLensToTermiante_FW
0xffa9d96c,ResetZoomToAdjFirstPoint_FW
0xffa9d9b0,ResetZoomToAdjTerminatePoint_FW
0xffa9d88c,ResetZoomToFirst_FW
0xffa9d88c,ResetZoomToFirstPoint_FW
0xffa9d8c0,ResetZoomToTerminate_FW
0xffa9d8c0,ResetZoomToTerminatePoint_FW
0xff8293dc,Restart
0xff8708f8,RomCheckSum_FW
0xff81b8d4,RotateConsoleZOder_FW
0xff84b0b4,SaveAdjustmentTable_FW
0xff84b0e8,SaveAdjustmentValue_FW
0xffaa2604,SaveBatSenseOffsetAdjustmentTable_FW
0xffaa2aec,SaveBmpVRAMData_FW
0xffaa3184,SaveFactoryReserveData_FW
0xffaa2dc0,SaveFromImage_FW
0xff94d384,SaveLanguageNameList_FW
0xffaa2c60,SavePaletteData
0xffaa2c60,SavePaletteData_FW
0xffa3d690,SDump_FW
0xff85c1b0,SearchBCentralPosition_FW
0xff85c1b0,SearchISLensCentralPosition_FW
0xffa9f1e8,SelectAdjBPFilter_FW
0xffa3b524,SelectPositionSignal_FW
0xffa3ab18,SendMechaCircuitData_FW
0xff878894,set_control_event
0xffaa0e18,SetAdj_AEMode_FW
0xffa9b558,SetAdjAEIntegSmearLimitter_FW
0xffa9f208,SetAdjAFWinPos_FW
0xffa9bd2c,SetAdjCdsMode_FW
0xffaa0d04,SetAE_CdsGainValue_FW
0xffaa0bc8,SetAE_ShutterSpeed
0xffaa0bc8,SetAE_ShutterSpeed_FW
0xffa9b550,SetAEIntegAverageOBData_FW
0xffa9ab50,SetAEIntegralValueProperty_FW
0xffa9aaec,SetAEIntegStrobeProperty_FW
0xffa9b228,SetAEIntegValueBit_FW
0xffa9b1d4,SetAEIntegWindowsMode_FW
0xff878f3c,SetAutoShutdownTime
0xff878f3c,SetAutoShutdownTime_FW
0xffa9f248,SetBPFilterForBP_FW
0xffa9bc3c,SetCDSGain_FW
0xffa9bd14,SetCDSGainStep_FW
0xffa9bc3c,SetCdsGainValue_FW
0xffa9bc68,SetCdsPreGain_FW
0xffa9bcc0,SetCdsPreGainReg_FW
0xff8800bc,SetCurrentCaptureModeType
0xff8800bc,SetCurrentCaptureModeType_FW
0xffaa261c,SetDate_FW
0xffaa2818,SetDay_FW
0xffa9b568,SetDefaultAEIntegSmearLimitter_FW
0xff8fd534,SetDefaultRecParameter_FW
0xff8fd8f0,SetDefectRecParameter_FW
0xffa9bba8,SetDeltaCDSGain_FW
0xff849bd0,SetDUIDFixFlag_FW
0xff84fa9c,SetEscapeCrwBuffer_FW
0xff8694d4,SetEventFlag
0xffaa07a8,SetExStrobeMode_FW
0xff849af8,SetFactoryMode_FW
0xffaa2f4c,SetFactorySerialNumber_FW
0xffa09150,SetFaexeEventTableActivation_FW
0xff823e20,SetFileAttributes
0xff823dd0,SetFileTimeStamp
0xffa3a444,SetFocusLensCondition_FW
0xffa3a430,SetFocusLensDefaultPullOutTable_FW
0xffa3a7dc,SetFocusLensDriveVoltage_FW
0xffa3a854,SetFocusLensHoldVoltage_FW
0xffa3a5dc,SetFocusLensMaxSpeedLimit_FW
0xffa3a818,SetFocusLensSettingWaitVoltage_FW
0xffa3a34c,SetFocusLensSpeed_FW
0xffa3a378,SetFocusLensSpeedTable_FW
0xffa3b264,SetGyro10BitDACPitch_FW
0xffa3b278,SetGyro10BitDACYaw_FW
0xffa3b2e8,SetGyroFilterChargeStart_FW
0xffa3b2fc,SetGyroFilterChargeStop_FW
0xffa3b294,SetGyroHPFINOffsetPitch_FW
0xffa3b2a8,SetGyroHPFINOffsetYaw_FW
0xffaa2880,SetHour_FW
0xff86cef4,SetHPTimerAfterNow
0xff86cf74,SetHPTimerAfterTimeout
0xff931dc8,SetIgnoreAVJACK_FW
0xffaa2614,SetImageMode_FW
0xffaa25f0,SetInputVoltage_FW
0xffaa419c,SetISCutOffFreqIndex_FW
0xffa3b07c,SetISDriveAaxis_FW
0xffa3b090,SetISDriveBaxis_FW
0xffaa42c0,SetISGyro10BitDACPitch_FW
0xffaa42dc,SetISGyro10BitDACYaw_FW
0xffaa4370,SetISGyroFilterCharge_FW
0xffa3b0f4,SetISGyroGainAaxis_FW
0xffa3b108,SetISGyroGainBaxis_FW
0xffaa42f8,SetISGyroHPFINOffsetPitch_FW
0xffaa4314,SetISGyroHPFINOffsetYaw_FW
0xffaa40cc,SetISGyroPitchGain_FW
0xffaa40e0,SetISGyroPitchOffset_FW
0xffaa40b8,SetISGyroYawGain_FW
0xffaa40dc,SetISGyroYawOffset_FW
0xffaa40fc,SetISHallDevicePitchGain_FW
0xffaa4124,SetISHallDevicePitchOffset_FW
0xffaa40e8,SetISHallDeviceYawGain_FW
0xffaa4110,SetISHallDeviceYawOffset_FW
0xffa3b0cc,SetISHallGainAaxis_FW
0xffa3b0e0,SetISHallGainBaxis_FW
0xffa3b0a4,SetISHallOffsetAaxis_FW
0xffa3b0b8,SetISHallOffsetBaxis_FW
0xffa3b548,SetISHPFCutoff_FW
0xffaa419c,SetISHPFCutOffFreqIndex_FW
0xffa3b5b0,SetISLPFAaxis_FW
0xffa3b5c4,SetISLPFBaxis_FW
0xffaa41ac,SetISLPFCutOffFreqAaxis_FW
0xffaa41bc,SetISLPFCutOffFreqBaxis_FW
0xffa3b4b4,SetISMovieStatus_FW
0xffaa4090,SetISPitchPWM_FW
0xffa3b4a4,SetISStillStatus_FW
0xffa3b2cc,SetISTuningFlag_FW
0xffaa40a4,SetISYawPWM_FW
0xffaa2aa8,SetLangMenuType_FW
0xffa9b518,SetLineDefMarkThroughMode_FW
0xff878c18,SetLogicalEventActive
0xffaa43c0,SetLoopGain_FW
0xffaa41d0,SetLPFForParallelFilter_FW
0xffa3b4d8,SetLPFParallelBest_FW
0xffa3aca4,SetMechaShutterWaitTimeSetting_FW
0xffaa28e4,SetMinute_FW
0xffaa27bc,SetMonth_FW
0xffa3ad70,SetNdDacSetting_FW
0xffa9bc34,SetObClamp_FW
0xffa9bc34,SetObClampValue_FW
0xffa9cda8,SetOneShotWBParam_FW
0xffa9cda8,SetOneTypeWBParam_FW
0xff95a6e0,SetParameterData
0xff8716a0,SetPropertyCase
0xff931d7c,SetRawSWCheckMode_FW
0xffa9cebc,SetReferenceWBGainForCalibration_FW
0xffa9ef0c,SetScanLensIndex_FW
0xffa9f014,SetScanWindowMode_FW
0xff878c68,SetScriptMode
0xff878c68,SetScriptMode_FW
0xff931d2c,SetSDPwrPort_FW
0xffaa2948,SetSecond_FW
0xff8fd8d4,SetSensitiveDefectRecParameter_FW
0xff8fd8e4,SetSensitiveRecParameter_FW
0xffa9bf0c,SetShutterSpeed_FW
0xffa9bebc,SetShutterSpeedWithMecha_FW
0xff81aecc,SetSR
0xff827f4c,SetTimerAfter
0xff827fcc,SetTimerWhen
0xffa9cee8,SetToolCorrectCoefficient_FW
0xffaa13f0,SetVideoOutType_FW
0xffa9ce7c,SetWBYlStandardWidth_FW
0xffa9b15c,SetWhiteCoefficient_FW
0xffaa275c,SetYear_FW
0xffa329b0,SetZoomActuatorSpeedPPS_FW
0xffa9dc60,SetZoomCommonDriveParam_FW
0xffa9db6c,SetZoomDriveParam_FW
0xffa9d9f4,SetZoomLensEncoderPowerControl_FW
0xffa3aff4,SetZoomLensSpeedMode_FW
0xffa9dc04,SetZoomNormalDriveParam_FW
0xffaa4134,SetZoomPointToIS_FW
0xffa3b450,SetZoomPosition_FW
0xffa9dbb8,SetZoomResetDriveParam_FW
0xffa34f5c,SetZoomResetState_FW
0xff9320ac,ShowAllTaskInfo_FW
0xff86e824,ShowCameraLog_FW
0xff86e7b8,ShowCameraLogInfo_FW
0xffaa0b70,ShowCurrentExp_FW
0xff84ac4c,ShowDefaultAdjTableVersion_FW
0xffa3a568,ShowFocusLensCurrentSpeedTable_FW
0xff94d358,ShowLanguageNameList_FW
0xff876dc4,ShowLogicalEventName_FW
0xff931bf4,ShowMechaMacro_FW
0xff931d6c,ShowPhySwStatus_FW
0xff931db0,ShowSDStatus_FW
0xffa09578,ShowTransparentMemory_FW
0xff8723f4,ShutdownPlayModeMenu_FW
0xff8724b4,ShutdownPlayModeMenuWithoutPbRedraw_FW
0xff87232c,ShutdownRecModeMenu_FW
0xffaa10d0,SleepAE_FW
0xff8277ec,SleepTask
0xff8277ec,SleepTask_FW
0xff81cab4,sprintf_FW
0xff81ccb0,srand
0xff85f9d4,SS.Create_FW
0xff9b87f4,sscanf_FW
0xffa9f334,StartAdjAFService_FW
0xffa9b4dc,StartAEIntegralService_FW
0xff85c0e4,StartBDrive_FW
0xff85c0f4,StartBPanDrive_FW
0xff86e874,StartCameraLog_FW
0xff932e6c,StartClockMode_FW
0xffa9fbd0,StartCrwCustomScan_FW
0xffa9fb58,StartCustomScan_FW
0xffa5b408,StartDirectTransferManager_FW
0xffa5c134,StartDtConfirmMenu_FW
0xffac2d54,StartDtExecuteMenu_FW
0xffaa16d8,StartEVFDrive_FW
0xffaa1694,StartEVFDriveWithMode_FW
0xff849c7c,StartFactoryModeController_FW
0xff89247c,StartGUISystem_FW
0xffa3b5d8,StartImStEventProc_FW
0xff85c0e4,StartISAdjustmentDrive_FW
0xff85c0e4,StartISDrive_FW
0xffa3b040,StartISLocalAdjust_FW
0xff85c104,StartISLocalAutoCenter_FW
0xff85c144,StartISLocalHallAdjust_FW
0xff85c0f4,StartISPanDrive_FW
0xff8fb97c,StartLogOut_FW
0xff872214,StartPlayModeMenu_FW
0xff872294,StartRecModeMenu
0xff872294,StartRecModeMenu_FW
0xff81c488,StartRedirectUART_FW
0xffa097d4,StartSoundPlay_FW
0xffa0979c,StartSoundRecord_FW
0xffa41680,StartTransferOrderMenu_FW
0xff870490,StartWDT_FW
0xff823d00,stat
0xffa9f72c,StopAdjAFInteg_FW
0xffa9f4ac,StopAdjAFService_FW
0xffa9b250,StopAEIntegralService_FW
0xff85c0ec,StopBDrive_FW
0xff85c0fc,StopBPanDrive_FW
0xff86ea38,StopCameraLog_FW
0xff8c425c,StopContinuousVRAMData_FW
0xffa9fb2c,StopCustomScan_FW
0xffaa1420,StopEVFDrive_FW
0xff85c0ec,StopISAdjustmentDrive_FW
0xff85c0ec,StopISDrive_FW
0xff85c0fc,StopISPanDrive_FW
0xff8fb620,StopLogOut_FW
0xffaa0868,StopStrobeChargeForFA_FW
0xffa5bff0,StoptDtConfirmMenu_FW
0xff8704f4,StopWDT_FW
0xffa9d838,StopZoomEmergency_FW
0xff892708,strcat
0xff892790,strchr
0xff81cb4c,strcmp
0xff81cb74,strcmp_FW
0xff81cb34,strcpy
0xff81cb34,strcpy_FW
0xff892b68,strftime
0xff81cb90,strlen
0xff81cb90,strlen_FW
0xff892744,strncmp
0xff82d678,strncpy
0xff9b8750,strrchr
0xff82d8b0,strtol
0xff82d6b4,strtolx
0xffaa1340,SwitchOffDisplay_FW
0xffaa1378,SwitchOnDisplay_FW
0xff93274c,System.Create_FW
0xff9320bc,System.Delete_FW
0xff93274c,SystemEventInit_FW
0xff8274b4,TakeSemaphore
0xff8274b4,TakeSemaphore_FW
0xff827994,TakeSemaphoreStrictly
0xff8acd68,task_AfIntSrvTask
0xff8350c0,task_AFTask
0xff848314,task_ASIF
0xff8465cc,task_AudioTsk
0xffabdf80,task_AviRead
0xff844ea4,task_BeepTask
0xff89e268,task_BrtMsrTask
0xff829260,task_Bye
0xff861cfc,task_CaptSeq
0xff861cfc,task_CaptSeqTask
0xff8337c4,task_ChaceFace
0xff814fd0,task_ClockSave
0xff9de9dc,task_CntFlashTask
0xff87c9b8,task_CommonDrivers
0xffa3b720,task_CreateHeaderTask
0xff875d80,task_CtrlSrv
0xffa26d34,task_DecJpgRd
0xff8a93c0,task_DetectMoveTask
0xff9bd490,task_DetectVerticalWound
0xff8aaf08,task_DevelopModule
0xff9ee778,task_DirectOpEventQueueMngr
0xff8340e8,task_DispFace
0xff909978,task_DPOFTask
0xff884bb0,task_DSITask
0xff9369b4,task_DvlpSeqTask
0xff8ab44c,task_EFChargeT
0xffab77d8,task_EffctDrv
0xff87119c,task_EvShel
0xff8a4608,task_ExpDrv
0xff9c5e38,task_ExpDrvSubTask
0xff8a4608,task_ExpDrvTask
0xff884838,task_FaceFrame
0xff8fa178,task_Fencing
0xffa1d78c,task_FileScheduleTask
0xffa1e5c0,task_FileWrite
0xffa1e5c0,task_FileWriteTask
0xffa25cd4,task_FilYuvMaker
0xffa2bf2c,task_FocusEvent
0xff904a44,task_FolderCreateCheckTask
0xffa21790,task_FORMAT_TASK_NAME
0xffa2168c,task_FORMAT_TASK_PROGRESS
0xff85269c,task_FsIoNotifyTask
0xff838074,task_ImageSensorTask
0xffa2a7c8,task_ImgDLight
0xff91de58,task_ImgEdt
0xff858a1c,task_ImgPlayDrv
0xff91eaf4,task_ImgTrim
0xff87c980,task_InitFileModules
0xff92c7e0,task_ISComTask
0xff85b850,task_ISMainTask
0xff846338,task_JogDial
0xff845488,task_LEDCon
0xff85a0c0,task_LensController
0xff9e8014,task_LiveImageTask
0xffa3055c,task_MechaShutter
0xff90529c,task_MetaCtg
0xff8e57d8,task_MotionVector
0xffa38eec,task_MovEdit
0xff85e03c,task_MovieRecord
0xffa36008,task_MovPlay
0xffabc974,task_MovRead
0xff92f1ec,task_MovWrite
0xffa30ed4,task_Nd
0xff8a8434,task_OBCtrlTask
0xff86ef08,task_OpePlay
0xff821814,task_PhySw
0xff8c442c,task_PrcssFil
0xff8d0854,task_PreLoadTask
0xff9ee438,task_PTPtoFAPI_EventProcTask
0xff8d7ba4,task_RapiRevr
0xffab5a6c,task_ReadFileTask
0xffa1f938,task_ReadScheduleTask
0xff859adc,task_RedEyeCapt
0xff920828,task_RedEyePly
0xff846338,task_RotaryEncoder
0xff855ddc,task_SD1stInit
0xff9f1de8,task_SelectThumbCache
0xff938fb4,task_SoundPlay
0xff938648,task_SoundRecord
0xff8bd9a8,task_SsgMainTask
0xff8bdbc8,task_SsgPeriodTask
0xff860ddc,task_SsStartupTask
0xff866ae8,task_SsTask
0xff81c144,task_Startup
0xff829b18,task_StartupImage
0xff8c4fd0,task_SynchTask
0xff8c4f48,task_SyncPeriod
0xff820264,task_TempCheck
0xff8c1390,task_TgTask
0xff848a6c,task_Thermometer
0xff8c6cd8,task_TimerUtility
0xff8d51a4,task_TrnsCtrlTask
0xff81c334,task_UartLog
0xff939608,task_WavRead
0xff939fe0,task_WavWrite
0xff8a754c,task_WBCtrl
0xff8976bc,task_WBIntegTask
0xff9d6178,task_WBLPFace
0xff87031c,task_WdtPrint
0xff8703d0,task_WdtReset
0xffa31c44,task_ZoomEvent
0xff933aac,TerminateAdjustmentSystem_FW
0xff84f26c,Terminatedccd_FW
0xff84f26c,TerminateDigicon_FW
0xffaa445c,TerminateMechaDevice_FW
0xffa09850,TerminateSoundRec_FW
0xff84edbc,TerminateTestRec_FW
0xff826cf4,TestAssert_FW
0xff826d20,TestAssertInt_FW
0xff826d40,TestException_FW
0xff826d5c,TestExceptionInt_FW
0xff826d7c,TestPanic_FW
0xff826dac,TestPanicInt_FW
0xff86b83c,time
0xff82729c,TryPostMessageQueue
0xff827160,TryReceiveMessageQueue
0xff827460,TryTakeSemaphore
0xff886078,TurnOffBackLight
0xff841eb8,TurnOffDisplay
0xff8471e8,TurnOffVideoOutMode_FW
0xff886060,TurnOnBackLight
0xff841ea8,TurnOnDisplay
0xff8471b0,TurnOnVideoOutMode_FW
0xff933968,UI.Create_FW
0xff933968,UI_RegistDebugEventProc_FW
0xff932994,UI_ShowStateOfRecMode_FW
0xff878c18,UiEvnt_SetLogicalEventActive_FW
0xff878c9c,UiEvnt_StartDisguiseCradleStatus_FW
0xff878cac,UiEvnt_StopDisguiseCradleStatus_FW
0xff95fb08,UIFS_Capture_FW
0xff95fc10,UIFS_CaptureNoneStop_FW
0xff932f1c,UIFS_ChangeShootState_FW
0xff932bc0,UIFS_ClosePopupStrobe_FW
0xff932d38,UIFS_ConnectVideo_FW
0xff8911f4,UIFS_DeleteAllSound_FW
0xff932d68,UIFS_DisconnectVideo_FW
0xff932e7c,UIFS_EndClockMode_FW
0xff932ea0,UIFS_GetMovieRecoadableNumber_FW
0xff932ee8,UIFS_GetStillShotableNumber_FW
0xff932bf0,UIFS_MountExtFlash_FW
0xff960d24,UIFS_MoveZoomTo_FW
0xff932b90,UIFS_OpenPopupStrobe_FW
0xff932e34,UIFS_PostModeDial_FW
0xff932c50,UIFS_PressTeleButton_FW
0xff932cc4,UIFS_PressWideButton_FW
0xff932da0,UIFS_RestartPostingUIEvent_FW
0xff932e14,UIFS_SetCaptureModeToISO3200_FW
0xff932dd8,UIFS_SetCaptureModeToM_FW
0xff932e0c,UIFS_SetCaptureModeToMacro_FW
0xff932ae0,UIFS_SetCaptureModeToP_FW
0xff932da4,UIFS_SetCaptureModeToTv_FW
0xff932e98,UIFS_SetCradleSetting_FW
0xff932b48,UIFS_SetDialMovieRec_FW
0xff932b70,UIFS_SetDialPlay_FW
0xff932aa0,UIFS_SetDialStillRec_FW
0xff932f40,UIFS_ShootSeqToUI_FW
0xff932e6c,UIFS_StartClockMode_FW
0xff883d50,UIFS_StartMovieRecord_FW
0xff8910dc,UIFS_StartRecordSound_FW
0xff883d84,UIFS_StopMovieRecord_FW
0xff932d9c,UIFS_StopPostingUIEvent_FW
0xff891128,UIFS_StopRecordSound_FW
0xff932c20,UIFS_UnmountExtFlash_FW
0xff932c8c,UIFS_UnpressTeleButton_FW
0xff932d00,UIFS_UnpressWideButton_FW
0xff94b858,UIFS_WriteFirmInfoToFile
0xff94b858,UIFS_WriteFirmInfoToFile_FW
0xff8498d4,UndisplayFactoryMode_FW
0xff86a948,UnLoadScript_FW
0xff8258e8,UnlockAE
0xff825610,UnlockAF
0xff878e1c,UnlockMainPower
0xff878e1c,UnlockMainPower_FW
0xffaa0a04,UnregistColorMatrix_FW
0xff81aeb0,UnregisterInterruptHandler
0xff9607a0,UnsetZoomForMovie
0xff8552ec,UpdateMBROnFlash
0xff820570,VbattGet
0xff820570,VbattGet_FW
0xffa3d144,VerifyByte_FW
0xff81caf8,vsprintf
0xff932098,Wait_FW
0xff869414,WaitForAllEventFlag
0xff827a44,WaitForAllEventFlagStrictly
0xff869330,WaitForAnyEventFlag
0xff827a18,WaitForAnyEventFlagStrictly
0xff9d63e4,wblpface.clear_FW
0xff9d63a4,wblpface.init_FW
0xff9d63c4,wblpface.start_FW
0xff9d63d4,wblpface.stop_FW
0xff9d63b4,wblpface.term_FW
0xff823ba0,Write
0xff823ba0,write
0xff823ba0,Write_FW
0xff84b4dc,WRITEADJTABLETOFROM_FW
0xffaa3fe4,WriteGyroAdjustment_FW
0xffaa3fa4,WriteHallDeviceAdjustment_FW
0xffaa4060,WritePWMAdjustment_FW
0xff918858,WriteSDCard
0xff93b93c,WriteToRom_FW
