0xff051dec,_avsLoadAdjTableData_FW
0xff0522cc,_avsSaveAdjTableData_FW
0xff051dcc,_avsShowAdjTableData_FW
0xff02aec8,_GetSystemTime
0xff45fc28,_log
0xff460168,_log10
0xff4602e0,_pow
0xff462240,_sqrt
0xff154e6c,_srRegDump_FW
0xff00fef8,_uartr_req
0xff18fe2c,AbortAEIntegralValue_FW
0xff0877bc,AcquireRecursiveLock
0xff02a8a4,AcquireRecursiveLockStrictly
0xff191dec,ActivateAdjLog_FW
0xff127540,ActivateImager_FW
0xff1275cc,ActivateImagerXOne_FW
0xff3726f0,ActivateISMD_FW
0xff2eb4f0,add_ptp_handler
0xff1db7c0,AdditionAgentRAM_FW
0xff32e514,AddTransparentMemory_FW
0xff406aac,AdjAEWithAperturePriority_FW
0xff406a58,AfAEWithAperturePriority_FW
0xff406c54,AfAEWithCompensation_FW
0xff2d6400,AFTool.GetEVal_FW
0xff37459c,AllocateMemory
0xff37459c,AllocateMemory_FW
0xff02ac2c,AllocateUncacheableMemory
0xff2a1304,apex2us
0xff0b494c,atol_FW
0xff190c20,AttachIntegCrawData_FW
0xff32e54c,AttachToTransparentMemory_FW
0xff052198,AVS_ErrCheck_FW
0xff0520f4,AVS_Execute_FW
0xff052018,AVS_Initialize_FW
0xff052214,AVS_SetVoltage_FW
0xff155034,AVS_Terminate_FW
0xff3e4484,Bat_Calc_FW
0xff4080bc,Bat_Save_FW
0xff4080a8,Bat_VIN_FW
0xff054f1c,BeepDrive_FW
0xff054f3c,BeepDriveComp_FW
0xff053058,CalcAccelerometerAtanAngle_FW
0xff401c8c,CalcLog10_FW
0xff40c1b4,CalcLoopGain_FW
0xff401d7c,CalcSqrt_FW
0xff3e4484,CalculateBatSenseOffset_FW
0xff405bec,CalculateInterpolationByLS_FW
0xff401c2c,CalculateLog2ToApex_FW
0xff401bf4,CalculatePeakFromLeastSquareResult_FW
0xff405b8c,CalculatePeakPosByLS_FW
0xff401c40,CalculatePow2FromApex_FW
0xff32e198,CalculateProtractorATanData_FW
0xff0664a0,CalculateTestRecYUVData_FW
0xff406880,CancelAdj_AEMode_FW
0xff3fff30,CancelAdjCdsMode_FW
0xff4046d0,CancelBPFilterForBP_FW
0xff4061c4,CancelExStrobeMode_FW
0xff37095c,CancelFocusLensMaxSpeedLimit_FW
0xff08b0a8,CancelHPTimer
0xff12784c,CancelImageDrive_FW
0xff12776c,CancelImager_FW
0xff077180,CancelLoopGainCalc_FW
0xff02b0e4,CancelTimer
0xff0c2f28,Capture.CotiRegular_FW
0xff1ce40c,Capture.Create_FW
0xff400af8,CaptureWithParam_FW
0xff15c578,CecRegDump_FW
0xff32e0b0,ChangeAdjImgDrvMode_FW
0xff32e0dc,ChangeAEIntegDrvTypeToAdjImgDriveType_FW
0xff2c2bd8,ChangeCrossThresholdTable_FW
0xff2c2ef0,ChangeDefectRecParam_FW
0xff407e7c,ChangeDistortionSetForLiveImage_FW
0xff40be18,ChangeFilterMode_FW
0xff370ac4,ChangeFocusDistanceToPosition_FW
0xff2c29ec,ChangeGradeTable_FW
0xff400b40,ChangeImageDrive_FW
0xff1277f0,ChangeImagerToAlternateDraft_FW
0xff1277a8,ChangeImagerToCombiParallel_FW
0xff1277e8,ChangeImagerToDigiconMode_FW
0xff127830,ChangeImagerToFantaJungle_FW
0xff127818,ChangeImagerToFastBP_FW
0xff1277b8,ChangeImagerToFocusJet_FW
0xff127820,ChangeImagerToHarleyDavidson_FW
0xff1277d8,ChangeImagerToHoneyFlash_FW
0xff127838,ChangeImagerToHoneyFlashDark_FW
0xff1277d0,ChangeImagerToJetDraft_FW
0xff127828,ChangeImagerToMachDashV_FW
0xff1277c0,ChangeImagerToMangoPudding_FW
0xff1277e0,ChangeImagerToMillefeAdjust_FW
0xff127808,ChangeImagerToMontblancMillefe_FW
0xff127810,ChangeImagerToMontblancMovie_FW
0xff127800,ChangeImagerToMontblancWhole_FW
0xff1277e8,ChangeImagerToOITA_XAVIER_FW
0xff127840,ChangeImagerToRoadKing_FW
0xff1277c8,ChangeImagerToSuperWideDraft_FW
0xff1277f8,ChangeImagerToUltraGhostQ_FW
0xff127790,ChangeImagerToWholeParallel_FW
0xff127798,ChangeImagerToWholeParallelBP_FW
0xff1277a0,ChangeImagerToWholeParallelBPOne_FW
0xff1277b0,ChangeImagerToWideDraft_FW
0xff370f8c,ChangeIrisSpeed_FW
0xff371fa8,ChangeParallelMode_FW
0xff0557d8,ChangePowerState_FW
0xff2c2f68,ChangeSensSpeadThreshold_FW
0xff076bd4,ChangeToISCloseControl_FW
0xff37191c,ChangeZoomLensMagnificationToPoint_FW
0xff371914,ChangeZoomLensPointToMagnification_FW
0xff406200,ChargeStrobe_FW
0xff406234,ChargeStrobeForFA_FW
0xff087344,CheckAllEventFlag
0xff0872fc,CheckAnyEventFlag
0xff052198,CheckAvs_FW
0xff08e874,CheckSumAll_FW
0xff02511c,ClearDUIDFixFlag_FW
0xff025018,ClearDurianMode_FW
0xff087564,ClearEventFlag
0xff025248,ClearFactoryMasterFlag_FW
0xff025260,ClearFactoryMasterROMProtection_FW
0xff025018,ClearFactoryMode_FW
0xff076f60,ClearISCalcZData_FW
0xff37201c,ClearISIComponent_FW
0xff372040,ClearISZData_FW
0xff4249c8,ClearPMByFs_FW
0xff4249a0,ClearPMByGpio_FW
0xff402f7c,ClearZoomCommonDriveParam_FW
0xff1c57e4,ClearZoomDriveParam_FW
0xff026458,Close
0xff00abd0,close
0xff026458,Close_FW
0xff00f960,CloseConsole_FW
0xff34c200,closedir
0xff3712e0,CloseMechaShutter_FW
0xff371328,CloseMechaShutterWithTiming_FW
0xff4012a0,CloseMShutter_FW
0xff372708,CommunicateMechaCPU_FW
0xff32e048,ConvertAdjImgDrvModeToAdjImgDriveType_FW
0xff32dffc,ConvertAEIntegDrvTypeToAdjImgDriveType_FW
0xff401ce4,ConvertApexStdToApex_FW
0xff401cb4,ConvertApexToApexStd_FW
0xff402278,ConvertCxCyToWBGain_FW
0xff403304,ConvertToPositionWithDistance_FW
0xff4032e0,ConvertToPositionWithDistanceAndZoomPoint_FW
0xff400bec,ConvertTvToExposureTime_FW
0xff00f6c4,CPrintf_FW
0xff00f71c,CPutChar_FW
0xff0614ac,CreateAdjustmentTableMirror_FW
0xff02a158,CreateBinarySemaphore
0xff02a75c,CreateBinarySemaphoreStrictly
0xff093db4,CreateController_FW
0xff02a1c0,CreateCountingSemaphore
0xff02a1c0,CreateCountingSemaphore_FW
0xff02a780,CreateCountingSemaphoreStrictly
0xff0614bc,CreateDefectTableMirror_FW
0xff087254,CreateEventFlag
0xff02a738,CreateEventFlagStrictly
0xff191730,CreateFADBGSingalID_FW
0xff40a45c,CreateJumptable
0xff029d94,CreateMessageQueue
0xff02a714,CreateMessageQueueStrictly
0xff08c30c,CreateProxyOfEventProcedure_FW
0xff08771c,CreateRecursiveLock
0xff02a7a4,CreateRecursiveLockStrictly
0xff00eaf0,CreateTask
0xff00eaf0,CreateTask_FW
0xff02a6e0,CreateTaskStrictly
0xff2c29f4,CrossDefDetect_FW
0xff094034,CtrlMan_ChangeZOrder_FW
0xff073a90,CzDebugPrint_FW
0xff073a98,CzDebugPrintToFile_FW
0xff0550f0,Dcdc_Down_Avs_Voltage_Step_FW
0xff055080,Dcdc_Get_Avs_Voltage_Step_FW
0xff055018,Dcdc_Set_Avs_Voltage_Step_FW
0xff055190,Dcdc_Up_Avs_Voltage_Step_FW
0xff00edc8,DebugAssert
0xff093e90,DeleteController_FW
0xff025e54,DeleteDirectory_Fut
0xff0872ac,DeleteEventFlag
0xff025d70,DeleteFile_Fut
0xff029e18,DeleteMessageQueue
0xff08c364,DeleteProxyOfEventProcedure_FW
0xff08776c,DeleteRecursiveLock
0xff02a218,DeleteSemaphore
0xff02a218,DeleteSemaphore_FW
0xff40a2bc,DevelopStillPicture_FW
0xff2c3004,DevelopTool.DevelopTest_FW
0xff1913d8,DeviceUniqueIDCheckSum_FW
0xff0530c4,DisableAcceleLogRead_FW
0xff053080,DisableAcceleLogWrite_FW
0xff194274,DisableDebugLogMode_FW
0xff372368,DisableDISModeChange_FW
0xff3709b8,DisableFocusLens_FW
0xff370a30,DisableFocusLensGainLock_FW
0xff370a5c,DisableFocusLensWaveLock_FW
0xff3711b4,DisableFocusPiCircuit_FW
0xff370f00,DisableIris_FW
0xff35b050,DisableIrisActuator_FW
0xff3720ec,DisableISAutoGyroOffset_FW
0xff3720cc,DisableISDriveError_FW
0xff37110c,DisableLensError_FW
0xff372528,DisableMacroIS_FW
0xff371194,DisableMechaCircuit_FW
0xff3711fc,DisableZoomEncoderCircuit_FW
0xff3718f0,DisableZoomLensElectricControl_FW
0xff3715b4,DisableZoomLensEncoderPowerControl_FW
0xff3718c8,DisableZoomLensSpeedControl_FW
0xff3711d8,DisableZoomPiCircuit_FW
0xff2e3714,DisnableCMOS_NoClipN_FW
0xff050738,DispCon_GetVideoAdjParameter_FW
0xff0507d8,DispCon_SaveVideoAdjParameter_FW
0xff050250,DispCon_SetDisplayType_FW
0xff050640,DispCon_SetMaxBackLightBrightness_FW
0xff0506c0,DispCon_SetVideoAdjParameter_FW
0xff050174,DispCon_ShowBitmapColorBar
0xff050174,DispCon_ShowBitmapColorBar_FW
0xff050158,DispCon_ShowBlackChart_FW
0xff04ff28,DispCon_ShowColorBar_FW
0xff050270,DispCon_ShowColorChart_FW
0xff0501e4,DispCon_ShowCustomColorBar_FW
0xff04ffb4,DispCon_ShowFiveStep_FW
0xff0507f4,DispCon_ShowHdChart_FW
0xff050450,DispCon_ShowNStepsChart_FW
0xff0507a0,DispCon_ShowVideoAdjParameter_FW
0xff050104,DispCon_ShowWhiteChart_FW
0xff050294,DispCon_ShowWhiteLine_FW
0xff050630,DispCon_TurnOffBackLight_FW
0xff050610,DispCon_TurnOffDisplay_FW
0xff050620,DispCon_TurnOnBackLight_FW
0xff050600,DispCon_TurnOnDisplay_FW
0xff1cdca4,DispDev.Create_FW
0xff1cb71c,DispDev_EnableEventProc_FW
0xff024da8,DisplayFactoryMode_FW
0xff028548,DoAELock
0xff0280d0,DoAFLock
0xff1cb834,Driver.Create_FW
0xff1cb834,Driver_EnableEventProc_FW
0xff005fb0,drysh_FW
0xff1cbca8,Dump32_FW
0xff1cbc98,Dump_FW
0xff060b34,DumpAdjMirror_FW
0xff32e4d4,DumpTransparentMemoryItem_FW
0xff127234,E2LatOn_FW
0xff15c418,EdidDump_FW
0xff15c340,EdidHoldView_FW
0xff15c3ac,EdidView_FW
0xff2cfdd0,EF.AdjPreFlash_FW
0xff0f2418,EF.IsChargeFull_FW
0xff2cfe0c,EF.SetChargeMode_FW
0xff2cfcec,EF.SetEFChargeTimeOut_FW
0xff2cfe20,EF.SetFlashTime_FW
0xff2cfdb8,EF.SetMainFlashTime_FW
0xff2cfc90,EF.StartEFCharge_FW
0xff2cfd34,EF.StartInternalMainFlash_FW
0xff2cfd00,EF.StartInternalPreFlash_FW
0xff2cfcdc,EF.StopEFCharge_FW
0xff1dbd28,EFUSE_GetVdlData_FW
0xff1db8f8,EFUSE_ReadData_FW
0xff0530b0,EnableAcceleLogRead_FW
0xff05306c,EnableAcceleLogWrite_FW
0xff2e3704,EnableCMOS_NoClipN_FW
0xff194260,EnableDebugLogMode_FW
0xff372378,EnableDISModeChange_FW
0xff37096c,EnableFocusLens_FW
0xff370a04,EnableFocusLensGainLockWithVoltage_FW
0xff370a40,EnableFocusLensWaveLock_FW
0xff3711a4,EnableFocusPiCircuit_FW
0xff00eae8,EnableInterrupt
0xff370edc,EnableIris_FW
0xff35b02c,EnableIrisActuator_FW
0xff3720dc,EnableISAutoGyroOffset_FW
0xff3720bc,EnableISDriveError_FW
0xff3710fc,EnableLensError_FW
0xff372518,EnableMacroIS_FW
0xff371184,EnableMechaCircuit_FW
0xff3711ec,EnableZoomEncoderCircuit_FW
0xff3718dc,EnableZoomLensElectricControl_FW
0xff3715a4,EnableZoomLensEncoderPowerControl_FW
0xff3718b4,EnableZoomLensSpeedControl_FW
0xff3711c8,EnableZoomPiCircuit_FW
0xff15d5c4,EngApp.Create_FW
0xff15d598,EngApp.Delete_FW
0xff024adc,EngDrvBits
0xff31f5e0,EngDrvBits_FW
0xff024ac0,EngDrvIn
0xff31f5d0,EngDrvIn_FW
0xff024aa8,EngDrvOut
0xff31f5b4,EngDrvOut_FW
0xff024ac8,EngDrvRead
0xff31f5d8,EngDrvRead_FW
0xff31f604,EngDrvReadDump_FW
0xff1ce450,EngineDriver.Create_FW
0xff0284a4,EnterToCompensationEVF
0xff060b08,EraseAdjustmentArea_FW
0xff1d6674,EraseLogSector_FW
0xff0888c0,EraseRom_FW
0xff1cbc84,EraseSignature_FW
0xff00602c,err_init_task
0xff36ff80,EscapeFocusLens_FW
0xff374608,exec_FW
0xff32e1d4,ExecuteAvs_FW
0xff066dac,Executedccd_FW
0xff2c2f00,ExecuteDefectRec_FW
0xff2c2f14,ExecuteDefectRecAndSaveImage_FW
0xff0666a4,ExecuteDigicon_FW
0xff08b9c0,ExecuteEventProcedure
0xff08ba38,ExecuteEventProcedure_FW
0xff4062a0,ExecuteInternalPreFlash_FW
0xff2069c8,ExecuteResetFactory_FW
0xff2069b0,ExecuteResetFactoryWithRomWrite_FW
0xff088064,ExecuteShutDownPropertyService_FW
0xff065d08,ExecuteTestRec_FW
0xff065d1c,ExecuteTestRecCF_FW
0xff065d98,ExecuteTestRecDevelopProcess_FW
0xff065d1c,ExecuteTestRecSD_FW
0xff065d4c,ExecuteTestRecSw1_FW
0xff065d34,ExecuteTestRecWithInteg_FW
0xff0284e8,ExitFromCompensationEVF
0xff00ed80,ExitTask
0xff00ed80,ExitTask_FW
0xff08a3ac,ExMem.AllocCacheable_FW
0xff08a1fc,ExMem.AllocUncacheable_FW
0xff08a434,ExMem.FreeCacheable_FW
0xff08a330,ExMem.FreeUncacheable_FW
0xff089d20,ExMem.View_FW
0xff08a344,exmem_alloc
0xff08a3bc,exmem_free
0xff026ba4,ExMem_FW
0xff0c8fe8,ExpCtrlTool.SetExpMode_FW
0xff036ba4,ExpCtrlTool_StartContiAE
0xff036c84,ExpCtrlTool_StopContiAE
0xff08c300,ExportToEventProcedure_FW
0xff1cdc80,FA.Create_FW
0xff1cdc6c,FA.Delete_FW
0xff1917e0,FADBGPrintf_FW
0xff191740,FADBGSingal_FW
0xff191960,FAPrintf_FW
0xff025eec,Fclose_Fut
0xff025eec,Fclose_Fut_FW
0xff0260d8,Feof_Fut
0xff026114,Fflush_Fut
0xff026040,Fgets_Fut
0xff1a5bf4,File.ClearExifInfo_FW
0xff1a5d9c,File.Create_FW
0xff1a5d34,File.Delete_AllImg_FW
0xff4067f4,FixAEWithCompensation_FW
0xff1f4324,FmtMenu_ExecuteQuickFormat_FW
0xff4066b4,FocusAEWithCompensation_FW
0xff025eac,Fopen_Fut
0xff025eac,Fopen_Fut_FW
0xff025f98,Fread_Fut
0xff025f98,Fread_Fut_FW
0xff004264,free
0xff374594,FreeMemory
0xff374594,FreeMemory_FW
0xff02ac6c,FreeUncacheableMemory
0xff02608c,Fseek_Fut
0xff02608c,Fseek_Fut_FW
0xff025fec,Fwrite_Fut
0xff025fec,Fwrite_Fut_FW
0xff1553f0,Get_AcceleTemperature_FW
0xff053028,GetAccelerometerDataWithCorrect_FW
0xff052e54,GetAccelerometerTemperature_FW
0xff051d90,GetAdChValue_FW
0xff32e148,GetAdjAcceleration_FW
0xff32e1cc,GetAdjAccelerationDataWithCorrect_FW
0xff404b30,GetAdjAFInteg_FW
0xff061dd8,GetAdjDataAreaAddress_FW
0xff32e190,GetAdjProtractorAngle_FW
0xff060c5c,GetAdjTableMapVersion_FW
0xff060c6c,GetAdjTableValueVersion_FW
0xff060b58,GetAdjTableVersion_FW
0xff061db4,GetAdjustmentOffset_FW
0xff051d88,GetAdVBattBottom_FW
0xff190390,GetAEIntegralServiceMode_FW
0xff19049c,GetAEIntegralValueWithFix_FW
0xff1907e8,GetAEIntegValueBit_FW
0xff19039c,GetAEIntegWinData_FW
0xff1903b0,GetAEIntegWinDataWithMode_FW
0xff1905c0,GetAllAEIntegralAllValueWithFix_FW
0xff023c30,GetBatteryCoverClose_FW
0xff05de30,GetBatteryTemperature
0xff05de30,GetBatteryTemperature_FW
0xff061cac,GetBpDBAdjustmentOffset_FW
0xff08e75c,GetBuildDate_FW
0xff08e764,GetBuildTime_FW
0xff32e354,GetCameraInformationData_FW
0xff409eb8,GetCaptureInfoData_FW
0xff05ddbc,GetCCDTemperature
0xff05ddbc,GetCCDTemperature_FW
0xff3ffc8c,GetCdsGainValue_FW
0xff3ffddc,GetCdsPreGainReg_FW
0xff00f744,GetCh_FW
0xff407e04,GetContinuousMovieJpegVRAMData_FW
0xff4074a4,GetContinuousVRAMData_FW
0xff407c40,GetContinuousVRAMDataWithRingBuffer_FW
0xff400b48,GetCrwImageInfo_FW
0xff32dfd0,GetCurrentAdjImgDriveType_FW
0xff400ecc,GetCurrentAvCoefficient_FW
0xff1c0284,GetCurrentAvValue
0xff1c0284,GetCurrentAvValue_FW
0xff0a028c,GetCurrentCaptureModeType_FW
0xff32e30c,GetCurrentCcdTemp_FW
0xff400138,GetCurrentChannelGain_FW
0xff3ffdfc,GetCurrentDriveBaseSvValue_FW
0xff0b8df0,GetCurrentExposureTime_FW
0xff1be130,GetCurrentFocusLensPosition_FW
0xff1be130,GetCurrentFocusPosition_FW
0xff32dfdc,GetCurrentImgDrvMode_FW
0xff1c0468,GetCurrentIrisPosition_FW
0xff191e38,GetCurrentMaximumLogSize_FW
0xff32e328,GetCurrentOptTemp_FW
0xff0b8af4,GetCurrentShutterSpeed_FW
0xff1be0c8,GetCurrentTargetDistance_FW
0xff4025bc,GetCurrentZoomLensDirection_FW
0xff1c3ca4,GetCurrentZoomLensPoint_FW
0xff1c3bf4,GetCurrentZoomLensPosition_FW
0xff1c3ca4,GetCurrentZoomPoint_FW
0xff1c3bf4,GetCurrentZoomPosition_FW
0xff36fe44,GetCZMovieDefaultSpeed_FW
0xff36fe2c,GetCZMovieHighSpeed_FW
0xff36fe34,GetCZMovieLowSpeed_FW
0xff36fe3c,GetCZStillDefaultSpeed_FW
0xff36fe1c,GetCZStillHighSpeed_FW
0xff36fe24,GetCZStillLowSpeed_FW
0xff1cbbd0,GetDateAndTime_FW
0xff4084c8,GetDay_FW
0xff061cb4,GetDccdAdjustmentOffset_FW
0xff066ec0,GetdccdFilterValue_FW
0xff066e24,GetdccdImage_FW
0xff0619a4,GetDCPAdjOffset_FW
0xff2c2bec,GetDefectCrawInfo_FW
0xff2c2c7c,GetDefectHistgramInfo_FW
0xff2c2cb4,GetDefectTvAdj_FW
0xff023c28,GetDialEventId_FW
0xff0774b4,GetDISModeParameter_FW
0xff372348,GetDISModeParamType_FW
0xff06cbb8,GetDrive_ClusterSize
0xff06cc10,GetDrive_FreeClusters
0xff06cbe8,GetDrive_TotalClusters
0xff156168,GetDriverInfoEvent_FW
0xff32e2ec,GetEFuseData_FW
0xff08759c,GetEventFlagValue
0xff4061b0,GetExStrobeID_FW
0xff08e76c,GetFirmwareVersion_FW
0xff07767c,GetFixedPWMOutA_FW
0xff077688,GetFixedPWMOutB_FW
0xff1be654,GetFocusDefaultResetPosition_FW
0xff35a15c,GetFocusLensCurrentPosition_FW
0xff35a188,GetFocusLensDriveVoltage_FW
0xff35a260,GetFocusLensHoldVoltage_FW
0xff370b20,GetFocusLensLoadCamTable_FW
0xff370aa4,GetFocusLensLoadSubjectDistance_FW
0xff370c04,GetFocusLensMoveMaxPosition_FW
0xff370c1c,GetFocusLensMoveMinPosition_FW
0xff370c38,GetFocusLensMoveRangeOfTelePoint_FW
0xff370a9c,GetFocusLensPositionRatio_FW
0xff1bdda8,GetFocusLensPullInMaxSpeed_FW
0xff359938,GetFocusLensResetDefaultPosition_FW
0xff359928,GetFocusLensResetPosition_FW
0xff425a90,GetFocusLensResetVoltage_FW
0xff35a214,GetFocusLensSettingWaitVoltage_FW
0xff1be0c8,GetFocusLensSubjectDistance
0xff370a78,GetFocusLensSubjectDistance_FW
0xff1be518,GetFocusLensSubjectDistanceFromLens
0xff370a94,GetFocusLensSubjectDistanceNumber_FW
0xff1c1ae4,GetFocusPiSensorLevel_FW
0xff1be5e8,GetFocusResetPosition_FW
0xff0756f0,GetFocusStartZoomPosition_FW
0xff400d40,GetFrameRateWithApex_FW
0xff076e24,GetGyro10BitDACPitch_FW
0xff076e30,GetGyro10BitDACYaw_FW
0xff076dd4,GetGyroDataPitch_FW
0xff076df0,GetGyroDataYaw_FW
0xff371de8,GetGyroFilterCharge_FW
0xff40c2d0,GetGyroFilterChargeStatus_FW
0xff076e5c,GetGyroHPFINOffsetPitch_FW
0xff076e78,GetGyroHPFINOffsetYaw_FW
0xff076e94,GetGyroHPFINPitch_FW
0xff076ef0,GetGyroHPFINYaw_FW
0xff3723a8,GetGyroNoiseData_FW
0xff4084f0,GetHour_FW
0xff19c3e8,getImageDirName
0xff19a434,GetImageFolder
0xff05c004,GetInputAverageLevel_FW
0xff08e7dc,GetInternalFirmwareVersion_FW
0xff1c0284,GetIrisAv_FW
0xff1c0468,GetIrisCurrentPosition_FW
0xff35c61c,GetIrisDriveVoltage_FW
0xff35c62c,GetIrisDriveVoltageLow_FW
0xff35c67c,GetIrisHoldVoltage_FW
0xff401054,GetIrisPRResetPosition_FW
0xff35c65c,GetIrisSettingWaitVoltage_FW
0xff35b484,GetIrisSpecClosePosition_FW
0xff35b474,GetIrisSpecOpenPosition_FW
0xff372294,GetISCrossTalkComp_FW
0xff40c374,GetISCrossTalkCompCoeff_FW
0xff371a64,GetISDriveAaxis_FW
0xff371a84,GetISDriveBaxis_FW
0xff371e08,GetISFirmVersion_FW
0xff076e24,GetISGyro10BitDACPitch_FW
0xff076e30,GetISGyro10BitDACYaw_FW
0xff076dd4,GetISGyroDataPitch_FW
0xff076df0,GetISGyroDataYaw_FW
0xff371bbc,GetISGyroGainAaxis_FW
0xff371ce4,GetISGyroGainBaxis_FW
0xff371d04,GetISGyroGainbyAxisType_FW
0xff076e5c,GetISGyroHPFINOffsetPitch_FW
0xff076e78,GetISGyroHPFINOffsetYaw_FW
0xff076e94,GetISGyroHPFINPitch_FW
0xff076ef0,GetISGyroHPFINYaw_FW
0xff076d80,GetISGyroPitchGain_FW
0xff40b994,GetISGyroPitchOffset_FW
0xff076d8c,GetISGyroYawGain_FW
0xff40b98c,GetISGyroYawOffset_FW
0xff372110,GetISHallAmpFirstGain_FW
0xff076d5c,GetISHallDevicePitchGain_FW
0xff076d38,GetISHallDevicePitchOffset_FW
0xff076d68,GetISHallDeviceYawGain_FW
0xff076d44,GetISHallDeviceYawOffset_FW
0xff371b50,GetISHallGainAaxis_FW
0xff371b70,GetISHallGainBaxis_FW
0xff371b90,GetISHallGainbyAxisType_FW
0xff371ae4,GetISHallOffsetAaxis_FW
0xff371b04,GetISHallOffsetBaxis_FW
0xff371b24,GetISHallOffsetbyAxisType_FW
0xff40bd88,GetISHallOffsetDACValue_FW
0xff372050,GetISHallOut1Amp_FW
0xff077cd0,GetISLensCorrectedEViAaxis_FW
0xff077cec,GetISLensCorrectedEViBaxis_FW
0xff077c08,GetISLensDampAaxis_FW
0xff077c14,GetISLensDampBaxis_FW
0xff077c38,GetISLensEViAaxis_FW
0xff077cb4,GetISLensEViBaxis_FW
0xff371e58,GetISParamVersion_FW
0xff076da4,GetISPitchPWM_FW
0xff371aa4,GetISPositionAaxis_FW
0xff371ac4,GetISPositionBaxis_FW
0xff076dbc,GetISShiftLensPitchPosition_FW
0xff076dc8,GetISShiftLensYawPosition_FW
0xff076db0,GetISYawPWM_FW
0xff05726c,GetKbdState
0xff4089f0,GetLastVBatADLevel_FW
0xff15d310,GetLatestHVPosition_FW
0xff023c2c,GetLcdPosition_FW
0xff1c07d8,GetLensErrorStatus_FW
0xff191ddc,GetLogData_FW
0xff191de4,GetLogDataOnlyAddMemory_FW
0xff1d6638,GetLogToFile_FW
0xff40c26c,GetLoopGain_FW
0xff372260,GetLoopGainAdjValue_FW
0xff37216c,GetLoopGainCalcData_FW
0xff371fd8,GetLPFParallelBest_FW
0xff372610,GetMacroISAngleAndVelocityA_FW
0xff372640,GetMacroISAngleAndVelocityB_FW
0xff40c4a0,GetMacroISEstimateRadius_FW
0xff40c4a8,GetMacroISEstimateVelocity_FW
0xff372568,GetMacroISEstimRadiusA_FW
0xff372584,GetMacroISEstimRadiusB_FW
0xff40c474,GetMacroISGain_FW
0xff3725b0,GetMacroISGainA_FW
0xff3725cc,GetMacroISGainB_FW
0xff03e5f8,GetMacroSupportZoomPoint_FW
0xff371e30,GetMechaDSPVersion_FW
0xff37137c,GetMechaShutterCloseDacSetting_FW
0xff1c2dec,GetMechaShutterMoveTime_FW
0xff3713cc,GetMechaShutterOpenDacSetting_FW
0xff1c2e14,GetMechaShutterStatus_FW
0xff00a2b8,GetMemInfo
0xff408518,GetMinute_FW
0xff40849c,GetMonth_FW
0xff04782c,GetMovieJpegVRAMHPixelsSize_FW
0xff047838,GetMovieJpegVRAMVPixelsSize_FW
0xff35e778,GetNdMoveTime_FW
0xff02a0ec,GetNumberOfPostedMessages
0xff3ffcf4,GetObClampValue_FW
0xff190690,GetOnlyAEIntegData_FW
0xff05dea4,GetOpticalTemperature
0xff05dea4,GetOpticalTemperature_FW
0xff2066e4,GetParameterData
0xff407b9c,GetPixelsOfViewangle_FW
0xff023c40,GetPopupOpen_FW
0xff061dbc,GetProductID_FW
0xff08fa60,GetPropertyCase
0xff088970,GetRomID_FW
0xff023bfc,GetSDDetect_FW
0xff023c04,GetSDProtect
0xff023c04,GetSDProtect_FW
0xff408540,GetSecond_FW
0xff0940cc,GetSelfControllerHandle_FW
0xff02a3cc,GetSemaphoreValue
0xff3ffdf4,GetSensorPreGain_FW
0xff400cec,GetShutterSpeedRegularMaxLimit_FW
0xff400d04,GetShutterSpeedRegularMinLimit_FW
0xff052eb4,GetSlantData_FW
0xff00eac4,GetSRAndDisableInterrupt
0xff00f794,GetStringWithPrompt_FW
0xff4073b8,GetSumYOfVRAMCenterLine_FW
0xff023b90,GetSwitchStatus_FW
0xff3745f4,GetSystemTime
0xff3745f4,GetSystemTime_FW
0xff0649a4,GetTestRecCrawAddress_FW
0xff089a10,GetTimeOfSystem_FW
0xff32e5b4,GetTransparentMemory_FW
0xff32e5f8,GetTransparentMemoryPosition_FW
0xff32e5a4,GetTransparentMemorySize_FW
0xff409e60,GetUnpackCrwIntegralMultiValueForShading_FW
0xff409a90,GetUnpackCrwIntegralValue_FW
0xff409d14,GetUnpackCrwIntegralValueForColorShading_FW
0xff409aac,GetUnpackCrwIntegralValueForShading_FW
0xff40116c,GetUsableMaxAv_FW
0xff401154,GetUsableMinAv_FW
0xff400cdc,GetUserSetShutterSPeed_FW
0xff022338,GetVBatVoltage_FW
0xff406d54,GetVideoOutType_FW
0xff047814,GetVRAMHPixelsSize
0xff047814,GetVRAMHPixelsSize_FW
0xff047820,GetVRAMVPixelsSize
0xff047820,GetVRAMVPixelsSize_FW
0xff1553a4,GetX_AxisAcceleration_FW
0xff155390,GetY_AxisAcceleration_FW
0xff40846c,GetYear_FW
0xff15537c,GetZ_AxisAcceleration_FW
0xff35fca0,GetZoomActuatorCurrentPosition_FW
0xff35fc74,GetZoomActuatorSpeedPPS_FW
0xff402dbc,GetZoomDefaultCommonDriveParam_FW
0xff402cd8,GetZoomDefaultDriveParam_FW
0xff1c48dc,GetZoomDrivingTime_FW
0xff1c3ca4,GetZoomLensCurrentPoint
0xff1c3ca4,GetZoomLensCurrentPoint_FW
0xff360b28,GetZoomLensCurrentPosition
0xff1c3bf4,GetZoomLensCurrentPosition_FW
0xff371894,GetZoomLensDriveAmpereDac_FW
0xff1c48d8,GetZoomLensMechaEdgePosition_FW
0xff4023e0,GetZoomLensResetPlus_FW
0xff1c4104,GetZoomLensTelePoint_FW
0xff402d70,GetZoomNormalDriveParam_FW
0xff1c1a9c,GetZoomPiSensorLevel_FW
0xff402d24,GetZoomResetDriveParam_FW
0xff1c57d8,GetZoomResetSensorLevel_FW
0xff1c4104,GetZoomTelePoint_FW
0xff02a394,GiveSemaphore
0xff02a394,GiveSemaphore_FW
0xff0b2870,GUISrv_StartGUISystem
0xff0b2870,GUISrv_StartGUISystem_FW
0xff096fd4,HardwareDefect_FW
0xff096f84,HardwareDefectWithRestart_FW
0xff055860,HdmiHpd5VOutput_FW
0xff15c5fc,HdmiRegDump_FW
0xff15c2d8,HdmiSimulateModeStart_FW
0xff15c2ac,HdmiSimulateModeStop_FW
0xff157824,HdmiViewParameter_FW
0xff15c1b8,HecHdmiCecPhysicalCheckForScript_FW
0xff40b9d4,HitISLensAgainstBottomEdge_FW
0xff40b9c0,HitISLensAgainstLeftEdge_FW
0xff40b9ac,HitISLensAgainstRightEdge_FW
0xff40b9e8,HitISLensAgainstTopEdge_FW
0xff40be40,HitISMechaEdgeInOpenControl_FW
0xff05525c,i2c_dcdcavs_dump_FW
0xff055f0c,i2c_read_proc_FW
0xff055f8c,i2c_write_proc_FW
0xff191e00,InactivateAdjLog_FW
0xff1cdc44,InitializeAdjustmentFunction_FW
0xff1cdbd4,InitializeAdjustmentSystem_FW
0xff066594,Initializedccd_FW
0xff40a09c,InitializeDefectAdjustment_FW
0xff3d269c,InitializeDefectRec_FW
0xff066594,InitializeDigicon_FW
0xff32ed20,InitializeFAExtendFile_FW
0xff32ed04,InitializeFAGeneralTest_FW
0xff40a3b0,InitializeMechaDevice_FW
0xff32ebc4,InitializeSoundRec_FW
0xff065a00,InitializeTestRec_FW
0xff3fff4c,IsAdjCdsMode_FW
0xff371924,ISAutoCenter_FW
0xff05dfbc,IsBatteryTemperature_FW
0xff05df88,IsCCDTemperature_FW
0xff371960,ISChangeOPENtoCLOSE_FW
0xff096a04,IsControlEventActive_FW
0xff371e94,ISControlStart_FW
0xff371ea4,ISControlStop_FW
0xff025310,IsDUIDFixFlag_FW
0xff406e84,IsEVFDrive_FW
0xff4071f0,IsEvfDriveMode_FW
0xff4061b8,IsExStrobeChargeComp_FW
0xff0252a8,IsFactoryMode_FW
0xff3726ac,ISFixedPWMOFF_FW
0xff372698,ISFixedPWMON_FW
0xff1be5c4,IsFocusLensOutSidePosition_FW
0xff023c38,IsHvSensorExist_FW
0xff076220,ISInitMotion_FW
0xff073f90,IsLensOutside_FW
0xff191e2c,IsLogOutType_FW
0xff372074,ISMDStart_FW
0xff372084,ISMDStop_FW
0xff37194c,ISMoveToMechaEdgeOPEN_FW
0xff025358,IsNormalCameraMode_FW
0xff05df54,IsOpticalTemperature_FW
0xff371eb4,ISPanModeStart_FW
0xff371ec4,ISPanModeStop_FW
0xff1d6660,IsRomLogAvailable_FW
0xff0f2418,IsStrobeChargeCompleted
0xff35f494,IsZoomActuatorResetSensorPlusSide_FW
0xff1c44dc,IsZoomLensOutSidePosition_FW
0xff0520f0,j_AVS_Terminate_FW
0xff1cb798,j_BeepDrive_FW
0xff1cb79c,j_BeepDriveComp_FW
0xff400ae4,j_CancelImageDrive_FW
0xff40c144,j_CancelLoopGainCalc_FW
0xff40be50,j_ChangeToISCloseControl_FW
0xff32e1f8,j_CheckAvs_FW
0xff40be20,j_ClearISCalcZData_FW
0xff4027f8,j_ClearZoomDriveParam_FW
0xff026504,j_Close_FW
0xff400234,j_DisnableCMOS_NoClipN_FW
0xff12786c,j_E2LatOn_FW
0xff2cfdcc,j_EF.IsChargeFull_FW
0xff400230,j_EnableCMOS_NoClipN_FW
0xff1cbd08,j_exec_FW
0xff2069e0,j_ExecuteShutDownPropertyService_FW
0xff026b9c,j_ExMem.AllocCacheable_FW
0xff026b94,j_ExMem.AllocUncacheable_FW
0xff026ba0,j_ExMem.FreeCacheable_FW
0xff026b98,j_ExMem.FreeUncacheable_FW
0xff026b90,j_ExMem.View_FW
0xff05319c,j_Get_AcceleTemperature_FW
0xff32e188,j_GetAccelerometerTemperature_FW
0xff1cb794,j_GetAdChValue_FW
0xff1cb790,j_GetAdVBattBottom_FW
0xff1903ac,j_GetAEIntegWinData_FW
0xff1cb820,j_GetBatteryCoverClose_FW
0xff05e014,j_GetBatteryTemperature_FW
0xff32e390,j_GetCameraInformationData_FW
0xff05e010,j_GetCCDTemperature_FW
0xff400ec8,j_GetCurrentAvValue_FW
0xff3ffe1c,j_GetCurrentDriveBaseSvValue_FW
0xff400c0c,j_GetCurrentExposureTime_FW
0xff403370,j_GetCurrentFocusLensPosition_FW
0xff403370,j_GetCurrentFocusPosition_FW
0xff400fac,j_GetCurrentIrisPosition_FW
0xff400c14,j_GetCurrentShutterSpeed_FW
0xff403318,j_GetCurrentTargetDistance_FW
0xff4025b8,j_GetCurrentZoomLensPoint_FW
0xff4025b4,j_GetCurrentZoomLensPosition_FW
0xff4025b8,j_GetCurrentZoomPoint_FW
0xff4025b4,j_GetCurrentZoomPosition_FW
0xff408ac0,j_GetDCPAdjOffset_FW
0xff1cb818,j_GetDialEventId_FW
0xff40c2c8,j_GetDISModeParameter_FW
0xff1cb828,j_GetDriverInfoEvent_FW
0xff3726e8,j_GetFixedPWMOutA_FW
0xff3726ec,j_GetFixedPWMOutB_FW
0xff403310,j_GetFocusDefaultResetPosition_FW
0xff370a6c,j_GetFocusLensCurrentPosition_FW
0xff370b4c,j_GetFocusLensDriveVoltage_FW
0xff370bc4,j_GetFocusLensHoldVoltage_FW
0xff370c34,j_GetFocusLensPullInMaxSpeed_FW
0xff370a74,j_GetFocusLensResetDefaultPosition_FW
0xff370a70,j_GetFocusLensResetPosition_FW
0xff370c00,j_GetFocusLensResetVoltage_FW
0xff370b88,j_GetFocusLensSettingWaitVoltage_FW
0xff3711c4,j_GetFocusPiSensorLevel_FW
0xff403314,j_GetFocusResetPosition_FW
0xff3710f8,j_GetFocusStartZoomPosition_FW
0xff371d60,j_GetGyro10BitDACPitch_FW
0xff371d64,j_GetGyro10BitDACYaw_FW
0xff371d30,j_GetGyroDataPitch_FW
0xff371d34,j_GetGyroDataYaw_FW
0xff371d90,j_GetGyroHPFINOffsetPitch_FW
0xff371d94,j_GetGyroHPFINOffsetYaw_FW
0xff371d98,j_GetGyroHPFINPitch_FW
0xff371d9c,j_GetGyroHPFINYaw_FW
0xff370e48,j_GetIrisAv_FW
0xff370e4c,j_GetIrisCurrentPosition_FW
0xff370f2c,j_GetIrisDriveVoltage_FW
0xff370f44,j_GetIrisDriveVoltageLow_FW
0xff370f74,j_GetIrisHoldVoltage_FW
0xff370f5c,j_GetIrisSettingWaitVoltage_FW
0xff370f28,j_GetIrisSpecClosePosition_FW
0xff370f24,j_GetIrisSpecOpenPosition_FW
0xff40c004,j_GetISGyro10BitDACPitch_FW
0xff40c00c,j_GetISGyro10BitDACYaw_FW
0xff40bfe4,j_GetISGyroDataPitch_FW
0xff40bfec,j_GetISGyroDataYaw_FW
0xff40c014,j_GetISGyroHPFINOffsetPitch_FW
0xff40c01c,j_GetISGyroHPFINOffsetYaw_FW
0xff40bff4,j_GetISGyroHPFINPitch_FW
0xff40bffc,j_GetISGyroHPFINYaw_FW
0xff40bb14,j_GetISGyroPitchGain_FW
0xff40bb10,j_GetISGyroYawGain_FW
0xff40ba68,j_GetISHallDevicePitchGain_FW
0xff40ba70,j_GetISHallDevicePitchOffset_FW
0xff40ba64,j_GetISHallDeviceYawGain_FW
0xff40ba6c,j_GetISHallDeviceYawOffset_FW
0xff40bdb8,j_GetISLensCorrectedEViAaxis_FW
0xff40bdbc,j_GetISLensCorrectedEViBaxis_FW
0xff40bdc0,j_GetISLensDampAaxis_FW
0xff40bdc4,j_GetISLensDampBaxis_FW
0xff40bdb0,j_GetISLensEViAaxis_FW
0xff40bdb4,j_GetISLensEViBaxis_FW
0xff40bbac,j_GetISPitchPWM_FW
0xff40bda8,j_GetISShiftLensPitchPosition_FW
0xff40bdac,j_GetISShiftLensYawPosition_FW
0xff40bba8,j_GetISYawPWM_FW
0xff1cb81c,j_GetLcdPosition_FW
0xff3710f4,j_GetLensErrorStatus_FW
0xff371418,j_GetMechaShutterMoveTime_FW
0xff371414,j_GetMechaShutterStatus_FW
0xff407cd4,j_GetMovieJpegVRAMHPixelsSize_FW
0xff407cd8,j_GetMovieJpegVRAMVPixelsSize_FW
0xff371564,j_GetNdMoveTime_FW
0xff05e00c,j_GetOpticalTemperature_FW
0xff1cb82c,j_GetPopupOpen_FW
0xff1cb800,j_GetSDDetect_FW
0xff1cb804,j_GetSDProtect_FW
0xff053068,j_GetSlantData_FW
0xff1cb7ec,j_GetSwitchStatus_FW
0xff4089f8,j_GetVBatVoltage_FW
0xff407420,j_GetVRAMHPixelsSize_FW
0xff407424,j_GetVRAMVPixelsSize_FW
0xff05301c,j_GetX_AxisAcceleration_FW
0xff053020,j_GetY_AxisAcceleration_FW
0xff053024,j_GetZ_AxisAcceleration_FW
0xff35fc80,j_GetZoomActuatorCurrentPosition_FW
0xff402764,j_GetZoomDrivingTime_FW
0xff371904,j_GetZoomLensCurrentPoint_FW
0xff371908,j_GetZoomLensCurrentPosition_FW
0xff371910,j_GetZoomLensMechaEdgePosition_FW
0xff37190c,j_GetZoomLensTelePoint_FW
0xff3711e8,j_GetZoomPiSensorLevel_FW
0xff402728,j_GetZoomResetSensorLevel_FW
0xff402724,j_GetZoomTelePoint_FW
0xff2c2f60,j_InitializeDefectRec_FW
0xff05e020,j_IsBatteryTemperature_FW
0xff05e01c,j_IsCCDTemperature_FW
0xff4038e8,j_IsFocusLensOutSidePosition_FW
0xff1cb824,j_IsHvSensorExist_FW
0xff3710f0,j_IsLensOutside_FW
0xff05e018,j_IsOpticalTemperature_FW
0xff35fc84,j_IsZoomActuatorResetSensorPlusSide_FW
0xff4029b0,j_IsZoomLensOutSidePosition_FW
0xff1cb7a8,j_LEDDrive_FW
0xff2e75d0,j_LiveImageTool.GetDzoomPosition_FW
0xff1cbc7c,j_MemoryChecker_FW
0xff1cbc78,j_MonSelEvent_FW
0xff40bda4,j_MoveISLensToCentralPosition_FW
0xff026b8c,j_NewTaskShell_FW
0xff026500,j_Open_FW
0xff08cf74,j_OpLog.WriteToROM_FW
0xff1cbcf0,j_Peek16_FW
0xff1cbcec,j_Peek32_FW
0xff1cbcf4,j_Peek8_FW
0xff1cbc74,j_Printf_FW
0xff078134,j_PT_GetDigitalZoomPosition_FW
0xff097204,j_PTM_AllReset_FW
0xff0977ac,j_PTM_BackupUIProperty_FW
0xff0976f8,j_PTM_GetWorkingCaptureMode_FW
0xff097790,j_PTM_IsEnableItem_FW
0xff097778,j_PTM_NextItem_FW
0xff09777c,j_PTM_PrevItem_FW
0xff097700,j_PTM_SetCurrentItem_FW
0xff097794,j_PTM_SetProprietyEnable_FW
0xff026b0c,j_PutsCameraLogEvent_FW
0xff026604,j_Read_FW
0xff405c40,j_ReloadAFAdjustment_FW
0xff3ffcf0,j_ReloadCdsAdjustment_FW
0xff40004c,j_ReloadDfeAdjustment_FW
0xff4061c8,j_ReloadEfAdjustment_FW
0xff40330c,j_ReloadFocusLensAdjustment_FW
0xff400ec4,j_ReloadGetaAdjustment_FW
0xff4011c8,j_ReloadNdFilterAdjustment_FW
0xff401f58,j_ReloadWBAdjustment_FW
0xff402670,j_ReloadZoomAdjustment_FW
0xff1cbc94,j_SDump_FW
0xff40bda0,j_SearchBCentralPosition_FW
0xff40bda0,j_SearchISLensCentralPosition_FW
0xff403920,j_SetFocusResetState_FW
0xff1cb830,j_SetPopup_FW
0xff1cb7a0,j_SetStereoSeparation_FW
0xff4029bc,j_SetZoomResetState_FW
0xff026b00,j_ShowCameraLog_FW
0xff026b04,j_ShowCameraLogInfo_FW
0xff40ba60,j_StartBDrive_FW
0xff40bd98,j_StartBPanDrive_FW
0xff026afc,j_StartCameraLog_FW
0xff40bd90,j_StartISAdjustmentDrive_FW
0xff40ba60,j_StartISDrive_FW
0xff371948,j_StartISLocalAutoCenter_FW
0xff371944,j_StartISLocalHallAdjust_FW
0xff40bd98,j_StartISPanDrive_FW
0xff40ba5c,j_StopBDrive_FW
0xff40bd9c,j_StopBPanDrive_FW
0xff026b08,j_StopCameraLog_FW
0xff407428,j_StopContinuousVRAMData_FW
0xff40bd94,j_StopISAdjustmentDrive_FW
0xff40ba5c,j_StopISDrive_FW
0xff40bd9c,j_StopISPanDrive_FW
0xff0109d8,j_strcmp_FW
0xff2c2f64,j_TerminateDefectRec_FW
0xff1ccf8c,j_UIFS_CancelStoreLensTimer_FW
0xff1ccac0,j_UIFS_Capture_FW
0xff1ccac4,j_UIFS_CaptureNoneStop_FW
0xff1ccf84,j_UIFS_GetNumberOfDisplayedImage_FW
0xff1cca8c,j_UIFS_GetNumOfOptZoomPos_FW
0xff1ccf80,j_UIFS_IsAvailableShots_FW
0xff1cca88,j_UIFS_MoveZoomTo_FW
0xff1ccf88,j_UIFS_PlayTrimExecuteAllImageSize_FW
0xff1ccac8,j_UIFS_StartMovieRecord_FW
0xff1ccacc,j_UIFS_StopMovieRecord_FW
0xff1ccaf4,j_UIFS_WriteFirmInfoToFile_FW
0xff1cb7a4,j_VbattGet_FW
0xff1cbc80,j_VerifyByte_FW
0xff026608,j_Write_FW
0xff023c9c,kbd_p1_f
0xff023ca8,kbd_p1_f_cont
0xff023474,kbd_p2_f
0xff023c4c,kbd_read_keys
0xff056960,kbd_read_keys_r2
0xff151f1c,LcdCon_GetLcdAdjParameter_FW
0xff2f1cfc,LcdCon_GetLcdBackLightParameter_FW
0xff15213c,LcdCon_GetLcdParameter_FW
0xff151fa4,LcdCon_SaveLcdAdjParameter_FW
0xff2f1d80,LcdCon_SaveLcdBackLightParameter_FW
0xff1521c4,LcdCon_SaveLcdParameter_FW
0xff151e68,LcdCon_SetLcdAdjParameter_FW
0xff2f1c74,LcdCon_SetLcdBackLightBrightness_FW
0xff2f1ca8,LcdCon_SetLcdBackLightParameter_FW
0xff151e04,LcdCon_SetLcdDriver_FW
0xff151fc0,LcdCon_SetLcdParameter_FW
0xff151f64,LcdCon_ShowLcdAdjParameter_FW
0xff2f1d40,LcdCon_ShowLcdBackLightParameter_FW
0xff152184,LcdCon_ShowLcdParameter_FW
0xff1522fc,LcdCon_StartLcdPeriodicalSetting_FW
0xff152330,LcdCon_StopLcdPeriodicalSetting_FW
0xff3ab0d0,LCDMsg_ChangeColor_FW
0xff3aaf14,LCDMsg_Create_FW
0xff3aac08,LCDMsg_Delete_FW
0xff3aabc8,LCDMsg_Move_FW
0xff3aaff8,LCDMsg_SetNum_FW
0xff3ab008,LCDMsg_SetStr_FW
0xff3aafa8,LCDMsg_SwDisp_FW
0xff056488,LEDDrive
0xff056554,LEDDrive_FW
0xff2e7560,LiveImageTool.ChangeDzoom_FW
0xff2e75e8,LiveImageTool.Dister_FW
0xff2e74cc,LiveImageTool.DzoomTele_FW
0xff2e74ec,LiveImageTool.DzoomWide_FW
0xff046b84,LiveImageTool.GetDzoomPosition_FW
0xff2e75d4,LiveImageTool.Jump_FW
0xff2e7540,LiveImageTool.Pause_FW
0xff2e7550,LiveImageTool.Resume_FW
0xff2e735c,LiveImageTool.StartEVF_FW
0xff2e7368,LiveImageTool.StartEVFFocusJet_FW
0xff2e7374,LiveImageTool.StartEVFMF_FW
0xff2e74a8,LiveImageTool.StartEVFMovFULLHD_FW
0xff2e7494,LiveImageTool.StartEVFMovHD_FW
0xff2e7470,LiveImageTool.StartEVFMovQVGA_FW
0xff2e745c,LiveImageTool.StartEVFMovVGA_FW
0xff2e750c,LiveImageTool.StopDzoom_FW
0xff2e74bc,LiveImageTool.StopEVF_FW
0xff053104,LoadAcceleParamFromFile_FW
0xff060d20,LoadAdjustmentTable_FW
0xff061180,LoadAdjustmentValue_FW
0xff32e304,LoadAvsAdjData_FW
0xff1912ec,LoadDataFromAdjTableBin_FW
0xff060d58,LoadDefectAdjTable_FW
0xff19153c,LoadFactoryIDData_FW
0xff40878c,LoadFactoryNumber_FW
0xff1911ec,LoadParamDataFromAdjTableBin_FW
0xff088bf0,LoadScript_FW
0xff40890c,LoadSerialNumber_FW
0xff089384,LocalTime
0xff15c33c,LockHdmiState_FW
0xff096d28,LockMainPower
0xff096d28,LockMainPower_FW
0xff08c8ac,LogCameraEvent
0xff026674,Lseek
0xff026674,lseek
0xff026674,Lseek_FW
0xff374af0,MakeBootDisk_FW
0xff025de4,MakeDirectory_Fut
0xff374b04,MakeScriptDisk_FW
0xff06ce48,MakeSDCardBootable
0xff00420c,malloc
0xff1cb590,Mecha.Create_FW
0xff372744,MechaCPUMemoryDump_FW
0xff372840,MechaCPUMemoryWrite_FW
0xff1cb604,MechaReset_FW
0xff1cb610,MechaTerminate_FW
0xff1cb534,MechaUnRegisterEventProcedure_FW
0xff010a1c,memcmp
0xff010a1c,memcmp_FW
0xff0304a4,memcpy
0xff0304a4,memcpy_FW
0xff374118,MemoryChecker_FW
0xff29f328,memset
0xff29f328,memset_FW
0xff000dd4,memShow_FW
0xff2c2518,MergeAndConvertDefect_FW
0xff0268f4,mkdir
0xff0b51a0,mktime_ext
0xff374678,MonSelEvent_FW
0xff402b10,MoveComputerZoomToPoint_FW
0xff093f8c,MoveControllerToTopOfZOrder_FW
0xff073a88,MoveCzPeakPositon_FW
0xff36fd28,MoveCZToPoint_FW
0xff36fdc0,MoveCZToPointByOVF_FW
0xff36fd90,MoveCZToTele_FW
0xff36fd60,MoveCZToWide_FW
0xff424a60,MoveDCMotorCCW_FW
0xff4249d8,MoveDCMotorCW_FW
0xff37043c,MoveFocusActuator_FW
0xff4036b0,MoveFocusDistance_FW
0xff4036b0,MoveFocusLensToDistance
0xff4036b0,MoveFocusLensToDistance_FW
0xff40359c,MoveFocusLensToPosition_FW
0xff403484,MoveFocusLensToPositionWithMaxSpeed_FW
0xff4034c8,MoveFocusLensToPositionWithSpeed_FW
0xff36fff8,MoveFocusLensToTerminate_FW
0xff4033a0,MoveFocusLensToTerminatePosition_FW
0xff370054,MoveFocusLensWithDistance_FW
0xff37015c,MoveFocusLensWithPosition_FW
0xff370274,MoveFocusLensWithPositionImmediateReturn_FW
0xff370330,MoveFocusLensWithPositionWithoutBacklash_FW
0xff4035e8,MoveFocusPosition_FW
0xff4033a0,MoveFocusToTerminate_FW
0xff400fec,MoveIrisFullClose_FW
0xff400fb8,MoveIrisFullOpen_FW
0xff401090,MoveIrisMechaPositionWithBacklash_FW
0xff4010cc,MoveIrisMechaPositionWithoutBacklash_FW
0xff400e18,MoveIrisToAv_FW
0xff401108,MoveIrisToAvWithoutBacklash_FW
0xff370e20,MoveIrisToFullClose_FW
0xff370df8,MoveIrisToFullOpen_FW
0xff370da4,MoveIrisToPositionWithBacklash_FW
0xff370e7c,MoveIrisToPositionWithoutBacklash_FW
0xff370d1c,MoveIrisToStandbyPosition_FW
0xff370dd0,MoveIrisToTerminatePosition_FW
0xff370d44,MoveIrisWithAv
0xff370d44,MoveIrisWithAv_FW
0xff370fac,MoveIrisWithAvAndAvSpeed_FW
0xff370fe0,MoveIrisWithAvAndAvSpeedWithoutBacklash_FW
0xff370d70,MoveIrisWithAvAndSpeed_FW
0xff370ea8,MoveIrisWithAvAndSpeedWithoutBacklash_FW
0xff370e50,MoveIrisWithAvWithoutBacklash_FW
0xff40105c,MoveIrisWithTerminatePosition_FW
0xff40ba34,MoveISLensToBottomLimitPosition_FW
0xff076b8c,MoveISLensToCentralPosition_FW
0xff40ba20,MoveISLensToLeftLimitPosition_FW
0xff40ba0c,MoveISLensToRightLimitPosition_FW
0xff40ba48,MoveISLensToTopLimitPosition_FW
0xff371070,MoveLensToFirstPoint_FW
0xff3710b8,MoveLensToTerminatePoint_FW
0xff35fc18,MoveZoomActuator_FW
0xff3717e4,MoveZoomLensToMechaEdge_FW
0xff403094,MoveZoomLensToMechaEnd_FW
0xff402ad4,MoveZoomLensToPoint_FW
0xff402a98,MoveZoomLensToPosition_FW
0xff403170,MoveZoomLensToPositionByManual_FW
0xff3717a4,MoveZoomLensToTerminatePosition_FW
0xff3716d4,MoveZoomLensWithPoint
0xff3716d4,MoveZoomLensWithPoint_FW
0xff371718,MoveZoomLensWithPointImmediateReturn_FW
0xff371760,MoveZoomLensWithPosition_FW
0xff402ad4,MoveZoomPoint_FW
0xff402a98,MoveZoomPosition_FW
0xff0f6244,MovieAF.Resume_FW
0xff0f6230,MovieAF.Suspend_FW
0xff08f3e0,NewTaskShell
0xff08f440,NewTaskShell_FW
0xff40c4f4,NotifyISMacroDistance_FW
0xff2a7a48,NR_GetDarkSubType
0xff2a7980,NR_SetDarkSubType
0xff1d4a20,NR_SetDoubleNRType_FW
0xff1d4a18,NR_SetLotasPonyType_FW
0xff2a7a48,NRTBL.GetDarkSubType_FW
0xff2a7aa8,NRTBL.GetDefectCorrectType_FW
0xff2a7980,NRTBL.SetDarkSubType_FW
0xff2a7a1c,NRTBL.SetDefectCorrectType_FW
0xff2a7a88,NRTBL.SetTassenType_FW
0xff1cb7dc,OffPrintPhySw_FW
0xff401e28,OneShotWhigeBalance_FW
0xff401e28,OneTypeWhiteBalance_FW
0xff1cb7cc,OnPrintPhySw_FW
0xff026390,Open
0xff00ab20,open
0xff026390,Open_FW
0xff00f834,OpenConsole_FW
0xff34c250,OpenFastDir
0xff026694,OpenForScrip_FW
0xff371304,OpenMechaShutter_FW
0xff4012d8,OpenMShutter_FW
0xff026b10,OpLog.Create_FW
0xff08d988,OpLog.Get_FW
0xff08d9a8,OpLog.GetUsrSet_FW
0xff08da68,OpLog.Play_FW
0xff08cfa8,OpLog.ReadFromROM_FW
0xff08d010,OpLog.ReadFromSD_FW
0xff08dc80,OpLog.Start_FW
0xff08cf18,OpLog.Stop_FW
0xff08dd60,OpLog.Terminate_FW
0xff08cf44,OpLog.WriteToROM_FW
0xff08d440,OpLog.WriteToSD_FW
0xff1919b0,OutputLogToFile_FW
0xff09a0d4,PB2Rec
0xff3745c4,Peek16_FW
0xff3745bc,Peek32_FW
0xff3745cc,Peek8_FW
0xff2c22b0,PointDefDetect_FW
0xff2c294c,PointKizuCheck_FW
0xff1cbccc,Poke16_FW
0xff1cbcbc,Poke32_FW
0xff1cbcdc,Poke8_FW
0xff0947a0,PostEventShootSeqToUI_FW
0xff094594,PostLogicalEventForNotPowerType
0xff094594,PostLogicalEventForNotPowerType_FW
0xff0945e0,PostLogicalEventToUI
0xff0945e0,PostLogicalEventToUI_FW
0xff029ff4,PostMessageQueue
0xff02a820,PostMessageQueueStrictly
0xff4068d0,PreFixAE_FW
0xff0614cc,PrintAdjKabotanInfo_FW
0xff0611a4,PrintAdjTableMap_FW
0xff18f2b4,PrintAllAEIntegData_FW
0xff088be4,Printf_FW
0xff191720,PrintFaexeVersioin_FW
0xff1916ec,PrintFirmVersion_FW
0xff405d10,PrintMultiWinScanTable_FW
0xff405c7c,PrintScanTable_FW
0xff078138,PT_ChangeZoomSpeed_FW
0xff077f28,PT_CompleteCaptModeChange_FW
0xff077f38,PT_CompleteCharge_FW
0xff077f40,PT_CompleteFileWrite_FW
0xff077ef0,PT_CompletePreCapt_FW
0xff077f10,PT_CompleteStopDigZoom_FW
0xff077f08,PT_CompleteStopZoom_FW
0xff077f18,PT_CompleteStoreLens_FW
0xff077f30,PT_CompleteSynchroWrite_FW
0xff07816c,PT_DoAELock_FW
0xff07814c,PT_DoAFLock_FW
0xff077f50,PT_EraseAllFile_FW
0xff027b30,PT_GetDigitalZoomPosition_FW
0xff078120,PT_GetDigitalZoomTele_FW
0xff078034,PT_GetPropertyCaseInt_FW
0xff0781bc,PT_MFOff_FW
0xff0781ac,PT_MFOn_FW
0xff077fe8,PT_mod_FW
0xff07810c,PT_MoveDigitalZoomAt_FW
0xff0780ec,PT_MoveDigitalZoomToTele_FW
0xff0780fc,PT_MoveDigitalZoomToWide
0xff0780fc,PT_MoveDigitalZoomToWide_FW
0xff0780d4,PT_MoveOpticalZoomAt
0xff0780d4,PT_MoveOpticalZoomAt_FW
0xff0780ac,PT_MoveOpticalZoomToTele_FW
0xff0780c0,PT_MoveOpticalZoomToWide_FW
0xff077f20,PT_MovieRecordStopped_FW
0xff077f00,PT_NextShootAvailable_FW
0xff083df4,PT_PlaySound
0xff077ef8,PT_RecreviewAvailable_FW
0xff07800c,PT_SetPropertyCaseInt_FW
0xff077f48,PT_ShootPicture_FW
0xff07817c,PT_UnlockAE_FW
0xff07815c,PT_UnlockAF_FW
0xff2055e8,PTM_AllReset_FW
0xff0971f4,PTM_AllResetToFactorySetting_FW
0xff2065c0,PTM_BackupUIProperty_FW
0xff09770c,PTM_GetCurrentItem_FW
0xff205a78,PTM_GetWorkingCaptureMode_FW
0xff2064f4,PTM_IsEnableItem_FW
0xff205df0,PTM_NextItem_FW
0xff205df8,PTM_PrevItem_FW
0xff0977b4,PTM_RestoreUIProperty_FW
0xff0975c4,PTM_SetCurrentCaptureMode_FW
0xff205a90,PTM_SetCurrentItem_FW
0xff206218,PTM_SetProprietyEnable_FW
0xff3714ac,PutInNdFilter
0xff4011e0,PutInNdFilter_FW
0xff3714d0,PutOutNdFilter
0xff401218,PutOutNdFilter_FW
0xff08c584,PutsCameraLogEvent_FW
0xff3cb494,qsort
0xff12769c,QuietImager_FW
0xff29f464,rand
0xff00ad74,Read
0xff00ad74,read
0xff00ad74,Read_FW
0xff34c3a4,ReadFastDir
0xff29f3a4,realloc
0xff351af8,reboot_fw_update
0xff09a114,Rec2PB
0xff371230,ReceiveMechaCircuitDataAll_FW
0xff029ea8,ReceiveMessageQueue
0xff02a7f4,ReceiveMessageQueueStrictly
0xff0614b4,RefreshAdjustmentTableMirror_FW
0xff0614c4,RefreshDefectTableMirror_FW
0xff0b3058,RefreshPhysicalScreen
0xff4063f4,RegistColorMatrix_FW
0xff05316c,RegisterElecLevelInfoNotifyCBR_FW
0xff08b898,RegisterEventProcedure
0xff00ea88,RegisterInterruptHandler
0xff0670b0,RegistFirmScanNoticeCBR_FW
0xff0878dc,ReleaseRecursiveLock
0xff03f778,ReloadAFAdjustment_FW
0xff128b9c,ReloadCdsAdjustment_FW
0xff406330,ReloadColorAdjustment_FW
0xff40a058,ReloadDefectAdjustmentData_FW
0xff31d94c,ReloadDfeAdjustment_FW
0xff2cb05c,ReloadEfAdjustment_FW
0xff1be6c0,ReloadFocusLensAdjustment_FW
0xff1c06b4,ReloadGetaAdjustment_FW
0xff400e64,ReloadIrisAdjustment_FW
0xff40c178,ReloadISAdjustment_FW
0xff1c304c,ReloadNdFilterAdjustment_FW
0xff32e1b8,ReloadProtractorAdjustment_FW
0xff40a020,ReloadShadingAdjustmentData_FW
0xff0e4234,ReloadWBAdjustment_FW
0xff1c46b0,ReloadZoomAdjustment_FW
0xff32e584,RemoveTransparentMemory_FW
0xff025cdc,RenameFile_Fut
0xff403718,ResetFocus_FW
0xff36ff24,ResetFocusLens
0xff36ff24,ResetFocusLens_FW
0xff370cf4,ResetIris_FW
0xff35b074,ResetIrisActuator_FW
0xff401020,ResetIrisPosition_FW
0xff0668a8,ResetRegistNoticeCBR_FW
0xff4029fc,ResetZoom_FW
0xff371628,ResetZoomLens
0xff371628,ResetZoomLens_FW
0xff371654,ResetZoomLensToFirst_FW
0xff371694,ResetZoomLensToTermiante_FW
0xff402b4c,ResetZoomToAdjFirstPoint_FW
0xff402b90,ResetZoomToAdjTerminatePoint_FW
0xff402a30,ResetZoomToFirst_FW
0xff402a30,ResetZoomToFirstPoint_FW
0xff402a64,ResetZoomToTerminate_FW
0xff402a64,ResetZoomToTerminatePoint_FW
0xff02c444,Restart
0xff08ea7c,RomCheckSum_FW
0xff00f4b4,RotateConsoleZOder_FW
0xff0610cc,SaveAdjustmentTable_FW
0xff06114c,SaveAdjustmentValue_FW
0xff4080bc,SaveBatSenseOffsetAdjustmentTable_FW
0xff1cde10,SaveBmpVRAMData_FW
0xff061134,SaveDefectAdjTable_FW
0xff19151c,SaveFactoryIDData_FW
0xff4089fc,SaveFactoryReserveData_FW
0xff4039b4,SaveFocusResetPulse_FW
0xff4085b8,SaveFromImage_FW
0xff1ce16c,SavePaletteData
0xff1ce16c,SavePaletteData_FW
0xff16748c,Scene.ForbidContiSceneDetect_FW
0xff1674b8,Scene.TestSunset_FW
0xff0b4284,ScreenLock
0xff0b42e8,ScreenUnlock
0xff374374,SDump_FW
0xff076b24,SearchBCentralPosition_FW
0xff076b24,SearchISLensCentralPosition_FW
0xff404650,SelectAdjBPFilter_FW
0xff372008,SelectPositionSignal_FW
0xff37120c,SendMechaCircuitData_FW
0xff2c29b8,SensDefCrowdCheck_FW
0xff096668,set_control_event
0xff406854,SetAdj_AEMode_FW
0xff190b8c,SetAdjAEIntegSmearLimitter_FW
0xff404bbc,SetAdjAFIntegCrwAdd_FW
0xff404670,SetAdjAFWinPos_FW
0xff3fff14,SetAdjCdsMode_FW
0xff40672c,SetAE_CdsGainValue_FW
0xff4065f0,SetAE_ShutterSpeed
0xff4065f0,SetAE_ShutterSpeed_FW
0xff190b84,SetAEIntegAverageOBData_FW
0xff18ff04,SetAEIntegCorrectProperty_FW
0xff18ffa0,SetAEIntegralGetaTime_FW
0xff18ff60,SetAEIntegralValueProperty_FW
0xff18fe7c,SetAEIntegStrobeProperty_FW
0xff1907cc,SetAEIntegValueBit_FW
0xff190778,SetAEIntegWindowsMode_FW
0xff096d9c,SetAutoShutdownTime
0xff096d9c,SetAutoShutdownTime_FW
0xff4046b0,SetBPFilterForBP_FW
0xff3ffd0c,SetCDSGain_FW
0xff3ffe40,SetCDSGainStep_FW
0xff3ffd0c,SetCdsGainValue_FW
0xff3ffd74,SetCdsPreGainReg_FW
0xff400050,SetChannelGain_FW
0xff4000c4,SetChannelGainForLive_FW
0xff0a0250,SetCurrentCaptureModeType
0xff0a0250,SetCurrentCaptureModeType_FW
0xff073aa8,SetCzDebugFocusMode_FW
0xff073aa0,SetCzDebugSubjectDistance_FW
0xff4080d4,SetDate_FW
0xff4082d8,SetDay_FW
0xff424ae8,SetDCMotorWaitTime_FW
0xff190c10,SetDefaultAEIntegSmearLimitter_FW
0xff193f34,SetDefaultRecParameter_FW
0xff2c2c50,SetDefectDebugInfo_FW
0xff2c2dc4,SetDefectRecParam_FW
0xff3ffcac,SetDeltaCDSGain_FW
0xff372334,SetDISModeParam_FW
0xff40c2a8,SetDISModeParameter_FW
0xff025154,SetDUIDFixFlag_FW
0xff024fd8,SetDurianMode_FW
0xff087530,SetEventFlag
0xff4061c0,SetExStrobeMode_FW
0xff025254,SetFactoryMasterFlag_FW
0xff025284,SetFactoryMasterROMProtection_FW
0xff0250dc,SetFactoryMode_FW
0xff40877c,SetFactorySerialNumber_FW
0xff32e3dc,SetFaexeEventTableActivation_FW
0xff02685c,SetFileAttributes
0xff0267e4,SetFileTimeStamp
0xff3726c0,SetFixedPWMOutA_FW
0xff3726d4,SetFixedPWMOutB_FW
0xff37066c,SetFocusLensAccelerationTable_FW
0xff3707f8,SetFocusLensCondition_FW
0xff3707e4,SetFocusLensDefaultPullOutTable_FW
0xff370b50,SetFocusLensDriveVoltage_FW
0xff370bc8,SetFocusLensHoldVoltage_FW
0xff37094c,SetFocusLensMaxSpeedLimit_FW
0xff370b8c,SetFocusLensSettingWaitVoltage_FW
0xff370770,SetFocusLensSlowdownTable_FW
0xff37053c,SetFocusLensSpeed_FW
0xff3705b8,SetFocusLensSpeedTable_FW
0xff35a158,SetFocusResetState_FW
0xff371d38,SetGyro10BitDACPitch_FW
0xff371d4c,SetGyro10BitDACYaw_FW
0xff371db8,SetGyroFilterChargeStart_FW
0xff371dd0,SetGyroFilterChargeStop_FW
0xff371d68,SetGyroHPFINOffsetPitch_FW
0xff371d7c,SetGyroHPFINOffsetYaw_FW
0xff408340,SetHour_FW
0xff08afa0,SetHPTimerAfterNow
0xff08b020,SetHPTimerAfterTimeout
0xff1cb808,SetIgnoreAVJACK_FW
0xff4080cc,SetImageMode_FW
0xff4080a8,SetInputVoltage_FW
0xff370f30,SetIrisDriveVoltage_FW
0xff370f48,SetIrisDriveVoltageLow_FW
0xff370f78,SetIrisHoldVoltage_FW
0xff370f60,SetIrisSettingWaitVoltage_FW
0xff372388,SetISAdjData_FW
0xff371f74,SetISControlType_FW
0xff3722e4,SetISCrossTalkCompA1_FW
0xff3722f8,SetISCrossTalkCompA2_FW
0xff37230c,SetISCrossTalkCompB1_FW
0xff372320,SetISCrossTalkCompB2_FW
0xff40c350,SetISCrossTalkCompCoeff_FW
0xff40bdd0,SetISCutOffFreqIndex_FW
0xff371970,SetISDriveAaxis_FW
0xff371984,SetISDriveBaxis_FW
0xff3725a0,SetISFocusLensDistance_FW
0xff40bf7c,SetISGyro10BitDACPitch_FW
0xff40bf98,SetISGyro10BitDACYaw_FW
0xff40c0a8,SetISGyroCompensationMode_FW
0xff40c02c,SetISGyroFilterCharge_FW
0xff371a20,SetISGyroGainAaxis_FW
0xff371a34,SetISGyroGainBaxis_FW
0xff371a48,SetISGyroGainbyAxisType_FW
0xff40bfb4,SetISGyroHPFINOffsetPitch_FW
0xff40bfd0,SetISGyroHPFINOffsetYaw_FW
0xff40bc8c,SetISGyroPitchGain_FW
0xff40bca0,SetISGyroPitchOffset_FW
0xff40bc5c,SetISGyroYawGain_FW
0xff40bc9c,SetISGyroYawOffset_FW
0xff3720fc,SetISHallAmpFirstGain_FW
0xff40bcf8,SetISHallDevicePitchGain_FW
0xff40bd5c,SetISHallDevicePitchOffset_FW
0xff40bcc8,SetISHallDeviceYawGain_FW
0xff40bd2c,SetISHallDeviceYawOffset_FW
0xff3719dc,SetISHallGainAaxis_FW
0xff3719f0,SetISHallGainBaxis_FW
0xff371a04,SetISHallGainbyAxisType_FW
0xff371998,SetISHallOffsetAaxis_FW
0xff3719ac,SetISHallOffsetBaxis_FW
0xff3719c0,SetISHallOffsetbyAxisType_FW
0xff37202c,SetISHPFCutoff_FW
0xff40bdd0,SetISHPFCutOffFreqIndex_FW
0xff40c288,SetISLensPWMMode_FW
0xff372094,SetISLPFAaxis_FW
0xff3720a8,SetISLPFBaxis_FW
0xff40bde0,SetISLPFCutOffFreqAaxis_FW
0xff40bdf0,SetISLPFCutOffFreqBaxis_FW
0xff40c4e0,SetISMacroMode_FW
0xff371f98,SetISMovieStatus_FW
0xff40bc14,SetISPitchPWM_FW
0xff371f88,SetISStillStatus_FW
0xff371da0,SetISTuningFlag_FW
0xff40c054,SetISTuningMode_FW
0xff40c088,SetISTuningOff_FW
0xff40bc28,SetISYawPWM_FW
0xff408568,SetLangMenuType_FW
0xff37111c,SetLensOutsideFlag_FW
0xff190b58,SetLineDefMarkThroughMode_FW
0xff096a74,SetLogicalEventActive
0xff40c254,SetLoopGain_FW
0xff3721c0,SetLoopGainAdjValue_FW
0xff40be04,SetLPFForParallelFilter_FW
0xff371fbc,SetLPFParallelBest_FW
0xff40c47c,SetMacroISGain_FW
0xff3725e8,SetMacroISGainA_FW
0xff3725fc,SetMacroISGainB_FW
0xff371360,SetMechaShutterCloseDacSetting_FW
0xff37141c,SetMechaShutterMoveTime_FW
0xff3713b0,SetMechaShutterOpenDacSetting_FW
0xff371400,SetMechaShutterWaitTimeSetting_FW
0xff4083a4,SetMinute_FW
0xff40827c,SetMonth_FW
0xff37157c,SetNdDacSetting_FW
0xff371568,SetNdMoveTime_FW
0xff3ffd04,SetObClamp_FW
0xff3ffd04,SetObClampValue_FW
0xff401da8,SetOneShotWBParam_FW
0xff401da8,SetOneTypeWBParam_FW
0xff2065c0,SetParameterData
0xff424990,SetPMByGpio_FW
0xff023c48,SetPopup_FW
0xff372684,SetPoweredISOFF_FW
0xff372670,SetPoweredISON_FW
0xff408a58,SetProductVolume_FW
0xff08f8d8,SetPropertyCase
0xff1cb7bc,SetRawSWCheckMode_FW
0xff401eb4,SetReferenceWBGainForCalibration_FW
0xff404300,SetScanLensIndex_FW
0xff404404,SetScanWindowMode_FW
0xff096ac4,SetScriptMode
0xff096ac4,SetScriptMode_FW
0xff1cb760,SetSDPwrPort_FW
0xff408408,SetSecond_FW
0xff3ffde4,SetSensorPreGain_FW
0xff400c90,SetShutterSpeed_FW
0xff400c40,SetShutterSpeedWithMecha_FW
0xff00eac8,SetSR
0xff05c01c,SetStereoSeparation_FW
0xff066508,SetTestRecSkimmingYUV_FW
0xff02b000,SetTimerAfter
0xff02b080,SetTimerWhen
0xff401ee0,SetToolCorrectCoefficient_FW
0xff406e7c,SetVideoOutType_FW
0xff40a034,SetWBTemperature_FW
0xff401e78,SetWBYlStandardWidth_FW
0xff190700,SetWhiteCoefficient_FW
0xff40821c,SetYear_FW
0xff35fc58,SetZoomActuatorSpeedPPS_FW
0xff402de4,SetZoomCommonDriveParam_FW
0xff402cf0,SetZoomDriveParam_FW
0xff37189c,SetZoomLensDriveAmpereDac_FW
0xff402c74,SetZoomLensEncoderPowerControl_FW
0xff371880,SetZoomLensSpeedMode_FW
0xff402d88,SetZoomNormalDriveParam_FW
0xff40bd6c,SetZoomPointToIS_FW
0xff371e80,SetZoomPosition_FW
0xff402d3c,SetZoomResetDriveParam_FW
0xff1c5924,SetZoomResetState_FW
0xff402c7c,SetZoomSpeedMode_FW
0xff1cbd0c,ShowAllTaskInfo_FW
0xff08c634,ShowCameraLog_FW
0xff08c5c8,ShowCameraLogInfo_FW
0xff406598,ShowCurrentExp_FW
0xff060c80,ShowDefaultAdjTableVersion_FW
0xff3708e8,ShowFocusLensCurrentSpeedTable_FW
0xff0947fc,ShowLogicalEventName_FW
0xff1cb61c,ShowMechaMacro_FW
0xff1cb7ac,ShowPhySwStatus_FW
0xff1cb7f0,ShowSDStatus_FW
0xff32e4b4,ShowTransparentMemory_FW
0xff090868,ShutdownPlayModeMenu_FW
0xff0909b4,ShutdownPlayModeMenuWithoutPbRedraw_FW
0xff090610,ShutdownRecModeMenu_FW
0xff406b00,SleepAE_FW
0xff02a640,SleepTask
0xff02a640,SleepTask_FW
0xff01093c,sprintf_FW
0xff29f458,srand
0xff0781cc,SS.Create_FW
0xff0b51ec,sscanf_FW
0xff0530f4,StartAcceleSlantMotionDetect_FW
0xff404bac,StartAdjAFInteg_FW
0xff40487c,StartAdjAFService_FW
0xff190b4c,StartAEIntegralService_FW
0xff076a3c,StartBDrive_FW
0xff076a54,StartBPanDrive_FW
0xff08c684,StartCameraLog_FW
0xff400af0,StartCaptureDrive_FW
0xff4052f0,StartCrwCustomScan_FW
0xff405280,StartCustomScan_FW
0xff073a80,StartCzTuning_FW
0xff4071a0,StartEVFDrive_FW
0xff40715c,StartEVFDriveWithMode_FW
0xff025370,StartFactoryModeController_FW
0xff372398,StartGyroNoiseChk_FW
0xff372864,StartImStEventProc_FW
0xff40c40c,StartISAdjustMacro_FW
0xff076a3c,StartISAdjustmentDrive_FW
0xff076a3c,StartISDrive_FW
0xff371934,StartISLocalAdjust_FW
0xff076a78,StartISLocalAutoCenter_FW
0xff076ab8,StartISLocalHallAdjust_FW
0xff076a54,StartISPanDrive_FW
0xff191e14,StartLogOut_FW
0xff372138,StartLoopGainCalc_FW
0xff372548,StartMacroISAdjust_FW
0xff372538,StartMacroISContiMode_FW
0xff090504,StartPlayModeMenu_FW
0xff090520,StartRecModeMenu
0xff090520,StartRecModeMenu_FW
0xff01012c,StartRedirectUART_FW
0xff32eb8c,StartSoundPlay_FW
0xff32eb54,StartSoundRecord_FW
0xff08e5fc,StartWDT_FW
0xff0266bc,stat
0xff0530fc,StopAcceleSlantMotionDetect_FW
0xff404b50,StopAdjAFInteg_FW
0xff40498c,StopAdjAFService_FW
0xff1907f4,StopAEIntegralService_FW
0xff076a48,StopBDrive_FW
0xff076a60,StopBPanDrive_FW
0xff08c84c,StopCameraLog_FW
0xff400270,StopCaptureDrive_FW
0xff047904,StopContinuousVRAMData_FW
0xff405218,StopCustomScan_FW
0xff36fdf0,StopCZ_FW
0xff406eac,StopEVFDrive_FW
0xff40c464,StopISAdjustMacro_FW
0xff076a48,StopISAdjustmentDrive_FW
0xff076a48,StopISDrive_FW
0xff076a60,StopISPanDrive_FW
0xff191abc,StopLogOut_FW
0xff372284,StopLoopGainCalc_FW
0xff372558,StopMacroISAdjust_FW
0xff010240,StopRedirectUART_FW
0xff406280,StopStrobeChargeForFA_FW
0xff08e65c,StopWDT_FW
0xff4029b8,StopZoomEmergency_FW
0xff0b4958,strcat
0xff0040d8,strchr
0xff0109d8,strcmp
0xff010a00,strcmp_FW
0xff0109c0,strcpy
0xff0109c0,strcpy_FW
0xff0b4ba0,strftime
0xff004124,strlen
0xff004124,strlen_FW
0xff00408c,strncmp
0xff004050,strncpy
0xff0040fc,strrchr
0xff0307a4,strtol
0xff0305a8,strtolx
0xff406db0,SwitchOffDisplay_FW
0xff406de4,SwitchOnDisplay_FW
0xff1cc404,System.Create_FW
0xff1cbd1c,System.Delete_FW
0xff02a2c4,TakeSemaphore
0xff02a2c4,TakeSemaphore_FW
0xff02a7c8,TakeSemaphoreStrictly
0xff0f7b4c,task_AfIntSrvTask
0xff03d560,task_AFTask
0xff05d268,task_ASIF
0xff058544,task_AudioTsk
0xff168c3c,task_AutoShutterMan
0xff36e780,task_AviRead
0xff021c88,task_BatteryTask
0xff054b9c,task_BeepTask
0xff0c5d6c,task_BrtMsrTask
0xff02c288,task_Bye
0xff07b330,task_CaptSeq
0xff07b330,task_CaptSeqTask
0xff0e8d3c,task_ChaseFrame
0xff16713c,task_ChaseTask
0xff00617c,task_ClockSave
0xff2cc048,task_CntFlashTask
0xff09a9b0,task_CommonDrivers
0xff187b4c,task_CorctTask
0xff1d2b48,task_CreateHeaderTask
0xff093500,task_CtrlSrv
0xff34f254,task_DecJpgRd
0xff0e710c,task_DetectMoveTask
0xff0edf18,task_DevelopModule
0xff0eb664,task_DispFace
0xff1a3994,task_DPOFTask
0xff0a9184,task_DSITask
0xff07d4c4,task_DvlpSeqTask
0xff0f1f04,task_EFChargeT
0xff421cb4,task_EfctConLowTask
0xff421b10,task_EfctConTask
0xff08f32c,task_EvShel
0xff0cd9f0,task_ExpDrv
0xff0cd9f0,task_ExpDrvTask
0xff0a8d2c,task_FaceFrame
0xff18d0f8,task_Fencing
0xff349198,task_FileScheduleTask
0xff34a198,task_FileWrite
0xff34a198,task_FileWriteTask
0xff34e46c,task_FilYuvMaker
0xff3576f0,task_FocusEvent
0xff34b928,task_FORMAT_TASK_NAME
0xff34b748,task_FORMAT_TASK_PROGRESS
0xff03b3e8,task_FrameTask
0xff0695a8,task_FsIoNotifyTask
0xff03faa4,task_GapMan
0xff189f84,task_HDRMan
0xff055498,task_HecMngTask
0xff423ab4,task_ImgDLight
0xff1b543c,task_ImgEdt
0xff0708c4,task_ImgPlayDrv
0xff1b62c0,task_ImgTrim
0xff09a978,task_InitFileModules
0xff35bb20,task_IrisCycleEvent
0xff35a2c8,task_IrisEvent
0xff075e68,task_ISMainTask
0xff15220c,task_LcdConTask
0xff0560ac,task_LEDCon
0xff073ff8,task_LensController
0xff134c84,task_LiveImageTask
0xff167298,task_MainTargetTask
0xff0759e4,task_MechaAlarm
0xff1c0a78,task_MechaCom
0xff1c2a2c,task_MechaCPUTransfer
0xff1c6e48,task_MechaNCTask
0xff35d1f0,task_MechaShutter
0xff19ceac,task_MetaCtg
0xff169944,task_MotionVector
0xff36cd18,task_MovEdit
0xff1ca86c,task_MovieRecord
0xff363e78,task_MovPlay
0xff428aec,task_MovRead
0xff36810c,task_MovWrite
0xff35dd0c,task_Nd
0xff14325c,task_NormalThumbCache
0xff0e57cc,task_OBCtrlTask
0xff1634b4,task_OhyearKiLiveAlgor
0xff08cd44,task_OpePlay
0xff0237d8,task_PhySw
0xff2ea9bc,task_PTPtoFAPI_EventProcTask_Block
0xff2ea918,task_PTPtoFAPI_EventProcTask_Try
0xff311700,task_Raw2Ss2YuvTask
0xff44e400,task_ReadFileTask
0xff393050,task_ReadMultiConTask
0xff41abf4,task_ReadScheduleTask
0xff214edc,task_RealTimeHist
0xff071c34,task_RedEyeCapt
0xff1b85a8,task_RedEyePly
0xff0575cc,task_RotaryEncoder
0xff166828,task_SceneDetectTask
0xff06cf60,task_SD1stInit
0xff1d0adc,task_ShutterSoundTask
0xff129728,task_SsgMainTask
0xff1298d8,task_SsgPeriodTask
0xff083644,task_SsTask
0xff00fd34,task_Startup
0xff02ce20,task_StartupImage
0xff137638,task_SynchTask
0xff1375a4,task_SyncPeriod
0xff12e018,task_TgTask
0xff05dbc4,task_Thermometer
0xff139440,task_TimerUtility
0xff1c30d4,task_TmgGen
0xff146f28,task_TrnsCtrlTask
0xff00ff88,task_UartLog
0xff0d5d5c,task_WBCR2Calc
0xff038b6c,task_WBCtrl
0xff0bd8c0,task_WBIntegTask
0xff0e16e8,task_WBLPFace
0xff08e488,task_WdtPrint
0xff08e53c,task_WdtReset
0xff35e958,task_ZoomActuatorSpeedCheck
0xff35eaf8,task_ZoomEvent
0xff1cdc0c,TerminateAdjustmentSystem_FW
0xff066648,Terminatedccd_FW
0xff40a0ac,TerminateDefectAdjustment_FW
0xff3d2710,TerminateDefectRec_FW
0xff066648,TerminateDigicon_FW
0xff32ed30,TerminateFAExtendFile_FW
0xff32ed18,TerminateFAGeneralTest_FW
0xff40a3e8,TerminateMechaDevice_FW
0xff32ec14,TerminateSoundRec_FW
0xff065a6c,TerminateTestRec_FW
0xff089960,time
0xff02a0ac,TryPostMessageQueue
0xff029f70,TryReceiveMessageQueue
0xff02a270,TryTakeSemaphore
0xff0aab48,TurnOffBackLight
0xff050610,TurnOffDisplay
0xff02c1d4,TurnOffE1_FW
0xff3714d0,TurnOffNdFilter_FW
0xff37152c,TurnOffNdFilterWithTiming_FW
0xff05b30c,TurnOffVideoOutMode_FW
0xff0aab30,TurnOnBackLight
0xff050600,TurnOnDisplay
0xff3714ac,TurnOnNdFilter_FW
0xff3714f4,TurnOnNdFilterWithTiming_FW
0xff05b2dc,TurnOnVideoOutMode_FW
0xff1cdad4,UI.Create_FW
0xff1ccf90,UI.CreatePublic_FW
0xff1cdad4,UI_RegistDebugEventProc_FW
0xff1cdac0,UI_ShowStateOfRecMode_FW
0xff096a74,UiEvnt_SetLogicalEventActive_FW
0xff096b34,UiEvnt_StartDisguiseCradleStatus_FW
0xff096b44,UiEvnt_StopDisguiseCradleStatus_FW
0xff099ec4,UIFS_CancelStoreLensTimer_FW
0xff212338,UIFS_Capture_FW
0xff21240c,UIFS_CaptureNoneStop_FW
0xff1ccbc0,UIFS_ChangeShootState_FW
0xff1cc998,UIFS_ClosePopupStrobe_FW
0xff1cca28,UIFS_ConnectVideo_FW
0xff1cca58,UIFS_DisconnectVideo_FW
0xff1ccae0,UIFS_EndClockMode_FW
0xff1cce0c,UIFS_GetAvItem_FW
0xff1ccc40,UIFS_GetAvItemCount_FW
0xff1cce7c,UIFS_GetCurrentAvString_FW
0xff1ccefc,UIFS_GetCurrentTvString_FW
0xff1ccc08,UIFS_GetLastPath_FW
0xff1ccaf8,UIFS_GetMovieRecoadableNumber_FW
0xff25da88,UIFS_GetNumberOfDisplayedImage_FW
0xff0a7aa8,UIFS_GetNumOfOptZoomPos_FW
0xff1ccb40,UIFS_GetStillShotableNumber_FW
0xff1cce44,UIFS_GetTvItem_FW
0xff1cccb0,UIFS_GetTvItemCount_FW
0xff1cc710,UIFS_IsAutoPopupDownStrobe_FW
0xff1cc718,UIFS_IsAvailableAvTvMode_FW
0xff1cc6f8,UIFS_IsAvailableMovieRecDigZoom_FW
0xff1cc6f0,UIFS_IsAvailableMovieRecOptZoom_FW
0xff1cc708,UIFS_IsAvailableRecMenuAFMode_FW
0xff1cc700,UIFS_IsAvailableServoAF_FW
0xff0a1568,UIFS_IsAvailableShots_FW
0xff1cc9c8,UIFS_MountExtFlash_FW
0xff0a7bbc,UIFS_MoveZoomTo_FW
0xff1cc968,UIFS_OpenPopupStrobe_FW
0xff39b790,UIFS_PlayTrimExecuteAllImageSize_FW
0xff1cca98,UIFS_PostModeDial_FW
0xff1cca94,UIFS_RestartPostingUIEvent_FW
0xff1cc8c8,UIFS_SetCaptureModeToP_FW
0xff1ccaf0,UIFS_SetCradleSetting_FW
0xff1cc908,UIFS_SetDialMovieRec_FW
0xff1cc948,UIFS_SetDialPlay_FW
0xff1cc8a8,UIFS_SetDialStillRec_FW
0xff1ccbe4,UIFS_ShootSeqToUI_FW
0xff1ccad0,UIFS_StartClockMode_FW
0xff0a5a10,UIFS_StartMovieRecord_FW
0xff0a5a34,UIFS_StopMovieRecord_FW
0xff1cca90,UIFS_StopPostingUIEvent_FW
0xff1cc9f8,UIFS_UnmountExtFlash_FW
0xff1f08d8,UIFS_WriteFirmInfoToFile
0xff1f08d8,UIFS_WriteFirmInfoToFile_FW
0xff024db4,UndisplayFactoryMode_FW
0xff088af8,UnLoadScript_FW
0xff02856c,UnlockAE
0xff028108,UnlockAF
0xff096c7c,UnlockMainPower
0xff096c7c,UnlockMainPower_FW
0xff40642c,UnregistColorMatrix_FW
0xff053188,UnRegisterElecLevelInfoNotifyCBR_FW
0xff00eaac,UnregisterInterruptHandler
0xff022338,VbattGet
0xff022338,VbattGet_FW
0xff374198,VerifyByte_FW
0xff010980,vsprintf
0xff1cbcf8,Wait_FW
0xff087470,WaitForAllEventFlag
0xff02a878,WaitForAllEventFlagStrictly
0xff08738c,WaitForAnyEventFlag
0xff02a84c,WaitForAnyEventFlagStrictly
0xff371734,WaitMoveZoomLensComplete_FW
0xff0264ac,Write
0xff0264ac,write
0xff0264ac,Write_FW
0xff061558,WRITEADJTABLETOFROM_FW
0xff06158c,WRITEADJUSTMENTDATATOFROM_FW
0xff40bb18,WriteGyroAdjustment_FW
0xff40ba78,WriteHallDeviceAdjustment_FW
0xff371160,WriteMechaLogToFile_FW
0xff371150,WriteMechaLogToRom_FW
0xff40bbb0,WritePWMAdjustment_FW
0xff1aed6c,WriteSDCard
0xff088830,WriteToRom_FW
