0xff828aac,_GetSystemTime
0xffb06908,_log
0xffb05594,_log10
0xffb05704,_pow
0xffb08564,_sqrt
0xff81c2a0,_uartr_req
0xffacdc70,AbortAEIntegralValue_FW
0xff86f788,AcquireRecursiveLock
0xff828708,AcquireRecursiveLockStrictly
0xff90d1ec,ActivateAdjLog_FW
0xffa0ad84,ActivateImager_FW
0xffa0ae10,ActivateImagerXOne_FW
0xffa15960,add_ptp_handler
0xff952ba4,AdditionAgentRAM_FW
0xffa31890,AddTransparentMemory_FW
0xffad4448,AdjAEWithAperturePriority_FW
0xffad4404,AfAEWithAperturePriority_FW
0xffad45f4,AfAEWithCompensation_FW
0xffa09b70,AFTool.GetEVal_FW
0xffa6887c,AllocateMemory
0xffa6887c,AllocateMemory_FW
0xff828800,AllocateUncacheableMemory
0xff9dc34c,apex2us
0xff89914c,atol_FW
0xfface744,AttachIntegCrawData_FW
0xffa318c8,AttachToTransparentMemory_FW
0xff8497c4,Bat_Calc_FW
0xffad59cc,Bat_Save_FW
0xffad59b8,Bat_VIN_FW
0xff849de0,BeepDrive_FW
0xffad0058,CalcLog10_FW
0xffad7790,CalcLoopGain_FW
0xffad0148,CalcSqrt_FW
0xff8497c4,CalculateBatSenseOffset_FW
0xffacfff8,CalculateLog2ToApex_FW
0xffacffbc,CalculatePeakFromLeastSquareResult_FW
0xffad000c,CalculatePow2FromApex_FW
0xffad4220,CancelAdj_AEMode_FW
0xffacef14,CancelAdjCdsMode_FW
0xffad2638,CancelBPFilterForBP_FW
0xffad3b7c,CancelExStrobeMode_FW
0xffa64ef0,CancelFocusLensMaxSpeedLimit_FW
0xff873020,CancelHPTimer
0xffa0af68,CancelImager_FW
0xffad777c,CancelLoopGainCalc_FW
0xff828cc8,CancelTimer
0xff9469f0,Capture.Create_FW
0xffacecb4,ChangeAdjImgDrvMode_FW
0xffacece0,ChangeAEIntegDrvTypeToAdjImgDriveType_FW
0xff90f1f0,ChangeDefectRecExpGain_FW
0xff90f1c4,ChangeDefectRecExpTv_FW
0xff90f258,ChangeDefectRecPeakHoldSetting_FW
0xffad578c,ChangeDistortionSetForLiveImage_FW
0xffad75c4,ChangeFilterMode_FW
0xffa650a4,ChangeFocusDistanceToPosition_FW
0xff9fcf28,ChangeGradeTable_FW
0xffa0b028,ChangeImagerToAlternateDraft_FW
0xffa0b020,ChangeImagerToDigiconMode_FW
0xffa0b048,ChangeImagerToFastBP_FW
0xffa0afe8,ChangeImagerToFocusJet_FW
0xffa0b010,ChangeImagerToHoneyFlash_FW
0xffa0b000,ChangeImagerToJetDraft_FW
0xffa0b008,ChangeImagerToJumboDraft_FW
0xffa0aff0,ChangeImagerToMangoPudding_FW
0xffa0b018,ChangeImagerToMillefeAdjust_FW
0xffa0b040,ChangeImagerToMontblancMillefe_FW
0xffa0b038,ChangeImagerToMontblancWhole_FW
0xffa0b020,ChangeImagerToOITA_XAVIER_FW
0xffa0aff8,ChangeImagerToSuperWideDraft_FW
0xffa0b030,ChangeImagerToUltraGhostQ_FW
0xffa0af8c,ChangeImagerToWholeParallel_FW
0xffa0afa8,ChangeImagerToWholeParallelBP_FW
0xffa0afc4,ChangeImagerToWholeParallelBPOne_FW
0xffa0afe0,ChangeImagerToWideDraft_FW
0xffa65fb8,ChangeParallelMode_FW
0xff860f10,ChangeToISCloseControl_FW
0xffad3bb8,ChargeStrobe_FW
0xffad3bec,ChargeStrobeForFA_FW
0xff86f30c,CheckAllEventFlag
0xff86f2c4,CheckAnyEventFlag
0xff876724,CheckSumAll_FW
0xff822fbc,ClearDUIDFixFlag_FW
0xff86f52c,ClearEventFlag
0xff822f64,ClearFactoryMode_FW
0xff8611a0,ClearISCalcZData_FW
0xffa6602c,ClearISIComponent_FW
0xffa66050,ClearISZData_FW
0xffad10b4,ClearZoomCommonDriveParam_FW
0xffa5f134,ClearZoomDriveParam_FW
0xff824088,Close
0xff819864,close
0xff824088,Close_FW
0xff81bd88,CloseConsole_FW
0xffa4a274,closedir
0xffa65728,CloseMechaShutterWithTiming_FW
0xffacf65c,CloseMShutter_FW
0xffacec50,ConvertAdjImgDrvModeToAdjImgDriveType_FW
0xffacec04,ConvertAEIntegDrvTypeToAdjImgDriveType_FW
0xffad00b0,ConvertApexStdToApex_FW
0xffad0080,ConvertApexToApexStd_FW
0xffad064c,ConvertCxCyToWBGain_FW
0xffad1428,ConvertToPositionWithDistanceAndZoomPoint_FW
0xffacf038,ConvertTvToExposureTime_FW
0xff81bae4,CPrintf_FW
0xff81bb40,CPutChar_FW
0xff84f7e0,CreateAdjustmentTableMirror_FW
0xff827fe0,CreateBinarySemaphore
0xff8285c0,CreateBinarySemaphoreStrictly
0xff87c548,CreateController_FW
0xff828048,CreateCountingSemaphore
0xff828048,CreateCountingSemaphore_FW
0xff8285e4,CreateCountingSemaphoreStrictly
0xff86f21c,CreateEventFlag
0xff82859c,CreateEventFlagStrictly
0xff90cb2c,CreateFADBGSingalID_FW
0xffad78a4,CreateJumptable
0xff961f64,CreateLanguageMenu_FW
0xff827c1c,CreateMessageQueue
0xff828578,CreateMessageQueueStrictly
0xff874528,CreateProxyOfEventProcedure_FW
0xff86f6e8,CreateRecursiveLock
0xff828608,CreateRecursiveLockStrictly
0xff81aef4,CreateTask
0xff81aef4,CreateTask_FW
0xff828544,CreateTaskStrictly
0xff9fd204,CrossDefDetect_FW
0xff9386d4,CzDebugPrint_FW
0xff81b1cc,DebugAssert
0xff87c604,DeleteController_FW
0xff823a18,DeleteDirectory_Fut
0xff86f274,DeleteEventFlag
0xff823934,DeleteFile_Fut
0xff961b00,DeleteLanguageMenu_FW
0xff827ca0,DeleteMessageQueue
0xff874580,DeleteProxyOfEventProcedure_FW
0xff86f738,DeleteRecursiveLock
0xff8280a0,DeleteSemaphore
0xff8280a0,DeleteSemaphore_FW
0xffad7178,DevelopStillPicture_FW
0xff9fd780,DevelopTool.DevelopTest_FW
0xff90c894,DeviceUniqueIDCheckSum_FW
0xff9386c0,DisableCzDebugLog_FW
0xff90f54c,DisableDebugLogMode_FW
0xffa64f4c,DisableFocusLens_FW
0xffa64fcc,DisableFocusLensGainLock_FW
0xffa64ff8,DisableFocusLensWaveLock_FW
0xffa655b0,DisableFocusPiCircuit_FW
0xffa6545c,DisableIris_FW
0xffa58694,DisableIrisActuator_FW
0xffa65590,DisableMechaCircuit_FW
0xffa655f8,DisableZoomEncoderCircuit_FW
0xffa65898,DisableZoomLensEncoderPowerControl_FW
0xffa655d4,DisableZoomPiCircuit_FW
0xff846e3c,DispCon_GetLcdGainAdjParameter_FW
0xff846c50,DispCon_GetVideoAdjParameter_FW
0xff846e88,DispCon_SaveLcdGainAdjParameter_FW
0xff846cf0,DispCon_SaveVideoAdjParameter_FW
0xff846ad0,DispCon_SetDisplayType_FW
0xff846de8,DispCon_SetLcdGainAdjParameter_FW
0xff846b54,DispCon_SetMaxBackLightBrightness_FW
0xff846bd4,DispCon_SetVideoAdjParameter_FW
0xff846a18,DispCon_ShowBitmapColorBar
0xff846a18,DispCon_ShowBitmapColorBar_FW
0xff8469fc,DispCon_ShowBlackChart_FW
0xff8468ac,DispCon_ShowColorBar_FW
0xff846af0,DispCon_ShowColorChart_FW
0xff846a78,DispCon_ShowCustomColorBar_FW
0xff8468fc,DispCon_ShowFiveStep_FW
0xff846e78,DispCon_ShowLcdGainAdjParameter_FW
0xff846cb8,DispCon_ShowVideoAdjParameter_FW
0xff8469c4,DispCon_ShowWhiteChart_FW
0xff846b44,DispCon_TurnOffBackLight_FW
0xff846b24,DispCon_TurnOffDisplay_FW
0xff846b34,DispCon_TurnOnBackLight_FW
0xff846b14,DispCon_TurnOnDisplay_FW
0xff946980,DispDev.Create_FW
0xff944b14,DispDev_EnableEventProc_FW
0xff822d60,DisplayFactoryMode_FW
0xff8261b4,DoAELock
0xff825e48,DoAFLock
0xff944c08,Driver.Create_FW
0xff944c08,Driver_EnableEventProc_FW
0xff814e04,drysh_FW
0xff944e70,Dump32_FW
0xff944e60,Dump_FW
0xff84f698,DumpAdjMirror_FW
0xffa31850,DumpTransparentMemoryItem_FW
0xff8c8eb8,E2LatOn_FW
0xffa081dc,EF.AdjPreFlash_FW
0xff8b4794,EF.IsChargeFull_FW
0xffa08220,EF.SetChargeMode_FW
0xffa080ec,EF.SetEFChargeTimeOut_FW
0xffa08234,EF.SetFlashTime_FW
0xffa081c4,EF.SetMainFlashTime_FW
0xffa0808c,EF.StartEFCharge_FW
0xffa0813c,EF.StartInternalMainFlash_FW
0xffa08100,EF.StartInternalPreFlash_FW
0xffa080dc,EF.StopEFCharge_FW
0xff9386a8,EnableCzDebugLog_FW
0xff90f538,EnableDebugLogMode_FW
0xffa64f00,EnableFocusLens_FW
0xffa64f98,EnableFocusLensGainLockWithVoltage_FW
0xffa64fdc,EnableFocusLensWaveLock_FW
0xffa655a0,EnableFocusPiCircuit_FW
0xff81aeec,EnableInterrupt
0xffa65438,EnableIris_FW
0xffa58670,EnableIrisActuator_FW
0xff833938,EnableLog_FW
0xffa65580,EnableMechaCircuit_FW
0xffa655e8,EnableZoomEncoderCircuit_FW
0xffa65888,EnableZoomLensEncoderPowerControl_FW
0xffa655c4,EnableZoomPiCircuit_FW
0xff945c54,EndClockMode_FW
0xff8f4434,EngApp.Create_FW
0xff8f441c,EngApp.Delete_FW
0xff822b78,EngDrvBits
0xffa2a4f8,EngDrvBits_FW
0xff822b5c,EngDrvIn
0xffa2a4e8,EngDrvIn_FW
0xff822b44,EngDrvOut
0xffa2a4cc,EngDrvOut_FW
0xff822b64,EngDrvRead
0xffa2a4f0,EngDrvRead_FW
0xffa2a51c,EngDrvReadDump_FW
0xff946a30,EngineDriver.Create_FW
0xff826110,EnterToCompensationEVF
0xff84f68c,EraseAdjustmentArea_FW
0xff94e13c,EraseLogSector_FW
0xff94e95c,EraseSectorOfRom_FW
0xff944e4c,EraseSignature_FW
0xff814e80,err_init_task
0xffa6478c,EscapeFocusLens_FW
0xffa688e8,exec_FW
0xff8543d4,Executedccd_FW
0xff853da4,ExecuteDigicon_FW
0xff873ae4,ExecuteEventProcedure
0xff873b5c,ExecuteEventProcedure_FW
0xffad3c58,ExecuteInternalPreFlash_FW
0xff971f2c,ExecuteResetFactoryWithRomWrite_FW
0xff853a84,ExecuteTestRec_FW
0xff853b54,ExecuteTestRecCF_FW
0xff826154,ExitFromCompensationEVF
0xff81b184,ExitTask
0xff81b184,ExitTask_FW
0xff872228,ExMem.AllocCacheable_FW
0xff872070,ExMem.AllocUncacheable_FW
0xff8722b0,ExMem.FreeCacheable_FW
0xff8721ac,ExMem.FreeUncacheable_FW
0xff871b8c,ExMem.View_FW
0xff8721c0,exmem_alloc
0xff872238,exmem_free
0xff8247e8,ExMem_FW
0xff8a7af8,ExpCtrlTool.SetExpMode_FW
0xff831950,ExpCtrlTool_StartContiAE
0xff831a94,ExpCtrlTool_StopContiAE
0xff87451c,ExportToEventProcedure_FW
0xff94695c,FA.Create_FW
0xff946948,FA.Delete_FW
0xff90cbdc,FADBGPrintf_FW
0xff90cb3c,FADBGSingal_FW
0xff90cd5c,FAPrintf_FW
0xff823ab0,Fclose_Fut
0xff823ab0,Fclose_Fut_FW
0xff823c9c,Feof_Fut
0xff823cd8,Fflush_Fut
0xff823c04,Fgets_Fut
0xffad4188,FixAEWithCompensation_FW
0xff9635a4,FmtMenu_ExecuteQuickFormat_FW
0xffad405c,FocusAEWithCompensation_FW
0xff823a70,Fopen_Fut
0xff823a70,Fopen_Fut_FW
0xff823b5c,Fread_Fut
0xff823b5c,Fread_Fut_FW
0xff813a7c,free
0xffa319d8,FreeBufferForSoundRec_FW
0xffa68874,FreeMemory
0xffa68874,FreeMemory_FW
0xff828840,FreeUncacheableMemory
0xff823c50,Fseek_Fut
0xff823c50,Fseek_Fut_FW
0xff823bb0,Fwrite_Fut
0xff823bb0,Fwrite_Fut_FW
0xff8486cc,GetAdChValue_FW
0xffad2bc4,GetAdjAFInteg_FW
0xff84f6f0,GetAdjTableMapVersion_FW
0xff84f700,GetAdjTableValueVersion_FW
0xff84f6bc,GetAdjTableVersion_FW
0xff8486c4,GetAdVBattBottom_FW
0xfface414,GetAEIntegralServiceMode_FW
0xfface0c0,GetAEIntegralValueWithFix_FW
0xfface408,GetAEIntegValueBit_FW
0xffacde10,GetAEIntegWinData_FW
0xffacdf50,GetAEIntegWinDataWithMode_FW
0xfface1e4,GetAllAEIntegralAllValueWithFix_FW
0xff821c20,GetBatteryCoverClose_FW
0xff84dc90,GetBatteryTemperature
0xff84dc90,GetBatteryTemperature_FW
0xff876608,GetBuildDate_FW
0xff876610,GetBuildTime_FW
0xffad6f54,GetCaptureInfoData_FW
0xff84dc20,GetCCDTemperature
0xff84dc20,GetCCDTemperature_FW
0xffaced50,GetCdsGainValue_FW
0xffacee40,GetCdsPreGain_FW
0xffacee98,GetCdsPreGainReg_FW
0xff81bb6c,GetCh_FW
0xffad5728,GetContinuousMovieJpegVRAMData_FW
0xffad4dc0,GetContinuousVRAMData_FW
0xffad5564,GetContinuousVRAMDataWithRingBuffer_FW
0xffacebd8,GetCurrentAdjImgDriveType_FW
0xff93b378,GetCurrentAvValue
0xff93b378,GetCurrentAvValue_FW
0xff885dd0,GetCurrentCaptureModeType_FW
0xff84dc20,GetCurrentCcdTemp_FW
0xff89aa8c,GetCurrentExposureTime_FW
0xff9398b0,GetCurrentFocusLensPosition_FW
0xff9398b0,GetCurrentFocusPosition_FW
0xffacebe4,GetCurrentImgDrvMode_FW
0xff93b508,GetCurrentIrisPosition_FW
0xff90d238,GetCurrentMaximumLogSize_FW
0xff84dd00,GetCurrentOptTemp_FW
0xff89a7b4,GetCurrentShutterSpeed_FW
0xff939848,GetCurrentTargetDistance_FW
0xffad0870,GetCurrentZoomLensDirection_FW
0xff93e7c8,GetCurrentZoomLensPoint_FW
0xff93e7a0,GetCurrentZoomLensPosition_FW
0xff93e7c8,GetCurrentZoomPoint_FW
0xff93e7a0,GetCurrentZoomPosition_FW
0xffad5dd0,GetDay_FW
0xff8544e0,GetdccdFilterValue_FW
0xff85444c,GetdccdImage_FW
0xff9fd1e4,GetDefectCount_FW
0xff821c1c,GetDialEventId_FW
0xff859f90,GetDrive_ClusterSize
0xff859ff8,GetDrive_FreeClusters
0xff859fc4,GetDrive_TotalClusters
0xff86f564,GetEventFlagValue
0xffad3b68,GetExStrobeID_FW
0xff876618,GetFirmwareVersion_FW
0xff939d18,GetFocusDefaultResetPosition_FW
0xffa56f34,GetFocusLensCurrentPosition_FW
0xffa573e8,GetFocusLensDriveVoltage_FW
0xffa574b0,GetFocusLensHoldVoltage_FW
0xffa650ac,GetFocusLensLoadCamTable_FW
0xffa65040,GetFocusLensLoadSubjectDistance_FW
0xffa65194,GetFocusLensMoveMaxPosition_FW
0xffa651ac,GetFocusLensMoveMinPosition_FW
0xffa65038,GetFocusLensPositionRatio_FW
0xff9394c4,GetFocusLensPullInMaxSpeed_FW
0xffa56744,GetFocusLensResetDefaultPosition_FW
0xffa56734,GetFocusLensResetPosition_FW
0xffaedbb0,GetFocusLensResetVoltage_FW
0xffa57464,GetFocusLensSettingWaitVoltage_FW
0xff939848,GetFocusLensSubjectDistance
0xffa65014,GetFocusLensSubjectDistance_FW
0xff939c30,GetFocusLensSubjectDistanceFromLens
0xffa65030,GetFocusLensSubjectDistanceNumber_FW
0xff93bcf8,GetFocusPiSensorLevel_FW
0xff939cac,GetFocusResetPosition_FW
0xff86010c,GetFocusStartZoomPosition_FW
0xff861074,GetGyro10BitDACPitch_FW
0xff86107c,GetGyro10BitDACYaw_FW
0xff86104c,GetGyroDataPitch_FW
0xff861054,GetGyroDataYaw_FW
0xff8610a4,GetGyroHPFINOffsetPitch_FW
0xff8610bc,GetGyroHPFINOffsetYaw_FW
0xff8610d4,GetGyroHPFINPitch_FW
0xff861130,GetGyroHPFINYaw_FW
0xffad5df8,GetHour_FW
0xff93b378,GetIrisAv_FW
0xff93b508,GetIrisCurrentPosition_FW
0xffa65c10,GetISDriveAaxis_FW
0xffa65c30,GetISDriveBaxis_FW
0xffa65ef4,GetISFirmVersion_FW
0xff861074,GetISGyro10BitDACPitch_FW
0xff86107c,GetISGyro10BitDACYaw_FW
0xff86104c,GetISGyroDataPitch_FW
0xff861054,GetISGyroDataYaw_FW
0xffa65d10,GetISGyroGainAaxis_FW
0xffa65d30,GetISGyroGainBaxis_FW
0xff8610a4,GetISGyroHPFINOffsetPitch_FW
0xff8610bc,GetISGyroHPFINOffsetYaw_FW
0xff8610d4,GetISGyroHPFINPitch_FW
0xff861130,GetISGyroHPFINYaw_FW
0xff860f98,GetISGyroPitchGain_FW
0xffad7284,GetISGyroPitchOffset_FW
0xff860fa0,GetISGyroYawGain_FW
0xffad727c,GetISGyroYawOffset_FW
0xff860f88,GetISHallDevicePitchGain_FW
0xff860f78,GetISHallDevicePitchOffset_FW
0xff860f90,GetISHallDeviceYawGain_FW
0xff860f80,GetISHallDeviceYawOffset_FW
0xffa65cd0,GetISHallGainAaxis_FW
0xffa65cf0,GetISHallGainBaxis_FW
0xffa65c90,GetISHallOffsetAaxis_FW
0xffa65cb0,GetISHallOffsetBaxis_FW
0xffa66060,GetISHallOut1Amp_FW
0xff861828,GetISLensDampAaxis_FW
0xff861830,GetISLensDampBaxis_FW
0xffad753c,GetISLensEViAaxis_FW
0xffad7550,GetISLensEViBaxis_FW
0xffa65f1c,GetISParamVersion_FW
0xff860fa8,GetISPitchPWM_FW
0xffa65c50,GetISPositionAaxis_FW
0xffa65c70,GetISPositionBaxis_FW
0xff860fb8,GetISShiftLensPitchPosition_FW
0xff860fc0,GetISShiftLensYawPosition_FW
0xff860fb0,GetISYawPWM_FW
0xff84afbc,GetKbdState
0xffad6540,GetLastVBatADLevel_FW
0xff86014c,GetLensErrorStatus_FW
0xff90d1dc,GetLogData_FW
0xff90d1e4,GetLogDataOnlyAddMemory_FW
0xff94e114,GetLogToFile_FW
0xffad779c,GetLoopGain_FW
0xffad7794,GetLoopGainCalcData_FW
0xffa65fe8,GetLPFParallelBest_FW
0xff93c440,GetMechaShutterStatus_FW
0xff813c24,GetMemInfo
0xffad5e20,GetMinute_FW
0xff839a00,GetMontblancVSize_FW
0xffad5da4,GetMonth_FW
0xff83ce6c,GetMovieJpegVRAMHPixelsSize_FW
0xff83ce78,GetMovieJpegVRAMVPixelsSize_FW
0xff827f74,GetNumberOfPostedMessages
0xffacedc0,GetObClampValue_FW
0xfface2b8,GetOnlyAEIntegData_FW
0xff84dd00,GetOpticalTemperature
0xff84dd00,GetOpticalTemperature_FW
0xff971c10,GetParameterData
0xffad54c0,GetPixelsOfViewangle_FW
0xff8777cc,GetPropertyCase
0xff821bf8,GetSDDetect_FW
0xff821c00,GetSDProtect
0xff821c00,GetSDProtect_FW
0xffad5e48,GetSecond_FW
0xff87c8b8,GetSelfControllerHandle_FW
0xff828254,GetSemaphoreValue
0xffacf138,GetShutterSpeedRegularMaxLimit_FW
0xffacf150,GetShutterSpeedRegularMinLimit_FW
0xff81aec8,GetSRAndDisableInterrupt
0xff81bbbc,GetStringWithPrompt_FW
0xffad4cd4,GetSumYOfVRAMCenterLine_FW
0xff821b8c,GetSwitchStatus_FW
0xffa688d4,GetSystemTime
0xffa688d4,GetSystemTime_FW
0xff871910,GetTimeOfSystem_FW
0xffa31934,GetTransparentMemory_FW
0xffa31978,GetTransparentMemoryPosition_FW
0xffa31920,GetTransparentMemorySize_FW
0xffad6e1c,GetUnpackCrwIntegralValue_FW
0xffacf534,GetUsableMaxAv_FW
0xffacf51c,GetUsableMinAv_FW
0xffacf128,GetUserSetShutterSPeed_FW
0xff820574,GetVBatVoltage_FW
0xffad46e8,GetVideoOutType_FW
0xff83ce54,GetVRAMHPixelsSize
0xff83ce54,GetVRAMHPixelsSize_FW
0xff83ce60,GetVRAMVPixelsSize
0xff83ce60,GetVRAMVPixelsSize_FW
0xffad5d74,GetYear_FW
0xffa5ceb8,GetZoomActuatorCurrentPosition_FW
0xffa5cea4,GetZoomActuatorSpeedPPS_FW
0xffad1004,GetZoomDefaultCommonDriveParam_FW
0xffad0f20,GetZoomDefaultDriveParam_FW
0xff93f160,GetZoomDrivingTime_FW
0xff93e7c8,GetZoomLensCurrentPoint
0xff93e7c8,GetZoomLensCurrentPoint_FW
0xffa5dcc8,GetZoomLensCurrentPosition
0xff93e7a0,GetZoomLensCurrentPosition_FW
0xff93f15c,GetZoomLensMechaEdgePosition_FW
0xffad06f0,GetZoomLensResetPlus_FW
0xff93ebac,GetZoomLensTelePoint_FW
0xffad0fb8,GetZoomNormalDriveParam_FW
0xff93bcb0,GetZoomPiSensorLevel_FW
0xffad0f6c,GetZoomResetDriveParam_FW
0xffa5f11c,GetZoomResetSensorLevel_FW
0xff93ebac,GetZoomTelePoint_FW
0xff82821c,GiveSemaphore
0xff82821c,GiveSemaphore_FW
0xff87f1c4,HardwareDefect_FW
0xff87f174,HardwareDefectWithRestart_FW
0xffad72c4,HitISLensAgainstBottomEdge_FW
0xffad72b0,HitISLensAgainstLeftEdge_FW
0xffad729c,HitISLensAgainstRightEdge_FW
0xffad72d8,HitISLensAgainstTopEdge_FW
0xffad75ec,HitISMechaEdgeInOpenControl_FW
0xff90d200,InactivateAdjLog_FW
0xff946920,InitializeAdjustmentFunction_FW
0xff9468b0,InitializeAdjustmentSystem_FW
0xff853c10,Initializedccd_FW
0xff853c10,InitializeDigicon_FW
0xffad77fc,InitializeMechaDevice_FW
0xffa31ad4,InitializeSoundRec_FW
0xff853838,InitializeTestRec_FW
0xffaceff8,IsAdjCdsMode_FW
0xffa65b24,ISAutoCenter_FW
0xffa65b60,ISChangeOPENtoCLOSE_FW
0xff87ec08,IsControlEventActive_FW
0xffa65f58,ISControlStart_FW
0xffa65f68,ISControlStop_FW
0xff8230d4,IsDUIDFixFlag_FW
0xffad47c8,IsEVFDrive_FW
0xffad4b04,IsEvfDriveMode_FW
0xffad3b70,IsExStrobeChargeComp_FW
0xff8230a4,IsFactoryMode_FW
0xff939c88,IsFocusLensOutSidePosition_FW
0xff860818,ISInitMotion_FW
0xff85eb24,IsLensOutside_FW
0xff90d22c,IsLogOutType_FW
0xffa66084,ISMDStart_FW
0xffa66094,ISMDStop_FW
0xffa65b4c,ISMoveToMechaEdgeOPEN_FW
0xffa65f78,ISPanModeStart_FW
0xffa65f88,ISPanModeStop_FW
0xff8b4794,IsStrobeChargeCompleted
0xffa5c8d4,IsZoomActuatorResetSensorPlusSide_FW
0xff93eee0,IsZoomLensOutSidePosition_FW
0xff944b88,j_BeepDrive_FW
0xffad75fc,j_ChangeToISCloseControl_FW
0xffad75cc,j_ClearISCalcZData_FW
0xffad0a84,j_ClearZoomDriveParam_FW
0xffa0b074,j_E2LatOn_FW
0xffa081d8,j_EF.IsChargeFull_FW
0xff944ed0,j_exec_FW
0xff8247e0,j_ExMem.AllocCacheable_FW
0xff8247d8,j_ExMem.AllocUncacheable_FW
0xff8247e4,j_ExMem.FreeCacheable_FW
0xff8247dc,j_ExMem.FreeUncacheable_FW
0xff8247d4,j_ExMem.View_FW
0xff944b84,j_GetAdChValue_FW
0xff944b80,j_GetAdVBattBottom_FW
0xffacdf4c,j_GetAEIntegWinData_FW
0xff944c04,j_GetBatteryCoverClose_FW
0xff84ddb8,j_GetBatteryTemperature_FW
0xff84ddb4,j_GetCCDTemperature_FW
0xffacee68,j_GetCdsPreGain_FW
0xffaceec0,j_GetCdsPreGainReg_FW
0xffacf2b8,j_GetCurrentAvValue_FW
0xffad5eac,j_GetCurrentCcdTemp_FW
0xffacf058,j_GetCurrentExposureTime_FW
0xffad1480,j_GetCurrentFocusLensPosition_FW
0xffad1480,j_GetCurrentFocusPosition_FW
0xffacf384,j_GetCurrentIrisPosition_FW
0xffad5eb0,j_GetCurrentOptTemp_FW
0xffacf060,j_GetCurrentShutterSpeed_FW
0xffad1444,j_GetCurrentTargetDistance_FW
0xffad086c,j_GetCurrentZoomLensPoint_FW
0xffad0868,j_GetCurrentZoomLensPosition_FW
0xffad086c,j_GetCurrentZoomPoint_FW
0xffad0868,j_GetCurrentZoomPosition_FW
0xff944c00,j_GetDialEventId_FW
0xffad143c,j_GetFocusDefaultResetPosition_FW
0xffa65008,j_GetFocusLensCurrentPosition_FW
0xffa650dc,j_GetFocusLensDriveVoltage_FW
0xffa65154,j_GetFocusLensHoldVoltage_FW
0xffa651c4,j_GetFocusLensPullInMaxSpeed_FW
0xffa65010,j_GetFocusLensResetDefaultPosition_FW
0xffa6500c,j_GetFocusLensResetPosition_FW
0xffa65190,j_GetFocusLensResetVoltage_FW
0xffa65118,j_GetFocusLensSettingWaitVoltage_FW
0xffa655c0,j_GetFocusPiSensorLevel_FW
0xffad1440,j_GetFocusResetPosition_FW
0xffa65560,j_GetFocusStartZoomPosition_FW
0xffa65d80,j_GetGyro10BitDACPitch_FW
0xffa65d84,j_GetGyro10BitDACYaw_FW
0xffa65d50,j_GetGyroDataPitch_FW
0xffa65d54,j_GetGyroDataYaw_FW
0xffa65db0,j_GetGyroHPFINOffsetPitch_FW
0xffa65db4,j_GetGyroHPFINOffsetYaw_FW
0xffa65db8,j_GetGyroHPFINPitch_FW
0xffa65dbc,j_GetGyroHPFINYaw_FW
0xffa653a4,j_GetIrisAv_FW
0xffa653a8,j_GetIrisCurrentPosition_FW
0xffad7720,j_GetISGyro10BitDACPitch_FW
0xffad7728,j_GetISGyro10BitDACYaw_FW
0xffad7700,j_GetISGyroDataPitch_FW
0xffad7708,j_GetISGyroDataYaw_FW
0xffad7730,j_GetISGyroHPFINOffsetPitch_FW
0xffad7738,j_GetISGyroHPFINOffsetYaw_FW
0xffad7710,j_GetISGyroHPFINPitch_FW
0xffad7718,j_GetISGyroHPFINYaw_FW
0xffad73a0,j_GetISGyroPitchGain_FW
0xffad739c,j_GetISGyroYawGain_FW
0xffad7358,j_GetISHallDevicePitchGain_FW
0xffad7360,j_GetISHallDevicePitchOffset_FW
0xffad7354,j_GetISHallDeviceYawGain_FW
0xffad735c,j_GetISHallDeviceYawOffset_FW
0xffad7564,j_GetISLensDampAaxis_FW
0xffad7568,j_GetISLensDampBaxis_FW
0xffad741c,j_GetISPitchPWM_FW
0xffad7534,j_GetISShiftLensPitchPosition_FW
0xffad7538,j_GetISShiftLensYawPosition_FW
0xffad7418,j_GetISYawPWM_FW
0xffa6555c,j_GetLensErrorStatus_FW
0xffa657ac,j_GetMechaShutterStatus_FW
0xffad55f8,j_GetMovieJpegVRAMHPixelsSize_FW
0xffad55fc,j_GetMovieJpegVRAMVPixelsSize_FW
0xff84ddb0,j_GetOpticalTemperature_FW
0xff944be8,j_GetSDDetect_FW
0xff944bec,j_GetSDProtect_FW
0xff944bd4,j_GetSwitchStatus_FW
0xffad6548,j_GetVBatVoltage_FW
0xffad4d3c,j_GetVRAMHPixelsSize_FW
0xffad4d40,j_GetVRAMVPixelsSize_FW
0xffa5ceb0,j_GetZoomActuatorCurrentPosition_FW
0xffad0a10,j_GetZoomDrivingTime_FW
0xffa65af0,j_GetZoomLensCurrentPoint_FW
0xffa65b18,j_GetZoomLensCurrentPosition_FW
0xffa65b20,j_GetZoomLensMechaEdgePosition_FW
0xffa65b1c,j_GetZoomLensTelePoint_FW
0xffa655e4,j_GetZoomPiSensorLevel_FW
0xffad09d0,j_GetZoomResetSensorLevel_FW
0xffad09cc,j_GetZoomTelePoint_FW
0xffad1a24,j_IsFocusLensOutSidePosition_FW
0xffa65558,j_IsLensOutside_FW
0xffa5ceb4,j_IsZoomActuatorResetSensorPlusSide_FW
0xffad0bfc,j_IsZoomLensOutSidePosition_FW
0xff944b90,j_LEDDrive_FW
0xffa0e20c,j_LiveImageTool.GetDzoomPosition_FW
0xff824290,j_Lseek_FW
0xff944e44,j_MemoryChecker_FW
0xff944e40,j_MonSelEvent_FW
0xffad7530,j_MoveISLensToCentralPosition_FW
0xff8247d0,j_NewTaskShell_FW
0xff944eb8,j_Peek16_FW
0xff944eb4,j_Peek32_FW
0xff944ebc,j_Peek8_FW
0xff944e3c,j_Printf_FW
0xff87f3e8,j_PTM_AllReset_FW
0xff87f900,j_PTM_BackupUIProperty_FW
0xff87f850,j_PTM_GetWorkingCaptureMode_FW
0xff87f8e4,j_PTM_IsEnableItem_FW
0xff87f8d0,j_PTM_NextItem_FW
0xff87f8d4,j_PTM_PrevItem_FW
0xff87f858,j_PTM_SetCurrentItem_FW
0xff87f8e8,j_PTM_SetProprietyEnable_FW
0xff824768,j_PutsCameraLogEvent_FW
0xff824130,j_Read_FW
0xffacedbc,j_ReloadCdsAdjustment_FW
0xffad3ce0,j_ReloadColorAdjustment_FW
0xffad3b80,j_ReloadEfAdjustment_FW
0xffad1438,j_ReloadFocusLensAdjustment_FW
0xffacf588,j_ReloadNdFilterAdjustment_FW
0xffad032c,j_ReloadWBAdjustment_FW
0xffad088c,j_ReloadZoomAdjustment_FW
0xff944e5c,j_SDump_FW
0xffad752c,j_SearchBCentralPosition_FW
0xffad752c,j_SearchISLensCentralPosition_FW
0xffad1a5c,j_SetFocusResetState_FW
0xffad0c14,j_SetZoomResetState_FW
0xff82475c,j_ShowCameraLog_FW
0xff824760,j_ShowCameraLogInfo_FW
0xffad7350,j_StartBDrive_FW
0xffad7524,j_StartBPanDrive_FW
0xff824758,j_StartCameraLog_FW
0xffad751c,j_StartISAdjustmentDrive_FW
0xffad7350,j_StartISDrive_FW
0xffa65b48,j_StartISLocalAutoCenter_FW
0xffa65b44,j_StartISLocalHallAdjust_FW
0xffad7524,j_StartISPanDrive_FW
0xffad734c,j_StopBDrive_FW
0xffad7528,j_StopBPanDrive_FW
0xff824764,j_StopCameraLog_FW
0xffad4d44,j_StopContinuousVRAMData_FW
0xffad7520,j_StopISAdjustmentDrive_FW
0xffad734c,j_StopISDrive_FW
0xffad7528,j_StopISPanDrive_FW
0xff81cb48,j_strcmp_FW
0xff945c34,j_UIFS_Capture_FW
0xff945c38,j_UIFS_CaptureNoneStop_FW
0xff945c6c,j_UIFS_DeleteAllSound_FW
0xff945b70,j_UIFS_MoveZoomTo_FW
0xff945c3c,j_UIFS_StartMovieRecord_FW
0xff945c64,j_UIFS_StartRecordSound_FW
0xff945c40,j_UIFS_StopMovieRecord_FW
0xff945c68,j_UIFS_StopRecordSound_FW
0xff945c74,j_UIFS_WriteFirmInfoToFile_FW
0xff944b8c,j_VbattGet_FW
0xff944e48,j_VerifyByte_FW
0xff821d24,kbd_p1_f
0xff821d30,kbd_p1_f_cont
0xff82153c,kbd_p2_f
0xff84b174,kbd_pwr_off,(stubs_entry_2.s)
0xff821c28,kbd_read_keys
0xff84a99c,kbd_read_keys_r2
0xff8f379c,LcdCon_GetLcdAdjParameter_FW
0xff8f3b7c,LcdCon_GetLcdBackLightParameter_FW
0xff8f39ac,LcdCon_GetLcdParameter_FW
0xff8f3824,LcdCon_SaveLcdAdjParameter_FW
0xff8f3c00,LcdCon_SaveLcdBackLightParameter_FW
0xff8f3a34,LcdCon_SaveLcdParameter_FW
0xff8f36fc,LcdCon_SetLcdAdjParameter_FW
0xff8f3af4,LcdCon_SetLcdBackLightBrightness_FW
0xff8f3b24,LcdCon_SetLcdBackLightParameter_FW
0xff8f36a8,LcdCon_SetLcdDriver_FW
0xff8f3840,LcdCon_SetLcdParameter_FW
0xff8f37e4,LcdCon_ShowLcdAdjParameter_FW
0xff8f3bc0,LcdCon_ShowLcdBackLightParameter_FW
0xff8f39f4,LcdCon_ShowLcdParameter_FW
0xffaa714c,LCDMsg_ChangeColor_FW
0xffaa6f74,LCDMsg_Create_FW
0xffaa6c80,LCDMsg_Delete_FW
0xffaa6c40,LCDMsg_Move_FW
0xffaa7074,LCDMsg_SetNum_FW
0xffaa7084,LCDMsg_SetStr_FW
0xffaa7024,LCDMsg_SwDisp_FW
0xff84a53c,LEDDrive
0xff84a53c,LEDDrive_FW
0xff9fd25c,LineDefDetect_FW
0xff9fd300,LineKizuCheck_FW
0xffa0e19c,LiveImageTool.ChangeDzoom_FW
0xffa0e12c,LiveImageTool.DzoomTele_FW
0xffa0e14c,LiveImageTool.DzoomWide_FW
0xff83cd20,LiveImageTool.GetDzoomPosition_FW
0xffa0e210,LiveImageTool.Jump_FW
0xffa0e17c,LiveImageTool.Pause_FW
0xffa0e18c,LiveImageTool.Resume_FW
0xffa0dadc,LiveImageTool.StartEVF_FW
0xffa0db58,LiveImageTool.StartEVFFocusJet_FW
0xffa0dbd4,LiveImageTool.StartEVFMF_FW
0xffa0e034,LiveImageTool.StartEVFMovHD_FW
0xffa0dec0,LiveImageTool.StartEVFMovQQVGA_FW
0xffa0dd48,LiveImageTool.StartEVFMovQVGA60_FW
0xffa0de04,LiveImageTool.StartEVFMovQVGA_FW
0xffa0dc68,LiveImageTool.StartEVFMovVGA_FW
0xffa0df7c,LiveImageTool.StartEVFMovXGA_FW
0xffa0e0fc,LiveImageTool.StartMjpegMaking_FW
0xffa0e16c,LiveImageTool.StopDzoom_FW
0xffa0e0ec,LiveImageTool.StopEVF_FW
0xffa0e11c,LiveImageTool.StopMjpegMaking_FW
0xff84f7d0,LoadAdjustmentTable_FW
0xff84fbe8,LoadAdjustmentValue_FW
0xff90c798,LoadDataFromAdjTableBin_FW
0xffad6324,LoadFactoryNumber_FW
0xff90c694,LoadParamDataFromAdjTableBin_FW
0xff870a68,LoadScript_FW
0xffad6454,LoadSerialNumber_FW
0xff871280,LocalTime
0xff87ef28,LockMainPower
0xff87ef28,LockMainPower_FW
0xff874abc,LogCameraEvent
0xff8241c8,Lseek
0xff8241c8,lseek
0xff8241c8,Lseek_FW
0xffa68fb0,MakeBootDisk_FW
0xff8239a8,MakeDirectory_Fut
0xffa68fc4,MakeScriptDisk_FW
0xff8139a8,malloc
0xff9449b0,Mecha.Create_FW
0xff944a08,MechaReset_FW
0xff944a14,MechaTerminate_FW
0xff944970,MechaUnRegisterEventProcedure_FW
0xff81cbb0,memcmp
0xff81cbb0,memcmp_FW
0xff899344,memcpy
0xff899344,memcpy_FW
0xffa68074,MemoryChecker_FW
0xff9db1bc,memset
0xff9db1bc,memset_FW
0xff810bc4,memShow_FW
0xff82442c,mkdir
0xff899bb0,mktime_ext
0xffa6895c,MonSelEvent_FW
0xff87c788,MoveControllerToTopOfZOrder_FW
0xffa645e4,MoveCZToPoint_FW
0xffa6467c,MoveCZToPointByOVF_FW
0xffa6464c,MoveCZToTele_FW
0xffa6461c,MoveCZToWide_FW
0xffaecfd0,MoveDCMotorCCW_FW
0xffaecf48,MoveDCMotorCW_FW
0xffa64b94,MoveFocusActuator_FW
0xffad17c8,MoveFocusDistance_FW
0xffad17c8,MoveFocusLensToDistance
0xffad17c8,MoveFocusLensToDistance_FW
0xffad16b0,MoveFocusLensToPosition_FW
0xffad1594,MoveFocusLensToPositionWithMaxSpeed_FW
0xffad15d8,MoveFocusLensToPositionWithSpeed_FW
0xffa64804,MoveFocusLensToTerminate_FW
0xffad14b0,MoveFocusLensToTerminatePosition_FW
0xffa64860,MoveFocusLensWithDistance_FW
0xffa6496c,MoveFocusLensWithPosition_FW
0xffa64a80,MoveFocusLensWithPositionWithoutBacklash_FW
0xffad1700,MoveFocusPosition_FW
0xffad14b0,MoveFocusToTerminate_FW
0xffacf3bc,MoveIrisFullClose_FW
0xffacf388,MoveIrisFullOpen_FW
0xffacf458,MoveIrisMechaPositionWithBacklash_FW
0xffacf494,MoveIrisMechaPositionWithoutBacklash_FW
0xffacf234,MoveIrisToAv_FW
0xffacf4d0,MoveIrisToAvWithoutBacklash_FW
0xffa6537c,MoveIrisToFullClose_FW
0xffa65354,MoveIrisToFullOpen_FW
0xffa65300,MoveIrisToPositionWithBacklash_FW
0xffa653d8,MoveIrisToPositionWithoutBacklash_FW
0xffa65278,MoveIrisToStandbyPosition_FW
0xffa6532c,MoveIrisToTerminatePosition_FW
0xffa652a0,MoveIrisWithAv
0xffa652a0,MoveIrisWithAv_FW
0xffa652cc,MoveIrisWithAvAndSpeed_FW
0xffa65404,MoveIrisWithAvAndSpeedWithoutBacklash_FW
0xffa653ac,MoveIrisWithAvWithoutBacklash_FW
0xffacf424,MoveIrisWithTerminatePosition_FW
0xffad7324,MoveISLensToBottomLimitPosition_FW
0xff860ecc,MoveISLensToCentralPosition_FW
0xffad7310,MoveISLensToLeftLimitPosition_FW
0xffad72fc,MoveISLensToRightLimitPosition_FW
0xffad7338,MoveISLensToTopLimitPosition_FW
0xffa654d8,MoveLensToFirstPoint_FW
0xffa65520,MoveLensToTerminatePoint_FW
0xffa5ce48,MoveZoomActuator_FW
0xffa65a80,MoveZoomLensToMechaEdge_FW
0xffad1248,MoveZoomLensToMechaEnd_FW
0xffad0cfc,MoveZoomLensToPoint_FW
0xffad0cc0,MoveZoomLensToPosition_FW
0xffad12e8,MoveZoomLensToPositionByManual_FW
0xffa65a40,MoveZoomLensToTerminatePosition_FW
0xffa659b8,MoveZoomLensWithPoint
0xffa659b8,MoveZoomLensWithPoint_FW
0xffa659fc,MoveZoomLensWithPosition_FW
0xffad0cfc,MoveZoomPoint_FW
0xffad0cc0,MoveZoomPosition_FW
0xff877274,NewTaskShell
0xff8772d4,NewTaskShell_FW
0xff94a648,NR_GetDarkSubType
0xff94a648,NR_GetDarkSubType_FW
0xff94a678,NR_GetDefectCorrectType_FW
0xff94a59c,NR_SetDarkSubType
0xff94a59c,NR_SetDarkSubType_FW
0xff94a61c,NR_SetDefectCorrectType_FW
0xff94a6a8,NR_SetLotasPonyType_FW
0xff944bc4,OffPrintPhySw_FW
0xffad01f4,OneShotWhigeBalance_FW
0xffad01f4,OneTypeWhiteBalance_FW
0xff944bb4,OnPrintPhySw_FW
0xff824060,Open
0xff8197b4,open
0xff824060,Open_FW
0xff81bc1c,OpenConsole_FW
0xffa4a110,OpenFastDir
0xffacf694,OpenMShutter_FW
0xff82476c,OpLog.Create_FW
0xff875a5c,OpLog.Get_FW
0xff875a7c,OpLog.Play_FW
0xff8751c4,OpLog.ReadFromROM_FW
0xff875264,OpLog.ReadFromSD_FW
0xff87509c,OpLog.Show_FW
0xff875bfc,OpLog.Start_FW
0xff87513c,OpLog.Stop_FW
0xff875168,OpLog.WriteToROM_FW
0xff875630,OpLog.WriteToSD_FW
0xff90cdac,OutputLogToFile_FW
0xff8822ec,PB2Rec
0xffa688a4,Peek16_FW
0xffa6889c,Peek32_FW
0xffa688ac,Peek8_FW
0xff9fcfdc,PointDefDetect_FW
0xff9fd184,PointKizuCheck_FW
0xff944e94,Poke16_FW
0xff944e84,Poke32_FW
0xff944ea4,Poke8_FW
0xff87cdb0,PostEventShootSeqToUI_FW
0xff87ccec,PostLogicalEventForNotPowerType
0xff87ccec,PostLogicalEventForNotPowerType_FW
0xff87cd38,PostLogicalEventToUI
0xff87cd38,PostLogicalEventToUI_FW
0xff827e7c,PostMessageQueue
0xff828684,PostMessageQueueStrictly
0xffad4270,PreFixAE_FW
0xff84ff18,PrintAdjKabotanInfo_FW
0xff84fc0c,PrintAdjTableMap_FW
0xffacd3d8,PrintAllAEIntegData_FW
0xff870a5c,Printf_FW
0xff90cb1c,PrintFaexeVersioin_FW
0xff90cae8,PrintFirmVersion_FW
0xffad3664,PrintMultiWinScanTable_FW
0xffad35d0,PrintScanTable_FW
0xff864368,PT_ChangeZoomSpeed_FW
0xff864100,PT_CompleteCaptModeChange_FW
0xff864110,PT_CompleteCharge_FW
0xff864118,PT_CompleteFileWrite_FW
0xff8640c8,PT_CompletePreCapt_FW
0xff8640e8,PT_CompleteStopDigZoom_FW
0xff8640e0,PT_CompleteStopZoom_FW
0xff8640f0,PT_CompleteStoreLens_FW
0xff864108,PT_CompleteSynchroWrite_FW
0xff86439c,PT_DoAELock_FW
0xff86437c,PT_DoAFLock_FW
0xff864120,PT_EraseAllFile_FW
0xff864228,PT_GetLocalDateAndTimeString_FW
0xff8641b0,PT_GetPropertyCaseInt_FW
0xff864170,PT_GetSystemTime_FW
0xff864288,PT_LCD_BkColorDef_FW
0xff8643cc,PT_MFOff_FW
0xff8643bc,PT_MFOn_FW
0xff864148,PT_mod_FW
0xff864354,PT_MoveDigitalZoomAt_FW
0xff864334,PT_MoveDigitalZoomToTele_FW
0xff864344,PT_MoveDigitalZoomToWide
0xff864344,PT_MoveDigitalZoomToWide_FW
0xff86431c,PT_MoveOpticalZoomAt
0xff86431c,PT_MoveOpticalZoomAt_FW
0xff8642f4,PT_MoveOpticalZoomToTele_FW
0xff864308,PT_MoveOpticalZoomToWide_FW
0xff8640f8,PT_MovieRecordStopped_FW
0xff8640d8,PT_NextShootAvailable_FW
0xff863c98,PT_PlaySound
0xff86426c,PT_PlaySound_FW
0xff8640d0,PT_RecreviewAvailable_FW
0xff864184,PT_SetPropertyCaseInt_FW
0xff8643ac,PT_UnlockAE_FW
0xff86438c,PT_UnlockAF_FW
0xff970b10,PTM_AllReset_FW
0xff87f3d8,PTM_AllResetToFactorySetting_FW
0xff971aec,PTM_BackupUIProperty_FW
0xff87f864,PTM_GetCurrentItem_FW
0xff970fa8,PTM_GetWorkingCaptureMode_FW
0xff971a20,PTM_IsEnableItem_FW
0xff971394,PTM_NextItem_FW
0xff87fa8c,PTM_NotifyEndRemoteCapture_FW
0xff87f924,PTM_NotifyStartRemoteCapture_FW
0xff97139c,PTM_PrevItem_FW
0xff87f908,PTM_RestoreUIProperty_FW
0xff87f784,PTM_SetCurrentCaptureMode_FW
0xff970fc0,PTM_SetCurrentItem_FW
0xff971744,PTM_SetProprietyEnable_FW
0xffa6581c,PutInNdFilter
0xffacf5a0,PutInNdFilter_FW
0xffa65840,PutOutNdFilter
0xffacf5d8,PutOutNdFilter_FW
0xff874798,PutsCameraLogEvent_FW
0xff9db6c4,qsort
0xffa0aee0,QuietImager_FW
0xff81ccb8,rand
0xff819a4c,Read
0xff819a4c,read
0xff819a4c,Read_FW
0xffa4a1a4,ReadFastDir
0xff813b5c,realloc
0xffa51ba4,reboot_fw_update
0xff880c28,Rec2PB
0xffa6562c,ReceiveMechaCircuitDataAll_FW
0xff827d30,ReceiveMessageQueue
0xff828658,ReceiveMessageQueueStrictly
0xff84fe18,RefreshAdjustmentTableMirror_FW
0xff9dae68,RefreshPhysicalScreen
0xffad3d9c,RegistColorMatrix_FW
0xff8739b8,RegisterEventProcedure
0xff81ae8c,RegisterInterruptHandler
0xff961a40,RegisterLanguageName_FW
0xff86f8a8,ReleaseRecursiveLock
0xff8c8964,ReloadCdsAdjustment_FW
0xff8d2618,ReloadColorAdjustment_FW
0xffad6fe4,ReloadDefectAdjustmentData_FW
0xffa0332c,ReloadEfAdjustment_FW
0xff939d84,ReloadFocusLensAdjustment_FW
0xffacf280,ReloadIrisAdjustment_FW
0xff93c5d4,ReloadNdFilterAdjustment_FW
0xffad6fc0,ReloadShadingAdjustmentData_FW
0xff9fbab0,ReloadWBAdjustment_FW
0xff93ef50,ReloadZoomAdjustment_FW
0xffa31900,RemoveTransparentMemory_FW
0xff8238e0,RenameFile_Fut
0xffad1830,ResetFocus_FW
0xffa64730,ResetFocusLens
0xffa64730,ResetFocusLens_FW
0xffa6521c,ResetIris_FW
0xffa586b8,ResetIrisActuator_FW
0xffacf3f0,ResetIrisPosition_FW
0xffad0c24,ResetZoom_FW
0xffa6590c,ResetZoomLens
0xffa6590c,ResetZoomLens_FW
0xffa65938,ResetZoomLensToFirst_FW
0xffa65978,ResetZoomLensToTermiante_FW
0xffad0d38,ResetZoomToAdjFirstPoint_FW
0xffad0d7c,ResetZoomToAdjTerminatePoint_FW
0xffad0c58,ResetZoomToFirst_FW
0xffad0c58,ResetZoomToFirstPoint_FW
0xffad0c8c,ResetZoomToTerminate_FW
0xffad0c8c,ResetZoomToTerminatePoint_FW
0xff82a074,Restart
0xff87691c,RomCheckSum_FW
0xff81b8d4,RotateConsoleZOder_FW
0xff84fb7c,SaveAdjustmentTable_FW
0xff84fbb0,SaveAdjustmentValue_FW
0xffad59cc,SaveBatSenseOffsetAdjustmentTable_FW
0xffad5eb4,SaveBmpVRAMData_FW
0xffad654c,SaveFactoryReserveData_FW
0xffad6188,SaveFromImage_FW
0xff961a3c,SaveLanguageNameList_FW
0xffad6028,SavePaletteData
0xffad6028,SavePaletteData_FW
0xffa68654,SDump_FW
0xff860e88,SearchBCentralPosition_FW
0xff860e88,SearchISLensCentralPosition_FW
0xffad25b8,SelectAdjBPFilter_FW
0xffa66018,SelectPositionSignal_FW
0xffa65608,SendMechaCircuitData_FW
0xff87e8dc,set_control_event
0xffad41e8,SetAdj_AEMode_FW
0xfface724,SetAdjAEIntegSmearLimitter_FW
0xffad25d8,SetAdjAFWinPos_FW
0xffaceefc,SetAdjCdsMode_FW
0xffad40d4,SetAE_CdsGainValue_FW
0xffad3f98,SetAE_ShutterSpeed
0xffad3f98,SetAE_ShutterSpeed_FW
0xfface71c,SetAEIntegAverageOBData_FW
0xffacdd28,SetAEIntegralValueProperty_FW
0xffacdcc4,SetAEIntegStrobeProperty_FW
0xfface3f8,SetAEIntegValueBit_FW
0xfface3a4,SetAEIntegWindowsMode_FW
0xff87ef9c,SetAutoShutdownTime
0xff87ef9c,SetAutoShutdownTime_FW
0xffad2618,SetBPFilterForBP_FW
0xffacee0c,SetCDSGain_FW
0xffaceee4,SetCDSGainStep_FW
0xffacee0c,SetCdsGainValue_FW
0xffacee38,SetCdsPreGain_FW
0xffacee90,SetCdsPreGainReg_FW
0xff885d94,SetCurrentCaptureModeType
0xff885d94,SetCurrentCaptureModeType_FW
0xffad59e4,SetDate_FW
0xffad5be0,SetDay_FW
0xfface734,SetDefaultAEIntegSmearLimitter_FW
0xff90edcc,SetDefaultRecParameter_FW
0xff90f1bc,SetDefectRecParameter_FW
0xffaced78,SetDeltaCDSGain_FW
0xff823068,SetDUIDFixFlag_FW
0xff854580,SetEscapeCrwBuffer_FW
0xff86f4f8,SetEventFlag
0xffad3b78,SetExStrobeMode_FW
0xff822f90,SetFactoryMode_FW
0xffad6314,SetFactorySerialNumber_FW
0xffa31408,SetFaexeEventTableActivation_FW
0xff8243b4,SetFileAttributes
0xff824364,SetFileTimeStamp
0xffa64d48,SetFocusLensCondition_FW
0xffa64d34,SetFocusLensDefaultPullOutTable_FW
0xffa650e0,SetFocusLensDriveVoltage_FW
0xffa65158,SetFocusLensHoldVoltage_FW
0xffa64ee0,SetFocusLensMaxSpeedLimit_FW
0xffa6511c,SetFocusLensSettingWaitVoltage_FW
0xffa64c50,SetFocusLensSpeed_FW
0xffa64c7c,SetFocusLensSpeedTable_FW
0xffa578d4,SetFocusResetState_FW
0xffa65d58,SetGyro10BitDACPitch_FW
0xffa65d6c,SetGyro10BitDACYaw_FW
0xffa65ddc,SetGyroFilterChargeStart_FW
0xffa65df0,SetGyroFilterChargeStop_FW
0xffa65d88,SetGyroHPFINOffsetPitch_FW
0xffa65d9c,SetGyroHPFINOffsetYaw_FW
0xffad5c48,SetHour_FW
0xff872f18,SetHPTimerAfterNow
0xff872f98,SetHPTimerAfterTimeout
0xff944bf0,SetIgnoreAVJACK_FW
0xffad59dc,SetImageMode_FW
0xffad59b8,SetInputVoltage_FW
0xffad7574,SetISCutOffFreqIndex_FW
0xffa65b70,SetISDriveAaxis_FW
0xffa65b84,SetISDriveBaxis_FW
0xffad7698,SetISGyro10BitDACPitch_FW
0xffad76b4,SetISGyro10BitDACYaw_FW
0xffad7748,SetISGyroFilterCharge_FW
0xffa65be8,SetISGyroGainAaxis_FW
0xffa65bfc,SetISGyroGainBaxis_FW
0xffad76d0,SetISGyroHPFINOffsetPitch_FW
0xffad76ec,SetISGyroHPFINOffsetYaw_FW
0xffad748c,SetISGyroPitchGain_FW
0xffad74a0,SetISGyroPitchOffset_FW
0xffad7478,SetISGyroYawGain_FW
0xffad749c,SetISGyroYawOffset_FW
0xffad74bc,SetISHallDevicePitchGain_FW
0xffad74e4,SetISHallDevicePitchOffset_FW
0xffad74a8,SetISHallDeviceYawGain_FW
0xffad74d0,SetISHallDeviceYawOffset_FW
0xffa65bc0,SetISHallGainAaxis_FW
0xffa65bd4,SetISHallGainBaxis_FW
0xffa65b98,SetISHallOffsetAaxis_FW
0xffa65bac,SetISHallOffsetBaxis_FW
0xffa6603c,SetISHPFCutoff_FW
0xffad7574,SetISHPFCutOffFreqIndex_FW
0xffa660a4,SetISLPFAaxis_FW
0xffa660b8,SetISLPFBaxis_FW
0xffad7584,SetISLPFCutOffFreqAaxis_FW
0xffad7594,SetISLPFCutOffFreqBaxis_FW
0xffa65fa8,SetISMovieStatus_FW
0xffad7450,SetISPitchPWM_FW
0xffa65f98,SetISStillStatus_FW
0xffa65dc0,SetISTuningFlag_FW
0xffad7464,SetISYawPWM_FW
0xffad5e70,SetLangMenuType_FW
0xfface6e4,SetLineDefMarkThroughMode_FW
0xff87ec78,SetLogicalEventActive
0xffad7798,SetLoopGain_FW
0xffad75a8,SetLPFForParallelFilter_FW
0xffa65fcc,SetLPFParallelBest_FW
0xffa65798,SetMechaShutterWaitTimeSetting_FW
0xffad5cac,SetMinute_FW
0xff8399ec,SetMontblancVSize_FW
0xffad5b84,SetMonth_FW
0xffa65864,SetNdDacSetting_FW
0xffacee04,SetObClamp_FW
0xffacee04,SetObClampValue_FW
0xffad0174,SetOneShotWBParam_FW
0xffad0174,SetOneTypeWBParam_FW
0xff971aec,SetParameterData
0xff8776c4,SetPropertyCase
0xff944ba4,SetRawSWCheckMode_FW
0xffad0288,SetReferenceWBGainForCalibration_FW
0xffad22dc,SetScanLensIndex_FW
0xffad23e4,SetScanWindowMode_FW
0xff87ecc8,SetScriptMode
0xff87ecc8,SetScriptMode_FW
0xff944b54,SetSDPwrPort_FW
0xffad5d10,SetSecond_FW
0xff90f1a0,SetSensitiveDefectRecParameter_FW
0xff90f1b0,SetSensitiveRecParameter_FW
0xffacf0dc,SetShutterSpeed_FW
0xffacf08c,SetShutterSpeedWithMecha_FW
0xff81aecc,SetSR
0xff828be4,SetTimerAfter
0xff828c64,SetTimerWhen
0xffad02b4,SetToolCorrectCoefficient_FW
0xffad47c0,SetVideoOutType_FW
0xffad0248,SetWBYlStandardWidth_FW
0xfface32c,SetWhiteCoefficient_FW
0xffad5b24,SetYear_FW
0xffa5ce88,SetZoomActuatorSpeedPPS_FW
0xffad102c,SetZoomCommonDriveParam_FW
0xffad0f38,SetZoomDriveParam_FW
0xffad0dc0,SetZoomLensEncoderPowerControl_FW
0xffa65ae8,SetZoomLensSpeedMode_FW
0xffad0fd0,SetZoomNormalDriveParam_FW
0xffad74f4,SetZoomPointToIS_FW
0xffa65f44,SetZoomPosition_FW
0xffad0f84,SetZoomResetDriveParam_FW
0xffa5f41c,SetZoomResetState_FW
0xff944ed4,ShowAllTaskInfo_FW
0xff874848,ShowCameraLog_FW
0xff8747dc,ShowCameraLogInfo_FW
0xffad3f40,ShowCurrentExp_FW
0xff84f714,ShowDefaultAdjTableVersion_FW
0xffa64e6c,ShowFocusLensCurrentSpeedTable_FW
0xff961a10,ShowLanguageNameList_FW
0xff87ce0c,ShowLogicalEventName_FW
0xff944a20,ShowMechaMacro_FW
0xff944b94,ShowPhySwStatus_FW
0xff944bd8,ShowSDStatus_FW
0xffa31830,ShowTransparentMemory_FW
0xff878428,ShutdownPlayModeMenu_FW
0xff8784e8,ShutdownPlayModeMenuWithoutPbRedraw_FW
0xff878370,ShutdownRecModeMenu_FW
0xffad44a0,SleepAE_FW
0xff828484,SleepTask
0xff828484,SleepTask_FW
0xff81cab0,sprintf_FW
0xff81ccac,srand
0xff8643dc,SS.Create_FW
0xff9db700,sscanf_FW
0xffad2704,StartAdjAFService_FW
0xfface6a8,StartAEIntegralService_FW
0xff860dbc,StartBDrive_FW
0xff860dcc,StartBPanDrive_FW
0xff874898,StartCameraLog_FW
0xff945c44,StartClockMode_FW
0xffad2fa0,StartCrwCustomScan_FW
0xffad2f28,StartCustomScan_FW
0xffa8d868,StartDirectTransferManager_FW
0xffa8e55c,StartDtConfirmMenu_FW
0xffaf5640,StartDtExecuteMenu_FW
0xffad4aa8,StartEVFDrive_FW
0xffad4a64,StartEVFDriveWithMode_FW
0xff823114,StartFactoryModeController_FW
0xff898ecc,StartGUISystem_FW
0xffa660cc,StartImStEventProc_FW
0xff860dbc,StartISAdjustmentDrive_FW
0xff860dbc,StartISDrive_FW
0xffa65b34,StartISLocalAdjust_FW
0xff860ddc,StartISLocalAutoCenter_FW
0xff860e1c,StartISLocalHallAdjust_FW
0xff860dcc,StartISPanDrive_FW
0xff90d214,StartLogOut_FW
0xff878258,StartPlayModeMenu_FW
0xff8782d8,StartRecModeMenu
0xff8782d8,StartRecModeMenu_FW
0xff81c484,StartRedirectUART_FW
0xffa31a8c,StartSoundPlay_FW
0xffa31a54,StartSoundRecord_FW
0xffa6daa8,StartTransferOrderMenu_FW
0xff8764b4,StartWDT_FW
0xff824294,stat
0xffad2afc,StopAdjAFInteg_FW
0xffad287c,StopAdjAFService_FW
0xfface420,StopAEIntegralService_FW
0xff860dc4,StopBDrive_FW
0xff860dd4,StopBPanDrive_FW
0xff874a5c,StopCameraLog_FW
0xff83cf20,StopContinuousVRAMData_FW
0xffad2efc,StopCustomScan_FW
0xffad47f0,StopEVFDrive_FW
0xff860dc4,StopISAdjustmentDrive_FW
0xff860dc4,StopISDrive_FW
0xff860dd4,StopISPanDrive_FW
0xff90ceb8,StopLogOut_FW
0xffad3c38,StopStrobeChargeForFA_FW
0xffa8e418,StoptDtConfirmMenu_FW
0xff876518,StopWDT_FW
0xffad0c04,StopZoomEmergency_FW
0xff899158,strcat
0xff8991e0,strchr
0xff81cb48,strcmp
0xff81cb70,strcmp_FW
0xff81cb30,strcpy
0xff81cb30,strcpy_FW
0xff8995b8,strftime
0xff81cb8c,strlen
0xff81cb8c,strlen_FW
0xff899194,strncmp
0xff82e2bc,strncpy
0xff9db194,strrchr
0xff82e4f4,strtol
0xff82e2f8,strtolx
0xffad4710,SwitchOffDisplay_FW
0xffad4748,SwitchOnDisplay_FW
0xff945574,System.Create_FW
0xff944ee4,System.Delete_FW
0xff945574,SystemEventInit_FW
0xff82814c,TakeSemaphore
0xff82814c,TakeSemaphore_FW
0xff82862c,TakeSemaphoreStrictly
0xff8b5ee0,task_AfIntSrvTask
0xff835d34,task_AFTask
0xff84d238,task_ASIF
0xff8f4120,task_AudioLvl
0xff84b4d0,task_AudioTsk
0xffaf2368,task_AviRead
0xff8499f8,task_BeepTask
0xff8a4d44,task_BrtMsrTask
0xff829ef8,task_Bye
0xff866bfc,task_CaptSeq
0xff866bfc,task_CaptSeqTask
0xff83442c,task_ChaceFace
0xff814fd0,task_ClockSave
0xff882ee0,task_CommonDrivers
0xffa66214,task_CreateHeaderTask
0xff87bdc8,task_CtrlSrv
0xffa4f238,task_DecJpgRd
0xff8b0164,task_DetectMoveTask
0xff9e06b4,task_DetectVerticalWound
0xff8b1c8c,task_DevelopModule
0xffa14994,task_DirectOpEventQueueMngr
0xff834d50,task_DispFace
0xff91b244,task_DPOFTask
0xff88ab40,task_DSITask
0xff949fd4,task_DvlpSeqTask
0xff8b42b8,task_EFChargeT
0xffaeb2ac,task_EffctDrv
0xff8771c0,task_EvShel
0xff8ab0e0,task_ExpDrv
0xff8ab0e0,task_ExpDrvTask
0xff88a6b0,task_FaceFrame
0xff90ba10,task_Fencing
0xffa45b20,task_FileScheduleTask
0xffa46a28,task_FileWrite
0xffa46a28,task_FileWriteTask
0xffa4e1d8,task_FilYuvMaker
0xffa54440,task_FocusEvent
0xff916310,task_FolderCreateCheckTask
0xffa49c94,task_FORMAT_TASK_NAME
0xffa49b90,task_FORMAT_TASK_PROGRESS
0xff857180,task_FsIoNotifyTask
0xff83928c,task_ImageSensorTask
0xffa52ccc,task_ImgDLight
0xff930350,task_ImgEdt
0xff85d500,task_ImgPlayDrv
0xff930fec,task_ImgTrim
0xff882ea8,task_InitFileModules
0xffa57914,task_IrisEvent
0xff93f5f4,task_ISComTask
0xff860510,task_ISMainTask
0xff84b23c,task_JogDial
0xff849fdc,task_LEDCon
0xff85eb48,task_LensController
0xffa5a930,task_MechaShutter
0xff916b68,task_MetaCtg
0xff8f6404,task_MotionVector
0xffa633ac,task_MovEdit
0xff862c0c,task_MovieRecord
0xffa604c8,task_MovPlay
0xffaf0d28,task_MovRead
0xff942008,task_MovWrite
0xffa5b35c,task_Nd
0xff8af14c,task_OBCtrlTask
0xff874f2c,task_OpePlay
0xffa63d48,task_PcEvf
0xff821898,task_PhySw
0xff83d300,task_PrcssFil
0xff8dec68,task_PreLoadTask
0xffa14654,task_PTPtoFAPI_EventProcTask
0xff8e7a98,task_RapiRevr
0xff8e3c44,task_RCTaskResume
0xffae9540,task_ReadFileTask
0xffa47e3c,task_ReadScheduleTask
0xff9793d0,task_RealTimeHist
0xff85e5c0,task_RedEyeCapt
0xff932d2c,task_RedEyePly
0xff84b23c,task_RotaryEncoder
0xff85a8c0,task_SD1stInit
0xffa18004,task_SelectThumbCache
0xff94bf24,task_SoundPlay
0xff94b5b8,task_SoundRecord
0xff8ca474,task_SsgMainTask
0xff8ca698,task_SsgPeriodTask
0xff865958,task_SsStartupTask
0xff86c9c4,task_SsTask
0xff81c144,task_Startup
0xff82a7c4,task_StartupImage
0xff8d31e8,task_SynchTask
0xff8d3160,task_SyncPeriod
0xff820254,task_TempCheck
0xff8cde64,task_TgTask
0xff84da08,task_Thermometer
0xff8d4f74,task_TimerUtility
0xff8e5098,task_TrnsCtrlTask
0xff81c330,task_UartLog
0xff94c578,task_WavRead
0xff94cf50,task_WavWrite
0xff9f2a7c,task_WBCR2Calc
0xff8ae01c,task_WBCtrl
0xff89e180,task_WBIntegTask
0xff9f9e6c,task_WBLPFace
0xff876340,task_WdtPrint
0xff8763f4,task_WdtReset
0xffa5c11c,task_ZoomEvent
0xff9468e8,TerminateAdjustmentSystem_FW
0xff853d50,Terminatedccd_FW
0xff853d50,TerminateDigicon_FW
0xffad7834,TerminateMechaDevice_FW
0xffa31b08,TerminateSoundRec_FW
0xff8538a0,TerminateTestRec_FW
0xff82798c,TestAssert_FW
0xff8279b8,TestAssertInt_FW
0xff8279d8,TestException_FW
0xff8279f4,TestExceptionInt_FW
0xff827a14,TestPanic_FW
0xff827a44,TestPanicInt_FW
0xff871860,time
0xff827f34,TryPostMessageQueue
0xff827df8,TryReceiveMessageQueue
0xff8280f8,TryTakeSemaphore
0xff88c57c,TurnOffBackLight
0xff846b24,TurnOffDisplay
0xff84c0ec,TurnOffVideoOutMode_FW
0xff88c564,TurnOnBackLight
0xff846b14,TurnOnDisplay
0xff84c0b4,TurnOnVideoOutMode_FW
0xff9467a8,UI.Create_FW
0xff9467a8,UI_RegistDebugEventProc_FW
0xff9457bc,UI_ShowStateOfRecMode_FW
0xff87ec78,UiEvnt_SetLogicalEventActive_FW
0xff87ecfc,UiEvnt_StartDisguiseCradleStatus_FW
0xff87ed0c,UiEvnt_StopDisguiseCradleStatus_FW
0xff976f54,UIFS_Capture_FW
0xff97705c,UIFS_CaptureNoneStop_FW
0xff945cf4,UIFS_ChangeShootState_FW
0xff945998,UIFS_ClosePopupStrobe_FW
0xff945b10,UIFS_ConnectVideo_FW
0xff897738,UIFS_DeleteAllSound_FW
0xff945b40,UIFS_DisconnectVideo_FW
0xff945c54,UIFS_EndClockMode_FW
0xff945c78,UIFS_GetMovieRecoadableNumber_FW
0xff945cc0,UIFS_GetStillShotableNumber_FW
0xff9459c8,UIFS_MountExtFlash_FW
0xff978440,UIFS_MoveZoomTo_FW
0xff945968,UIFS_OpenPopupStrobe_FW
0xff945c0c,UIFS_PostModeDial_FW
0xff945a28,UIFS_PressTeleButton_FW
0xff945a9c,UIFS_PressWideButton_FW
0xff945b78,UIFS_RestartPostingUIEvent_FW
0xff945bec,UIFS_SetCaptureModeToISO3200_FW
0xff945bb0,UIFS_SetCaptureModeToM_FW
0xff945be4,UIFS_SetCaptureModeToMacro_FW
0xff9458e8,UIFS_SetCaptureModeToP_FW
0xff945b7c,UIFS_SetCaptureModeToTv_FW
0xff945c70,UIFS_SetCradleSetting_FW
0xff945920,UIFS_SetDialMovieRec_FW
0xff945948,UIFS_SetDialPlay_FW
0xff9458c8,UIFS_SetDialStillRec_FW
0xff945d18,UIFS_ShootSeqToUI_FW
0xff945c44,UIFS_StartClockMode_FW
0xff889c6c,UIFS_StartMovieRecord_FW
0xff897620,UIFS_StartRecordSound_FW
0xff889ca0,UIFS_StopMovieRecord_FW
0xff945b74,UIFS_StopPostingUIEvent_FW
0xff89766c,UIFS_StopRecordSound_FW
0xff9459f8,UIFS_UnmountExtFlash_FW
0xff945a64,UIFS_UnpressTeleButton_FW
0xff945ad8,UIFS_UnpressWideButton_FW
0xff95fddc,UIFS_WriteFirmInfoToFile
0xff95fddc,UIFS_WriteFirmInfoToFile_FW
0xff822d6c,UndisplayFactoryMode_FW
0xff87096c,UnLoadScript_FW
0xff8261d8,UnlockAE
0xff825e9c,UnlockAF
0xff87ee7c,UnlockMainPower
0xff87ee7c,UnlockMainPower_FW
0xffad3dd4,UnregistColorMatrix_FW
0xff81aeb0,UnregisterInterruptHandler
0xff977ed0,UnsetZoomForMovie
0xff859dd0,UpdateMBROnFlash
0xff820574,VbattGet
0xff820574,VbattGet_FW
0xffa68108,VerifyByte_FW
0xff81caf4,vsprintf
0xff944ec0,Wait_FW
0xff86f438,WaitForAllEventFlag
0xff8286dc,WaitForAllEventFlagStrictly
0xff86f354,WaitForAnyEventFlag
0xff8286b0,WaitForAnyEventFlagStrictly
0xff9fa0d8,wblpface.clear_FW
0xff9fa098,wblpface.init_FW
0xff9fa0b8,wblpface.start_FW
0xff9fa0c8,wblpface.stop_FW
0xff9fa0a8,wblpface.term_FW
0xff824134,Write
0xff824134,write
0xff824134,Write_FW
0xff84ffa4,WRITEADJTABLETOFROM_FW
0xffad73a4,WriteGyroAdjustment_FW
0xffad7364,WriteHallDeviceAdjustment_FW
0xffad7420,WritePWMAdjustment_FW
0xff92a7c0,WriteSDCard
0xff94e8ac,WriteToRom_FW
