0xffc01b6c,task_Startup
0xffc01e30,wrapped_malloc
0xffc02274,printclock_FW
0xffc02378,StopClockSaver_FW
0xffc02394,SetLClk72MHz_FW
0xffc023a4,SetLClk36MHz_FW
0xffc023b4,SetLClk18MHz_FW
0xffc02494,SetHClk72MHz_FW
0xffc024f0,SetHClk36MHz_FW
0xffc02524,SetHClk18MHz_FW
0xffc02580,SetMClk72MHz_FW
0xffc025dc,SetMClk36MHz_FW
0xffc02610,SetMClk18MHz_FW
0xffc0266c,task_ClockSave
0xffc036e8,_GetSystemTime
0xffc0383c,SetTimerAfter
0xffc038d8,SetTimerWhen
0xffc03950,CancelTimer
0xffc04158,SetHPTimerAfterNow
0xffc041e4,SetHPTimerAfterTimeout
0xffc04640,CancelHPTimer
0xffc04948,RegisterEventProcedure_FW
0xffc04a54,ExecuteEventProcedure
0xffc04a54,ExecuteEventProcedure_FW
0xffc053bc,ExportToEventProcedure_FW
0xffc053d4,CreateProxyOfEventProcedure_FW
0xffc0545c,DeleteProxyOfEventProcedure_FW
0xffc058a0,LogCameraEvent
0xffc05970,PutsCameraLogEvent_FW
0xffc05a78,ShowCameraLogInfo_FW
0xffc05b1c,ShowCameraLog_FW
0xffc05dfc,StopCameraLog_FW
0xffc07ae4,task_WdtPrint
0xffc07c0c,task_WdtReset
0xffc07d34,StartWDT_FW
0xffc07db0,StopWDT_FW
0xffc07f24,GetBuildDate_FW
0xffc07f3c,GetBuildTime_FW
0xffc07f60,GetFirmwareVersion_FW
0xffc08108,RomCheckSum_FW
0xffc0819c,CheckSumAll_FW
0xffc08344,SystemEventDelete_FW
0xffc0837c,SystemEventInit_FW
0xffc08460,Dump_FW
0xffc0863c,Dump32_FW
0xffc0864c,FreeMemory
0xffc0864c,FreeMemory_FW
0xffc08660,AllocateMemory
0xffc08660,AllocateMemory_FW
0xffc08670,Wait_FW
0xffc08684,Poke32_FW
0xffc08698,Poke16_FW
0xffc086ac,Poke8_FW
0xffc086c0,Peek32_FW
0xffc086cc,Peek16_FW
0xffc086e0,Peek8_FW
0xffc086f4,EraseSignature_FW
0xffc08724,GetSystemTime_FW
0xffc08744,MonSelEvent_FW
0xffc0877c,exec_FW
0xffc091a8,RotateConsoleZOder_FW
0xffc09250,CPrintf_FW
0xffc092b4,CPutChar_FW
0xffc092e8,GetCh_FW
0xffc0934c,GetStringWithPrompt_FW
0xffc093d0,OpenConsole_FW
0xffc09518,CloseConsole_FW
0xffc09664,task_ConsoleSvr
0xffc09800,task_LowConsole
0xffc0b514,task_Bye
0xffc0bb5c,SetPropertyCase
0xffc0c92c,MakeBootDisk_FW
0xffc0c940,MakeScriptDisk_FW
0xffc0caec,task_UartSio
0xffc0cffc,task_UartLog
0xffc0d4bc,StartUARTRedirect_FW
0xffc0d4d4,StopUARTRedirect_FW
0xffc0d524,ExMem.AllocUncacheable_FW
0xffc0d53c,ExMem.FreeUncacheable_FW
0xffc0d550,ExMem.AllocCacheable_FW
0xffc0d568,ExMem.FreeCacheable_FW
0xffc0e4fc,exmem_free
0xffc0e5a0,AllocateUncacheableMemory
0xffc0f05c,UI_ShowStateOfRecMode_FW
0xffc0f1e0,UIFS_SetDialStillRec_FW
0xffc0f1f0,UIFS_SetDialMovieRec_FW
0xffc0f200,UIFS_SetDialPlay_FW
0xffc0f210,UIFS_OpenPopupStrobe_FW
0xffc0f244,UIFS_ClosePopupStrobe_FW
0xffc0f278,UIFS_MountExtFlash_FW
0xffc0f2ac,UIFS_UnmountExtFlash_FW
0xffc0f2e0,UIFS_PressTeleButton_FW
0xffc0f314,UIFS_PressWideButton_FW
0xffc0f344,ModeLevelStillRecForScript_FW
0xffc0f350,ModeLevelMovieRecForScript_FW
0xffc0f35c,ModeLevelPlayForScript_FW
0xffc0f368,UIFS_StopPostingUIEvent_FW
0xffc0f374,UIFS_RestartPostingUIEvent_FW
0xffc0f380,UIFS_SetCaptureModeToP_FW
0xffc0f3bc,UIFS_SetCaptureModeToM_FW
0xffc0f3f8,UIFS_SetCaptureModeToMacro_FW
0xffc0f40c,UIFS_Capture_FW
0xffc0f41c,UIFS_CaptureNoneStop_FW
0xffc0f428,UIFS_StartMovieRecord_FW
0xffc0f434,UIFS_StopMovieRecord_FW
0xffc0f440,UIFS_SetCradleSetting_FW
0xffc0f7dc,UI_RegistDebugEventProc_FW
0xffc10134,task_StartupImage
0xffc119b8,PB2Rec
0xffc119f8,Rec2PB
0xffc13da0,task_InitFileModules
0xffc13de0,task_CommonDrivers
0xffc14688,ExecuteResetFactoryWithRomWrite_FW
0xffc17d10,SetCurrentCaptureModeType
0xffc17d10,SetCurrentCaptureModeType_FW
0xffc17d60,GetCurrentCaptureModeType_FW
0xffc2433c,ZoomCon_ShowState_FW
0xffc26ed8,task_FaceFrame
0xffc2e9e0,task_DSITask
0xffc30894,StartSwitchViewFinder_FW
0xffc308e8,StopSwitchViewFinder_FW
0xffc30914,SwitchViewFinder_FW
0xffc34d40,TurnOnBackLight
0xffc34d70,TurnOffBackLight
0xffc35588,UiComIF_SendEventToUI_FW
0xffc61080,TerminateDpofUI_FW
0xffc62004,StartPrintOrderMenu_FW
0xffc64e4c,StartDpofPlayLoading_FW
0xffc65038,StopDpofPlayLoading_FW
0xffc65060,SyncStopDpofPlayLoading_FW
0xffc65564,StartTransferOrderMenu_FW
0xffc67f94,StartPlayModeMenu_FW
0xffc68060,StartRecModeMenu
0xffc68060,StartRecModeMenu_FW
0xffc68104,ShutdownRecModeMenu_FW
0xffc6824c,ShutdownPlayModeMenu_FW
0xffc682f8,ShutdownPlayModeMenuWithoutPbRedraw_FW
0xffc6f208,ShutdownRecAllMenu_FW
0xffc6f280,ShutdownPlayAllMenu_FW
0xffc72044,StartFirmInfoMenu_FW
0xffc74b0c,ShowLanguageNameList_FW
0xffc74b48,SaveLanguageNameList_FW
0xffc74b4c,RegisterLanguageName_FW
0xffc75418,CreateLanguageMenu_FW
0xffc755dc,DeleteLanguageMenu_FW
0xffc778cc,FmtMenu_ExecuteQuickFormat_FW
0xffc7c0e8,StartDirectTransferManager_FW
0xffc7c784,StartDtConfirmMenu_FW
0xffc7c864,StoptDtConfirmMenu_FW
0xffc7d02c,StartDtExecuteMenu_FW
0xffc7d174,StoptDtExecuteMenu_FW
0xffc80618,StartDpConnect_FW
0xffc80890,StopDpConnect_FW
0xffc80c4c,CreateDpConnectController_FW
0xffc80ebc,DeleteDpConnectController_FW
0xffc80fa4,shutdownDirectPrintUI_FW
0xffc82a18,StartDpDpofMenu_FW
0xffc83a38,StartDpDpofPrinting_FW
0xffc84894,StartDpDpofStopReconfirm_FW
0xffc881fc,StartDpMainMenu_FW
0xffc89ba0,StartDpPrinting_FW
0xffc8af04,StartDpsDpofMenu_FW
0xffc915dc,StartDpsMainMenu_FW
0xffc97278,StartDpsStop_FW
0xffc983a4,StartDpStopReconfirm_FW
0xffc9a444,StartDpStyleMenu_FW
0xffc9de48,StartDpTrimming_FW
0xffc9fba8,DBG_changeTraceLevel_FW
0xffc9fd98,StartDpMovieMenu_FW
0xffca2b48,StartDpsIdPhotoMenu_FW
0xffcb40d4,UiMemory_Show_FW
0xffcb9e18,LCDMsg_Move_FW
0xffcb9e40,LCDMsg_Delete_FW
0xffcb9e80,LCDMsg_Create_FW
0xffcb9ef8,LCDMsg_SwDisp_FW
0xffcb9f14,LCDMsg_SetNum_FW
0xffcb9f38,LCDMsg_SetStr_FW
0xffcba3dc,LCDMsg_ChangeColor_FW
0xffcbb6f0,CreateDialogBox_FW
0xffcbb8ec,DeleteDialogBox_FW
0xffcbb990,MoveViewPortPosition_FW
0xffcbb9f4,ResizeVirtualWindow_FW
0xffcbba20,MoveDialogBoxPosition_FW
0xffcbbac0,ResizeDialogBox_FW
0xffcbbb0c,DeleteDialogBoxAfterGetTopOfControl_FW
0xffcbbb30,SetPropertyToDialogItemWithID_FW
0xffcbbb60,GetPropertyFromDialogItemWithID_FW
0xffcbbbf8,AddItemToDialogBox_FW
0xffcbbccc,DeleteItemFromDialogBox_FW
0xffcbbdb8,SetFocusDirectionToDialogItem_FW
0xffcbbdc8,SetFocusItemToDialogItem_FW
0xffcbbedc,GetFocusedItemIDOfDialogItem_FW
0xffcbbf14,GetItemHandleOfDialogBox_FW
0xffcbbfb4,DisplayDialogBox_FW
0xffcbbfdc,UndisplayDialogBox_FW
0xffcbc004,SetBackgroundColorToDialogBox_FW
0xffcbc058,RefreshRectangleToDialog_FW
0xffcbc0e0,RegisterRefreshToDialog_FW
0xffcbc1a4,RefreshRegistedRectangleToDialog_FW
0xffcbc218,FillRectangleToDialog_FW
0xffcbc278,DrawStringToDialog_FW
0xffcbc2d8,TransferRectangleToDialog_FW
0xffcbc348,TransferBitmapToDialog_FW
0xffcbc3c8,DrawBinaryBitmapToDialog_FW
0xffcbc430,GetDialogBoxWindow_FW
0xffcbc470,SetFocusScopeToDialog_FW
0xffcbc4e0,GetFocusScopeToDialog_FW
0xffcbc52c,MoveDialogControllerToTopOfZOrder_FW
0xffcbc550,MoveDialogItemPositionToDialog_FW
0xffcbc584,ResizeDialogItemToDialog_FW
0xffcbc5b8,GetDialogItemPositionToDialog_FW
0xffcbc5ec,GetDialogItemResolutionToDialog_FW
0xffcbc620,SetOriginTypeToDialog_FW
0xffcbc644,SetDefaultMovingFocusToDialog_FW
0xffcbc668,LockRefreshDialog_FW
0xffcbc6ac,UnlockRefreshDialog_FW
0xffcbc76c,KeepDefaultMoveFocusEventToDialog_FW
0xffcbca94,InstallDialogItem_FW
0xffcbcb70,CreateDialogItem_FW
0xffcbcc60,DeleteDialogItem_FW
0xffcbcce0,DrawDialogItem_FW
0xffcbcd78,ControlEventHandler_FW
0xffcbcdf4,SetPropertyToDialogItem_FW
0xffcbce68,GetPropertyFromDialogItem_FW
0xffcbcedc,SetAttributeToDialogItem_FW
0xffcbcf50,GetAttributeFromDialogItem_FW
0xffcbcfbc,MoveDialogItemPosition_FW
0xffcbd030,ResizeDialogItem_FW
0xffcbd0b0,GetDialogItemPosition_FW
0xffcbd130,GetDialogItemResolution_FW
0xffcbdfec,RegisterDialogAPIForEventProcedure_FW
0xffcbe5f0,StartGUISystem_FW
0xffcbe714,ShutdownGUISystem_FW
0xffcbe854,DeletePalette_FW
0xffcbe8cc,SetYUVPaletteIndex_FW
0xffcbea0c,SetPaletteToPhysicalScreen_FW
0xffcbea64,GetPaletteFromPhysicalScreen_FW
0xffcc1ed8,SetCurrentPalette_FW
0xffcc1ee8,SetSystemColorMode_FW
0xffcc63d8,LockPhysicalScreen_FW
0xffcc646c,RefreshPhysicalScreen
0xffcc646c,RefreshPhysicalScreen_FW
0xffcc6540,EnableRefreshPhysicalScreen_FW
0xffcc6554,DisableRefreshPhysicalScreen_FW
0xffcc6568,IsEnableRefreshPhysicalScreen_FW
0xffcc6e90,PrintBmpVramInfo_FW
0xffcc6ec0,PrintCurrPalette_FW
0xffcca3b0,_pow
0xffccc270,_sqrt
0xffcce110,isalpha
0xffcce140,isdigit
0xffcce170,islower
0xffcce1a0,ispunct
0xffcce1b8,isspace
0xffcce1d0,isupper
0xffcce1e8,isxdigit
0xffcce200,tolower
0xffcce210,toupper
0xffcd0e84,atol_FW
0xffcd15d0,qsort
0xffcd15f4,rand
0xffcd1618,srand
0xffcd1a0c,strtol
0xffcd1bb4,strtoul
0xffcd1d3c,memchr
0xffcd1d70,memcmp
0xffcd1d70,memcmp_FW
0xffcd1dac,memcpy
0xffcd1dac,memcpy_FW
0xffcd1e24,memset
0xffcd1e24,memset_FW
0xffcd1e44,strcat
0xffcd1e70,strchr
0xffcd1e94,strcmp
0xffcd1e94,strcmp_FW
0xffcd2028,strcpy
0xffcd2028,strcpy_FW
0xffcd218c,strlen
0xffcd218c,strlen_FW
0xffcd21f0,strncmp
0xffcd2234,strncpy
0xffcd227c,strpbrk
0xffcd22b8,strrchr
0xffcd2b58,mktime
0xffcd36b0,strftime
0xffcd36dc,time
0xffcd478c,errnoOfTaskGet
0xffcd58e0,vsprintf
0xffcd5944,sprintf_FW
0xffcd6a98,sscanf_FW
0xffcd6b38,close
0xffcd6c7c,lseek
0xffcd717c,open
0xffcd7d30,iosDevDelete
0xffcd7d58,iosDevAdd
0xffcd801c,iosDrvInstall
0xffcd9b78,malloc_alt
0xffcd9b84,free
0xffcd9f88,memShow_FW
0xffcd9f98,memPartInfoGet
0xffcdc714,taskDeleteHookAdd
0xffcdc7d8,taskCreateHookAdd
0xffce3bb8,taskName
0xffce3dc8,taskSuspend
0xffce3f9c,taskResume
0xffce437c,taskLock
0xffce4424,taskUnlock
0xffce8bd0,OutPort_FW
0xffce8be4,InPort_FW
0xffce8c10,Capture.Create_FW
0xffce8cac,Capture.Delete_FW
0xffceb000,apex2us
0xffcf0980,task_WBIntegTask
0xffcfaf10,task_AfIntSrvTask
0xffcfbbf8,task_AFTask
0xffd241cc,task_ExpDrv
0xffd241cc,task_ExpDrvTask
0xffd32f6c,task_WBCtrl
0xffd45890,task_OBCtrlTask
0xffd4b018,task_BrtMsrTask
0xffd4c210,ChangeGradeTable_FW
0xffd4c35c,RenewThermoLogNo_FW
0xffd4c4b8,PointDefDetect_FW
0xffd4c600,PointKizuCheck_FW
0xffd4c6e4,ClearDefectCount_FW
0xffd4c6f4,GetDefectCount_FW
0xffd4e598,task_FramePosition
0xffd51a4c,task_DevelopModule
0xffd5d788,EF.StartEFCharge_FW
0xffd5d7e8,EF.StopEFCharge_FW
0xffd5d7f8,EF.SetEFChargeTimeOut_FW
0xffd5d80c,EF.StartInternalPreFlash_FW
0xffd5d850,EF.StartInternalMainFlash_FW
0xffd5d8e0,EF.SetMainFlashTime_FW
0xffd5d8f4,EF.IsChargeFull_FW
0xffd5d900,EF.AdjPreFlash_FW
0xffd5d968,EF.SetChargeMode_FW
0xffd5dfc0,task_EFChargeT
0xffd5e208,IsStrobeChargeCompleted
0xffd5ec80,task_CntFlashTask
0xffd633ac,ActivateImager_FW
0xffd6345c,QuietImager_FW
0xffd636cc,CancelImager_FW
0xffd636fc,ChangeImagerToWholeSerial_FW
0xffd63714,ChangeImagerToWholeSerialLineDef_FW
0xffd6372c,ChangeImagerToWholeParallel_FW
0xffd63748,ChangeImagerToWholeParallelHalf_FW
0xffd63758,ChangeImagerToSuperWideDraft_FW
0xffd63768,ChangeImagerToWideDraft_FW
0xffd63778,ChangeImagerToNarrowDraft_FW
0xffd63788,ChangeImagerToAlternateDraft_FW
0xffd63798,ChangeImagerToJetDraft_FW
0xffd637a8,ChangeImagerToPetitNarrow_FW
0xffd637b8,ChangeImagerToFocusJet_FW
0xffd637c8,ChangeImagerToJumboDraft_FW
0xffd637d8,ChangeImagerToMillefeAdjust_FW
0xffd637e8,ChangeImagerToHoneyFlash_FW
0xffd637f8,ChangeImagerToMangoPudding_FW
0xffd63808,ChangeImagerToMontblancWhole_FW
0xffd63818,ChangeImagerToMontblancMillefe_FW
0xffd63828,ChangeImagerToDigiconMode_FW
0xffd63828,ChangeImagerToOITA_XAVIER_FW
0xffd63838,ChangeImagerToUltraGhostQ_FW
0xffd63848,ChangeImagerToSmearCorrectWide_FW
0xffd63858,ChangeImagerToSmearCorrectSuper_FW
0xffd63868,ChangeImagerToSmearCorrectAlternate_FW
0xffd63878,ChangeImagerToXXX_FW
0xffd63888,SetStartLineForNarrowDraft_FW
0xffd6389c,WithdrawalImagerForEmergency_FW
0xffd638b8,StillOnMovieTest_FW
0xffd639d0,SetSmearOn_FW
0xffd639e4,SetSmearOff_FW
0xffd639f8,ChangeUseAf_FW
0xffd65324,task_ImageSensorTask
0xffd65c98,SetMontblancVSize_FW
0xffd65cb0,GetMontblancVSize_FW
0xffd664a4,VirtualHeadError_FW
0xffd685b8,task_SsgMainTask
0xffd688e8,task_SsgPeriodTask
0xffd69858,EnableOBClampField_FW
0xffd69870,DisableOBClampField_FW
0xffd6c014,VirtualImageTimeOut_FW
0xffd7595c,task_TgTask
0xffd8d3d0,task_SyncPeriod
0xffd8d490,task_SynchTask
0xffd8df78,DisableNotificationPTP_FW
0xffd8df8c,EnableNotificationPTP_FW
0xffd8dfa4,SetUSBToPTPMode_FW
0xffd8dfb8,SetUSBToDCPMode_FW
0xffd8dfd0,RefreshUSBMode_FW
0xffd8e054,NotifyConnectPictBridge_FW
0xffd8e06c,NotifyDisconnectPictBridge_FW
0xffd917b0,task_EntiCtrl
0xffd91fac,task_SesnMngr
0xffd92a14,task_CnctEntiSnd
0xffd92e20,task_CnctEntiRcv
0xffd93598,task_SesnDaem
0xffd9497c,task_TimerUtility
0xffd951f0,RegComEventProc_FW
0xffd95f40,task_ReqRecev
0xffd97364,task_EvntExec
0xffd9859c,PTPRspnd.StartUpPTPFrameworkClient_FW
0xffd9864c,PTPRspnd.ShutDownPTPFrameworkClient_FW
0xffd9ea84,task_PTPSessionTASK
0xffda4548,task_PreLoadTask
0xffda8f3c,PTPRspnd.ResetTable_FW
0xffda8f48,PTPRspnd.EnableGetTreeInfo_FW
0xffda8f88,PTPRspnd.EnableStorage_FW
0xffdaa464,PTPRspnd.ShowRemoteStg_FW
0xffdaba7c,task_TrnsCtrlTask
0xffdb574c,task_RapiRevr
0xffdb8b8c,task_RAPI_Task
0xffdba4e8,InitializeDCPClassFunctions_FW
0xffdbaecc,TerminateDCPClassFunctions_FW
0xffdbc6f4,task_DcpTrnTrns
0xffdbc850,task_DcpTrnCtrl
0xffdc40a8,CreateVcomUart_FW
0xffdc41b4,DeleteVcomUart_FW
0xffdd9980,DispDev_EnableEventProc_FW
0xffddae60,DispCon_ShowColorBar_FW
0xffddaed4,DispCon_ShowFiveStep_FW
0xffddafec,DispCon_ShowWhiteChart_FW
0xffddb030,DispCon_ShowBlackChart_FW
0xffddb04c,DispCon_ShowBitmapColorBar
0xffddb04c,DispCon_ShowBitmapColorBar_FW
0xffddb0b8,DispCon_ShowCustomColorBar_FW
0xffddb140,DispCon_SetDisplayType_FW
0xffddb164,DispCon_TurnOnDisplay_FW
0xffddb164,TurnOnDisplay
0xffddb174,DispCon_TurnOffDisplay_FW
0xffddb174,TurnOffDisplay
0xffddb184,DispCon_SetMaxBackLightBrightness_FW
0xffddb28c,DispCon_SetVideoAdjParameter_FW
0xffddb2fc,DispCon_GetVideoAdjParameter_FW
0xffddb350,DispCon_ShowVideoAdjParameter_FW
0xffddb36c,DispCon_SaveVideoAdjParameter_FW
0xffddb3f0,DispCon_SetLcdGainAdjParameter_FW
0xffddb464,DispCon_GetLcdGainAdjParameter_FW
0xffddb4c0,DispCon_ShowLcdGainAdjParameter_FW
0xffddb4e8,DispCon_SaveLcdGainAdjParameter_FW
0xffddd6f4,task_LcdConTask
0xffdde6f4,LcdCon_SetLcdDriver_FW
0xffdde810,LcdCon_SetLcdAdjParameter_FW
0xffdde8f4,LcdCon_GetLcdAdjParameter_FW
0xffdde94c,LcdCon_ShowLcdAdjParameter_FW
0xffdde99c,LcdCon_SaveLcdAdjParameter_FW
0xffddeb44,LcdCon_SetLcdBackLightBrightness_FW
0xffddebd8,LcdCon_SetLcdBackLightParameter_FW
0xffddec7c,LcdCon_GetLcdBackLightParameter_FW
0xffddecd4,LcdCon_ShowLcdBackLightParameter_FW
0xffdded24,LcdCon_SaveLcdBackLightParameter_FW
0xffddf954,SetSDPwrPort_FW
0xffddf9a8,Driver_EnableEventProc_FW
0xffde08a8,GetAdChValue_FW
0xffde08d8,GetAdVBattBottom_FW
0xffde2474,SetBattCheckMode_FW
0xffde24fc,ShowBattCheckMode_FW
0xffde25f0,ShowBattChkAdj_FW
0xffde27cc,GetLBOffset_FW
0xffde27dc,LowBat_Result_Print_On_FW
0xffde27f4,LowBat_Result_Print_Off_FW
0xffde2808,BatVoltageToAd_FW
0xffde3364,task_TempCheck
0xffde3a00,VbattGet
0xffde3a00,VbattGet_FW
0xffde3e44,Bat_Calc_FW
0xffde3e44,CalculateBatSenseOffset_FW
0xffde4048,ExecuteLoadTest_FW
0xffde4058,TurnOn_LoadTest_DebugMode_FW
0xffde406c,TurnOff_LoadTest_DebugMode_FW
0xffde4080,LoadTest_Result_Print_On_FW
0xffde4094,LoadTest_Result_Print_Off_FW
0xffde4744,task_BeepTask
0xffde4c40,BeepDrive_FW
0xffde4c54,BeepDriveComp_FW
0xffde53a4,task_LEDCon
0xffde5824,LEDDrive
0xffde5824,LEDDrive_FW
0xffde5870,AFAssistBeam_FW
0xffde5890,PostLEDMessage_FW
0xffde5e94,task_PhySw
0xffde5edc,kbd_p1_f
0xffde5ee8,kbd_p1_f_cont
0xffde5fa8,kbd_read_keys
0xffde6740,ShowPhySwStatus_FW
0xffde6834,SetRawSWCheckMode_FW
0xffde684c,OnPrintPhySw_FW
0xffde6864,OffPrintPhySw_FW
0xffde6878,GetSwitchStatus_FW
0xffde68e4,ShowSDStatus_FW
0xffde6964,GetSDDetect_FW
0xffde6978,GetSDProtect
0xffde6978,GetSDProtect_FW
0xffde6990,GetDialEventId_FW
0xffde6c8c,GetHVSw_FW
0xffde6c9c,OnPrintHVStatus_FW
0xffde6cb0,OffPrintHVStatus_FW
0xffde7564,kbd_read_keys_r2
0xffde7c20,GetKbdState
0xffde7c48,kbd_pwr_off
0xffde7e5c,task_AudioTsk
0xffde85fc,TurnOnVideoOutMode_FW
0xffde8694,TurnOffVideoOutMode_FW
0xffde9ab0,task_FWDDATA
0xffdeaac8,task_Thermometer
0xffdeacc4,GetOpticalTemperature
0xffdeacc4,GetOpticalTemperature_FW
0xffdeacd8,GetCCDTemperature
0xffdeacd8,GetCCDTemperature_FW
0xffdeacec,GetBatteryTemperature
0xffdeacec,GetBatteryTemperature_FW
0xffdec3b8,PrePro.GetDarkSetUp_FW
0xffdec3c8,PrePro.SetDarkSetUp_FW
0xffdec3f8,PrePro.GetDarkSubSetUp_FW
0xffdec408,PrePro.SetDarkSubSetUp_FW
0xffdec438,PrePro.LiveImage_FW
0xffdec460,PrePro.Capture_FW
0xffdec488,PrePro.MemoryCrw_FW
0xffdec4b0,PrePro.HybridCrw_FW
0xffdf2e84,task_Fencing
0xffdf33c8,EngDrvOut
0xffdf33e0,EngDrvIn
0xffdf33e8,EngDrvRead
0xffdf33fc,EngDrvBits
0xffe0249c,EngineDriver.Create_FW
0xffe024c4,EngineDriver.Delete_FW
0xffe02528,InitializeAdjustmentSystem_FW
0xffe02570,TerminateAdjustmentSystem_FW
0xffe025b8,InitializeAdjustmentFunction_FW
0xffe02900,PrintAllAEIntegData_FW
0xffe03684,GetAEIntegralValue_FW
0xffe03730,AbortAEIntegralValue_FW
0xffe0376c,SetAEIntegStrobeProperty_FW
0xffe037c8,SetAEIntegralValueProperty_FW
0xffe0395c,GetAEIntegralValueWithFix_FW
0xffe03acc,GetAllAEIntegralAllValueWithFix_FW
0xffe03c3c,SetWhiteCoefficient_FW
0xffe03d04,SetAEIntegWindowsMode_FW
0xffe03dc4,SetAEIntegValueBit_FW
0xffe03de4,GetAEIntegralServiceMode_FW
0xffe03e04,StopAEIntegralService_FW
0xffe03ef0,StartAEIntegralService_FW
0xffe040fc,SetLineDefMarkThroughMode_FW
0xffe0419c,SetAEIntegAverageOBData_FW
0xffe041ac,SetAdjAEIntegSmearLimitter_FW
0xffe041c4,SetDefaultAEIntegSmearLimitter_FW
0xffe0533c,GetCurrentAdjImgDriveType_FW
0xffe0534c,GetCurrentImgDrvMode_FW
0xffe0537c,ConvertAEIntegDrvTypeToAdjImgDriveType_FW
0xffe053cc,ConvertAdjImgDrvModeToAdjImgDriveType_FW
0xffe05470,ChangeAdjImgDrvMode_FW
0xffe054c8,ChangeAEIntegDrvTypeToAdjImgDriveType_FW
0xffe055e4,SetDeltaCDSGain_FW
0xffe05634,ReloadCdsAdjustment_FW
0xffe0564c,GetObClampValue_FW
0xffe0567c,SetObClamp_FW
0xffe0567c,SetObClampValue_FW
0xffe056d0,GetCdsGainValue_FW
0xffe05708,SetCDSGain_FW
0xffe05708,SetCdsGainValue_FW
0xffe05750,SetCDSGainStep_FW
0xffe057ac,SetAdjCdsMode_FW
0xffe057c8,CancelAdjCdsMode_FW
0xffe057e4,IsAdjCdsMode_FW
0xffe058f8,ConvertTvToExposureTime_FW
0xffe05934,GetCurrentExposureTime_FW
0xffe0594c,GetCurrentShutterSpeed_FW
0xffe05960,SetShutterSpeedWithMecha_FW
0xffe059d4,SetShutterSpeed_FW
0xffe05a80,GetUserSetShutterSPeed_FW
0xffe05a90,GetShutterSpeedRegularMaxLimit_FW
0xffe05ab4,GetShutterSpeedRegularMinLimit_FW
0xffe05c18,MoveIrisToAv_FW
0xffe05ca8,ReloadIrisAdjustment_FW
0xffe05ce8,GetCurrentAvValue
0xffe05ce8,GetCurrentAvValue_FW
0xffe05de0,GetCurrentIrisPosition_FW
0xffe05df4,ResetIrisPosition_FW
0xffe05e30,MoveIrisFullOpen_FW
0xffe05e6c,MoveIrisWithTerminatePosition_FW
0xffe05ea8,MoveIrisMechaPositionWithBacklash_FW
0xffe05eec,MoveIrisMechaPositionWithoutBacklash_FW
0xffe05f30,MoveIrisToAvWithoutBacklash_FW
0xffe05f80,GetUsableMinAv_FW
0xffe05fa4,GetUsableMaxAv_FW
0xffe06144,ReloadNdFilterAdjustment_FW
0xffe06164,PutInNdFilter_FW
0xffe061ac,PutOutNdFilter_FW
0xffe062a4,CloseMShutter_FW
0xffe062ec,OpenMShutter_FW
0xffe06f30,CalculatePeakFromLeastSquareResult_FW
0xffe06f64,CalculateLog2ToApex_FW
0xffe06f98,CalculatePow2FromApex_FW
0xffe06fbc,CalcLog10_FW
0xffe07054,ConvertApexToApexStd_FW
0xffe07088,ConvertApexStdToApex_FW
0xffe072ac,OneShotWhigeBalance_FW
0xffe0732c,SetWBYlStandardWidth_FW
0xffe07370,SetReferenceWBGainForCalibration_FW
0xffe073a0,SetToolCorrectCoefficient_FW
0xffe07428,ReloadWBAdjustment_FW
0xffe076ec,ConvertCxCyToWBGain_FW
0xffe07a74,GetCurrentZoomLensPosition_FW
0xffe07a88,GetCurrentZoomLensPoint_FW
0xffe07a9c,GetCurrentZoomLensDirection_FW
0xffe07aac,ReloadZoomAdjustment_FW
0xffe07ba0,ResetZoom_FW
0xffe07bdc,ResetZoomToFirstPoint_FW
0xffe07c18,ResetZoomToTerminatePoint_FW
0xffe07c54,MoveZoomLensToPosition_FW
0xffe07c98,MoveZoomLensToPoint_FW
0xffe07d00,ResetZoomToAdjFirstPoint_FW
0xffe07d78,ResetZoomToAdjTerminatePoint_FW
0xffe07e10,GetZoomLensResetPlus_FW
0xffe07e38,GetZoomLensSpeed_FW
0xffe07f04,GetZoomLensElecCurrent_FW
0xffe07fe8,MoveZoomLensToMechaEnd_FW
0xffe08070,MoveZoomLensToPositionByManual_FW
0xffe08100,SetZoomLensControlGain_FW
0xffe08370,ConvertToPositionWithDistanceAndZoomPoint_FW
0xffe083b4,ReloadFocusLensAdjustment_FW
0xffe083c0,GetFocusDefaultResetPosition_FW
0xffe083d4,GetFocusResetPosition_FW
0xffe083e8,GetCurrentTargetDistance
0xffe083e8,GetCurrentTargetDistance_FW
0xffe08440,GetCurrentFocusLensPosition_FW
0xffe08454,MoveFocusLensToTerminatePosition_FW
0xffe084e4,MoveFocusLensToPositionWithMaxSpeed_FW
0xffe08548,MoveFocusLensToPosition_FW
0xffe08680,MoveFocusLensToDistance
0xffe08680,MoveFocusLensToDistance_FW
0xffe08788,ResetFocus_FW
0xffe08e38,PrintScanTable_FW
0xffe08fe0,PrintMultiWinScanTable_FW
0xffe0987c,CalculatePeakPositionByLeastSquare_FW
0xffe09ff8,SetFocusScanAutoStopProperty_FW
0xffe0a020,StartFocusScanWithAutoStopFix_FW
0xffe0a120,StartFocusScanWithAutoStop_FW
0xffe0a1d4,StartFocusScanWithMode_FW
0xffe0a3fc,StopFocusScan_FW
0xffe0a408,StartFocusScanWithRange_FW
0xffe0a498,StartFocusScan_FW
0xffe0a538,StartMultiWinFocusScan_FW
0xffe0a708,StartDigiconService_FW
0xffe0a788,StopDigiconService_FW
0xffe0a7bc,GetDigiconData_FW
0xffe0ae0c,StartDigiconFocusScan_FW
0xffe0ae7c,SetMultiWinPos_FW
0xffe0af24,SetBPFForBestPintCorrect_FW
0xffe0af38,CancelBPFForBestPintCorrect_FW
0xffe0af44,ReloadBPCoeffAdjustment_FW
0xffe0af58,ReloadAFAdjustment_FW
0xffe0af64,SaveBPAdjValue_FW
0xffe0b294,GetExStrobeID_FW
0xffe0b29c,IsExStrobeChargeComp_FW
0xffe0b2a4,SetExStrobeMode_FW
0xffe0b2a8,CancelExStrobeMode_FW
0xffe0b2ac,ReloadEfAdjustment_FW
0xffe0b2b8,ChargeStrobe_FW
0xffe0b400,ReloadColorAdjustment_FW
0xffe0b4f0,RegistColorMatrix_FW
0xffe0b534,UnregistColorMatrix_FW
0xffe0b6e8,ShowCurrentExp_FW
0xffe0b780,SetAE_ShutterSpeed
0xffe0b780,SetAE_ShutterSpeed_FW
0xffe0b8e4,FocusAEWithCompensation_FW
0xffe0b9d8,SetAE_CdsGainValue_FW
0xffe0b9f0,FixAEWithCompensation_FW
0xffe0ba8c,SetAdj_AEMode_FW
0xffe0badc,CancelAdj_AEMode_FW
0xffe0bb0c,PreFixAE_FW
0xffe0bb88,AfAEWithAperturePriority_FW
0xffe0bc6c,AdjAEWithAperturePriority_FW
0xffe0be08,SleepAE_FW
0xffe0be50,AfAEWithCompensation_FW
0xffe0c258,SwitchOffDisplay_FW
0xffe0c28c,SwitchOnDisplay_FW
0xffe0c2c4,GetVideoOutType_FW
0xffe0c2d4,SetVideoOutType_FW
0xffe0c304,IsEVFDrive_FW
0xffe0c334,StopEVFDrive_FW
0xffe0c374,StartEVFDriveWithMode_FW
0xffe0c3c0,StartEVFDrive_FW
0xffe0c694,IsEvfDriveMode_FW
0xffe0c6d0,GetSumYOfVRAMCenterLine_FW
0xffe0c998,GetVRAMHPixelsSize
0xffe0c998,GetVRAMHPixelsSize_FW
0xffe0c9a4,GetVRAMVPixelsSize
0xffe0c9a4,GetVRAMVPixelsSize_FW
0xffe0c9b0,StopContinuousVRAMData_FW
0xffe0ca78,GetContinuousVRAMData_FW
0xffe0d1a8,GetPixelsOfViewangle_FW
0xffe0d374,GetContinuousVRAMDataWithRingBuffer_FW
0xffe0d440,GetMovieJpegVRAMHPixelsSize_FW
0xffe0d44c,GetMovieJpegVRAMVPixelsSize_FW
0xffe0d514,GetContinuousMovieJpegVRAMData_FW
0xffe0db84,Bat_VIN_FW
0xffe0db84,SetInputVoltage_FW
0xffe0db98,Bat_Save_FW
0xffe0db98,SaveBatSenseOffsetAdjustmentTable_FW
0xffe0dba8,SetImageMode_FW
0xffe0dbc0,SetDate_FW
0xffe0dcb4,SetYear_FW
0xffe0dd1c,SetMonth_FW
0xffe0dd80,SetDay_FW
0xffe0ddf0,SetHour_FW
0xffe0de5c,SetMinute_FW
0xffe0decc,SetSecond_FW
0xffe0df38,GetYear_FW
0xffe0df70,GetMonth_FW
0xffe0dfa8,GetDay_FW
0xffe0dfd8,GetHour_FW
0xffe0e008,GetMinute_FW
0xffe0e038,GetSecond_FW
0xffe0e068,SetLangMenuType_FW
0xffe0e0a0,SaveBmpVRAMData_FW
0xffe0e19c,SavePaletteData
0xffe0e19c,SavePaletteData_FW
0xffe0e270,SaveFromImage_FW
0xffe0e9f8,GetUnpackCrwIntegralValue_FW
0xffe0ed38,DevelopStillPicture_FW
0xffe0eda0,GetISLensCenterShiftAaxis_FW
0xffe0eda8,GetISLensCenterShiftBaxis_FW
0xffe0edc0,AdjustGyroOffset_FW
0xffe0edc8,MoveIsToProvisionalCentralPosition_FW
0xffe0edcc,GetISGyroYawOffset_FW
0xffe0edd4,GetISGyroPitchOffset_FW
0xffe0eddc,HitISLensAgainstRightEdge_FW
0xffe0edec,HitISLensAgainstLeftEdge_FW
0xffe0edfc,HitISLensAgainstBottomEdge_FW
0xffe0ee0c,HitISLensAgainstTopEdge_FW
0xffe0ee1c,MoveISLensToRightLimitPosition_FW
0xffe0ee2c,MoveISLensToLeftLimitPosition_FW
0xffe0ee3c,MoveISLensToBottomLimitPosition_FW
0xffe0ee4c,MoveISLensToTopLimitPosition_FW
0xffe0ee5c,StopBDrive_FW
0xffe0ee5c,StopISDrive_FW
0xffe0ee68,StartBDrive_FW
0xffe0ee68,StartISDrive_FW
0xffe0ee74,WriteHallDeviceAdjustment_FW
0xffe0eee0,WriteGyroAdjustment_FW
0xffe0ef20,WritePWMAdjustment_FW
0xffe0ef58,SetISPitchPWM_FW
0xffe0ef68,SetISYawPWM_FW
0xffe0ef78,SetISGyroYawGain_FW
0xffe0ef88,SetISGyroPitchGain_FW
0xffe0ef98,SetISGyroYawOffset_FW
0xffe0ef9c,SetISGyroPitchOffset_FW
0xffe0efa0,SetISHallDeviceYawGain_FW
0xffe0efb0,SetISHallDevicePitchGain_FW
0xffe0efc0,SetISHallDeviceYawOffset_FW
0xffe0efd0,SetISHallDevicePitchOffset_FW
0xffe0efe0,SetZoomPointToIS_FW
0xffe0eff0,SetISLensCenterShiftAaxis_FW
0xffe0f000,SetISLensCenterShiftBaxis_FW
0xffe0f054,StartISAdjustmentDrive_FW
0xffe0f060,StopISAdjustmentDrive_FW
0xffe0f06c,StartBPanDrive_FW
0xffe0f06c,StartISPanDrive_FW
0xffe0f078,StopBPanDrive_FW
0xffe0f078,StopISPanDrive_FW
0xffe0f084,SearchBCentralPosition_FW
0xffe0f084,SearchISLensCentralPosition_FW
0xffe0f090,MoveISLensToCentralPosition_FW
0xffe0f15c,GetISHallDevicePitchOffset_FW
0xffe0f16c,GetISHallDeviceYawOffset_FW
0xffe0f17c,GetISHallDevicePitchGain_FW
0xffe0f18c,GetISHallDeviceYawGain_FW
0xffe0f19c,GetISGyroPitchGain_FW
0xffe0f1ac,GetISGyroYawGain_FW
0xffe0f1bc,GetISPitchPWM_FW
0xffe0f1d0,GetISYawPWM_FW
0xffe0f1e4,GetISShiftLensPitchPosition_FW
0xffe0f1f8,GetISShiftLensYawPosition_FW
0xffe0f20c,GetISLensEViAaxis_FW
0xffe0f220,GetISLensEViBaxis_FW
0xffe0f234,GetISLensDampAaxis_FW
0xffe0f248,GetISLensDampBaxis_FW
0xffe0f26c,SetISCutOffFreqIndex_FW
0xffe10d0c,DisplayFactoryMode_FW
0xffe10d24,UndisplayFactoryMode_FW
0xffe111d0,SetDurianMode_FW
0xffe11204,ClearDurianMode_FW
0xffe11204,ClearFactoryMode_FW
0xffe11238,SetFactoryMode_FW
0xffe1126c,ClearDUIDFixFlag_FW
0xffe112b0,SetDUIDFixFlag_FW
0xffe113dc,IsDUIDFixFlag_FW
0xffe11414,IsFactoryMode_FW
0xffe114ac,StartFactoryModeController_FW
0xffe12e34,EraseAdjustmentArea_FW
0xffe12e54,DumpAdjMirror_FW
0xffe12eac,GetAdjTableVersion_FW
0xffe12ef4,GetAdjTableMapVersion_FW
0xffe12f04,GetAdjTableValueVersion_FW
0xffe12f48,ShowDefaultAdjTableVersion_FW
0xffe12f7c,LoadAdjustmentTable_FW
0xffe12f94,SaveAdjustmentTable_FW
0xffe12fb0,SaveAdjustmentValue_FW
0xffe12fe0,LoadAdjustmentValue_FW
0xffe1311c,PrintAdjTableMap_FW
0xffe133cc,CreateAdjustmentTableMirror_FW
0xffe134f4,RefreshAdjustmentTableMirror_FW
0xffe137b4,WRITEADJTABLETOFROM_FW
0xffe137e8,AddAdjDataToFRom_FW
0xffe140f8,LoadParamDataFromAdjTableBin_FW
0xffe14224,LoadDataFromAdjTableBin_FW
0xffe14350,DeviceUniqueIDCheckSum_FW
0xffe14484,FA.Create_FW
0xffe144b8,FA.Delete_FW
0xffe14624,PrintFirmVersion_FW
0xffe14674,PrintFaexeVersioin_FW
0xffe14688,CreateFADBGSingalID_FW
0xffe146a0,FADBGSingal_FW
0xffe14788,FADBGPrintf_FW
0xffe1491c,FAPrintf_FW
0xffe14a38,OutputLogToFile_FW
0xffe14b74,StopLogOut_FW
0xffe14db4,GetLogData_FW
0xffe14ea4,GetLogDataOnlyAddMemory_FW
0xffe14f6c,ActivateAdjLog_FW
0xffe14f8c,InactivateAdjLog_FW
0xffe14fac,StartLogOut_FW
0xffe14fc8,IsLogOutType_FW
0xffe15adc,ShowTransparentMemory_FW
0xffe15b0c,DumpTransparentMemoryItem_FW
0xffe15b60,AddTransparentMemory_FW
0xffe15ba8,AttachToTransparentMemory_FW
0xffe15bf0,RemoveTransparentMemory_FW
0xffe15c14,GetTransparentMemorySize_FW
0xffe15c34,GetTransparentMemory_FW
0xffe15c8c,GetTransparentMemoryPosition_FW
0xffe1a7fc,CompletePrepareTestRec_FW
0xffe1a818,StrobeChargeCompForTestRec_FW
0xffe1a920,InitializeTestRec_FW
0xffe1a98c,TerminateTestRec_FW
0xffe1ab94,ExecuteTestRec_FW
0xffe1adc4,InitializeDigicon_FW
0xffe1ae6c,TerminateDigicon_FW
0xffe1aec4,StartContiMovieFrame_FW
0xffe1aed0,StopContiMovieFrame_FW
0xffe1aedc,ExecuteDigicon_FW
0xffe1af58,ExecuteTestRecCF_FW
0xffe1d398,SetDefaultRecParameter_FW
0xffe1d8cc,SetSensitiveDefectRecParameter_FW
0xffe1d8e4,SetSensitiveRecParameter_FW
0xffe1d8f8,SetDefectRecParameter_FW
0xffe1d988,EnableDebugLogMode_FW
0xffe1d9a0,DisableDebugLogMode_FW
0xffe1dfa4,FreeBufferForSoundRec_FW
0xffe1e0dc,StartSoundRecord_FW
0xffe1e338,StartSoundPlay_FW
0xffe1e360,InitializeSoundRec_FW
0xffe1e3a0,TerminateSoundRec_FW
0xffe22ff0,task_FolderCreateCheckTask
0xffe27ab4,task_EnterDPOFAllOrdersTask
0xffe2ba58,task_ConfirmPrintOrder
0xffe2ba58,task_ConfirmTransferOrder
0xffe30bbc,task_FileManMarkAllTask
0xffe3ce24,task_FileScheduleTask
0xffe3e090,task_FileWrite
0xffe3e090,task_FileWriteTask
0xffe3f5b8,task_FORMAT_TASK_PROGRESS
0xffe3f634,task_FORMAT_TASK_NAME
0xffe420f8,RenameFile_Fut
0xffe421a0,DeleteFile_Fut
0xffe42254,MakeDirectory_Fut
0xffe422d4,Fopen_Fut
0xffe422d4,Fopen_Fut_FW
0xffe42314,Fclose_Fut
0xffe42314,Fclose_Fut_FW
0xffe423d0,Fread_Fut
0xffe423d0,Fread_Fut_FW
0xffe42424,Fwrite_Fut
0xffe42424,Fwrite_Fut_FW
0xffe42478,Fgets_Fut
0xffe424c4,Fseek_Fut
0xffe424c4,Fseek_Fut_FW
0xffe42510,Feof_Fut
0xffe4254c,Fflush_Fut
0xffe42594,Fut.Save_FW
0xffe42e24,task_ReadAsyncTask
0xffe45ef0,Mount_FileSystem
0xffe45f98,Unmount_FileSystem
0xffe460ec,UpdateMBROnFlash
0xffe463b8,GetDrive_ClusterSize
0xffe463f4,GetDrive_TotalClusters
0xffe46430,GetDrive_FreeClusters
0xffe46ba4,Open
0xffe46ba4,Open_FW
0xffe46bcc,Close
0xffe46bcc,Close_FW
0xffe46bec,Remove
0xffe46c60,Read
0xffe46c60,Read_FW
0xffe46c6c,Write
0xffe46c6c,write
0xffe46c6c,Write_FW
0xffe46cc4,Lseek
0xffe46cc4,Lseek_FW
0xffe46db4,SetFileAttributes
0xffe47258,task_FsIoNotifyTask
0xffe58f60,WriteSDCard
0xffe5aef8,task_SD1stInit
0xffe5bc9c,task_FilYuvMaker
0xffe6630c,task_ImgPlayDrv
0xffe67b3c,task_RedEyePly
0xffe69ae0,task_RedEyeCapt
0xffe70178,TurnOnAFLamp_FW
0xffe70190,TurnOffAFLamp_FW
0xffe705e4,task_CZ
0xffe70cec,MoveCZToPoint_FW
0xffe70d40,MoveCZToWide_FW
0xffe70d88,MoveCZToTele_FW
0xffe70d88,MoveCZToTeleEvent_FW
0xffe720f4,GetFocusLensSubjectDistanceFromLens
0xffe732dc,ResetFocusLens
0xffe732dc,ResetFocusLens_FW
0xffe7333c,EscapeFocusLens_FW
0xffe733bc,MoveFocusLensToTerminate_FW
0xffe7341c,MoveFocusLensWithDistance_FW
0xffe734f0,MoveFocusLensWithPosition_FW
0xffe735c4,MoveFocusLensWithPositionWithoutBacklash_FW
0xffe73698,MoveFocusActuator_FW
0xffe7376c,SetFocusLensSpeed_FW
0xffe737a8,SetFocusLensSpeedTable_FW
0xffe7389c,SetFocusLensCondition_FW
0xffe739d8,SetFocusLensDefaultPullOutTable_FW
0xffe739f0,GetFocusLensPullInMaxSpeed_FW
0xffe73a04,GetFocusLensPullOutMaxSpeed_FW
0xffe73a48,ShowFocusLensCurrentSpeedTable_FW
0xffe73ad8,SetFocusLensMaxSpeedLimit_FW
0xffe73ae8,CancelFocusLensMaxSpeedLimit_FW
0xffe73af8,EnableFocusLens_FW
0xffe73b44,DisableFocusLens_FW
0xffe73b90,GetFocusLensCurrentPosition_FW
0xffe73ba4,GetFocusLensResetPosition_FW
0xffe73bb8,GetFocusLensResetPositionForInside_FW
0xffe73bcc,GetFocusLensResetPositionForOutside_FW
0xffe73be0,GetFocusLensResetDefaultPosition_FW
0xffe73c08,GetFocusLensSubjectDistance_FW
0xffe73c2c,GetFocusLensSubjectDistanceFromLens_FW
0xffe73c50,GetFocusLensSubjectDistanceNumber_FW
0xffe73c58,GetFocusLensPositionRatio_FW
0xffe73c60,GetFocusLensLoadSubjectDistance_FW
0xffe73c90,ChangeFocusDistanceToPosition_FW
0xffe73ca8,GetFocusLensLoadCamTable_FW
0xffe77f0c,MechaRegisterEventProcedure_FW
0xffe77f4c,MechaUnRegisterEventProcedure_FW
0xffe77fa4,MechaReset_FW
0xffe77fd8,MechaTerminate_FW
0xffe78034,ShowMechaMacro_FW
0xffe79aec,ResetIris_FW
0xffe79aec,ResetIrisEvent_FW
0xffe79b28,MoveIrisWithAv
0xffe79b28,MoveIrisWithAv_FW
0xffe79b68,MoveIrisWithAvAndSpeed_FW
0xffe79bb4,MoveIrisToPositionWithBacklash_FW
0xffe79bf4,MoveIrisToTerminatePosition_FW
0xffe79c30,MoveIrisToFullOpen_FW
0xffe79c30,MoveIrisToFullOpenEvent_FW
0xffe79c6c,MoveIrisToFullClose_FW
0xffe79c6c,MoveIrisToFullCloseEvent_FW
0xffe79ca8,GetIrisAv_FW
0xffe79cbc,GetIrisCurrentPosition_FW
0xffe79cd0,MoveIrisWithAvWithoutBacklash_FW
0xffe79d10,MoveIrisToPositionWithoutBacklash_FW
0xffe79d50,MoveIrisWithAvAndSpeedWithoutBacklash_FW
0xffe79d9c,EnableIris_FW
0xffe79dcc,DisableIris_FW
0xffe7b79c,task_LensController
0xffe7d314,MoveLensToFirstPoint_FW
0xffe7d314,MoveLensToFirstPointEvent_FW
0xffe7d374,MoveLensToTerminatePoint_FW
0xffe7d374,MoveLensToTerminatePointEvent_FW
0xffe7d3c4,IsLensOutside_FW
0xffe7d3d0,GetLensErrorStatus_FW
0xffe7e230,EnableMechaCircuit_FW
0xffe7e240,DisableMechaCircuit_FW
0xffe7e250,EnableFocusPiCircuit_FW
0xffe7e260,DisableFocusPiCircuit_FW
0xffe7e270,GetFocusPiSensorLevel_FW
0xffe7e288,EnableZoomPiCircuit_FW
0xffe7e298,DisableZoomPiCircuit_FW
0xffe7e2a8,GetZoomPiSensorLevel_FW
0xffe7e2c0,EnableZoomEncoderCircuit_FW
0xffe7e2d0,DisableZoomEncoderCircuit_FW
0xffe7e2e0,SendMechaCircuitData_FW
0xffe7e320,ReceiveMechaCircuitDataAll_FW
0xffe7faf4,CloseMechaShutter_FW
0xffe7faf4,CloseMechaShutterEvent_FW
0xffe7fb24,OpenMechaShutter_FW
0xffe7fb24,OpenMechaShutterEvent_FW
0xffe7fb54,CloseMechaShutterWithTiming_FW
0xffe7fb98,SetMechaShutterCloseDacSetting_FW
0xffe7fbb4,SetMechaShutterOpenDacSetting_FW
0xffe7fbd0,SetMechaShutterWaitTimeSetting_FW
0xffe7fbe4,GetMechaShutterStatus_FW
0xffe83568,task_ZoomEvent
0xffe83e2c,MoveZoomActuator_FW
0xffe83e78,SetZoomActuatorSpeedPPS_FW
0xffe83e8c,GetZoomActuatorSpeedPPS_FW
0xffe83ea0,GetZoomActuatorCurrentPosition_FW
0xffe83eec,IsZoomActuatorResetSensorPlusSide_FW
0xffe83ef8,SetPMByGpio_FW
0xffe83f08,ClearPMByGpio_FW
0xffe83f18,ClearPMByFs_FW
0xffe83f28,MoveDCMotorCW_FW
0xffe83f8c,MoveDCMotorCCW_FW
0xffe83ff0,SetDCMotorWaitTime_FW
0xffe86bec,ResetZoomLens
0xffe86bec,ResetZoomLens_FW
0xffe86c1c,ResetZoomLensToFirst_FW
0xffe86c1c,ResetZoomLensToFirstPoint_FW
0xffe86c90,ResetZoomLensToTermiante_FW
0xffe86c90,ResetZoomLensToTermiantePoint_FW
0xffe86d04,MoveZoomLensWithPoint
0xffe86d04,MoveZoomLensWithPoint_FW
0xffe86d80,MoveZoomLensWithPosition_FW
0xffe86dd4,MoveZoomLensToTerminatePosition_FW
0xffe86e24,SetZoomLensSpeedMode_FW
0xffe86e2c,GetZoomLensCurrentPoint
0xffe86e2c,GetZoomLensCurrentPoint_FW
0xffe86e40,GetZoomLensCurrentPosition
0xffe86e40,GetZoomLensCurrentPosition_FW
0xffe86e54,GetZoomLensTelePoint_FW
0xffe8959c,task_ISCPUInitTask
0xffe89af4,task_HeartBeatTask
0xffe89c60,task_OptZoomSenderTask
0xffe8ac94,CommunicateISCPU_FW
0xffe8acd8,ReceiveFromSrpv_FW
0xffe8ace4,GetCheckSum_FW
0xffe8acf0,DMASioSet_FW
0xffe8ad00,JumpToProgFirst_FW
0xffe8ad0c,DelaySet_FW
0xffe8ad1c,TransferISAdjData_FW
0xffe8ad28,StartHeartBeatbyEventProc_FW
0xffe8ad34,StopHeartBeatbyEventProc_FW
0xffe8ad50,SrpvResetHigh_FW
0xffe8ad8c,SrpvResetLow_FW
0xffe8adf8,SrpvClockStart_FW
0xffe8ae80,SrpvClockStop_FW
0xffe8aff0,ISInitMotion_FW
0xffe8b004,ISAutoCenter_FW
0xffe8b010,StartISLocalAdjust_FW
0xffe8b01c,StartISLocalHallAdjust_FW
0xffe8b028,StartISLocalAutoCenter_FW
0xffe8b034,SetISDriveAaxis_FW
0xffe8b044,SetISDriveBaxis_FW
0xffe8b054,SetISHallOffsetAaxis_FW
0xffe8b064,SetISHallOffsetBaxis_FW
0xffe8b074,SetISHallGainAaxis_FW
0xffe8b084,SetISHallGainBaxis_FW
0xffe8b094,SetISGyroGainAaxis_FW
0xffe8b0a4,SetISGyroGainBaxis_FW
0xffe8b0c8,GetISDriveAaxis_FW
0xffe8b104,GetISDriveBaxis_FW
0xffe8b144,GetISPositionAaxis_FW
0xffe8b184,GetISPositionBaxis_FW
0xffe8b1c8,GetISHallOffsetAaxis_FW
0xffe8b20c,GetISHallOffsetBaxis_FW
0xffe8b24c,GetISHallGainAaxis_FW
0xffe8b28c,GetISHallGainBaxis_FW
0xffe8b2cc,GetISGyroGainAaxis_FW
0xffe8b30c,GetISGyroGainBaxis_FW
0xffe8b334,SetISTuningFlag_FW
0xffe8b344,SetSlantAdjLensFree_FW
0xffe8b354,SetSlantAdjLensDrive_FW
0xffe8b364,SetGyroFilterChargeStart_FW
0xffe8b374,SetGyroFilterChargeStop_FW
0xffe8b384,ISControlStart_FW
0xffe8b390,ISControlStop_FW
0xffe8b39c,ISPanModeStart_FW
0xffe8b3a8,ISPanModeStop_FW
0xffe8b3b4,SetISHeartBeatInt_FW
0xffe8b3d8,GetISDbgData_FW
0xffe8b41c,GetISADData_FW
0xffe8b464,GetISFirmVersion_FW
0xffe8b4b8,GetISParamVersion_FW
0xffe8b50c,GetISHallOut1Amp_FW
0xffe8b53c,ISMDStart_FW
0xffe8b548,ISMDStop_FW
0xffe8b56c,GetISDampAaxis_FW
0xffe8b5a4,GetISDampBaxis_FW
0xffe8b5dc,GetISEViAaxis_FW
0xffe8b614,GetISEViBaxis_FW
0xffe8b634,SelectPositionSignal_FW
0xffe8b644,ClearISIComponent_FW
0xffe8b650,SetISHPFCutoff_FW
0xffe8b660,ClearISZData_FW
0xffe8b66c,SetZoomPosition_FW
0xffe8b68c,GetISPLFAaxis_FW
0xffe8b6bc,GetISPLFBaxis_FW
0xffe8b6dc,SetISPLFAaxis_FW
0xffe8b6ec,SetISPLFBaxis_FW
0xffe8b70c,GetISLPFAaxis_FW
0xffe8b73c,GetISLPFBaxis_FW
0xffe8b75c,SetISLPFAaxis_FW
0xffe8b76c,SetISLPFBaxis_FW
0xffe8b77c,SetISCoefficientP_A_FW
0xffe8b790,SetISCoefficientP_B_FW
0xffe8b7a4,SetISCoefficientI_A_FW
0xffe8b7b8,SetISCoefficientI_B_FW
0xffe8b7cc,SetISCoefficientD_A_FW
0xffe8b7e0,SetISCoefficientD_B_FW
0xffe8b810,GetISCoefficientP_A_FW
0xffe8b850,GetISCoefficientP_B_FW
0xffe8b890,GetISCoefficientI_A_FW
0xffe8b8d0,GetISCoefficientI_B_FW
0xffe8b910,GetISCoefficientD_A_FW
0xffe8b950,GetISCoefficientD_B_FW
0xffe8bf68,StartImStEventProc_FW
0xffe8d024,task_AsynchroComTask
0xffe8fed8,task_FocusEvent
0xffe9113c,task_IrisEvent
0xffe912d4,MoveIrisActuatorFullOpen_FW
0xffe91310,MoveIrisActuatorFullClose_FW
0xffe9134c,EnableIrisActuator_FW
0xffe9137c,DisableIrisActuator_FW
0xffe913ac,ResetIrisActuator_FW
0xffe93040,task_MechaShutter
0xffe967b4,task_AviRead
0xffe99144,task_MoviePlay
0xffea4c50,DoAFLock
0xffea4cd0,UnlockAF
0xffea4ff8,EnterToCompensationEVF
0xffea507c,ExitFromCompensationEVF
0xffea5190,DoAELock
0xffea51e0,UnlockAE
0xffea8184,task_ShootSeqTask
0xffea8704,task_SsStartupTask
0xffea9258,task_CaptSeq
0xffea9258,task_CaptSeqTask
0xffeace08,task_DvlpSeqTask
0xffeacfc0,task_CreateHeaderTask
0xffeaef94,SS_DumpImgPrcssBuf_FW
0xffeaf65c,task_FlushWriteCacheTask
0xffeafe0c,NR_SetDarkSubType
0xffeafe0c,NR_SetDarkSubType_FW
0xffeafe68,NR_SetDefectCorrectType_FW
0xffeafe9c,NR_GetDarkSubType
0xffeafe9c,NR_GetDarkSubType_FW
0xffeafee8,NR_GetDefectCorrectType_FW
0xffeaff34,NR_SetLotasPonyType_FW
0xffeaffe8,RegisterNRTableEvent_FW
0xffeb05a4,task_MovieCtrlTask
0xffeb4f34,PT_CompletePreCapt_FW
0xffeb4f3c,PT_RecreviewAvailable_FW
0xffeb4f44,PT_NextShootAvailable_FW
0xffeb4f4c,PT_CompleteStopZoom_FW
0xffeb4f54,PT_CompleteStopDigZoom_FW
0xffeb4f5c,PT_CompleteStoreLens_FW
0xffeb4f64,PT_CompletePrepareLens_FW
0xffeb4f6c,PT_MovieRecordStopped_FW
0xffeb4f74,PT_CompleteCaptModeChange_FW
0xffeb4f7c,PT_CompleteSynchroWrite_FW
0xffeb4f84,PT_CompleteCharge_FW
0xffeb4f8c,PT_EraseAllFile_FW
0xffeb4fc4,PT_mod_FW
0xffeb4fe4,PT_atoi_FW
0xffeb4ff0,PT_GetSystemTime
0xffeb4ff0,PT_GetSystemTime_FW
0xffeb5010,PT_SetPropertyCaseString_FW
0xffeb5024,PT_SetPropertyCaseInt_FW
0xffeb504c,PT_GetPropertyCaseString_FW
0xffeb5060,PT_GetPropertyCaseInt_FW
0xffeb510c,PT_GetLocalTimeString_FW
0xffeb5168,PT_GetLocalDateString_FW
0xffeb51cc,PT_GetLocalDateAndTimeString_FW
0xffeb5220,PT_GetLocalYearString_FW
0xffeb5274,PT_GetLocalMonthString_FW
0xffeb52c8,PT_GetLocalDayString_FW
0xffeb5324,PT_GetLocalHourMinSecString_FW
0xffeb53b4,PT_PlaySound
0xffeb53b4,PT_PlaySound_FW
0xffeb53cc,PT_SetMessage_FW
0xffeb53f4,PT_UndispMessage_FW
0xffeb5410,PT_LCD_BkColor_FW
0xffeb54cc,PT_LCD_BkColorDef_FW
0xffeb5500,PT_BatLvChange_PreWeak_FW
0xffeb5508,PT_BatLvChange_Weak_FW
0xffeb5510,PT_BatLvChange_Low_FW
0xffeb5518,PT_BatLvChange_SysLow_FW
0xffeb5578,task_PT_BatTestTask
0xffeb5638,PT_StartBatteryTest_FW
0xffeb568c,PT_FinishBatteryTest_FW
0xffeb56d4,PT_GetBatteryLevel_FW
0xffeb56ec,PT_GetPreWeakBatLv_FW
0xffeb5754,PT_GetWeakBatLv_FW
0xffeb57bc,PT_GetLowBatLv_FW
0xffeb5824,PT_GetSysLowBatLv_FW
0xffeb588c,PT_MoveOpticalZoomToTele_FW
0xffeb58a0,PT_MoveOpticalZoomToWide_FW
0xffeb58b4,PT_MoveOpticalZoomAt
0xffeb58b4,PT_MoveOpticalZoomAt_FW
0xffeb58d0,PT_ChangeZoomSpeed_FW
0xffeb58e0,PT_MoveDigitalZoomToTele_FW
0xffeb58f0,PT_MoveDigitalZoomToWide
0xffeb58f0,PT_MoveDigitalZoomToWide_FW
0xffeb5900,PT_MoveDigitalZoomAt_FW
0xffeb5914,PT_DoAFLock_FW
0xffeb5924,PT_UnlockAF_FW
0xffeb5934,PT_DoAELock_FW
0xffeb5944,PT_UnlockAE_FW
0xffeb5954,PT_MFOn_FW
0xffeb5964,PT_MFOff_FW
0xffeb5e30,RegisterProductTestEvent_FW
0xffeb61c8,MoveOpticalZoomToTele_FW
0xffeb61e0,MoveOpticalZoomToWide_FW
0xffeb61f8,MoveOpticalZoomAt_FW
0xffeb6210,ChangeZoomSpeed_FW
0xffeb6224,MoveDigitalZoomToTele_FW
0xffeb6234,MoveDigitalZoomToWide_FW
0xffeb6244,MoveDigitalZoomAt_FW
0xffeb6258,DoAFLock_FW
0xffeb6268,UnlockAF_FW
0xffeb6278,DoAELock_FW
0xffeb6288,UnlockAE_FW
0xffeb6298,MFOn_FW
0xffeb62a8,MFOff_FW
0xffeb6400,RegisterShootSeqEvent_FW
0xffeb6830,task_SoundRecord
0xffeb77ac,task_SoundPlay
0xffeb818c,task_WavRead
0xffeb8e70,task_WavWrite
0xffeb9b0c,ShowAllTaskInfo_FW
0xffebac14,GetLogToFile_FW
0xffebadc4,EraseLogSector_FW
0xffebcaac,CreateEventFlag
0xffebcbb8,DeleteEventFlag
0xffebcd58,CheckAnyEventFlag
0xffebcd68,CheckAllEventFlag
0xffebce08,WaitForEventFlag
0xffebcfac,WaitForAnyEventFlag
0xffebcfbc,WaitForAllEventFlag
0xffebcfcc,SetEventFlag
0xffebd168,ClearEventFlag
0xffebd1b8,GetEventFlagValue
0xffebd2f0,RegisterInterruptHandler
0xffebd314,UnregisterInterruptHandler
0xffebd32c,GetSRAndDisableInterrupt
0xffebd338,SetSR
0xffebd358,EnableInterrupt
0xffebd398,CreateMessageQueue
0xffebd4e8,DeleteMessageQueue
0xffebd6e4,ReceiveMessageQueue
0xffebd958,TryReceiveMessageQueue
0xffebdafc,PostMessageQueue
0xffebdd24,TryPostMessageQueue
0xffebde50,GetNumberOfPostedMessages
0xffebded0,CreateBinarySemaphore
0xffebdfb8,CreateCountingSemaphore
0xffebdfb8,CreateCountingSemaphore_FW
0xffebe0d0,DeleteSemaphore
0xffebe0d0,DeleteSemaphore_FW
0xffebe2ac,TakeSemaphore
0xffebe2ac,TakeSemaphore_FW
0xffebe444,TryTakeSemaphore
0xffebe4b4,GiveSemaphore
0xffebe4b4,GiveSemaphore_FW
0xffebe5a0,GetSemaphoreValue
0xffebe7fc,SleepTask
0xffebe7fc,SleepTask_FW
0xffebe8e8,CreateTask
0xffebe8e8,CreateTask_FW
0xffebeca8,ExitTask
0xffebeca8,ExitTask_FW
0xffebf69c,CreateRecursiveLock
0xffebf7b8,DeleteRecursiveLock
0xffebf850,AcquireRecursiveLock
0xffebf8f8,ReleaseRecursiveLock
0xffebf988,CreateTaskStrictly
0xffebf9c8,CreateMessageQueueStrictly
0xffebf9f4,CreateEventFlagStrictly
0xffebfa20,CreateBinarySemaphoreStrictly
0xffebfa4c,CreateCountingSemaphoreStrictly
0xffebfa78,CreateRecursiveLockStrictly
0xffec0004,MemoryChecker_FW
0xffec0134,VerifyByte_FW
0xffec2334,WriteToRom_FW
0xffec240c,EraseSectorOfRom_FW
0xffec291c,LoadScript_FW
0xffec292c,UnLoadScript_FW
0xffec2940,Printf_FW
0xffec2958,ScriptDisEnabled_FW
0xffec296c,ScriptEnabled_FW
0xffeca430,realloc
0xffeca824,DebugAssert
0xffecb138,LocalTime
0xffecb530,GetTimeOfSystem_FW
0xffed8554,task_CtrlSrv
0xffed8cd4,CreateController_FW
0xffed8d98,DeleteController_FW
0xffed8ed0,MoveControllerToTopOfZOrder_FW
0xffed9034,GetSelfControllerHandle_FW
0xffedc7a8,GetLogicalEventName
0xffedc840,PostLogicalEventForNotPowerType
0xffedc840,PostLogicalEventForNotPowerType_FW
0xffedc8bc,PostLogicalEventToUI
0xffedc8bc,PostLogicalEventToUI_FW
0xffedc944,PostEventShootSeqToUI_FW
0xffedc9ac,ShowLogicalEventName_FW
0xffede438,set_control_event
0xffede698,IsControlEventActive
0xffede698,IsControlEventActive_FW
0xffede724,SetLogicalEventActive
0xffede788,SetScriptMode
0xffede788,SetScriptMode_FW
0xffede798,UiEvnt_ShowBitMaps_FW
0xffede7f8,UiEvnt_StartDisguiseCradleStatus_FW
0xffede80c,UiEvnt_StopDisguiseCradleStatus_FW
0xffee0768,IsDisableAutoShutdown_FW
0xffee083c,ShowAutoShutdownTime_FW
0xffee0870,DisableAutoShutdown_FW
0xffee0888,EnableAutoShutdown_FW
0xffee0b1c,SetAutoShutdownTime
0xffee0b1c,SetAutoShutdownTime_FW
0xffee0c18,LockMainPower
0xffee0c18,LockMainPower_FW
0xffee0cb0,UnlockMainPower
0xffee0cb0,UnlockMainPower_FW
0xffee0db4,GetMainPowerLockCounter_FW
0xffee0fac,HardwareDefect_FW
0xffee0fdc,HardwareDefectWithRestart_FW
0xffee1074,ShowErrorNumberList_FW
0xffee1894,PTM_AllResetToFactorySetting_FW
0xffee18a4,PTM_AllResetProperty_FW
0xffee1a9c,PTM_GetWorkingCaptureMode_FW
0xffee1d54,PTM_RestoreUIProperty_FW
0xffee1dcc,PTM_NotifyStartRemoteCapture_FW
0xffee1dd0,PTM_NotifyEndRemoteCapture_FW
0xffee25f0,PTM_SetCurrentCaptureMode_FW
0xffee2600,PTM_SetCurrentItem_FW
0xffee2620,PTM_GetCurrentItem_FW
0xffee2638,PTM_NextItem_FW
0xffee2650,PTM_PrevItem_FW
0xffee2668,PTM_BackupUIProperty_FW
0xffee268c,PTM_SetProprietyEnable_FW
0xffef7d18,_log10
0xffef8898,_log
0xffef9f24,readdir
0xffef9f58,closedir
0xffef9f8c,opendir
0xffefa020,stat
0xffefd968,StepActivateImager_FW
0xfff0a58c,PrePro.Unpack_FW
0xfff19180,task_CtgTotalTask
0xfff26ac4,task_MovieRecord
0xfff29358,task_AviWrite
