0xffc01b1c,wrapped_malloc
0xffc02830,exmem_alloc
0xffc02cd4,printclock_FW
0xffc02dd8,StopClockSaver_FW
0xffc02df4,SetLClk72MHz_FW
0xffc02e04,SetLClk36MHz_FW
0xffc02e14,SetLClk18MHz_FW
0xffc02ebc,SetHClk72MHz_FW
0xffc02f00,SetHClk36MHz_FW
0xffc02f28,SetHClk18MHz_FW
0xffc02f6c,SetMClk72MHz_FW
0xffc02fb0,SetMClk36MHz_FW
0xffc02fd8,SetMClk18MHz_FW
0xffc0301c,task_ClockSave
0xffc03ad0,DebugAssert
0xffc041a0,LocalTime
0xffc047dc,GetTimeOfSystem_FW
0xffc048d8,AllocateUncacheableMemory
0xffc0490c,FreeUncacheableMemory
0xffc04b10,_GetSystemTime
0xffc04b10,GetSystemTime
0xffc04c64,SetTimerAfter
0xffc04d00,SetTimerWhen
0xffc04d78,CancelTimer
0xffc05560,SetHPTimerAfterNow
0xffc055ec,SetHPTimerAfterTimeout
0xffc059d4,CancelHPTimer
0xffc0666c,RegisterEventProcedure_FW
0xffc067f0,ExecuteEventProcedure
0xffc067f0,ExecuteEventProcedure_FW
0xffc06a0c,ExportToEventProcedure_FW
0xffc071a4,CreateProxyOfEventProcedure_FW
0xffc0722c,DeleteProxyOfEventProcedure_FW
0xffc07c58,LogCameraEvent
0xffc07cc0,PutsCameraLogEvent_FW
0xffc07dc8,ShowCameraLogInfo_FW
0xffc07e6c,ShowCameraLog_FW
0xffc0814c,StopCameraLog_FW
0xffc09f6c,StartWDT_FW
0xffc09fe8,StopWDT_FW
0xffc0a15c,GetBuildDate_FW
0xffc0a174,GetBuildTime_FW
0xffc0a198,GetFirmwareVersion_FW
0xffc0a280,RomCheckSum_FW
0xffc0a314,CheckSumAll_FW
0xffc0a4d0,SystemEventDelete_FW
0xffc0a514,SystemEventInit_FW
0xffc0a5f0,Dump32_FW
0xffc0a704,FreeMemory
0xffc0a704,FreeMemory_FW
0xffc0a718,AllocateMemory
0xffc0a718,AllocateMemory_FW
0xffc0a728,Wait_FW
0xffc0a73c,Poke32_FW
0xffc0a760,Poke16_FW
0xffc0a784,Poke8_FW
0xffc0a7a8,Peek32_FW
0xffc0a7c4,Peek16_FW
0xffc0a7e0,Peek8_FW
0xffc0a7fc,EraseSignature_FW
0xffc0a82c,GetSystemTime_FW
0xffc0a84c,MonSelEvent_FW
0xffc0a884,exec_FW
0xffc0b280,RotateConsoleZOder_FW
0xffc0b328,CPrintf_FW
0xffc0b38c,CPutChar_FW
0xffc0b3c0,GetCh_FW
0xffc0b424,GetStringWithPrompt_FW
0xffc0b4a8,OpenConsole_FW
0xffc0b5f4,CloseConsole_FW
0xffc0b740,task_ConsoleSvr
0xffc0b8dc,task_LowConsole
0xffc0ef2c,task_UartSio
0xffc0f364,CreateEventFlag
0xffc0f470,DeleteEventFlag
0xffc0f650,CheckAnyEventFlag
0xffc0f660,CheckAllEventFlag
0xffc0f700,WaitForEventFlag
0xffc0f8a4,WaitForAnyEventFlag
0xffc0f8b4,WaitForAllEventFlag
0xffc0f8c4,SetEventFlag
0xffc0fa60,ClearEventFlag
0xffc0fab0,GetEventFlagValue
0xffc0fc40,RegisterInterruptHandler
0xffc0fc64,UnregisterInterruptHandler
0xffc0fc7c,GetSRAndDisableInterrupt
0xffc0fc88,SetSR
0xffc0fca8,EnableInterrupt
0xffc0fce8,CreateMessageQueue
0xffc0fe38,DeleteMessageQueue
0xffc10074,ReceiveMessageQueue
0xffc102e8,TryReceiveMessageQueue
0xffc1048c,PostMessageQueue
0xffc106b4,TryPostMessageQueue
0xffc107e0,GetNumberOfPostedMessages
0xffc10860,CreateBinarySemaphore
0xffc10948,CreateCountingSemaphore
0xffc10948,CreateCountingSemaphore_FW
0xffc10a54,DeleteSemaphore
0xffc10a54,DeleteSemaphore_FW
0xffc10c60,TakeSemaphore
0xffc10c60,TakeSemaphore_FW
0xffc10de4,TryTakeSemaphore
0xffc10e48,GiveSemaphore
0xffc10e48,GiveSemaphore_FW
0xffc10f1c,GetSemaphoreValue
0xffc11164,SleepTask
0xffc11164,SleepTask_FW
0xffc11250,CreateTask
0xffc11250,CreateTask_FW
0xffc11610,ExitTask
0xffc11610,ExitTask_FW
0xffc1208c,CreateRecursiveLock
0xffc121a8,DeleteRecursiveLock
0xffc12280,AcquireRecursiveLock
0xffc12328,ReleaseRecursiveLock
0xffc123b8,CreateTaskStrictly
0xffc123f8,CreateMessageQueueStrictly
0xffc12424,CreateEventFlagStrictly
0xffc12450,CreateBinarySemaphoreStrictly
0xffc1247c,CreateCountingSemaphoreStrictly
0xffc124a8,CreateRecursiveLockStrictly
0xffc12518,task_ShutdownTask
0xffc125d0,task_Bye
0xffc12800,Restart
0xffc12900,WriteToRom_FW
0xffc129d8,EraseSectorOfRom_FW
0xffc1408c,SetPropertyCase
0xffc141a8,GetPropertyCase
0xffc157c4,Driver_EnableEventProc_FW
0xffc1613c,task_PhySw
0xffc16184,kbd_p1_f
0xffc16190,kbd_p1_f_cont
0xffc16250,kbd_read_keys
0xffc16568,kbd_p2_f
0xffc16908,ShowPhySwStatus_FW
0xffc169fc,OnPrintPhySw_FW
0xffc16a14,OffPrintPhySw_FW
0xffc16a28,GetSwitchStatus_FW
0xffc16fd8,kbd_read_keys_r2
0xffc17564,GetKbdState
0xffc17564,kbd_pwr_on
0xffc1758c,kbd_pwr_off
0xffc17c00,OnPrintHVSw_FW
0xffc17c18,OffPrintHVSw_FW
0xffc18d60,GetAdChValue_FW
0xffc18da0,GetAdVBattBottom_FW
0xffc19e74,SetBattCheckMode_FW
0xffc19efc,ShowBattCheckMode_FW
0xffc19f9c,ShowBattChkAdj_FW
0xffc1a318,GetLBOffset_FW
0xffc1a328,LowBat_Result_Print_On_FW
0xffc1a340,LowBat_Result_Print_Off_FW
0xffc1a354,BatVoltageToAd_FW
0xffc1af18,task_TempCheck
0xffc1b4cc,VbattGet
0xffc1b4cc,VbattGet_FW
0xffc1b860,Bat_Calc_FW
0xffc1b860,CalculateBatSenseOffset_FW
0xffc1bb28,ExecuteLoadTest_FW
0xffc1bb38,TurnOn_LoadTest_DebugMode_FW
0xffc1bb4c,TurnOff_LoadTest_DebugMode_FW
0xffc1bb60,LoadTest_Result_Print_On_FW
0xffc1bb74,LoadTest_Result_Print_Off_FW
0xffc1c460,GetOpticalTemperature
0xffc1c460,GetOpticalTemperature_FW
0xffc1c474,GetCCDTemperature
0xffc1c474,GetCCDTemperature_FW
0xffc1c488,GetBatteryTemperature
0xffc1c488,GetBatteryTemperature_FW
0xffc1c55c,task_LEDCon
0xffc1c9e0,LEDDrive
0xffc1c9e0,LEDDrive_FW
0xffc1c9f8,AFAssistBeam_FW
0xffc1ca18,PostLEDMessage_FW
0xffc1cf98,task_OutportBeep_AccessTask
0xffc1d42c,BeepDrive_FW
0xffc1d440,BeepDriveComp_FW
0xffc1d454,BeepTest_FW
0xffc1d688,task_DMAADC
0xffc1dc84,task_DMADAC
0xffc1ecb8,TurnOnVideoOutMode_FW
0xffc1ed54,TurnOffVideoOutMode_FW
0xffc20b14,task_FORMAT_TASK_PROGRESS
0xffc20b90,task_FORMAT_TASK_NAME
0xffc29610,task_CTG
0xffc2df68,task_CtgTotalTask
0xffc2ee10,task_FileManEraseAllTask
0xffc49e18,task_EnterDPOFAllOrdersTask
0xffc4eacc,task_ConfirmPlayOrder
0xffc4eacc,task_ConfirmPrintOrder
0xffc4eacc,task_ConfirmTransferOrder
0xffc53324,task_FileScheduleTask
0xffc54ce4,task_FileWrite
0xffc54ce4,task_FileWriteTask
0xffc55d34,RenameFile_Fut
0xffc55db4,DeleteFile_Fut
0xffc55e40,MakeDirectory_Fut
0xffc55eb8,Fopen_Fut
0xffc55eb8,Fopen_Fut_FW
0xffc55ef4,Fclose_Fut
0xffc55ef4,Fclose_Fut_FW
0xffc55fd8,Fread_Fut
0xffc55fd8,Fread_Fut_FW
0xffc56028,Fwrite_Fut
0xffc56028,Fwrite_Fut_FW
0xffc56078,Fgets_Fut
0xffc560c0,Fseek_Fut
0xffc560c0,Fseek_Fut_FW
0xffc56108,Feof_Fut
0xffc56140,Fflush_Fut
0xffc569c8,task_ReadAsyncTask
0xffc5bd48,Mount_FileSystem
0xffc5be50,Unmount_FileSystem
0xffc5bfa8,UpdateMBROnFlash
0xffc5c270,GetDrive_ClusterSize
0xffc5c2ac,GetDrive_TotalClusters
0xffc5c2e8,GetDrive_FreeClusters
0xffc5ca6c,Open
0xffc5ca6c,Open_FW
0xffc5ca94,Close
0xffc5ca94,Close_FW
0xffc5cb28,Read
0xffc5cb28,Read_FW
0xffc5cb34,Write
0xffc5cb34,write
0xffc5cb34,Write_FW
0xffc5cb7c,Lseek
0xffc5cb7c,Lseek_FW
0xffc5cc4c,SetFileAttributes
0xffc5cc7c,mkdir
0xffc5d088,task_FsIoNotifyTask
0xffc6b188,WriteSDCard,(stubs_entry_2.s)
0xffc6cde4,task_SD1stInit
0xffc6d5a0,EngDrvOut
0xffc6d5b8,EngDrvIn
0xffc6d5c0,EngDrvRead
0xffc6d5d4,EngDrvBits
0xffc8901c,PrePro.GetDarkSetUp_FW
0xffc8902c,PrePro.SetDarkSetUp_FW
0xffc8905c,PrePro.GetDarkSubSetUp_FW
0xffc8906c,PrePro.SetDarkSubSetUp_FW
0xffc8909c,PrePro.LiveImage_FW
0xffc890c4,PrePro.Capture_FW
0xffc890ec,PrePro.MemoryCrw_FW
0xffc89114,PrePro.HybridCrw_FW
0xffc8ba08,PrePro.Unpack_FW
0xffc8d764,EngineDriver.Create_FW
0xffc8d78c,EngineDriver.Delete_FW
0xffc8d854,OutPort_FW
0xffc8d868,InPort_FW
0xffc8d894,Capture.Create_FW
0xffc8d928,Capture.Delete_FW
0xffc96a74,task_SyncPeriod
0xffc96b34,task_SynchTask
0xffc98b74,apex2us
0xffc9cc54,task_WBIntegTask
0xffcb0e80,CdsDrv.SetCdsAdjustmentMode_FW
0xffcb0e90,CdsDrv.SetCdsNormalMode_FW
0xffcb0ea0,CdsDrv.SetCdsGainApexForAdjustment_FW
0xffcb0eb0,CdsDrv.SetCdsGainForAdjustment_FW
0xffcb0eec,CdsDrv.GetCdsGainForAdjustment_FW
0xffcb0f1c,CdsDrv.SetCdsOBForAdjustment_FW
0xffcb0f54,CdsDrv.GetCdsOBForAdjustment_FW
0xffcb0f88,CdsDrv.ReloadCdsTable_FW
0xffcb0f98,CdsDrv.SetCdsCalibration_FW
0xffcb1104,CdsDrv.Create_FW
0xffcb113c,CdsDrv.Delete_FW
0xffcb33b4,ActivateImager_FW
0xffcb3464,QuietImager_FW
0xffcb36d4,CancelImager_FW
0xffcb3704,ChangeImagerToWholeSerial_FW
0xffcb371c,ChangeImagerToWholeSerialLineDef_FW
0xffcb3734,ChangeImagerToWholeParallel_FW
0xffcb3750,ChangeImagerToWholeParallelHalf_FW
0xffcb3760,ChangeImagerToSuperWideDraft_FW
0xffcb3770,ChangeImagerToWideDraft_FW
0xffcb3780,ChangeImagerToNarrowDraft_FW
0xffcb3790,ChangeImagerToAlternateDraft_FW
0xffcb37a0,ChangeImagerToJetDraft_FW
0xffcb37b0,ChangeImagerToPetitNarrow_FW
0xffcb37c0,ChangeImagerToFocusJet_FW
0xffcb37d0,ChangeImagerToJumboDraft_FW
0xffcb37e0,ChangeImagerToOITA_XAVIER_FW
0xffcb37f0,ChangeImagerToQVGA20Fps_FW
0xffcb3800,ChangeImagerToQVGA15Fps_FW
0xffcb3810,ChangeImagerToSmearCorrectWide_FW
0xffcb3820,ChangeImagerToSmearCorrectSuper_FW
0xffcb3830,ChangeImagerToSmearCorrectAlternate_FW
0xffcb3840,SetStartLineForNarrowDraft_FW
0xffcb3854,WithdrawalImagerForEmergency_FW
0xffcb3870,StillOnMovieTest_FW
0xffcb398c,SetSmearOn_FW
0xffcb39a0,SetSmearOff_FW
0xffcb51b4,task_ImageSensorTask
0xffcb62ac,VirtualHeadError_FW
0xffcb71c8,task_SsgMainTask
0xffcb7540,task_SsgPeriodTask
0xffcb8478,EnableOBClampField_FW
0xffcb8490,DisableOBClampField_FW
0xffcbd984,task_TgTask
0xffcbfdc0,TgTool.SetSubNumber_FW
0xffcbfe1c,TgTool.GetSubNumber_FW
0xffcbfe40,TgTool.SetTgSubPosition_FW
0xffcbfe98,TgTool.GetTgCurrentSubPosition_FW
0xffcbfea4,TgTool.SetPhase_FW
0xffcbff00,TgTool.ChangePhaseHi_FW
0xffcbff1c,TgTool.ChangePhaseLo_FW
0xffcbff38,TgTool.GetPhase_FW
0xffcbff48,TgTool.ImgTest.SetPhase_FW
0xffcbffac,TgTool.ImgTest.GetPhase_FW
0xffcbffc4,TgTool.SetDuty_FW
0xffcc0020,TgTool.ChangeDutyHi_FW
0xffcc003c,TgTool.ChangeDutyLo_FW
0xffcc0058,TgTool.GetDuty_FW
0xffcc0068,TgTool.ImgTest.SetDuty_FW
0xffcc00cc,TgTool.ImgTest.GetDuty_FW
0xffcc00e4,TgTool.SetPhaseADLogical_FW
0xffcc0138,TgTool.GetPhaseADLogical_FW
0xffcc0144,TgTool.ImgTest.SetADDegree_FW
0xffcc01a0,TgTool.ImgTest.GetADDegree_FW
0xffcc01b0,TgTool.SetHDriverbility_FW
0xffcc0204,TgTool.GetHDriverbility_FW
0xffcc0210,TgTool.ImgTest.SetDriverbility_FW
0xffcc026c,TgTool.ImgTest.GetDriverbility_FW
0xffcc027c,TgTool.SetStbMode_FW
0xffcc02d0,TgTool.GetStbMode_FW
0xffcc02dc,TgTool.SetRegisterImage_FW
0xffcc035c,TgTool.GetRegisterImage_FW
0xffcc041c,task_TgToolTask
0xffcc0528,TgTool.StartSmoothSubNumber_FW
0xffcc05b4,TgTool.StopSmoothSubNumber_FW
0xffcc05f8,TgTool.Create_FW
0xffcc08a8,TgTool.Delete_FW
0xffcc0bdc,VirtualImageTimeOut_FW
0xffcc1354,task_AfIntSrvTask
0xffcc1f48,task_AFTask
0xffcd4da0,task_BrtMsrTask
0xffce31dc,task_ExpDrv
0xffce31dc,task_ExpDrvTask
0xffcebed0,task_EFChargeT
0xffcec188,IsStrobeChargeCompleted
0xffcecac4,task_CntFlashTask
0xffcee6c4,EF.StartEFCharge_FW
0xffcee724,EF.StopEFCharge_FW
0xffcee734,EF.StartInternalPreFlash_FW
0xffcee778,EF.StartInternalMainFlash_FW
0xffcf14b8,task_WBCtrl
0xffd02f44,task_OBCtrlTask
0xffd0dc3c,MakeDefData_FW
0xffd0ddd8,KizuMarkCheck_FW
0xffd0e7c0,DispDev_EnableEventProc_FW
0xffd10390,DispCon_SetVideoAdjParameter_FW
0xffd1042c,DispCon_GetVideoAdjParameter_FW
0xffd10480,DispCon_ShowVideoAdjParameter_FW
0xffd104d4,DispCon_SaveVideoAdjParameter_FW
0xffd104e4,DispCon_ShowColorBar_FW
0xffd10558,DispCon_ShowFiveStep_FW
0xffd10650,DispCon_ShowWhiteChart_FW
0xffd10694,DispCon_ShowBlackChart_FW
0xffd106b0,DispCon_ShowBitmapColorBar
0xffd106b0,DispCon_ShowBitmapColorBar_FW
0xffd10718,DispCon_SetDisplayType_FW
0xffd1073c,DispCon_TurnOnDisplay_FW
0xffd1073c,TurnOnDisplay
0xffd1074c,DispCon_TurnOffDisplay_FW
0xffd1074c,TurnOffDisplay
0xffd1075c,DispCon_SetMaxBackLightBrightness_FW
0xffd13898,LcdCon_SetLcdDriver_FW
0xffd139b4,LcdCon_SetLcdAdjParameter_FW
0xffd13a98,LcdCon_GetLcdAdjParameter_FW
0xffd13af0,LcdCon_ShowLcdAdjParameter_FW
0xffd13b40,LcdCon_SaveLcdAdjParameter_FW
0xffd13ce8,LcdCon_SetLcdBackLightBrightness_FW
0xffd13d7c,LcdCon_SetLcdBackLightParameter_FW
0xffd13e20,LcdCon_GetLcdBackLightParameter_FW
0xffd13e78,LcdCon_ShowLcdBackLightParameter_FW
0xffd13ec8,LcdCon_SaveLcdBackLightParameter_FW
0xffd19b6c,task_ImgPlayDrv
0xffd1c62c,task_FilYuvMaker
0xffd20520,task_DecJpgRd
0xffd28fe4,task_AviRead
0xffd2a880,task_MoviePlay
0xffd2c07c,task_MovieRecord
0xffd2d5e4,Movie.NormalCompressionRateMode_FW
0xffd2d5f8,Movie.HiCompressionRateMode_FW
0xffd2e83c,task_AviWrite
0xffd31384,task_AviEdit
0xffd32a6c,StartupZoom_FW
0xffd32ae4,ActivateImageSystem_FW
0xffd32bd8,NotifyStartupImageCreated_FW
0xffd32c24,StoreLensForShutDown_FW
0xffd32c8c,ShutdownImageSystem_FW
0xffd32cf4,EmergencyOfLens_FW
0xffd32d14,StopLens_FW
0xffd32db0,IsEmptyWriteCache_FW
0xffd32dd0,FlushWriteCache_FW
0xffd32de8,EnterToRecFromPlay_FW
0xffd32dfc,EnterToPlayFromRec_FW
0xffd32e10,IsLensExtend_FW
0xffd32e90,MoveOpticalZoomToTele_FW
0xffd32eb0,MoveOpticalZoomToWide_FW
0xffd32ed0,StopOpticalZoom_FW
0xffd32ee0,MoveOpticalZoomAt_FW
0xffd32f64,ChangeZoomSpeed_FW
0xffd32fe8,MoveDigitalZoomToTele_FW
0xffd32ff8,MoveDigitalZoomToWide_FW
0xffd33008,StopDigitalZoom_FW
0xffd33018,MoveDigitalZoomAt_FW
0xffd3305c,PrepareCaptureModeChange_FW
0xffd33094,CaptureModeChange_FW
0xffd33254,EnterToManualFocus_FW
0xffd33274,ExitFromManualFocus_FW
0xffd33294,MoveFocusToFar_FW
0xffd332b8,MoveFocusToNear_FW
0xffd332dc,MoveFocusToFarRelative_FW
0xffd332e4,MoveFocusToNearRelative_FW
0xffd332ec,StartFewAF_FW
0xffd3330c,StopFocus_FW
0xffd33354,StartMFAssist_FW
0xffd33368,StopMFAssist_FW
0xffd3337c,AFFrameMoved_FW
0xffd333b4,GetMFBarData_FW
0xffd333d8,AFDistanceChanged_FW
0xffd333f8,GetMacroSupportZoomPoint_FW
0xffd3341c,DoAFLock
0xffd3341c,DoAFLock_FW
0xffd3345c,UnlockAF
0xffd3345c,UnlockAF_FW
0xffd3352c,EnterToCompensationEVF_FW
0xffd3353c,ExitFromCompensationEVF_FW
0xffd3354c,RectifyExposureWithMeasure_FW
0xffd3355c,UpdateEVF_FW
0xffd3356c,DoAELock
0xffd3356c,DoAELock_FW
0xffd3358c,UnlockAE
0xffd3358c,UnlockAE_FW
0xffd3359c,GetProgramShiftLimitPositive_FW
0xffd335c0,GetProgramShiftLimitNegative_FW
0xffd335fc,FixProgramShift_FW
0xffd33624,StartFinder_FW
0xffd33674,StopFinder_FW
0xffd336ac,StartPCEVF_FW
0xffd336b4,StopPCEVF_FW
0xffd336bc,SuspendPcEvf_FW
0xffd336c4,ResumePcEvf_FW
0xffd336cc,StartStitchEVF_FW
0xffd33724,StopStitchEVF_FW
0xffd33738,SetPointStitchEVF_FW
0xffd33770,IsStrobeChargeCompleted_FW
0xffd337a4,StrobeModeChanged_FW
0xffd337b4,WBModeChanged_FW
0xffd337c4,ColorModeChanged_FW
0xffd337d4,ISOSpeedChanged_FW
0xffd337e4,LightMeteringModeChanged_FW
0xffd337ec,DisplayTypeChanged_FW
0xffd337fc,MyColorModeChange_FW
0xffd3380c,MyColorMenuIn_FW
0xffd3381c,MyColorMenuOut_FW
0xffd3382c,ShootColor_FW
0xffd33840,NotifyISModeChanged_FW
0xffd33848,NotifyConvLensSettingChanged_FW
0xffd33850,MenuIn_FW
0xffd33868,PrepareMenuOut_FW
0xffd33884,MenuOut_FW
0xffd338b4,MyCameraIn_FW
0xffd338c4,MyCameraOut_FW
0xffd338d4,LcdBrightnessMenuIn_FW
0xffd338e4,LcdBrightnessMenuOut_FW
0xffd338f4,AllSettingReseted_FW
0xffd33924,UndisplayEVF_FW
0xffd33944,PrepareStrobeCharge_FW
0xffd33978,PrepareCapture_FW
0xffd339e4,ShootPicture_FW
0xffd33a4c,EnterToAELockEVF_FW
0xffd33a5c,StartBridgeEVF_FW
0xffd33a80,StopContinuousShooting_FW
0xffd33a90,ExitFromAELockEVF_FW
0xffd33afc,ShootWhite_FW
0xffd33c18,ExitShooting_FW
0xffd33c2c,StartRecreview_FW
0xffd33c3c,StopRecreview_FW
0xffd33c44,RecreviewHold_FW
0xffd33c54,RecreviewRelease_FW
0xffd33c64,MovieParamChanged_FW
0xffd33cd0,RecordMovie_FW
0xffd33ce4,StopRecordMovie_FW
0xffd33cf4,IsAvailStillOnMovie_FW
0xffd33d00,PrepareLensForStandby_FW
0xffd33d08,EnterToRemoteCaptureMode_FW
0xffd33d10,ExitFromRemoteCaptureMode_FW
0xffd33d18,StartClockMode_FW
0xffd33d20,StopClockMode_FW
0xffd33e4c,StartupForTestRec_FW
0xffd33ed0,PrepareTestRec_FW
0xffd33edc,ExitTestRec_FW
0xffd33ef8,MFOn_FW
0xffd33f28,MFOff_FW
0xffd33f68,ExecuteScript_FW
0xffd352c0,EnterToCompensationEVF
0xffd35320,ExitFromCompensationEVF
0xffd35e6c,task_ShootSeqTask
0xffd363d0,task_SsStartupTask
0xffd36c2c,task_CaptSeq
0xffd36c2c,task_CaptSeqTask
0xffd37b38,MakeAFScan
0xffd3ae04,task_DvlpSeqTask
0xffd3afac,task_CreateHeaderTask
0xffd3b7c4,task_FlushWriteCacheTask
0xffd3bda0,NR_SetDarkSubType
0xffd3bda0,NR_SetDarkSubType_FW
0xffd3bdfc,NR_SetDefectCorrectType_FW
0xffd3be30,NR_GetDarkSubType
0xffd3be30,NR_GetDarkSubType_FW
0xffd3be74,NR_GetDefectCorrectType_FW
0xffd3c4e8,task_WaitMovieRecordTask
0xffd3ff90,SS_PrintState_FW
0xffd407c4,PT_CompletePreCapt_FW
0xffd407cc,PT_RecreviewAvailable_FW
0xffd407d4,PT_NextShootAvailable_FW
0xffd407dc,PT_CompleteStopZoom_FW
0xffd407e4,PT_CompleteStopDigZoom_FW
0xffd407ec,PT_CompleteStoreLens_FW
0xffd407f4,PT_CompletePrepareLens_FW
0xffd407fc,PT_MovieRecordStopped_FW
0xffd40804,PT_CompleteCaptModeChange_FW
0xffd4080c,PT_CompleteSynchroWrite_FW
0xffd40814,PT_CompleteCharge_FW
0xffd4081c,PT_EraseAllFile_FW
0xffd4084c,PT_mod_FW
0xffd40858,PT_atoi_FW
0xffd40864,PT_GetSystemTime
0xffd40864,PT_GetSystemTime_FW
0xffd40884,PT_SetPropertyCaseString_FW
0xffd40898,PT_SetPropertyCaseInt_FW
0xffd408c0,PT_GetPropertyCaseString_FW
0xffd408d4,PT_GetPropertyCaseInt_FW
0xffd40980,PT_GetLocalTimeString_FW
0xffd409dc,PT_GetLocalDateString_FW
0xffd40a40,PT_GetLocalDateAndTimeString_FW
0xffd40a90,PT_SetMessage_FW
0xffd40ab8,PT_UndispMessage_FW
0xffd40ad4,PT_PlaySound
0xffd40ad4,PT_PlaySound_FW
0xffd40aec,PT_LCD_BkColor_FW
0xffd40ba8,PT_LCD_BkColorDef_FW
0xffd40bdc,PT_BatLvChange_PreWeak_FW
0xffd40be4,PT_BatLvChange_Weak_FW
0xffd40bec,PT_BatLvChange_Low_FW
0xffd40bf4,PT_BatLvChange_SysLow_FW
0xffd40c0c,PT_StartBatteryTest_FW
0xffd40c6c,PT_FinishBatteryTest_FW
0xffd40c8c,task_PT_BatTestTask
0xffd40d64,PT_GetBatteryLevel_FW
0xffd40d7c,PT_GetPreWeakBatLv_FW
0xffd40dd4,PT_GetWeakBatLv_FW
0xffd40e2c,PT_GetLowBatLv_FW
0xffd40e84,PT_GetSysLowBatLv_FW
0xffd40eec,UiMemory_Show_FW
0xffd41110,HardwareDefect_FW
0xffd411f0,ShowErrorNumberList_FW
0xffd41b88,task_CtrlSrv
0xffd42178,CreateController_FW
0xffd42230,DeleteController_FW
0xffd42368,MoveControllerToTopOfZOrder_FW
0xffd424a0,GetSelfControllerHandle_FW
0xffd451f4,GetLogicalEventName
0xffd4528c,PostLogicalEventForNotPowerType
0xffd4528c,PostLogicalEventForNotPowerType_FW
0xffd45318,PostLogicalEventToUI
0xffd45318,PostLogicalEventToUI_FW
0xffd453b0,PostEventShootSeqToUI_FW
0xffd45428,ShowLogicalEventName_FW
0xffd45570,LogiEvnt_LoadCameraLog_FW
0xffd47030,set_control_event
0xffd47278,IsControlEventActive
0xffd47278,IsControlEventActive_FW
0xffd47304,SetLogicalEventActive
0xffd4736c,SetScriptMode
0xffd4736c,SetScriptMode_FW
0xffd4737c,UiEvnt_ShowBitMaps_FW
0xffd473dc,UiEvnt_StartDisguiseCradleStatus_FW
0xffd473f0,UiEvnt_StopDisguiseCradleStatus_FW
0xffd48e00,IsDisableAutoShutdown_FW
0xffd48eb8,ShowAutoShutdownTime_FW
0xffd48eec,DisableAutoShutdown_FW
0xffd48f04,EnableAutoShutdown_FW
0xffd49160,SetAutoShutdownTime
0xffd49160,SetAutoShutdownTime_FW
0xffd49268,LockMainPower
0xffd49268,LockMainPower_FW
0xffd4931c,UnlockMainPower
0xffd4931c,UnlockMainPower_FW
0xffd4942c,GetMainPowerLockCounter_FW
0xffd4bd38,PTM_AllResetToFactorySetting_FW
0xffd4bd4c,PTM_AllResetProperty_FW
0xffd4bfa8,PTM_GetWorkingCaptureMode_FW
0xffd4c340,PTM_RestoreUIProperty_FW
0xffd4cae8,PTM_SetCurrentCaptureMode_FW
0xffd4caf8,PTM_SetCurrentItem_FW
0xffd4cb18,PTM_GetCurrentItem_FW
0xffd4cb30,PTM_NextItem_FW
0xffd4cb48,PTM_PrevItem_FW
0xffd4cb60,PTM_SaveCustomSetting_FW
0xffd4cb70,PTM_BackupUIProperty_FW
0xffd4e5a4,SetParameterData
0xffd4e684,GetParameterData
0xffd53f08,CreateDialogBox_FW
0xffd54118,DeleteDialogBox_FW
0xffd541d4,ResizeVirtualWindow_FW
0xffd54200,MoveDialogBoxPosition_FW
0xffd542a0,DeleteDialogBoxAfterGetTopOfControl_FW
0xffd542c4,SetPropertyToDialogItemWithID_FW
0xffd542f4,GetPropertyFromDialogItemWithID_FW
0xffd5438c,AddItemToDialogBox_FW
0xffd54460,DeleteItemFromDialogBox_FW
0xffd5454c,SetFocusDirectionToDialogItem_FW
0xffd54750,SetFocusItemToDialogItem_FW
0xffd54864,GetFocusedItemIDOfDialogItem_FW
0xffd5489c,GetItemHandleOfDialogBox_FW
0xffd5493c,DisplayDialogBox_FW
0xffd54964,UndisplayDialogBox_FW
0xffd5498c,SetBackgroundColorToDialogBox_FW
0xffd549e0,RefreshRectangleToDialog_FW
0xffd54a68,RegisterRefreshToDialog_FW
0xffd54b2c,RefreshRegistedRectangleToDialog_FW
0xffd54ba0,FillRectangleToDialog_FW
0xffd54c00,DrawStringToDialog_FW
0xffd54c60,TransferRectangleToDialog_FW
0xffd54cd0,TransferBitmapToDialog_FW
0xffd54d50,DrawBinaryBitmapToDialog_FW
0xffd54db8,GetDialogBoxWindow_FW
0xffd54dd8,SetFocusScopeToDialog_FW
0xffd54e48,GetFocusScopeToDialog_FW
0xffd54e94,MoveViewPortPosition_FW
0xffd54ef8,ResizeDialogBox_FW
0xffd54f44,MoveDialogControllerToTopOfZOrder_FW
0xffd54f68,RegisterChangeLanguageToDialog_FW
0xffd54fb0,UnregisterChangeLanguageToDialog_FW
0xffd54fec,MoveDialogItemPositionToDialog_FW
0xffd55020,ResizeDialogItemToDialog_FW
0xffd55054,GetDialogItemPositionToDialog_FW
0xffd55088,GetDialogItemResolutionToDialog_FW
0xffd550bc,SetOriginTypeToDialog_FW
0xffd550e0,SetDefaultMovingFocusToDialog_FW
0xffd55104,LockRefreshDialog_FW
0xffd55148,UnlockRefreshDialog_FW
0xffd55208,KeepDefaultMoveFocusEventToDialog_FW
0xffd554ec,InstallDialogItem_FW
0xffd555c8,CreateDialogItem_FW
0xffd556b8,DeleteDialogItem_FW
0xffd55738,DrawDialogItem_FW
0xffd557d0,ControlEventHandler_FW
0xffd5584c,SetPropertyToDialogItem_FW
0xffd558c0,GetPropertyFromDialogItem_FW
0xffd55934,SetAttributeToDialogItem_FW
0xffd559a8,GetAttributeFromDialogItem_FW
0xffd55a14,MoveDialogItemPosition_FW
0xffd55a88,ResizeDialogItem_FW
0xffd55b08,GetDialogItemPosition_FW
0xffd55b88,GetDialogItemResolution_FW
0xffd58450,RegisterDialogAPIForEventProcedure_FW
0xffd58a5c,StartGUISystem_FW
0xffd58cd8,ShutdownGUISystem_FW
0xffd58eec,DeletePalette_FW
0xffd58f64,SetYUVPaletteIndex_FW
0xffd590a4,SetPaletteToPhysicalScreen_FW
0xffd590fc,GetPaletteFromPhysicalScreen_FW
0xffd5b324,SetCurrentPalette_FW
0xffd5b334,SetSystemColorMode_FW
0xffd5f9b8,LockPhysicalScreen_FW
0xffd5fa48,RefreshPhysicalScreen
0xffd5fa48,RefreshPhysicalScreen_FW
0xffd5fb18,EnableRefreshPhysicalScreen_FW
0xffd5fb2c,DisableRefreshPhysicalScreen_FW
0xffd5fb40,IsEnableRefreshPhysicalScreen_FW
0xffd6cd98,UI_ShowStateOfRecMode_FW
0xffd6cdb0,UIFS_SetDialStillRec_FW
0xffd6ceb4,UIFS_SetDialMovieRec_FW
0xffd6cfb8,UIFS_SetDialPlay_FW
0xffd6d0ac,ModeLevelStillRecForScript_FW
0xffd6d0b8,ModeLevelMovieRecForScript_FW
0xffd6d0c4,ModeLevelPlayForScript_FW
0xffd6d0d0,UIFS_StopPostingUIEvent_FW
0xffd6d0dc,UIFS_RestartPostingUIEvent_FW
0xffd6d0e8,UIFS_SetCaptureModeToP_FW
0xffd6d0f8,UIFS_SetCaptureModeToM_FW
0xffd6d114,UIFS_SetCaptureModeToMacro_FW
0xffd6d138,UIFS_Capture_FW
0xffd6d148,UIFS_StartMovieRecord_FW
0xffd6d154,UIFS_StopMovieRecord_FW
0xffd6d180,UIFS_PCaseToPTMID_FW
0xffd6d1dc,UIFS_SetCradleSetting_FW
0xffd6d4c0,UI_RegistDebugEventProc_FW
0xffd6e1a4,task_StartupImage
0xffd6f970,PB2Rec
0xffd6f9b0,Rec2PB
0xffd71c60,task_InitFileModules
0xffd71ca0,task_CommonDrivers
0xffd724f0,ExecuteResetFactoryWithRomWrite_FW
0xffd771a4,SetCurrentCaptureModeType
0xffd771a4,SetCurrentCaptureModeType_FW
0xffd771f4,GetCurrentCaptureModeType_FW
0xffd7a628,ShootCon_GetStatus_FW
0xffd7e2b0,ShootCon_ShowState_FW
0xffd7edcc,ShootCon_SetEventHook_FW
0xffd7edf8,ShootCon_PrintMemoryDump_FW
0xffd7ee84,ShootCon_ShowAllSemaphores_FW
0xffd7fc64,StartMovieController_FW
0xffd7fccc,EnableMovieController_FW
0xffd7fce0,DisableMovieController_FW
0xffd7fcf4,ShutdownMovieController_FW
0xffd80c28,GetStateOfMovieSequence_FW
0xffd81f08,UnsetZoomForMovie
0xffd8365c,ZoomCon_ShowState_FW
0xffd8e154,task_DSITask
0xffd902ec,StartSwitchViewFinder_FW
0xffd90340,StopSwitchViewFinder_FW
0xffd9036c,SwitchViewFinder_FW
0xffd937b0,TurnOnBackLight
0xffd937dc,TurnOffBackLight
0xffd93f68,UiComIF_SendEventToUI_FW
0xffdd6598,TerminateDpofUI_FW
0xffdd6f88,StartPrintOrderMenu_FW
0xffdd9538,StartDpofPlayLoading_FW
0xffdd96f4,StopDpofPlayLoading_FW
0xffdd971c,SyncStopDpofPlayLoading_FW
0xffdd9920,StartTransferOrderMenu_FW
0xffddbb80,StartPlayModeMenu_FW
0xffddbc54,StartRecModeMenu
0xffddbc54,StartRecModeMenu_FW
0xffddbd14,ShutdownRecModeMenu_FW
0xffddbe78,ShutdownPlayModeMenu_FW
0xffddbf24,ShutdownPlayModeMenuWithoutPbRedraw_FW
0xffddd52c,InstallRecMenu_FW
0xffddf874,InstallPlayMenu_FW
0xffde0b40,InstallSetupMenu_FW
0xffde2738,InstallMyCameraMenu_FW
0xffde369c,IsCalledStopEVF_FW
0xffde3ae4,ShutdownRecAllMenu_FW
0xffde3b5c,ShutdownPlayAllMenu_FW
0xffde5cc4,StartFirmInfoMenu_FW
0xffde7684,ShowLanguageNameList_FW
0xffde76c0,SaveLanguageNameList_FW
0xffde76c4,RegisterLanguageName_FW
0xffde7be0,CreateLanguageMenu_FW
0xffde7d54,DeleteLanguageMenu_FW
0xffde9940,FmtMenu_ExecuteQuickFormat_FW
0xffdec5ac,StartDirectTransferManager_FW
0xffdeca30,StartDtConfirmMenu_FW
0xffdecb10,StoptDtConfirmMenu_FW
0xffded038,StartDtExecuteMenu_FW
0xffded160,StoptDtExecuteMenu_FW
0xffdefa60,StartDpConnect_FW
0xffdefd20,StopDpConnect_FW
0xffdf00c4,CreateDpConnectController_FW
0xffdf0344,DeleteDpConnectController_FW
0xffdf0418,shutdownDirectPrintUI_FW
0xffdf18c4,StartDpDpofMenu_FW
0xffdf2448,StartDpDpofPrinting_FW
0xffdf2f30,StartDpDpofStopReconfirm_FW
0xffdf5ef4,StartDpMainMenu_FW
0xffdf7228,StartDpPrinting_FW
0xffdf7e6c,StartDpsDpofMenu_FW
0xffdfc998,StartDpsMainMenu_FW
0xffe012f4,StartDpsStop_FW
0xffe01f14,StartDpStopReconfirm_FW
0xffe0352c,StartDpStyleMenu_FW
0xffe06f38,StartDpTrimming_FW
0xffe07990,DBG_changeTraceLevel_FW
0xffe07af4,StartDpMovieMenu_FW
0xffe09044,StartDpsIdPhotoMenu_FW
0xffe09418,ControlViewEvent_FW
0xffe15cf8,DisableNotificationPTP_FW
0xffe15d0c,EnableNotificationPTP_FW
0xffe15d24,SetUSBToPTPMode_FW
0xffe15d38,SetUSBToDCPMode_FW
0xffe15d50,RefreshUSBMode_FW
0xffe15dd4,NotifyConnectPictBridge_FW
0xffe15df4,NotifyDisconnectPictBridge_FW
0xffe16770,task_TimerUtility
0xffe1d2c0,task_SRM
0xffe22658,add_ptp_handler
0xffe2560c,task_PTPSessionTASK
0xffe2aed0,task_TrnsCtrlTask
0xffe2d84c,PTPRspnd.StartUpPTPFrameworkClient_FW
0xffe2d8f4,PTPRspnd.ShutDownPTPFrameworkClient_FW
0xffe31cd8,task_PreLoadTask
0xffe36ed8,PTPRspnd.ResetTable_FW
0xffe36ee4,PTPRspnd.EnableGetTreeInfo_FW
0xffe36f24,PTPRspnd.EnableStorage_FW
0xffe37288,PTPRspnd.ShowRemoteStg_FW
0xffe3ce24,task_RapiRevr
0xffe41638,task_RAPI_Task
0xffe43828,task_CnctEntiSnd
0xffe43c34,task_CnctEntiRcv
0xffe445ac,task_EntiCtrl
0xffe44eec,task_SesnDaem
0xffe45da8,task_SesnMngr
0xffe46c30,task_EvntExec
0xffe4729c,task_ReqRecev
0xffe48528,InitializeDCPClassFunctions_FW
0xffe499bc,TerminateDCPClassFunctions_FW
0xffe4a76c,task_DcpTrnTrns
0xffe4a8c8,task_DcpTrnCtrl
0xffe4af64,CreateVcomUart_FW
0xffe4b094,DeleteVcomUart_FW
0xffe4baac,RegComEventProc_FW
0xffe4bbdc,MechaRegisterEventProcedure_FW
0xffe4bc1c,MechaUnRegisterEventProcedure_FW
0xffe4bc78,MechaReset_FW
0xffe4bcb0,MechaTerminate_FW
0xffe4bd10,ShowMechaMacro_FW
0xffe4ee88,EnableMechaCircuit_FW
0xffe4ee98,DisableMechaCircuit_FW
0xffe4eea8,EnableFocusPiCircuit_FW
0xffe4eeb8,DisableFocusPiCircuit_FW
0xffe4eec8,GetFocusPiSensorLevel_FW
0xffe4eee0,EnableZoomPiCircuit_FW
0xffe4eef0,DisableZoomPiCircuit_FW
0xffe4ef00,GetZoomPiSensorLevel_FW
0xffe4ef18,EnableZoomEncoderCircuit_FW
0xffe4ef28,DisableZoomEncoderCircuit_FW
0xffe4ef38,SendMechaCircuitData_FW
0xffe4ef74,ReceiveMechaCircuitDataAll_FW
0xffe5042c,task_LensController
0xffe51b34,MoveLensToFirstPointEvent_FW
0xffe51ba8,MoveLensToTerminatePointEvent_FW
0xffe51bf8,PermitLensControllerNextStage_FW
0xffe51c08,IsLensOutside_FW
0xffe51c14,GetLensErrorStatus_FW
0xffe531ac,ResetZoomLens
0xffe531ac,ResetZoomLens_FW
0xffe531dc,ResetZoomLensToFirstPoint_FW
0xffe53250,ResetZoomLensToTermiantePoint_FW
0xffe532c4,MoveZoomLensWithPoint
0xffe532c4,MoveZoomLensWithPoint_FW
0xffe53340,MoveZoomLensWithPosition_FW
0xffe53394,MoveZoomLensToTerminatePosition_FW
0xffe533e4,GetZoomLensCurrentPoint
0xffe533e4,GetZoomLensCurrentPoint_FW
0xffe533f8,GetZoomLensCurrentPosition
0xffe533f8,GetZoomLensCurrentPosition_FW
0xffe5340c,GetZoomLensTelePoint_FW
0xffe54a98,SetZoomLensNormalControlGain_FW
0xffe56368,SetZoomLensResetControlGain_FW
0xffe57fb0,task_ZoomEvent
0xffe58ea0,MoveZoomActuator_FW
0xffe58eec,SetZoomActuatorSpeedPPS_FW
0xffe58f00,GetZoomActuatorSpeedPPS_FW
0xffe58f14,SetZoomActuatorSpeedControlGain_FW
0xffe58f28,GetZoomActuatorSpeedControlGain_FW
0xffe58f3c,SetZoomActuatorLimitAmpere_FW
0xffe58f50,GetZoomActuatorLimitAmpere_FW
0xffe58f64,SetZoomActuatorPwmDuty_FW
0xffe58f78,SetZoomActuatorPwmFixedTime_FW
0xffe58f8c,GetZoomActuatorCurrentPosition_FW
0xffe58fd8,IsZoomActuatorResetSensorPlusSide_FW
0xffe58fe4,SetDCMotorSpeedLevel_FW
0xffe58ff8,SetDCMotorChargePump_FW
0xffe5900c,SetDCMotorPwmFixedTimeLevel_FW
0xffe59020,SetDCMotorPwmLevel_FW
0xffe59034,SetPM3ByGpio_FW
0xffe59044,ClearPM3ByGpio_FW
0xffe59054,ClearPM3ByFs_FW
0xffe59064,MoveDCMotorCW_FW
0xffe590c0,MoveDCMotorCCW_FW
0xffe5911c,StopDCMotor_FW
0xffe5913c,SetDCMotorWaitTime_FW
0xffe59154,GetCurrentEncoderPosition_FW
0xffe5a7d4,task_IrisEvent
0xffe5a9a8,MoveIrisActuatorFullOpenEvent_FW
0xffe5a9e4,MoveIrisActuatorFullCloseEvent_FW
0xffe5aa20,EnableIrisActuatorEvent_FW
0xffe5aa50,DisableIrisActuatorEvent_FW
0xffe5aa80,ResetIrisActuatorEvent_FW
0xffe5aaa8,SetIrisGainRegisterEvent_FW
0xffe5e9e0,ResetIrisEvent_FW
0xffe5ea1c,MoveIrisWithAvEvent_FW
0xffe5ea5c,MoveIrisWithAvAndSpeedEvent_FW
0xffe5eaa8,MoveIrisToPositionWithBacklashEvent_FW
0xffe5eae8,MoveIrisToTerminatePositionEvent_FW
0xffe5eb24,MoveIrisToFullOpenEvent_FW
0xffe5eb60,MoveIrisToFullCloseEvent_FW
0xffe5eb9c,GetIrisAvEvent_FW
0xffe5ebb0,GetIrisCurrentPositionEvent_FW
0xffe5ebc4,MoveIrisWithAvWithoutBacklashEvent_FW
0xffe5ec04,MoveIrisToPositionWithoutBacklashEvent_FW
0xffe5ec44,ReloadIrisAdjustmentDataEvent_FW
0xffe5ec54,MoveIrisWithAvAndSpeedWithoutBacklashEvent_FW
0xffe5eca0,SetIrisMoveToNormalEvent_FW
0xffe5ecb0,SetIrisMoveToAutoDeltaEvent_FW
0xffe5ecc0,EnableIrisEvent_FW
0xffe5ecf0,DisableIrisEvent_FW
0xffe5fa5c,task_MechaShutter
0xffe60110,CloseMechaShutterEvent_FW
0xffe60140,OpenMechaShutterEvent_FW
0xffe60170,SetMechaShutterDacSettingEvent_FW
0xffe60184,SetMechaShutterWaitTimeSettingEvent_FW
0xffe60198,GetMechaShutterStatusEvent_FW
0xffe601a4,SaveMechaShutterCount_FW
0xffe601e0,GetMechaShutterCount_FW
0xffe60230,ClearMechaShutterCount_FW
0xffe60424,TurnOnNdFilterEvent_FW
0xffe60454,TurnOffNdFilterEvent_FW
0xffe61ce8,task_FocusEvent
0xffe66b78,GetFocusLensSubjectDistance
0xffe67e9c,MoveFocusLensWithDistance_FW
0xffe67f68,ResetFocusLens
0xffe67f68,ResetFocusLens_FW
0xffe67fc8,MoveFocusLensToTerminate_FW
0xffe6803c,MoveFocusLensWithPosition_FW
0xffe6810c,MoveFocusLensWithPositionWithoutBacklash_FW
0xffe681dc,MoveFocusActuator_FW
0xffe68298,GetFocusLensCurrentPosition_FW
0xffe682ac,GetFocusLensResetPosition_FW
0xffe682c0,GetFocusLensResetPositionForInside_FW
0xffe682d4,GetFocusLensResetPositionForOutside_FW
0xffe682e8,GetFocusLensResetDefaultPosition_FW
0xffe682fc,SetFocusLensDefaultCondition_FW
0xffe68314,SetFocusLensCondition_FW
0xffe68450,GetFocusLensMoveCompleteTime_FW
0xffe6845c,GetFocusLensNdCoefficientPulse_FW
0xffe68470,GetFocusLensSettingMaxSpeed_FW
0xffe68484,GetFocusLensSettingMaxSpeedByDeltaType_FW
0xffe68498,SetFocusLensMaxSpeedLimit_FW
0xffe684b0,CancelFocusLensMaxSpeedLimit_FW
0xffe684c4,EscapeFocusLens_FW
0xffe68558,GetFocusLensSubjectDistance_FW
0xffe6857c,GetFocusLensSubjectDistanceFromLens_FW
0xffe685a0,EnableFocusLens_FW
0xffe6860c,SetFocusLensBacklashSpeedToMax_FW
0xffe6861c,ClearFocusLensBacklashSpeedToMax_FW
0xffe686bc,CheckFocusLensAfAging_FW
0xffe6a08c,task_CZ
0xffe6a764,MoveCZToPointEvent_FW
0xffe6a7b8,MoveCZToWideEvent_FW
0xffe6a800,MoveCZToTeleEvent_FW
0xffe6aad0,TurnOnAFLampEvent_FW
0xffe6aae8,TurnOffAFLampEvent_FW
0xffe6abfc,DisplayFactoryMode_FW
0xffe6ac14,UndisplayFactoryMode_FW
0xffe6af58,ClearFactoryMode_FW
0xffe6af88,SetFactoryMode_FW
0xffe6b048,IsFactoryMode_FW
0xffe6b09c,StartFactoryModeController_FW
0xffe6b8b0,EraseAdjustmentArea_FW
0xffe6b8d0,DumpAdjArea_FW
0xffe6b8f8,DumpAdjMirror_FW
0xffe6b950,GetAdjTableVersion_FW
0xffe6b998,GetAdjTableMapVersion_FW
0xffe6b9a8,GetAdjTableValueVersion_FW
0xffe6b9ec,ShowDefaultAdjTableVersion_FW
0xffe6ba20,LoadAdjustmentTable_FW
0xffe6ba38,SaveAdjustmentTable_FW
0xffe6ba54,SaveAdjustmentValue_FW
0xffe6ba84,LoadAdjustmentValue_FW
0xffe6bbc0,PrintAdjTableMap_FW
0xffe6bec0,SetNormalAdjTableWritingMode_FW
0xffe6bec4,SetFastAdjTableWritingMode_FW
0xffe6bec8,CreateAdjustmentTableMirror_FW
0xffe6c174,WRITEADJTABLETOFROM_FW
0xffe6c1a8,EraseFRomShadingArea_FW
0xffe6c1b0,WRITESHADINGDATATOFROM_FW
0xffe6c1b8,AddAdjDataToFRom_FW
0xffe6d42c,LoadParamDataFromAdjTableBin_FW
0xffe6d558,LoadDataFromAdjTableBin_FW
0xffe6d6f4,FA.Create_FW
0xffe6d728,FA.Delete_FW
0xffe6d79c,PrintFirmVersion_FW
0xffe6d7ec,PrintFaexeVersioin_FW
0xffe6d8b8,FADBGPrintf_FW
0xffe6da5c,FAPrintf_FW
0xffe6db80,OutputLogToFile_FW
0xffe6dbd8,StopLogOut_FW
0xffe6dd94,ActivateAdjLog_FW
0xffe6ddb4,InactivateAdjLog_FW
0xffe6ddd4,StartLogOut_FW
0xffe6ddf0,IsLogOutType_FW
0xffe6deec,InitializeAdjustmentSystem_FW
0xffe6df34,TerminateAdjustmentSystem_FW
0xffe6df7c,InitializeAdjustmentFunction_FW
0xffe6ea5c,GetAEIntegralValue_FW
0xffe6eae8,GETMAINFLASHEVALUATIONVALUE_FW
0xffe6eb98,GETPREFLASHEVALUATIONVALUE_FW
0xffe6ec50,GETALTERNATEEVALUATIONVALUEWITHMECHASHUTTER_FW
0xffe6ecf4,GETEVFEVALUATIONVALUEWITHMECHASHUTTER_FW
0xffe6ed98,GETCRWEVALUATIONVALUEWITHMECHASHUTTER_FW
0xffe6ee3c,GETCRWEVALUATIONVALUEWITHOUTMECHASHUTTER_FW
0xffe6eee0,GETEVFEVALUATIONVALUEWITHOUTMECHASHUTTER_FW
0xffe6ef84,GETMOVIEEVALUATIONVALUEWITHMECHASHUTTER_FW
0xffe6f028,AbortAEIntegralValue_FW
0xffe6f088,SetAEIntegralValueProperty_FW
0xffe6f0e0,GetAEIntegralValueWithFix_FW
0xffe6f388,SetWhiteCoefficient_FW
0xffe6f450,SetAEIntegWindowsMode_FW
0xffe6f47c,SetAEIntegValueBit_FW
0xffe6f49c,GetAEIntegralServiceMode_FW
0xffe6f4c4,StopAEIntegralService_FW
0xffe6f5bc,StartAEIntegralService_FW
0xffe6f83c,SetLineDefMarkThroughMode_FW
0xffe6f8e0,SetAEIntegAverageOBData_FW
0xffe70f7c,SetDeltaCDSGain_FW
0xffe70fcc,ReloadCdsAdjustment_FW
0xffe70fe4,GetObClampValue_FW
0xffe71014,SetObClamp_FW
0xffe71014,SetObClampValue_FW
0xffe71068,GetCdsGainValue_FW
0xffe710a0,SetCDSGain_FW
0xffe710a0,SetCdsGainValue_FW
0xffe710e8,SetCDSGainStep_FW
0xffe71144,SetAdjCdsMode_FW
0xffe71160,CancelAdjCdsMode_FW
0xffe7117c,IsAdjCdsMode_FW
0xffe712a0,ConvertTvToExposureTime_FW
0xffe712dc,GetCurrentExposureTime_FW
0xffe712f4,GetCurrentShutterSpeed_FW
0xffe71308,SetShutterSpeedWithMecha_FW
0xffe7137c,SetShutterSpeed_FW
0xffe71424,GetUserSetShutterSPeed_FW
0xffe71434,GetShutterSpeedRegularMaxLimit_FW
0xffe71458,GetShutterSpeedRegularMinLimit_FW
0xffe715cc,MoveIrisToAv_FW
0xffe7165c,ReloadIrisAdjustment_FW
0xffe7169c,GetCurrentAvValue
0xffe7169c,GetCurrentAvValue_FW
0xffe716b0,ResetIrisPosition_FW
0xffe716f8,MoveIrisFullOpen_FW
0xffe71740,MoveIrisWithTerminatePosition_FW
0xffe71788,MoveIrisMechaPositionWithBacklash_FW
0xffe717e0,MoveIrisMechaPositionWithoutBacklash_FW
0xffe71838,MoveIrisToAvWithoutBacklash_FW
0xffe718a4,GetUsableMinAv_FW
0xffe718c8,GetUsableMaxAv_FW
0xffe718f8,GetCurrentIrisPosition_FW
0xffe71a94,ReloadNdFilterAdjustment_FW
0xffe71abc,PutInNdFilter
0xffe71abc,PutInNdFilter_FW
0xffe71b04,PutOutNdFilter
0xffe71b04,PutOutNdFilter_FW
0xffe71c10,CloseMShutter_FW
0xffe71c58,OpenMShutter_FW
0xffe726d8,CalculateLog2ToApex_FW
0xffe7270c,CalculatePow2FromApex_FW
0xffe72730,CalcLog10_FW
0xffe727c8,ConvertApexToApexStd_FW
0xffe727fc,ConvertApexStdToApex_FW
0xffe729fc,OneShotWhigeBalance_FW
0xffe72a78,SetWBYlStandardWidth_FW
0xffe72abc,SetReferenceWBGainForCalibration_FW
0xffe72aec,SetToolCorrectCoefficient_FW
0xffe72b74,ReloadWBAdjustment_FW
0xffe72e38,ConvertCxCyToWBGain_FW
0xffe72fb8,GetCurrentZoomLensDirection_FW
0xffe72fd8,GetZoomLensResetPlus_FW
0xffe73000,MoveZoomLensToMechaEnd_FW
0xffe730e0,MoveZoomLensToPositionByManual_FW
0xffe733c0,ResetZoomToAdjTerminatePoint_FW
0xffe734a8,ResetZoomToAdjFirstPoint_FW
0xffe73570,GetCurrentZoomLensPoint_FW
0xffe73584,GetCurrentZoomLensPosition_FW
0xffe73598,MoveZoomLensToPoint_FW
0xffe735f0,MoveZoomLensToPosition_FW
0xffe73648,ResetZoomToTerminatePoint_FW
0xffe73690,ResetZoomToFirstPoint_FW
0xffe736d8,ResetZoom_FW
0xffe73720,ReloadZoomAdjustment_FW
0xffe7372c,GetZoomLensCurrent_FW
0xffe73740,GetZoomLensSpeed_FW
0xffe739cc,ConvertToPositionWithDistanceAndZoomPoint_FW
0xffe73a10,ReloadFocusLensAdjustment_FW
0xffe73a1c,GetFocusDefaultResetPosition_FW
0xffe73a30,GetFocusResetPosition_FW
0xffe73a44,GetCurrentTargetDistance
0xffe73a44,GetCurrentTargetDistance_FW
0xffe73a9c,GetCurrentFocusLensPosition_FW
0xffe73ab0,MoveFocusLensToTerminatePosition_FW
0xffe73b40,MoveFocusLensToPositionWithMaxSpeed_FW
0xffe73bb8,MoveFocusLensToPosition_FW
0xffe73cd4,MoveFocusLensToDistance
0xffe73cd4,MoveFocusLensToDistance_FW
0xffe73de4,ResetFocus_FW
0xffe74164,PrintScanTable_FW
0xffe742e4,PrintMultiWinScanTable_FW
0xffe757fc,CalculatePeakPositionByLeastSquare_FW
0xffe75d38,SetFocusScanAutoStopProperty_FW
0xffe75d60,StartFocusScanWithAutoStopFix_FW
0xffe75e3c,StartFocusScanWithAutoStop_FW
0xffe76004,StopFocusScan_FW
0xffe76010,StartFocusScanWithEnableToStop_FW
0xffe761bc,StartFocusScanWithRange_FW
0xffe76304,StartFocusScan_FW
0xffe76468,StartMultiWinFocusScan_FW
0xffe765cc,SetMultiWinPos_FW
0xffe76638,SetAFSensorDriveMode_FW
0xffe766dc,GetAFSensorDriveMode_FW
0xffe768ec,ReloadEfAdjustment_FW
0xffe768f8,ChargeStrobe_FW
0xffe769f0,ReloadColorAdjustment_FW
0xffe76ae0,RegistColorMatrix_FW
0xffe76b24,UnregistColorMatrix_FW
0xffe76cf0,ShowCurrentExp_FW
0xffe76d88,SetAE_ShutterSpeed
0xffe76d88,SetAE_ShutterSpeed_FW
0xffe76eec,FocusAEWithCompensation_FW
0xffe76f88,SetAE_CdsGainValue_FW
0xffe76fa0,FixAEWithCompensation_FW
0xffe7703c,SetAdj_AEMode_FW
0xffe7708c,CancelAdj_AEMode_FW
0xffe770bc,PreFixAE_FW
0xffe77138,AfAEWithAperturePriority_FW
0xffe772a0,SleepAE_FW
0xffe772e8,AfAEWithCompensation_FW
0xffe77528,SwitchOffDisplay_FW
0xffe7755c,SwitchOnDisplay_FW
0xffe77594,GetVideoOutType_FW
0xffe775a4,SetVideoOutType_FW
0xffe775d4,IsEVFDrive_FW
0xffe77634,StopEVFDrive_FW
0xffe77684,StartEVFDrive_FW
0xffe7784c,IsEvfDriveMode_FW
0xffe77888,GetSumYOfVRAMCenterLine_FW
0xffe781c4,GetPixelsOfViewangle_FW
0xffe7889c,GetModelId_FW
0xffe788a4,Bat_VIN_FW
0xffe788a4,SetInputVoltage_FW
0xffe788b8,Bat_Save_FW
0xffe788b8,SaveBatSenseOffsetAdjustmentTable_FW
0xffe788c8,SetImageMode_FW
0xffe788e0,SetDate_FW
0xffe789d4,SetYear_FW
0xffe78a3c,SetMonth_FW
0xffe78aa0,SetDay_FW
0xffe78b10,SetHour_FW
0xffe78b7c,SetMinute_FW
0xffe78bec,SetSecond_FW
0xffe78c58,GetYear_FW
0xffe78c90,GetMonth_FW
0xffe78cc8,GetDay_FW
0xffe78cf8,GetHour_FW
0xffe78d28,GetMinute_FW
0xffe78d58,GetSecond_FW
0xffe7a8e8,ShowTransparentMemory_FW
0xffe7a918,DumpTransparentMemoryItem_FW
0xffe7a96c,AddTransparentMemory_FW
0xffe7a9b4,AttachToTransparentMemory_FW
0xffe7a9fc,RemoveTransparentMemory_FW
0xffe7aa20,GetTransparentMemorySize_FW
0xffe7aa40,GetTransparentMemory_FW
0xffe7aa98,GetTransparentMemoryPosition_FW
0xffe7d728,CompletePrepareTestRec_FW
0xffe7d744,StrobeChargeCompForTestRec_FW
0xffe7d850,InitializeTestRec_FW
0xffe7d8bc,TerminateTestRec_FW
0xffe7da74,ExecuteTestRec_FW
0xffe7dbe8,ExecuteTestRecCF_FW
0xffe7f83c,SetDefaultRecParameter_FW
0xffe7fa6c,SetDefectRecParameter_FW
0xffe7fac0,EnableDebugLogMode_FW
0xffe7fad8,DisableDebugLogMode_FW
0xffe800d4,FreeBufferForSoundRec_FW
0xffe80254,StartSoundRecord_FW
0xffe8051c,StartSoundPlay_FW
0xffe80544,InitializeSoundRec_FW
0xffe80584,TerminateSoundRec_FW
0xffe95390,task_WavRead
0xffe95f80,task_WavWrite
0xffe96b3c,task_SoundRecord
0xffe97ce8,task_SoundPlay
0xffe98a74,MakeBootDisk_FW
0xffe98a88,MakeScriptDisk_FW
0xffe994d8,ExecuteFirmUpgrade_FW
0xffe9a3e8,task_Startup
0xffe9a6c8,LoadScript_FW
0xffe9a6d8,UnLoadScript_FW
0xffe9a6ec,Printf_FW
0xffe9a704,ScriptDisEnabled_FW
0xffe9a718,ScriptEnabled_FW
0xffea089c,realloc
0xffea0b5c,ShowAllTaskInfo_FW
0xffea15d4,GetLogToFile_FW
0xffea16b4,EraseLogSector_FW
0xffea295c,MemoryChecker_FW
0xffea2a8c,VerifyByte_FW
0xffea8764,_log
0xffea8e0c,_log10
0xffea92fc,_pow
0xffead648,_sqrt
0xffeb20f8,isalpha
0xffeb2128,isdigit
0xffeb2158,islower
0xffeb2188,ispunct
0xffeb21a0,isspace
0xffeb21b8,isupper
0xffeb21d0,isxdigit
0xffeb21e8,tolower
0xffeb21f8,toupper
0xffeb55b8,qsort
0xffeb55dc,rand
0xffeb5600,srand
0xffeb59f4,strtol
0xffeb5b9c,strtoul
0xffeb5d24,memchr
0xffeb5d58,memcmp
0xffeb5d58,memcmp_FW
0xffeb5d94,memcpy
0xffeb5d94,memcpy_FW
0xffeb5e0c,memset
0xffeb5e0c,memset_FW
0xffeb5e2c,strcat
0xffeb5e58,strchr
0xffeb5e7c,strcmp
0xffeb5e7c,strcmp_FW
0xffeb6010,strcpy
0xffeb6010,strcpy_FW
0xffeb6174,strlen
0xffeb6174,strlen_FW
0xffeb61d8,strncmp
0xffeb621c,strncpy
0xffeb6264,strpbrk
0xffeb62a0,strrchr
0xffeb6978,localtime
0xffeb6b40,mktime
0xffeb7698,strftime
0xffeb76c4,time
0xffeb8150,readdir
0xffeb8184,closedir
0xffeb81b8,opendir
0xffeb824c,stat
0xffeb82e0,utime
0xffeb8950,errnoOfTaskGet
0xffeb9aa4,vsprintf
0xffeb9b08,sprintf_FW
0xffebac5c,sscanf_FW
0xffebc1e4,close
0xffebc328,lseek
0xffebc828,open
0xffebd3dc,iosDevDelete
0xffebd404,iosDevAdd
0xffebd6c8,iosDrvInstall
0xffebf224,malloc
0xffebf224,malloc_alt
0xffebf230,free
0xffebf634,memShow_FW
0xffebf644,memPartInfoGet
0xffec27e0,taskDeleteHookAdd
0xffec28a4,taskCreateHookAdd
0xffeccd60,taskName
0xffecce68,taskIdListGet
0xffeccf70,taskSuspend
0xffecd144,taskResume
0xffecd524,taskLock
0xffecd5cc,taskUnlock
