0xff038ad8,_GetSystemTime
0x00697808,_log
0x00697d48,_log10
0x00697ec0,_pow
0x00699c5c,_sqrt
0xff00a6f8,_uartr_req
0xff1bd3a0,AbortAEIntegralValue_FW
0x0067f3f0,AcquireRecursiveLock
0x00677e14,AcquireRecursiveLockStrictly
0xff1bf7bc,ActivateAdjLog_FW
0xff15409c,ActivateImager_FW
0xff154134,ActivateImagerXOne_FW
0xff362414,ActivateISMD_FW
0xff16a4a4,add_ptp_handler
0xff2019a8,AdditionAgentRAM_FW
0xff31e5f8,AddTransparentMemory_FW
0xff411a3c,AdjAEWithAperturePriority_FW
0xff4119e4,AfAEWithAperturePriority_FW
0xff411bec,AfAEWithCompensation_FW
0xff2d30c0,AFTool.GetEVal_FW
0xff366170,AllocateMemory
0xff366170,AllocateMemory_FW
0xff038d8c,AllocateUncacheableMemory
0xff29de84,apex2us
0xff0d8da4,atol_FW
0xff1be2a4,AttachIntegCrawData_FW
0xff31e630,AttachToTransparentMemory_FW
0xff3ff4d4,Bat_Calc_FW
0xff4132c8,Bat_Save_FW
0xff4132b4,Bat_VIN_FW
0xff08ea08,BeepDrive_FW
0xff08ea28,BeepDriveComp_FW
0xff40d6ec,CalcLog10_FW
0xff41640c,CalcLoopGain_FW
0xff40d7dc,CalcSqrt_FW
0xff3ff4d4,CalculateBatSenseOffset_FW
0xff410994,CalculateInterpolationByLS_FW
0xff40d68c,CalculateLog2ToApex_FW
0xff40d654,CalculatePeakFromLeastSquareResult_FW
0xff410934,CalculatePeakPosByLS_FW
0xff40d6a0,CalculatePow2FromApex_FW
0xff09f4a4,CalculateTestRecYUVData_FW
0xff41181c,CancelAdj_AEMode_FW
0xff40c08c,CancelAdjCdsMode_FW
0xff40f31c,CancelBPFilterForBP_FW
0xff4110e4,CancelExStrobeMode_FW
0xff3602f4,CancelFocusLensMaxSpeedLimit_FW
0xff0bdd88,CancelHPTimer
0xff40c9d4,CancelImageDrive_FW
0xff154308,CancelImager_FW
0xff4166dc,CancelLoopGainCalc_FW
0xff038cf4,CancelTimer
0xff1f75fc,Capture.Create_FW
0xff40c9f4,CaptureWithParam_FW
0xff31cf80,ChangeAdjImgDrvMode_FW
0xff31cfac,ChangeAEIntegDrvTypeToAdjImgDriveType_FW
0xff2bff04,ChangeCrossThresholdTable_FW
0xff2c07f8,ChangeDefectRecParam_FW
0xff413074,ChangeDistortionSetForLiveImage_FW
0xff4162c0,ChangeFilterMode_FW
0xff3604e0,ChangeFocusDistanceToPosition_FW
0xff2bfd94,ChangeGradeTable_FW
0xff40ca3c,ChangeImageDrive_FW
0xff154384,ChangeImagerToAlternateDraft_FW
0xff154344,ChangeImagerToCombiParallel_FW
0xff15437c,ChangeImagerToDigiconMode_FW
0xff1543f4,ChangeImagerToElectraGlide_FW
0xff1543dc,ChangeImagerToFalconJump_FW
0xff1543bc,ChangeImagerToFantaJungle_FW
0xff154354,ChangeImagerToFocusJet_FW
0xff1543ac,ChangeImagerToHarleyDavidson_FW
0xff1543ec,ChangeImagerToHealthyVegetable_FW
0xff15436c,ChangeImagerToHoneyFlash_FW
0xff1543c4,ChangeImagerToHoneyFlashDark_FW
0xff1543b4,ChangeImagerToMachDashV_FW
0xff15435c,ChangeImagerToMangoPudding_FW
0xff154374,ChangeImagerToMillefeAdjust_FW
0xff15439c,ChangeImagerToMontblancMillefe_FW
0xff1543a4,ChangeImagerToMontblancMovie_FW
0xff154394,ChangeImagerToMontblancWhole_FW
0xff15437c,ChangeImagerToOITA_XAVIER_FW
0xff1543cc,ChangeImagerToRoadKing_FW
0xff1543e4,ChangeImagerToSpriteSunshine_FW
0xff154364,ChangeImagerToSuperWideDraft_FW
0xff15438c,ChangeImagerToUltraGhostQ_FW
0xff15432c,ChangeImagerToWholeParallel_FW
0xff154334,ChangeImagerToWholeParallelBP_FW
0xff15433c,ChangeImagerToWholeParallelBPOne_FW
0xff15434c,ChangeImagerToWideDraft_FW
0xff3609b0,ChangeIrisSpeed_FW
0xff361a54,ChangeParallelMode_FW
0xff4162f0,ChangeToISCloseControl_FW
0xff361308,ChangeZoomLensMagnificationToPoint_FW
0xff3612f8,ChangeZoomLensPointToMagnification_FW
0xff411134,ChargeStrobe_FW
0xff41116c,ChargeStrobeForFA_FW
0x0067ef78,CheckAllEventFlag
0x0067ef30,CheckAnyEventFlag
0xff0c14b0,CheckSumAll_FW
0xff032fec,ClearDUIDFixFlag_FW
0xff032f6c,ClearDurianMode_FW
0x0067f198,ClearEventFlag
0xff033118,ClearFactoryMasterFlag_FW
0xff033130,ClearFactoryMasterROMProtection_FW
0xff032f6c,ClearFactoryMode_FW
0xff4166cc,ClearISCalcZData_FW
0xff361ad8,ClearISIComponent_FW
0xff361b00,ClearISZData_FW
0xff433aa4,ClearPMByFs_FW
0xff433a8c,ClearPMByGpio_FW
0xff032aa8,ClearWLANFactoryMode_FW
0xff31e1e4,ClearZoomCommonDriveParam_FW
0xff31d9cc,ClearZoomDriveParam_FW
0xff0341dc,Close
0xff005984,close
0xff0341dc,Close_FW
0xff00a1d0,CloseConsole_FW
0xff33d6d0,closedir
0xff360ca4,CloseMechaShutter_FW
0xff360cec,CloseMechaShutterWithTiming_FW
0xff40ccf8,CloseMShutter_FW
0xff36242c,CommunicateMechaCPU_FW
0xff1897e4,ConnectPtpIPService_FW
0xff31cf18,ConvertAdjImgDrvModeToAdjImgDriveType_FW
0xff31cecc,ConvertAEIntegDrvTypeToAdjImgDriveType_FW
0xff40d744,ConvertApexStdToApex_FW
0xff40d714,ConvertApexToApexStd_FW
0xff40dd18,ConvertCxCyToWBGain_FW
0xff40de08,ConvertToPositionWithDistance_FW
0xff40dde4,ConvertToPositionWithDistanceAndZoomPoint_FW
0xff40caf4,ConvertTvToExposureTime_FW
0xff009f34,CPrintf_FW
0xff009f8c,CPutChar_FW
0xff0992dc,CreateAdjustmentTableMirror_FW
0x006776c8,CreateBinarySemaphore
0x00677ccc,CreateBinarySemaphoreStrictly
0xff0c3da4,CreateController_FW
0x00677730,CreateCountingSemaphore
0x00677730,CreateCountingSemaphore_FW
0x00677cf0,CreateCountingSemaphoreStrictly
0xff0992ec,CreateDefectTableMirror_FW
0x0067ee88,CreateEventFlag
0x00677ca8,CreateEventFlagStrictly
0xff1bf0f0,CreateFADBGSingalID_FW
0xff4141c4,CreateJumptable
0x00677304,CreateMessageQueue
0x00677c84,CreateMessageQueueStrictly
0xff0befec,CreateProxyOfEventProcedure_FW
0x0067f350,CreateRecursiveLock
0x00677d14,CreateRecursiveLockStrictly
0x006768b0,CreateTask
0x006768b0,CreateTask_FW
0x00677c50,CreateTaskStrictly
0xff099cc8,CreateUserSettingMirror_FW
0xff2bfda8,CrossDefDetect_FW
0xff2c0010,CrowdLineDetect_FW
0xff2c0158,CrowdLineKizuCheck_FW
0xff0c4028,CtrlMan_ChangeZOrder_FW
0xff1e94b0,CzDebugPrint_FW
0xff1e94c4,CzDebugPrintToFile_FW
0xff08eecc,Dcdc_Bl_Pwr_Ctrl_FW
0xff08f280,Dcdc_reg_read_FW
0xff08f244,Dcdc_reg_write_FW
0x00676c28,DebugAssert
0xff362194,DelaySet_FW
0xff0c3e84,DeleteController_FW
0xff033bdc,DeleteDirectory_Fut
0x0067eee0,DeleteEventFlag
0x00677388,DeleteMessageQueue
0xff0bf044,DeleteProxyOfEventProcedure_FW
0x0067f3a0,DeleteRecursiveLock
0x00677788,DeleteSemaphore
0x00677788,DeleteSemaphore_FW
0xff414018,DevelopStillPicture_FW
0xff2c09b4,DevelopTool.DevelopTest_FW
0xff1bed8c,DeviceUniqueIDCheckSum_FW
0xff1c1cb0,DisableDebugLogMode_FW
0xff361e6c,DisableDISModeChange_FW
0xff360350,DisableFocusLens_FW
0xff3603cc,DisableFocusLensGainLock_FW
0xff3603f0,DisableFocusLensSlopeGain_FW
0xff36041c,DisableFocusLensWaveLock_FW
0xff360b78,DisableFocusPiCircuit_FW
0xff361bb4,DisableISAutoGyroOffset_FW
0xff361b94,DisableISDriveError_FW
0xff360ad0,DisableLensError_FW
0xff36202c,DisableMacroIS_FW
0xff360b58,DisableMechaCircuit_FW
0xff360bc0,DisableZoomEncoderCircuit_FW
0xff3612d4,DisableZoomLensElectricControl_FW
0xff360f78,DisableZoomLensEncoderPowerControl_FW
0xff3612ac,DisableZoomLensSpeedControl_FW
0xff360b9c,DisableZoomPiCircuit_FW
0xff1897f0,DisconnectPtpIPService_FW
0xff08bca0,DispCon_GetLcdGainAdjParameter_FW
0xff08bab4,DispCon_GetVideoAdjParameter_FW
0xff08bcec,DispCon_SaveLcdGainAdjParameter_FW
0xff08bb54,DispCon_SaveVideoAdjParameter_FW
0xff08b5d0,DispCon_SetDisplayType_FW
0xff08bc50,DispCon_SetLcdGainAdjParameter_FW
0xff08b998,DispCon_SetMaxBackLightBrightness_FW
0xff08ba24,DispCon_SetVideoAdjParameter_FW
0xff08b520,DispCon_ShowBitmapColorBar
0xff08b520,DispCon_ShowBitmapColorBar_FW
0xff08b504,DispCon_ShowBlackChart_FW
0xff08b394,DispCon_ShowColorBar_FW
0xff08b5f0,DispCon_ShowColorChart_FW
0xff08b57c,DispCon_ShowCustomColorBar_FW
0xff08b3ec,DispCon_ShowFiveStep_FW
0xff08bcdc,DispCon_ShowLcdGainAdjParameter_FW
0xff08b7e8,DispCon_ShowNStepsChart_FW
0xff08bb1c,DispCon_ShowVideoAdjParameter_FW
0xff08b4cc,DispCon_ShowWhiteChart_FW
0xff08b614,DispCon_ShowWhiteLine_FW
0xff08b988,DispCon_TurnOffBackLight_FW
0xff08b968,DispCon_TurnOffDisplay_FW
0xff08b978,DispCon_TurnOnBackLight_FW
0xff08b958,DispCon_TurnOnDisplay_FW
0xff1f6ec0,DispDev.Create_FW
0xff1f5b60,DispDev_EnableEventProc_FW
0xff0325b4,DisplayFactoryMode_FW
0xff035d10,DoAELock
0xff035a30,DoAFLock
0xff1f5ccc,Driver.Create_FW
0xff1f5ccc,Driver_EnableEventProc_FW
0xff004278,drysh_FW
0xff362214,DspDataTranster_FW
0xff362224,DspProgTranster_FW
0xff1f61d8,Dump32_FW
0xff1f61c8,Dump_FW
0xff0989ec,DumpAdjMirror_FW
0xff31e5b8,DumpTransparentMemoryItem_FW
0xff153f4c,E2LatOn_FW
0xff19e07c,Edet.Create_FW
0xff19e064,Edet.Delete_FW
0xff2cbbd4,EF.AdjPreFlash_FW
0xff2cbb8c,EF.FlashWithoutSync_FW
0xff136238,EF.IsChargeFull_FW
0xff2cbc10,EF.SetChargeMode_FW
0xff2cbac8,EF.SetChargeOnTime_FW
0xff2cbaac,EF.SetEFChargeTimeOut_FW
0xff2cbc24,EF.SetFlashTime_FW
0xff2cbbbc,EF.SetMainFlashTime_FW
0xff2cba50,EF.StartEFCharge_FW
0xff2cbb08,EF.StartInternalMainFlash_FW
0xff2cbad0,EF.StartInternalPreFlash_FW
0xff2cba9c,EF.StopEFCharge_FW
0xff1c1c9c,EnableDebugLogMode_FW
0xff361e7c,EnableDISModeChange_FW
0xff360304,EnableFocusLens_FW
0xff3603a0,EnableFocusLensGainLockWithVoltage_FW
0xff3603dc,EnableFocusLensSlopeGain_FW
0xff360400,EnableFocusLensWaveLock_FW
0xff360b68,EnableFocusPiCircuit_FW
0x006768a8,EnableInterrupt
0xff361ba4,EnableISAutoGyroOffset_FW
0xff361b84,EnableISDriveError_FW
0xff360ac0,EnableLensError_FW
0xff36201c,EnableMacroIS_FW
0xff360b48,EnableMechaCircuit_FW
0xff360bb0,EnableZoomEncoderCircuit_FW
0xff3612c0,EnableZoomLensElectricControl_FW
0xff360f68,EnableZoomLensEncoderPowerControl_FW
0xff361298,EnableZoomLensSpeedControl_FW
0xff360b8c,EnableZoomPiCircuit_FW
0xff1a1868,EngApp.Create_FW
0xff1f7688,EngApp.CreatePub_FW
0xff1a1814,EngApp.Delete_FW
0xff0322f8,EngDrvBits
0xff3091b0,EngDrvBits_FW
0xff0322dc,EngDrvIn
0xff3091a0,EngDrvIn_FW
0xff0322c4,EngDrvOut
0xff309184,EngDrvOut_FW
0xff0322e4,EngDrvRead
0xff3091a8,EngDrvRead_FW
0xff3091d4,EngDrvReadDump_FW
0xff1f7640,EngineDriver.Create_FW
0xff035c78,EnterToCompensationEVF
0xff0ba108,EpilogFile_FW
0xff0ba170,EpilogMenu_FW
0xff0b9e10,EpilogShow_FW
0xff0989c0,EraseAdjustmentArea_FW
0xff1fbf78,EraseLogSector_FW
0xff0bc01c,EraseRom_FW
0xff1f61b4,EraseSignature_FW
0xff004320,err_init_task
0xff35f6c0,EscapeFocusLens_FW
0xff3661dc,exec_FW
0xff09f054,Executedccd_FW
0xff2c0814,ExecuteDefectRec_FW
0xff2c084c,ExecuteDefectRecAndSaveImage_FW
0xff2c0900,ExecuteDefectRecAndSaveImageWithGrade_FW
0xff2c08c0,ExecuteDefectRecWithGrade_FW
0xff09e97c,ExecuteDigicon_FW
0xff0be6a0,ExecuteEventProcedure
0xff0be718,ExecuteEventProcedure_FW
0xff4111d8,ExecuteInternalPreFlash_FW
0xff18cc10,ExecuteResetFactory_FW
0xff18cbf8,ExecuteResetFactoryWithRomWrite_FW
0xff0bbc7c,ExecuteShutDownPropertyService_FW
0xff09f3c4,ExecuteTestRec_FW
0xff09f3d8,ExecuteTestRecCF_FW
0xff09f50c,ExecuteTestRecDevelopProcess_FW
0xff09f3d8,ExecuteTestRecSD_FW
0xff09f44c,ExecuteTestRecSw1_FW
0xff09f434,ExecuteTestRecWithInteg_FW
0xff035cbc,ExitFromCompensationEVF
0x00676b40,ExitTask
0x00676b40,ExitTask_FW
0xff0bd0d0,ExMem.AllocCacheable_FW
0xff0bcf18,ExMem.AllocUncacheable_FW
0xff0bd158,ExMem.FreeCacheable_FW
0xff0bd054,ExMem.FreeUncacheable_FW
0xff0bca3c,ExMem.View_FW
0xff0bd068,exmem_alloc
0xff0bd0e0,exmem_free
0xff034928,ExMem_FW
0xff118b74,ExpCtrlTool.SetExpMode_FW
0xff06a1a0,ExpCtrlTool_StartContiAE
0xff06a308,ExpCtrlTool_StopContiAE
0xff0befe0,ExportToEventProcedure_FW
0xff1f6e9c,FA.Create_FW
0xff1f6e88,FA.Delete_FW
0xff1bf1b0,FADBGPrintf_FW
0xff1bf100,FADBGSingal_FW
0xff1bf330,FAPrintf_FW
0xff033c74,Fclose_Fut
0xff033c74,Fclose_Fut_FW
0xff033e60,Feof_Fut
0xff033e9c,Fflush_Fut
0xff033dc8,Fgets_Fut
0xff1d31f4,File.ClearExifInfo_FW
0xff1d3518,File.Create_FW
0xff1d339c,File.Delete_AllImg_FW
0xff362204,FirmTranster_FW
0xff411764,FixAEWithCompensation_FW
0xff2266d0,FmtMenu_ExecuteQuickFormat_FW
0xff41161c,FocusAEWithCompensation_FW
0xff3606a4,FocusLensStopQuickly_FW
0xff033c34,Fopen_Fut
0xff033c34,Fopen_Fut_FW
0xff033d20,Fread_Fut
0xff033d20,Fread_Fut_FW
0xff002ef0,free
0xff366168,FreeMemory
0xff366168,FreeMemory_FW
0xff038dcc,FreeUncacheableMemory
0xff033e14,Fseek_Fut
0xff033e14,Fseek_Fut_FW
0xff033d74,Fwrite_Fut
0xff033d74,Fwrite_Fut_FW
0xff08cac8,GetAdChValue_FW
0xff40f80c,GetAdjAFInteg_FW
0xff099cac,GetAdjDataAreaAddress_FW
0xff098ae0,GetAdjTableMapVersion_FW
0xff098af0,GetAdjTableValueVersion_FW
0xff098aa8,GetAdjTableVersion_FW
0xff099c88,GetAdjustmentOffset_FW
0xff08cac0,GetAdVBattBottom_FW
0xff1bde14,GetAEIntegralServiceMode_FW
0xff1bdaa0,GetAEIntegralValueWithFix_FW
0xff1bde08,GetAEIntegValueBit_FW
0xff1bd9a0,GetAEIntegWinData_FW
0xff1bd9b4,GetAEIntegWinDataWithMode_FW
0xff1bdbc4,GetAllAEIntegralAllValueWithFix_FW
0xff0313a4,GetBatteryCoverClose_FW
0xff0934bc,GetBatteryTemperature
0xff0934bc,GetBatteryTemperature_FW
0xff0c1398,GetBuildDate_FW
0xff0c13a0,GetBuildTime_FW
0xff31d18c,GetCameraInformationData_FW
0xff093448,GetCCDTemperature
0xff093448,GetCCDTemperature_FW
0xff40bd90,GetCdsGainValue_FW
0xff40bef8,GetCdsPreGainReg_FW
0xff009fb4,GetCh_FW
0xff362234,GetCheckSum_FW
0xff412ffc,GetContinuousMovieJpegVRAMData_FW
0xff4126ac,GetContinuousVRAMData_FW
0xff412e30,GetContinuousVRAMDataWithRingBuffer_FW
0xff40ca50,GetCrwImageInfo_FW
0xff31ce94,GetCurrentAdjImgDriveType_FW
0xff1bea18,GetCurrentAvCoefficient_FW
0xff1eb93c,GetCurrentAvValue
0xff1eb93c,GetCurrentAvValue_FW
0xff0d2d24,GetCurrentCaptureModeType_FW
0xff31d13c,GetCurrentCcdTemp_FW
0xff40bf18,GetCurrentDriveBaseSvValue_FW
0xff108edc,GetCurrentExposureTime_FW
0xff1eac18,GetCurrentFocusLensPosition_FW
0xff1eac18,GetCurrentFocusPosition_FW
0xff31ceac,GetCurrentImgDrvMode_FW
0xff1bf808,GetCurrentMaximumLogSize_FW
0xff31d15c,GetCurrentOptTemp_FW
0xff108be0,GetCurrentShutterSpeed_FW
0xff1eabb0,GetCurrentTargetDistance_FW
0xff31d7c4,GetCurrentZoomLensDirection_FW
0xff1eef00,GetCurrentZoomLensPoint_FW
0xff1eee50,GetCurrentZoomLensPosition_FW
0xff1eef00,GetCurrentZoomPoint_FW
0xff1eee50,GetCurrentZoomPosition_FW
0xff35f584,GetCZMovieDefaultSpeed_FW
0xff35f56c,GetCZMovieHighSpeed_FW
0xff35f574,GetCZMovieLowSpeed_FW
0xff35f57c,GetCZStillDefaultSpeed_FW
0xff35f55c,GetCZStillHighSpeed_FW
0xff35f564,GetCZStillLowSpeed_FW
0xff1f6100,GetDateAndTime_FW
0xff4136d4,GetDay_FW
0xff09f2d0,GetdccdFilterValue_FW
0xff09f0e4,GetdccdImage_FW
0xff0997fc,GetDCPAdjOffset_FW
0xff2c0408,GetDefectAllResultData_FW
0xff2c03a0,GetDefectCrawInfo_FW
0xff2c0538,GetDefectHistgramInfo_FW
0xff2c0454,GetDefectPartResultData_FW
0xff2c0570,GetDefectTvAdj_FW
0xff031398,GetDialEventId_FW
0xff0ad66c,GetDISModeParameter_FW
0xff361e4c,GetDISModeParamType_FW
0xff0a578c,GetDrive_ClusterSize
0xff0a5f6c,GetDrive_FreeClusters
0xff0a5f44,GetDrive_TotalClusters
0xff19d35c,GetDriverInfoEvent_FW
0x0067f1d0,GetEventFlagValue
0xff4110bc,GetExStrobeID_FW
0xff302900,GetFaceAuthBinAddr_FW
0xff302908,GetFaceAuthBinSize_FW
0xff0c13a8,GetFirmwareVersion_FW
0xff0ad7e0,GetFixedPWMOutA_FW
0xff0ad7ec,GetFixedPWMOutB_FW
0xff1eb094,GetFocusDefaultResetPosition_FW
0xff36071c,GetFocusLensCarrierFrequency_FW
0xff34decc,GetFocusLensCurrentPosition_FW
0xff34ded0,GetFocusLensCurrentPositionWithMotor_FW
0xff34ded4,GetFocusLensDriveVoltage_FW
0xff34dff8,GetFocusLensGainSlope_FW
0xff34dfac,GetFocusLensHoldVoltage_FW
0xff3604e8,GetFocusLensLoadCamTable_FW
0xff3604c0,GetFocusLensLoadSubjectDistance_FW
0xff360608,GetFocusLensMoveMaxPosition_FW
0xff360620,GetFocusLensMoveMinPosition_FW
0xff36063c,GetFocusLensMoveRangeOfTelePoint_FW
0xff3604b8,GetFocusLensPositionRatio_FW
0xff1ea74c,GetFocusLensPullInMaxSpeed_FW
0xff34d4f8,GetFocusLensResetDefaultPosition_FW
0xff34d4e8,GetFocusLensResetPosition_FW
0xff4345f8,GetFocusLensResetVoltage_FW
0xff34df60,GetFocusLensSettingWaitVoltage_FW
0xff1eabb0,GetFocusLensSubjectDistance
0xff36043c,GetFocusLensSubjectDistance_FW
0xff1eaf44,GetFocusLensSubjectDistanceFromLens
0xff360458,GetFocusLensSubjectDistanceNumber_FW
0xff1ed1b8,GetFocusPiSensorLevel_FW
0xff1eb028,GetFocusResetPosition_FW
0xff0abae4,GetFocusStartZoomPosition_FW
0xff40cc6c,GetFrameRateWithApex_FW
0xff0ad22c,GetGyro10BitDACPitch_FW
0xff0ad238,GetGyro10BitDACYaw_FW
0xff0ad1dc,GetGyroDataPitch_FW
0xff0ad1f8,GetGyroDataYaw_FW
0xff36188c,GetGyroFilterCharge_FW
0xff416514,GetGyroFilterChargeStatus_FW
0xff0ad264,GetGyroHPFINOffsetPitch_FW
0xff0ad280,GetGyroHPFINOffsetYaw_FW
0xff0ad29c,GetGyroHPFINPitch_FW
0xff0ad2a4,GetGyroHPFINYaw_FW
0xff361eac,GetGyroNoiseData_FW
0xff4136fc,GetHour_FW
0xff321a9c,getImageDirName
0xff1c5a04,GetImageFolder
0xff092340,GetInputAverageLevel_FW
0xff0c1418,GetInternalFirmwareVersion_FW
0xff1eb93c,GetIrisAv_FW
0xff361d70,GetISCrossTalkComp_FW
0xff416550,GetISCrossTalkCompCoeff_FW
0xff3614d0,GetISDriveAaxis_FW
0xff3614f0,GetISDriveBaxis_FW
0xff3618ac,GetISFirmVersion_FW
0xff416380,GetISGyro10BitDACPitch_FW
0xff416388,GetISGyro10BitDACYaw_FW
0xff416360,GetISGyroData_FW
0xff416350,GetISGyroDataPitch_FW
0xff416358,GetISGyroDataYaw_FW
0xff361638,GetISGyroGainAaxis_FW
0xff361760,GetISGyroGainBaxis_FW
0xff361780,GetISGyroGainbyAxisType_FW
0xff416398,GetISGyroHPFINOffsetPitch_FW
0xff4163a0,GetISGyroHPFINOffsetYaw_FW
0xff416368,GetISGyroHPFINPitch_FW
0xff416370,GetISGyroHPFINYaw_FW
0xff416390,GetISGyroOffset10BitDACData_FW
0xff4163a8,GetISGyroOffsetHPFINData_FW
0xff416668,GetISGyroPitchGain_FW
0xff4166bc,GetISGyroYawGain_FW
0xff361bdc,GetISHallAmpFirstGain_FW
0xff416620,GetISHallDevicePitchGain_FW
0xff416608,GetISHallDevicePitchOffset_FW
0xff416628,GetISHallDeviceYawGain_FW
0xff416610,GetISHallDeviceYawOffset_FW
0xff3615c4,GetISHallGainAaxis_FW
0xff3615e4,GetISHallGainBaxis_FW
0xff361604,GetISHallGainbyAxisType_FW
0xff361550,GetISHallOffsetAaxis_FW
0xff361570,GetISHallOffsetBaxis_FW
0xff361590,GetISHallOffsetbyAxisType_FW
0xff416230,GetISHallOffsetDACValue_FW
0xff361b10,GetISHallOut1Amp_FW
0xff416378,GetISHPFINGyroData_FW
0xff416250,GetISLensCorrectedEViAaxis_FW
0xff41625c,GetISLensCorrectedEViBaxis_FW
0xff416268,GetISLensDampAaxis_FW
0xff416270,GetISLensDampBaxis_FW
0xff416648,GetISLensDriveValue_FW
0xff416238,GetISLensEViAaxis_FW
0xff416244,GetISLensEViBaxis_FW
0xff4166c4,GetISLensGyroGain_FW
0xff416630,GetISLensHallGain_FW
0xff416618,GetISLensHallOffset_FW
0xff416660,GetISLensPositionValue_FW
0xff3618fc,GetISParamVersion_FW
0xff416638,GetISPitchPWM_FW
0xff361510,GetISPositionAaxis_FW
0xff361530,GetISPositionBaxis_FW
0xff0ace2c,GetISPWMFrequency_FW
0xff416650,GetISShiftLensPitchPosition_FW
0xff416658,GetISShiftLensYawPosition_FW
0xff416640,GetISYawPWM_FW
0xff0907a0,GetKbdState
0xff413bd8,GetLastVBatADLevel_FW
0xff19d590,GetLatestHVPosition_FW
0xff03139c,GetLcdPosition_FW
0xff1ebba0,GetLensErrorStatus_FW
0xff1bf7ac,GetLogData_FW
0xff1bf7b4,GetLogDataOnlyAddMemory_FW
0xff1fbf3c,GetLogToFile_FW
0xff4164d8,GetLoopGain_FW
0xff361d3c,GetLoopGainAdjValue_FW
0xff361c3c,GetLoopGainCalcData_FW
0xff361a90,GetLPFParallelBest_FW
0xff362124,GetMacroISAngleAndVelocityA_FW
0xff362154,GetMacroISAngleAndVelocityB_FW
0xff4165a4,GetMacroISEstimateRadius_FW
0xff4165ac,GetMacroISEstimateVelocity_FW
0xff36206c,GetMacroISEstimRadiusA_FW
0xff362088,GetMacroISEstimRadiusB_FW
0xff416578,GetMacroISGain_FW
0xff3620b4,GetMacroISGainA_FW
0xff3620d0,GetMacroISGainB_FW
0xff06f614,GetMacroSupportZoomPoint_FW
0xff3618d4,GetMechaDSPVersion_FW
0xff360d40,GetMechaShutterCloseDacSetting_FW
0xff1ee41c,GetMechaShutterMoveTime_FW
0xff360d90,GetMechaShutterOpenDacSetting_FW
0xff1ee444,GetMechaShutterStatus_FW
0xff00506c,GetMemInfo
0xff413724,GetMinute_FW
0xff072e9c,GetMontblancVSize_FW
0xff4136a8,GetMonth_FW
0xff07670c,GetMovieJpegVRAMHPixelsSize_FW
0xff076718,GetMovieJpegVRAMVPixelsSize_FW
0xff350520,GetNdMoveTime_FW
0xff09234c,GetNowInputAverageLevel_FW
0x0067765c,GetNumberOfPostedMessages
0xff40be10,GetObClampValue_FW
0xff1bdc94,GetOnlyAEIntegData_FW
0xff093530,GetOpticalTemperature
0xff093530,GetOpticalTemperature_FW
0xff20756c,GetParameterData
0xff412d8c,GetPixelsOfViewangle_FW
0xff099c90,GetProductID_FW
0xff0c2a60,GetPropertyCase
0xff1f6078,GetPropertyCase_FW
0xff0bc0d4,GetRomID_FW
0xff03136c,GetSDDetect_FW
0xff031374,GetSDProtect
0xff031374,GetSDProtect_FW
0xff41374c,GetSecond_FW
0xff0c40c0,GetSelfControllerHandle_FW
0x0067793c,GetSemaphoreValue
0xff40bf10,GetSensorPreGain_FW
0xff40cc14,GetShutterSpeedRegularMaxLimit_FW
0xff40cc30,GetShutterSpeedRegularMinLimit_FW
0x00676884,GetSRAndDisableInterrupt
0xff00a004,GetStringWithPrompt_FW
0xff4125a8,GetSumYOfVRAMCenterLine_FW
0xff031300,GetSwitchStatus_FW
0xff3661c8,GetSystemTime
0xff3661c8,GetSystemTime_FW
0xff09f498,GetTestRecCrawAddress_FW
0xff1f5cb8,GetTimeFromRTC_FW
0x0067fc08,GetTimeOfSystem_FW
0xff31e698,GetTransparentMemory_FW
0xff31e6dc,GetTransparentMemoryPosition_FW
0xff31e688,GetTransparentMemorySize_FW
0xff40cc04,GetUserSetShutterSPeed_FW
0xff03014c,GetVBatVoltage_FW
0xff411cf0,GetVideoOutType_FW
0xff0766f4,GetVRAMHPixelsSize
0xff0766f4,GetVRAMHPixelsSize_FW
0xff076700,GetVRAMVPixelsSize
0xff076700,GetVRAMVPixelsSize_FW
0xff31d114,GetWLANMACAddress_FW
0xff413678,GetYear_FW
0xff351984,GetZoomActuatorCurrentPosition_FW
0xff351958,GetZoomActuatorSpeedPPS_FW
0xff31e128,GetZoomDefaultCommonDriveParam_FW
0xff31df28,GetZoomDefaultDriveParam_FW
0xff1efab4,GetZoomDrivingTime_FW
0xff1eef00,GetZoomLensCurrentPoint
0xff1eef00,GetZoomLensCurrentPoint_FW
0xff352778,GetZoomLensCurrentPosition
0xff1eee50,GetZoomLensCurrentPosition_FW
0xff361270,GetZoomLensDriveAmpereDac_FW
0xff1efab0,GetZoomLensMechaEdgePosition_FW
0xff31d504,GetZoomLensResetPlus_FW
0xff1ef3cc,GetZoomLensTelePoint_FW
0xff31dfe8,GetZoomNormalDriveParam_FW
0xff1ed170,GetZoomPiSensorLevel_FW
0xff31df88,GetZoomResetDriveParam_FW
0xff1f0ab4,GetZoomResetSensorLevel_FW
0xff1ef3cc,GetZoomTelePoint_FW
0x00677904,GiveSemaphore
0x00677904,GiveSemaphore_FW
0xff0c8f58,GUISrv_StartGUISystem
0xff0c8f58,GUISrv_StartGUISystem_FW
0xff038728,HardwareDefect_FW
0xff0386d4,HardwareDefectWithRestart_FW
0xff415ec4,HitISLensAgainstBottomEdge_FW
0xff415edc,HitISLensAgainstLeftEdge_FW
0xff415ef4,HitISLensAgainstRightEdge_FW
0xff415eac,HitISLensAgainstTopEdge_FW
0xff415f0c,HitISLensToMechaEdge_FW
0xff4162d4,HitISMechaEdgeInOpenControl_FW
0xff1bf7d0,InactivateAdjLog_FW
0xff1f6e60,InitializeAdjustmentFunction_FW
0xff1f6df0,InitializeAdjustmentSystem_FW
0xff09e804,Initializedccd_FW
0xff2c0978,InitializeDefectRec_FW
0xff09e804,InitializeDigicon_FW
0xff31ee18,InitializeFAExtendFile_FW
0xff31edf0,InitializeFAGeneralTest_FW
0xff414110,InitializeMechaDevice_FW
0xff18a3a8,InitializePTPIPTransportResponder_FW
0xff31ec38,InitializeSoundRec_FW
0xff09ddec,InitializeTestRec_FW
0xff07d638,InitializeWLAN_FW
0xff40c0a8,IsAdjCdsMode_FW
0xff361318,ISAutoCenter_FW
0xff093648,IsBatteryTemperature_FW
0xff093614,IsCCDTemperature_FW
0xff36135c,ISChangeOPENtoCLOSE_FW
0xff0c4be0,IsControlEventActive_FW
0xff36193c,ISControlStart_FW
0xff3619ec,ISControlStop_FW
0xff0331e0,IsDUIDFixFlag_FW
0xff411df0,IsEVFDrive_FW
0xff412330,IsEvfDriveMode_FW
0xff4110cc,IsExStrobeChargeComp_FW
0xff033178,IsFactoryMode_FW
0xff362374,ISFixedPWMOFF_FW
0xff362360,ISFixedPWMON_FW
0xff1eb004,IsFocusLensOutSidePosition_FW
0xff0313ac,IsHvSensorExist_FW
0xff0ac620,ISInitMotion_FW
0xff0abac0,IsLensOutside_FW
0xff1bf7fc,IsLogOutType_FW
0xff361b34,ISMDStart_FW
0xff361b44,ISMDStop_FW
0xff361340,ISMoveToMechaEdgeOPEN_FW
0xff033228,IsNormalCameraMode_FW
0xff302910,IsOKFaceAuthBinFile_FW
0xff0935e0,IsOpticalTemperature_FW
0xff3619fc,ISPanModeStart_FW
0xff361a0c,ISPanModeStop_FW
0xff1fbf64,IsRomLogAvailable_FW
0xff136238,IsStrobeChargeCompleted
0xff351154,IsZoomActuatorResetSensorPlusSide_FW
0xff1ef75c,IsZoomLensOutSidePosition_FW
0xff1bd3d4,j_AbortAEIntegralValue_FW
0xff1f5bcc,j_BeepDrive_FW
0xff1f5bd0,j_BeepDriveComp_FW
0xff034288,j_Close_FW
0xff0992fc,j_CreateUserSettingMirror_FW
0xff154420,j_E2LatOn_FW
0xff2cbbd0,j_EF.IsChargeFull_FW
0xff1f6238,j_exec_FW
0xff09f5f8,j_Executedccd_FW
0xff09f5f4,j_ExecuteDigicon_FW
0xff18cc28,j_ExecuteShutDownPropertyService_FW
0xff034920,j_ExMem.AllocCacheable_FW
0xff034918,j_ExMem.AllocUncacheable_FW
0xff034924,j_ExMem.FreeCacheable_FW
0xff03491c,j_ExMem.FreeUncacheable_FW
0xff034914,j_ExMem.View_FW
0xff1f5bc8,j_GetAdChValue_FW
0xff098adc,j_GetAdjTableVersion_FW
0xff1f5bc4,j_GetAdVBattBottom_FW
0xff1bd9b0,j_GetAEIntegWinData_FW
0xff1f5cac,j_GetBatteryCoverClose_FW
0xff0936a0,j_GetBatteryTemperature_FW
0xff31d1c8,j_GetCameraInformationData_FW
0xff09369c,j_GetCCDTemperature_FW
0xff40be60,j_GetCdsGainValue_FW
0xff1bea30,j_GetCurrentAvCoefficient_FW
0xff1bea14,j_GetCurrentAvValue_FW
0xff31d158,j_GetCurrentCcdTemp_FW
0xff40bf38,j_GetCurrentDriveBaseSvValue_FW
0xff40cb18,j_GetCurrentExposureTime_FW
0xff40de94,j_GetCurrentFocusLensPosition_FW
0xff40de94,j_GetCurrentFocusPosition_FW
0xff31d188,j_GetCurrentOptTemp_FW
0xff40cb24,j_GetCurrentShutterSpeed_FW
0xff40de38,j_GetCurrentTargetDistance_FW
0xff31d7e0,j_GetCurrentZoomLensDirection_FW
0xff31d7c0,j_GetCurrentZoomLensPoint_FW
0xff31d7b8,j_GetCurrentZoomLensPosition_FW
0xff31d7c0,j_GetCurrentZoomPoint_FW
0xff31d7b8,j_GetCurrentZoomPosition_FW
0xff09f600,j_GetdccdFilterValue_FW
0xff09f5fc,j_GetdccdImage_FW
0xff413d58,j_GetDCPAdjOffset_FW
0xff1f5ca4,j_GetDialEventId_FW
0xff416528,j_GetDISModeParameter_FW
0xff1f5cb4,j_GetDriverInfoEvent_FW
0xff3623c0,j_GetFixedPWMOutA_FW
0xff3623c4,j_GetFixedPWMOutB_FW
0xff40de28,j_GetFocusDefaultResetPosition_FW
0xff36042c,j_GetFocusLensCurrentPosition_FW
0xff360430,j_GetFocusLensCurrentPositionWithMotor_FW
0xff360514,j_GetFocusLensDriveVoltage_FW
0xff3605cc,j_GetFocusLensGainSlope_FW
0xff36058c,j_GetFocusLensHoldVoltage_FW
0xff360638,j_GetFocusLensPullInMaxSpeed_FW
0xff360438,j_GetFocusLensResetDefaultPosition_FW
0xff360434,j_GetFocusLensResetPosition_FW
0xff3605c8,j_GetFocusLensResetVoltage_FW
0xff360550,j_GetFocusLensSettingWaitVoltage_FW
0xff360b88,j_GetFocusPiSensorLevel_FW
0xff40de30,j_GetFocusResetPosition_FW
0xff360abc,j_GetFocusStartZoomPosition_FW
0xff3617f4,j_GetGyro10BitDACPitch_FW
0xff3617f8,j_GetGyro10BitDACYaw_FW
0xff3617b4,j_GetGyroDataPitch_FW
0xff3617b8,j_GetGyroDataYaw_FW
0xff361834,j_GetGyroHPFINOffsetPitch_FW
0xff361838,j_GetGyroHPFINOffsetYaw_FW
0xff36183c,j_GetGyroHPFINPitch_FW
0xff361840,j_GetGyroHPFINYaw_FW
0xff3609ac,j_GetIrisAv_FW
0xff3623f0,j_GetISPWMFrequency_FW
0xff1f5ca8,j_GetLcdPosition_FW
0xff360ab8,j_GetLensErrorStatus_FW
0xff2d32d0,j_GetMacroSupportZoomPoint_FW
0xff360ddc,j_GetMechaShutterMoveTime_FW
0xff360dd8,j_GetMechaShutterStatus_FW
0xff412ec8,j_GetMovieJpegVRAMHPixelsSize_FW
0xff412ed0,j_GetMovieJpegVRAMVPixelsSize_FW
0xff360f28,j_GetNdMoveTime_FW
0xff40be30,j_GetObClampValue_FW
0xff093698,j_GetOpticalTemperature_FW
0xff1f5c8c,j_GetSDDetect_FW
0xff1f5c90,j_GetSDProtect_FW
0xff40cc2c,j_GetShutterSpeedRegularMaxLimit_FW
0xff40cc48,j_GetShutterSpeedRegularMinLimit_FW
0xff1f5c78,j_GetSwitchStatus_FW
0xff413be0,j_GetVBatVoltage_FW
0xff411d9c,j_GetVideoOutType_FW
0xff412614,j_GetVRAMHPixelsSize_FW
0xff41261c,j_GetVRAMVPixelsSize_FW
0xff351964,j_GetZoomActuatorCurrentPosition_FW
0xff31d8f4,j_GetZoomDrivingTime_FW
0xff3612e8,j_GetZoomLensCurrentPoint_FW
0xff3612ec,j_GetZoomLensCurrentPosition_FW
0xff3612f4,j_GetZoomLensMechaEdgePosition_FW
0xff31e214,j_GetZoomLensResetPlus_FW
0xff3612f0,j_GetZoomLensTelePoint_FW
0xff360bac,j_GetZoomPiSensorLevel_FW
0xff31d8b4,j_GetZoomResetSensorLevel_FW
0xff31d8ac,j_GetZoomTelePoint_FW
0xff09f5ec,j_Initializedccd_FW
0xff09f5ec,j_InitializeDigicon_FW
0xff31ecb4,j_InitializeSoundRec_FW
0xff09f3bc,j_InitializeTestRec_FW
0xff31cff8,j_InitializeWLAN_FW
0xff0936ac,j_IsBatteryTemperature_FW
0xff0936a8,j_IsCCDTemperature_FW
0xff411e18,j_IsEVFDrive_FW
0xff40e42c,j_IsFocusLensOutSidePosition_FW
0xff1f5cb0,j_IsHvSensorExist_FW
0xff360ab4,j_IsLensOutside_FW
0xff0936a4,j_IsOpticalTemperature_FW
0xff351968,j_IsZoomActuatorResetSensorPlusSide_FW
0xff31dbd4,j_IsZoomLensOutSidePosition_FW
0xff31d0f4,j_LeaveWLANNetwork_FW
0xff2ddb74,j_LiveImageTool.GetDzoomPosition_FW
0xff413ae4,j_LoadFactoryNumber_FW
0xff413bcc,j_LoadSerialNumber_FW
0xff1f61ac,j_MemoryChecker_FW
0xff1f61a8,j_MonSelEvent_FW
0xff034910,j_NewTaskShell_FW
0xff034284,j_Open_FW
0xff0bfbe4,j_OpLog.WriteToROM_FW
0xff1f6220,j_Peek16_FW
0xff1f621c,j_Peek32_FW
0xff1f6224,j_Peek8_FW
0xff1f61a4,j_Printf_FW
0xff0c54dc,j_PTM_AllReset_FW
0xff0c59a4,j_PTM_BackupUIProperty_FW
0xff0c58f4,j_PTM_GetWorkingCaptureMode_FW
0xff0c5988,j_PTM_IsEnableItem_FW
0xff0c5970,j_PTM_NextItem_FW
0xff0c5974,j_PTM_PrevItem_FW
0xff0c58f8,j_PTM_SetCurrentItem_FW
0xff0c598c,j_PTM_SetProprietyEnable_FW
0xff034890,j_PutsCameraLogEvent_FW
0xff034388,j_Read_FW
0xff411374,j_RegistColorMatrix_FW
0xff1f61c4,j_SDump_FW
0xff4116a4,j_SetAE_CdsGainValue_FW
0xff034884,j_ShowCameraLog_FW
0xff034888,j_ShowCameraLogInfo_FW
0xff1f6d24,j_SS.GetDigitalZoomPosition_FW
0xff034880,j_StartCameraLog_FW
0xff36133c,j_StartISLocalAutoCenter_FW
0xff361338,j_StartISLocalHallAdjust_FW
0xff1bdfb4,j_StopAEIntegralService_FW
0xff03488c,j_StopCameraLog_FW
0xff00ae48,j_strcmp_FW
0xff09f5f0,j_Terminatedccd_FW
0xff09f5f0,j_TerminateDigicon_FW
0xff31ecb8,j_TerminateSoundRec_FW
0xff09f3c0,j_TerminateTestRec_FW
0xff31cffc,j_TerminateWLAN_FW
0xff207f4c,j_UIFS_CancelStoreLensTimer_FW
0xff207b4c,j_UIFS_Capture_FW
0xff207b50,j_UIFS_CaptureNoneStop_FW
0xff207f50,j_UIFS_DisplayFirmUpdateView_FW
0xff207b84,j_UIFS_GetMovieRecoadableNumber_FW
0xff207f40,j_UIFS_GetNumberOfDisplayedImage_FW
0xff207b18,j_UIFS_GetNumOfOptZoomPos_FW
0xff207b88,j_UIFS_GetStillShotableNumber_FW
0xff207f3c,j_UIFS_IsAvailableShots_FW
0xff207b14,j_UIFS_MoveZoomTo_FW
0xff207f44,j_UIFS_PlayTrimExecuteAllImageSize_FW
0xff207b54,j_UIFS_StartMovieRecord_FW
0xff207b58,j_UIFS_StopMovieRecord_FW
0xff207f48,j_UIFS_WirelessExecuteSendForever_FW
0xff207b80,j_UIFS_WriteFirmInfoToFile_FW
0xff1f5be0,j_VbattGet_FW
0xff1f61b0,j_VerifyByte_FW
0xff03438c,j_Write_FW
0xff0993c4,j_WRITEADJTABLETOFROM_FW
0xff31d014,JoinWLANNetwork_FW
0xff362184,JumpToProgFirst_FW
0xff031404,kbd_p1_f
0xff031410,kbd_p1_f_cont
0xff030ba0,kbd_p2_f
0xff0313b4,kbd_read_keys
0xff0901fc,kbd_read_keys_r2
0xff19a6c0,LcdCon_GetLcdAdjParameter_FW
0xff19a344,LcdCon_GetLcdBackLightParameter_FW
0xff19a8ec,LcdCon_GetLcdParameter_FW
0xff19a750,LcdCon_SaveLcdAdjParameter_FW
0xff19a3d0,LcdCon_SaveLcdBackLightParameter_FW
0xff19a97c,LcdCon_SaveLcdParameter_FW
0xff19a60c,LcdCon_SetLcdAdjParameter_FW
0xff19a2ac,LcdCon_SetLcdBackLightBrightness_FW
0xff19a2e0,LcdCon_SetLcdBackLightParameter_FW
0xff19a5a8,LcdCon_SetLcdDriver_FW
0xff19a76c,LcdCon_SetLcdParameter_FW
0xff19a710,LcdCon_ShowLcdAdjParameter_FW
0xff19a390,LcdCon_ShowLcdBackLightParameter_FW
0xff19a93c,LcdCon_ShowLcdParameter_FW
0xff19aab4,LcdCon_StartLcdPeriodicalSetting_FW
0xff19aae8,LcdCon_StopLcdPeriodicalSetting_FW
0xff3cbe34,LCDMsg_ChangeColor_FW
0xff3cbc00,LCDMsg_Create_FW
0xff3cb9a8,LCDMsg_Delete_FW
0xff3cb958,LCDMsg_Move_FW
0xff3cbd48,LCDMsg_SetNum_FW
0xff3cbd60,LCDMsg_SetStr_FW
0xff3cbcb0,LCDMsg_SwDisp_FW
0xff07d74c,LeaveWLANNetwork_FW
0xff1f5be4,LEDDrive
0xff1f5be4,LEDDrive_FW
0xff2bff18,LineDefDetect_FW
0xff2bffd0,LineKizuCheck_FW
0xff2ddb04,LiveImageTool.ChangeDzoom_FW
0xff2ddb94,LiveImageTool.Dister_FW
0xff2dda68,LiveImageTool.DzoomTele_FW
0xff2dda88,LiveImageTool.DzoomWide_FW
0xff075d30,LiveImageTool.GetDzoomPosition_FW
0xff2ddb78,LiveImageTool.Jump_FW
0xff2ddae4,LiveImageTool.Pause_FW
0xff2ddaf4,LiveImageTool.Resume_FW
0xff2dd8f8,LiveImageTool.StartEVF_FW
0xff2dd904,LiveImageTool.StartEVFFocusJet_FW
0xff2dd910,LiveImageTool.StartEVFMF_FW
0xff2dda50,LiveImageTool.StartEVFMovFULLHD60P_FW
0xff2dda48,LiveImageTool.StartEVFMovFULLHD_FW
0xff2dda34,LiveImageTool.StartEVFMovHD_FW
0xff2dda10,LiveImageTool.StartEVFMovQVGA_FW
0xff2dda2c,LiveImageTool.StartEVFMovQVGA_HS_FW
0xff2dd9fc,LiveImageTool.StartEVFMovVGA_FW
0xff2dda24,LiveImageTool.StartEVFMovVGA_HS_FW
0xff2ddad4,LiveImageTool.StopDzoom_FW
0xff2dda58,LiveImageTool.StopEVF_FW
0xff098ba4,LoadAdjustmentTable_FW
0xff098ff0,LoadAdjustmentValue_FW
0xff1beca0,LoadDataFromAdjTableBin_FW
0xff098bb4,LoadDefectAdjTable_FW
0xff1beefc,LoadFactoryIDData_FW
0xff413a04,LoadFactoryNumber_FW
0xff1beba0,LoadParamDataFromAdjTableBin_FW
0xff0bc3c0,LoadScript_FW
0xff413ae8,LoadSerialNumber_FW
0x0067f6b0,LocalTime
0xff0c4ed8,LockMainPower
0xff0c4ed8,LockMainPower_FW
0xff0bf58c,LogCameraEvent
0xff0343f8,Lseek
0xff0343f8,lseek
0xff0343f8,Lseek_FW
0xff366310,MakeBootDisk_FW
0xff366324,MakeScriptDisk_FW
0xff0a63f0,MakeSDCardBootable
0xff002e98,malloc
0xff1f59d0,Mecha.Create_FW
0xff362468,MechaCPUMemoryDump_FW
0xff36248c,MechaCPUMemoryWrite_FW
0xff1f5a44,MechaReset_FW
0xff1f5a50,MechaTerminate_FW
0xff1f5974,MechaUnRegisterEventProcedure_FW
0xff00ad4c,memcmp
0xff00ad4c,memcmp_FW
0xff039818,memcpy
0xff039818,memcpy_FW
0xff365d38,MemoryChecker_FW
0xff0d8eb8,memset
0xff0d8eb8,memset_FW
0xff000d80,memShow_FW
0xff2bf9b0,MergeAndConvertDefect_FW
0xff2c0198,MixPixDetect_FW
0xff034678,mkdir
0xff0d8360,mktime_ext
0xff1f60e4,mod_FW
0xff36624c,MonSelEvent_FW
0xff31dd60,MoveComputerZoomToPoint_FW
0xff0c3f80,MoveControllerToTopOfZOrder_FW
0xff1e94a8,MoveCzPeakPositon_FW
0xff35f458,MoveCZToPoint_FW
0xff35f4f8,MoveCZToPointByOVF_FW
0xff35f4c8,MoveCZToTele_FW
0xff35f498,MoveCZToWide_FW
0xff433b44,MoveDCMotorCCW_FW
0xff433ab4,MoveDCMotorCW_FW
0xff35fd80,MoveFocusActuator_FW
0xff40e1e8,MoveFocusDistance_FW
0xff360764,MoveFocusLensChangeCarrierFrequency_FW
0xff40e1e8,MoveFocusLensToDistance
0xff40e1e8,MoveFocusLensToDistance_FW
0xff40e0cc,MoveFocusLensToPosition_FW
0xff40dfac,MoveFocusLensToPositionWithMaxSpeed_FW
0xff40dff4,MoveFocusLensToPositionWithSpeed_FW
0xff35f738,MoveFocusLensToTerminate_FW
0xff40dec4,MoveFocusLensToTerminatePosition_FW
0xff35f794,MoveFocusLensWithDistance_FW
0xff35f8c0,MoveFocusLensWithPosition_FW
0xff35fa04,MoveFocusLensWithPositionImmediateReturn_FW
0xff35fc24,MoveFocusLensWithPositionWithCompBacklash_FW
0xff35faec,MoveFocusLensWithPositionWithoutBacklash_FW
0xff40e11c,MoveFocusPosition_FW
0xff40dec4,MoveFocusToTerminate_FW
0xff1beb28,MoveIrisFullClose_FW
0xff1beaf0,MoveIrisFullOpen_FW
0xff1be99c,MoveIrisToAv_FW
0xff360954,MoveIrisToTerminatePosition_FW
0xff36095c,MoveIrisWithAv
0xff36095c,MoveIrisWithAv_FW
0xff360984,MoveIrisWithAvWithoutBacklash_FW
0xff415f54,MoveISLensToBottomLimitPosition_FW
0xff4166fc,MoveISLensToCentralPosition_FW
0xff415f3c,MoveISLensToLeftLimitPosition_FW
0xff415f84,MoveISLensToLimitPosition_FW
0xff415f24,MoveISLensToRightLimitPosition_FW
0xff415f6c,MoveISLensToTopLimitPosition_FW
0xff360a2c,MoveLensToFirstPoint_FW
0xff360a7c,MoveLensToTerminatePoint_FW
0xff3518f4,MoveZoomActuator_FW
0xff3611c0,MoveZoomLensToMechaEdge_FW
0xff31e2b0,MoveZoomLensToMechaEnd_FW
0xff31dd20,MoveZoomLensToPoint_FW
0xff31dce0,MoveZoomLensToPosition_FW
0xff31e3bc,MoveZoomLensToPositionByManual_FW
0xff361180,MoveZoomLensToTerminatePosition_FW
0xff361098,MoveZoomLensWithPoint
0xff361098,MoveZoomLensWithPoint_FW
0xff3610e4,MoveZoomLensWithPointImmediateReturn_FW
0xff361134,MoveZoomLensWithPosition_FW
0xff31dd20,MoveZoomPoint_FW
0xff31dce0,MoveZoomPosition_FW
0xff138504,MovieAF.Resume_FW
0xff1384f0,MovieAF.Suspend_FW
0xff0c1ff8,NewTaskShell
0xff0c2058,NewTaskShell_FW
0xff4165f8,NotifyISMacroDistance_FW
0xff2a4d34,NR_GetDarkSubType
0xff2a4c6c,NR_SetDarkSubType
0xff1f7910,NR_SetDoubleNRType_FW
0xff1f78fc,NR_SetLotasPonyType_FW
0xff2a4d34,NRTBL.GetDarkSubType_FW
0xff2a4dac,NRTBL.GetDefectCorrectType_FW
0xff2a4c6c,NRTBL.SetDarkSubType_FW
0xff2a4d08,NRTBL.SetDefectCorrectType_FW
0xff2a4d8c,NRTBL.SetTassenType_FW
0xff1f5c68,OffPrintPhySw_FW
0xff40d894,OneShotWhigeBalance_FW
0xff40d894,OneTypeWhiteBalance_FW
0xff1f5c58,OnPrintPhySw_FW
0xff034114,Open
0xff0058d4,open
0xff034114,Open_FW
0xff00a0a4,OpenConsole_FW
0xff33d720,OpenFastDir
0xff034418,OpenForScrip_FW
0xff360cc8,OpenMechaShutter_FW
0xff40cd34,OpenMShutter_FW
0xff034894,OpLog.Create_FW
0xff0c0620,OpLog.Get_FW
0xff0c0640,OpLog.GetUsrSet_FW
0xff0c0764,OpLog.Play_FW
0xff0bfc18,OpLog.ReadFromROM_FW
0xff0bfc80,OpLog.ReadFromSD_FW
0xff0c0908,OpLog.Start_FW
0xff0bfb88,OpLog.Stop_FW
0xff0c0a14,OpLog.Terminate_FW
0xff0bfbb4,OpLog.WriteToROM_FW
0xff0c00c0,OpLog.WriteToSD_FW
0xff1bf380,OutputLogToFile_FW
0xff081764,PB2Rec
0xff366198,Peek16_FW
0xff366190,Peek32_FW
0xff3661a0,Peek8_FW
0xff31d0dc,PingWLANNetwork_FW
0xff2bf818,PointDefDetect_FW
0xff2bfcf0,PointKizuCheck_FW
0xff1f61fc,Poke16_FW
0xff1f61ec,Poke32_FW
0xff1f620c,Poke8_FW
0xff0c47d4,PostEventShootSeqToUI_FW
0xff0c45c8,PostLogicalEventForNotPowerType
0xff0c45c8,PostLogicalEventForNotPowerType_FW
0xff0c4614,PostLogicalEventToUI
0xff0c4614,PostLogicalEventToUI_FW
0x00677564,PostMessageQueue
0x00677d90,PostMessageQueueStrictly
0xff411858,PreFixAE_FW
0xff099300,PrintAdjKabotanInfo_FW
0xff099014,PrintAdjTableMap_FW
0xff1bc904,PrintAllAEIntegData_FW
0xff0bc3b4,Printf_FW
0xff1bf0e0,PrintFaexeVersioin_FW
0xff1bf0ac,PrintFirmVersion_FW
0xff410d14,PrintMultiWinScanTable_FW
0xff410ac8,PrintScanTable_FW
0xff1f6ce8,PT_MoveDigitalZoomToWide
0xff1f6cb8,PT_MoveOpticalZoomAt
0xff0d54c8,PT_PlaySound
0xff206820,PTM_AllReset_FW
0xff0c54cc,PTM_AllResetToFactorySetting_FW
0xff2074d8,PTM_BackupUIProperty_FW
0xff0c5904,PTM_GetCurrentItem_FW
0xff206b78,PTM_GetWorkingCaptureMode_FW
0xff20740c,PTM_IsEnableItem_FW
0xff206ea8,PTM_NextItem_FW
0xff206eb0,PTM_PrevItem_FW
0xff0c59a8,PTM_RestoreUIProperty_FW
0xff0c5798,PTM_SetCurrentCaptureMode_FW
0xff206b90,PTM_SetCurrentItem_FW
0xff2071c4,PTM_SetProprietyEnable_FW
0xff360e70,PutInNdFilter
0xff31d368,PutInNdFilter_FW
0xff360e94,PutOutNdFilter
0xff31d3a4,PutOutNdFilter_FW
0xff0bf264,PutsCameraLogEvent_FW
0xff282ec4,qsort
0xff15421c,QuietImager_FW
0xff0d8dbc,rand
0xff005b28,Read
0xff005b28,read
0xff005b28,Read_FW
0xff33d874,ReadFastDir
0xff282f24,realloc
0xff365834,reboot_fw_update
0xff0817a4,Rec2PB
0xff360bf4,ReceiveMechaCircuitDataAll_FW
0x00677418,ReceiveMessageQueue
0x00677d64,ReceiveMessageQueueStrictly
0xff0992e4,RefreshAdjustmentTableMirror_FW
0xff0992f4,RefreshDefectTableMirror_FW
0xff02e774,RegComEventProc_FW
0xff41133c,RegistColorMatrix_FW
0xff0be578,RegisterEventProcedure
0x00676848,RegisterInterruptHandler
0xff18a2d0,RegisterNotifyConnectPTPIP_FW
0xff18a2d0,RegisterNotifyPTPIP_FW
0xff18a2f8,RegisterResponseConnectPTPIP_FW
0xff18a2f8,RegisterResponsePTPIP_FW
0xff09f614,RegistFirmScanNoticeCBR_FW
0x0067f510,ReleaseRecursiveLock
0xff4109ec,ReloadAFAdjustment_FW
0xff40be00,ReloadCdsAdjustment_FW
0xff411278,ReloadColorAdjustment_FW
0xff413ed4,ReloadDefectAdjustmentData_FW
0xff4110f0,ReloadEfAdjustment_FW
0xff40de14,ReloadFocusLensAdjustment_FW
0xff413ee4,ReloadFROMDefectAdjustmentData_FW
0xff1bea00,ReloadGetaAdjustment_FW
0xff1be9ec,ReloadIrisAdjustment_FW
0xff4166ec,ReloadISAdjustment_FW
0xff31d344,ReloadNdFilterAdjustment_FW
0xff413ef8,ReloadShadingAdjustmentData_FW
0xff40d9e8,ReloadWBAdjustment_FW
0xff31d7e8,ReloadZoomAdjustment_FW
0xff31e668,RemoveTransparentMemory_FW
0xff033ad4,RenameFile_Fut
0xff18a1d8,RequestConnectPTPIP_FW
0xff18a220,RequestConnectPTPIPDef_FW
0xff18a0f4,RequestDisconnectPTPIP_FW
0xff40e254,ResetFocus_FW
0xff35f664,ResetFocusLens
0xff35f664,ResetFocusLens_FW
0xff360930,ResetIris_FW
0xff09f604,ResetRegistNoticeCBR_FW
0xff31dc38,ResetZoom_FW
0xff360fec,ResetZoomLens
0xff360fec,ResetZoomLens_FW
0xff361018,ResetZoomLensToFirst_FW
0xff361058,ResetZoomLensToTermiante_FW
0xff31dda0,ResetZoomToAdjFirstPoint_FW
0xff31de64,ResetZoomToAdjTerminatePoint_FW
0xff31dc70,ResetZoomToFirst_FW
0xff31dc70,ResetZoomToFirstPoint_FW
0xff31dca8,ResetZoomToTerminate_FW
0xff31dca8,ResetZoomToTerminatePoint_FW
0xff0382e8,Restart
0xff0c1698,RomCheckSum_FW
0xff009d24,RotateConsoleZOder_FW
0xff098f28,SaveAdjustmentTable_FW
0xff098fb8,SaveAdjustmentValue_FW
0xff4132c8,SaveBatSenseOffsetAdjustmentTable_FW
0xff1f702c,SaveBmpVRAMData_FW
0xff098f94,SaveDefectAdjTable_FW
0xff1beedc,SaveFactoryIDData_FW
0xff413be4,SaveFactoryReserveData_FW
0xff40e530,SaveFocusResetPulse_FW
0xff4137c8,SaveFromImage_FW
0xff1f73a0,SavePaletteData
0xff1f73a0,SavePaletteData_FW
0xff1a6d70,Scene.ForbidContiSceneDetect_FW
0xff1a6df8,Scene.TestBabySleep_FW
0xff1a6dc8,Scene.TestBabySmile_FW
0xff1a6e58,Scene.TestHumanSleep_FW
0xff1a6e28,Scene.TestHumanSmile_FW
0xff1a6e88,Scene.TestKidMove_FW
0xff1a6d9c,Scene.TestSunset_FW
0xff0c9d9c,ScreenLock
0xff0c9df0,ScreenUnlock
0xff365f48,SDump_FW
0xff415f9c,SearchBCentralPosition_FW
0xff415f9c,SearchISLensCentralPosition_FW
0xff40f23c,SelectAdjBPFilter_FW
0xff361ac0,SelectPositionSignal_FW
0xff360bd0,SendMechaCircuitData_FW
0xff2bfd64,SensDefCrowdCheck_FW
0xff0c4910,set_control_event
0xff4117c8,SetAdj_AEMode_FW
0xff1be26c,SetAdjAEIntegSmearLimitter_FW
0xff40f8dc,SetAdjAFIntegCrwAdd_FW
0xff40f268,SetAdjAFWinPos_FW
0xff40c060,SetAdjCdsMode_FW
0xff411698,SetAE_CdsGainValue_FW
0xff411558,SetAE_ShutterSpeed
0xff411558,SetAE_ShutterSpeed_FW
0xff1be240,SetAEIntegAverageOBData_FW
0xff1bd490,SetAEIntegCorrectProperty_FW
0xff1bd53c,SetAEIntegralGetaTime_FW
0xff1bd4f8,SetAEIntegralValueProperty_FW
0xff1bd3f4,SetAEIntegStrobeProperty_FW
0xff1bdde8,SetAEIntegValueBit_FW
0xff1bdd88,SetAEIntegWindowsMode_FW
0xff0c4f4c,SetAutoShutdownTime
0xff0c4f4c,SetAutoShutdownTime_FW
0xff40f2e4,SetBPFilterForBP_FW
0xff40be64,SetCDSGain_FW
0xff40c02c,SetCDSGainStep_FW
0xff40be64,SetCdsGainValue_FW
0xff40beb0,SetCdsPreGainReg_FW
0xff0d2ce8,SetCurrentCaptureModeType
0xff0d2ce8,SetCurrentCaptureModeType_FW
0xff1e94b0,SetCzDebugFocusMode_FW
0xff1e94b0,SetCzDebugSubjectDistance_FW
0xff4132e0,SetDate_FW
0xff4134e4,SetDay_FW
0xff433bd4,SetDCMotorWaitTime_FW
0xff1be290,SetDefaultAEIntegSmearLimitter_FW
0xff1c17f4,SetDefaultRecParameter_FW
0xff2c04dc,SetDefectDebugInfo_FW
0xff2c06b0,SetDefectRecParam_FW
0xff40bdb8,SetDeltaCDSGain_FW
0xff361e34,SetDISModeParam_FW
0xff4164f4,SetDISModeParameter_FW
0xff3621dc,SetDspDataEndAddress_FW
0xff3621f0,SetDspProgEndAddress_FW
0xff033024,SetDUIDFixFlag_FW
0xff032f2c,SetDurianMode_FW
0x0067f164,SetEventFlag
0xff4110d8,SetExStrobeMode_FW
0xff033124,SetFactoryMasterFlag_FW
0xff033154,SetFactoryMasterROMProtection_FW
0xff032fac,SetFactoryMode_FW
0xff41398c,SetFactorySerialNumber_FW
0xff31e4c0,SetFaexeEventTableActivation_FW
0xff0345e0,SetFileAttributes
0xff034568,SetFileTimeStamp
0xff3621c8,SetFirmEndAddress_FW
0xff3621ac,SetFirmSRDYWait_FW
0xff362388,SetFixedPWMOutA_FW
0xff3623a4,SetFixedPWMOutB_FW
0xff35fe90,SetFocusActuatorHoldVoltage_FW
0xff35fea4,SetFocusActuatorSlopeHoldVoltage_FW
0xff35fff4,SetFocusLensAccelerationTable_FW
0xff36072c,SetFocusLensCarrierFrequency_FW
0xff360190,SetFocusLensCondition_FW
0xff36017c,SetFocusLensDefaultPullOutTable_FW
0xff360518,SetFocusLensDriveVoltage_FW
0xff3605d0,SetFocusLensGainSlope_FW
0xff360590,SetFocusLensHoldVoltage_FW
0xff3602e4,SetFocusLensMaxSpeedLimit_FW
0xff360554,SetFocusLensSettingWaitVoltage_FW
0xff360100,SetFocusLensSlowdownTable_FW
0xff35fec0,SetFocusLensSpeed_FW
0xff35ff40,SetFocusLensSpeedTable_FW
0xff40e468,SetFocusResetState_FW
0xff3617bc,SetGyro10BitDACPitch_FW
0xff3617d8,SetGyro10BitDACYaw_FW
0xff36185c,SetGyroFilterChargeStart_FW
0xff361874,SetGyroFilterChargeStop_FW
0xff3617fc,SetGyroHPFINOffsetPitch_FW
0xff361818,SetGyroHPFINOffsetYaw_FW
0xff41354c,SetHour_FW
0xff0bdc80,SetHPTimerAfterNow
0xff0bdd00,SetHPTimerAfterTimeout
0xff1f5c94,SetIgnoreAVJACK_FW
0xff4132d8,SetImageMode_FW
0xff4132b4,SetInputVoltage_FW
0xff361e8c,SetISAdjData_FW
0xff415fdc,SetISControllMode_FW
0xff361a1c,SetISControlType_FW
0xff361dc4,SetISCrossTalkCompA1_FW
0xff361de0,SetISCrossTalkCompA2_FW
0xff361dfc,SetISCrossTalkCompB1_FW
0xff361e18,SetISCrossTalkCompB2_FW
0xff41652c,SetISCrossTalkCompCoeff_FW
0xff4162ac,SetISCutOffFreqIndex_FW
0xff36136c,SetISDriveAaxis_FW
0xff361388,SetISDriveBaxis_FW
0xff3620a4,SetISFocusLensDistance_FW
0xff416328,SetISGyro10BitDACPitch_FW
0xff416334,SetISGyro10BitDACYaw_FW
0xff4163f0,SetISGyroCompensationMode_FW
0xff4163b0,SetISGyroFilterCharge_FW
0xff36146c,SetISGyroGainAaxis_FW
0xff361488,SetISGyroGainBaxis_FW
0xff3614a4,SetISGyroGainbyAxisType_FW
0xff416300,SetISGyroHPFINOffsetPitch_FW
0xff41630c,SetISGyroHPFINOffsetYaw_FW
0xff416340,SetISGyroOffset10BitDACData_FW
0xff416318,SetISGyroOffsetHPFINData_FW
0xff416148,SetISGyroPitchGain_FW
0xff416134,SetISGyroYawGain_FW
0xff361bc4,SetISHallAmpFirstGain_FW
0xff416188,SetISHallDevicePitchGain_FW
0xff4161c8,SetISHallDevicePitchOffset_FW
0xff416174,SetISHallDeviceYawGain_FW
0xff4161b4,SetISHallDeviceYawOffset_FW
0xff361408,SetISHallGainAaxis_FW
0xff361424,SetISHallGainBaxis_FW
0xff361440,SetISHallGainbyAxisType_FW
0xff3613a4,SetISHallOffsetAaxis_FW
0xff3613c0,SetISHallOffsetBaxis_FW
0xff3613dc,SetISHallOffsetbyAxisType_FW
0xff361ae8,SetISHPFCutoff_FW
0xff4162ac,SetISHPFCutOffFreqIndex_FW
0xff41611c,SetISLensDriveValue_FW
0xff41615c,SetISLensGyroGain_FW
0xff41619c,SetISLensHallGain_FW
0xff4161dc,SetISLensHallOffset_FW
0xff4164e0,SetISLensPWMMode_FW
0xff361b54,SetISLPFAaxis_FW
0xff361b6c,SetISLPFBaxis_FW
0xff416278,SetISLPFCutOffFreqAaxis_FW
0xff416284,SetISLPFCutOffFreqBaxis_FW
0xff4165e4,SetISMacroMode_FW
0xff361a44,SetISMovieStatus_FW
0xff4160f4,SetISPitchPWM_FW
0xff3623c8,SetISPWMFreqAndFixed_FW
0xff3623dc,SetISPWMFrequency_FW
0xff361a34,SetISStillStatus_FW
0xff361844,SetISTuningFlag_FW
0xff4163c4,SetISTuningMode_FW
0xff4163dc,SetISTuningOff_FW
0xff416108,SetISYawPWM_FW
0xff413774,SetLangMenuType_FW
0xff360ae0,SetLensOutsideFlag_FW
0xff1be19c,SetLineDefMarkThroughMode_FW
0xff0c4c50,SetLogicalEventActive
0xff4164b4,SetLoopGain_FW
0xff361d18,SetLoopGainAdjValue_FW
0xff416290,SetLPFForParallelFilter_FW
0xff361a6c,SetLPFParallelBest_FW
0xff416580,SetMacroISGain_FW
0xff3620ec,SetMacroISGainA_FW
0xff362108,SetMacroISGainB_FW
0xff360d24,SetMechaShutterCloseDacSetting_FW
0xff360de0,SetMechaShutterMoveTime_FW
0xff360d74,SetMechaShutterOpenDacSetting_FW
0xff360dc4,SetMechaShutterWaitTimeSetting_FW
0xff4135b0,SetMinute_FW
0xff072e88,SetMontblancVSize_FW
0xff413488,SetMonth_FW
0xff360f40,SetNdDriveVoltageSetting_FW
0xff360f2c,SetNdMoveTime_FW
0xff40be58,SetObClamp_FW
0xff40be58,SetObClampValue_FW
0xff40d808,SetOneShotWBParam_FW
0xff40d808,SetOneTypeWBParam_FW
0xff2074d8,SetParameterData
0xff433a74,SetPMByGpio_FW
0xff36234c,SetPoweredISOFF_FW
0xff362338,SetPoweredISON_FW
0xff413cf0,SetProductVolume_FW
0xff0c28d0,SetPropertyCase
0xff1f6060,SetPropertyCase_FW
0xff2daf88,SetPTGDefaultData_FW
0xff1f5c48,SetRawSWCheckMode_FW
0xff40d928,SetReferenceWBGainForCalibration_FW
0xff40eed4,SetScanLensIndex_FW
0xff40efe4,SetScanWindowMode_FW
0xff0c4ca0,SetScriptMode
0xff0c4ca0,SetScriptMode_FW
0xff1f5ba4,SetSDPwrPort_FW
0xff413614,SetSecond_FW
0xff40bf00,SetSensorPreGain_FW
0xff40cbac,SetShutterSpeed_FW
0xff40cb50,SetShutterSpeedWithMecha_FW
0x00676888,SetSR
0xff032ae8,SetSSIDForFAWLAN_FW
0xff1f5bd4,SetStereoSeparation_FW
0xff2daf9c,SetTassenAdjSGMode_FW
0xff09f3f0,SetTestRecMasterCxCy_FW
0xff09f4c4,SetTestRecSkimmingYUV_FW
0xff038c10,SetTimerAfter
0xff038c90,SetTimerWhen
0xff40d960,SetToolCorrectCoefficient_FW
0xff411ddc,SetVideoOutType_FW
0xff413f0c,SetWBTemperature_FW
0xff40d8e8,SetWBYlStandardWidth_FW
0xff1bdd04,SetWhiteCoefficient_FW
0xff032a68,SetWLANFactoryMode_FW
0xff413428,SetYear_FW
0xff35193c,SetZoomActuatorSpeedPPS_FW
0xff31e154,SetZoomCommonDriveParam_FW
0xff31df4c,SetZoomDriveParam_FW
0xff361278,SetZoomLensDriveAmpereDac_FW
0xff31deac,SetZoomLensEncoderPowerControl_FW
0xff36125c,SetZoomLensSpeedMode_FW
0xff31e00c,SetZoomNormalDriveParam_FW
0xff4161f4,SetZoomPointToIS_FW
0xff361924,SetZoomPosition_FW
0xff31dfac,SetZoomResetDriveParam_FW
0xff31dbec,SetZoomResetState_FW
0xff31dec0,SetZoomSpeedMode_FW
0xff1f623c,ShowAllTaskInfo_FW
0xff0bf314,ShowCameraLog_FW
0xff0bf2a8,ShowCameraLogInfo_FW
0xff411508,ShowCurrentExp_FW
0xff098b04,ShowDefaultAdjTableVersion_FW
0xff360280,ShowFocusLensCurrentSpeedTable_FW
0xff0c4830,ShowLogicalEventName_FW
0xff1f5a5c,ShowMechaMacro_FW
0xff1f5c38,ShowPhySwStatus_FW
0xff1f5c7c,ShowSDStatus_FW
0xff31e598,ShowTransparentMemory_FW
0xff0ca538,ShutdownPlayModeMenu_FW
0xff0ca648,ShutdownPlayModeMenuWithoutPbRedraw_FW
0xff0ca378,ShutdownRecModeMenu_FW
0xff411a94,SleepAE_FW
0x00677bb0,SleepTask
0x00677bb0,SleepTask_FW
0xff00aba0,sprintf_FW
0xff0d8db0,srand
0xff1f6d28,SS.ChangeZoomSpeed_FW
0xff1f6d9c,SS.Create_FW
0xff1f6d5c,SS.DoAELock_FW
0xff1f6d3c,SS.DoAFLock_FW
0xff035768,SS.GetDigitalZoomPosition_FW
0xff1f6d10,SS.GetDigitalZoomTele_FW
0xff1f6d8c,SS.MFOff_FW
0xff1f6d7c,SS.MFOn_FW
0xff1f6cf8,SS.MoveDigitalZoomAt_FW
0xff1f6cd8,SS.MoveDigitalZoomToTele_FW
0xff1f6ce8,SS.MoveDigitalZoomToWide_FW
0xff1f6cb8,SS.MoveOpticalZoomAt_FW
0xff1f6c90,SS.MoveOpticalZoomToTele_FW
0xff1f6ca4,SS.MoveOpticalZoomToWide_FW
0xff1f6d6c,SS.UnlockAE_FW
0xff1f6d4c,SS.UnlockAF_FW
0xff0d8ce0,sscanf_FW
0xff0b78e8,SSFS_CompleteCaptModeChange_FW
0xff0b78e8,SSFS_CompleteFileWrite_FW
0xff0b78e8,SSFS_CompletePreCapt_FW
0xff0b78e8,SSFS_CompleteShootPicture_FW
0xff0b78e8,SSFS_CompleteStopDigZoom_FW
0xff0b78e8,SSFS_CompleteStopZoom_FW
0xff0b78e8,SSFS_CompleteSynchroWrite_FW
0xff0b78e8,SSFS_ShootPicture_FW
0xff40f8c0,StartAdjAFInteg_FW
0xff40f530,StartAdjAFService_FW
0xff1be190,StartAEIntegralService_FW
0xff415fbc,StartBDrive_FW
0xff415ff4,StartBPanDrive_FW
0xff0bf364,StartCameraLog_FW
0xff40c9ec,StartCaptureDrive_FW
0xff410080,StartCrwCustomScan_FW
0xff410010,StartCustomScan_FW
0xff1e94a0,StartCzTuning_FW
0xff4122d4,StartEVFDrive_FW
0xff412290,StartEVFDriveWithMode_FW
0xff033240,StartFactoryModeController_FW
0xff361e9c,StartGyroNoiseChk_FW
0xff3624bc,StartImStEventProc_FW
0xff416558,StartISAdjustMacro_FW
0xff415fbc,StartISAdjustmentDrive_FW
0xff415fbc,StartISDrive_FW
0xff361328,StartISLocalAdjust_FW
0xff0ace70,StartISLocalAutoCenter_FW
0xff0aceb0,StartISLocalHallAdjust_FW
0xff415ff4,StartISPanDrive_FW
0xff3623f4,StartISPWMFreqChangeTest_FW
0xff1bf7e4,StartLogOut_FW
0xff361c08,StartLoopGainCalc_FW
0xff36204c,StartMacroISAdjust_FW
0xff36203c,StartMacroISContiMode_FW
0xff0ca28c,StartPlayModeMenu_FW
0xff0ca2a8,StartRecModeMenu
0xff0ca2a8,StartRecModeMenu_FW
0xff00a92c,StartRedirectUART_FW
0xff31ecf4,StartSoundPlay_FW
0xff31ecbc,StartSoundRecord_FW
0xff31efbc,StartTestRecLog_FW
0xff0c1238,StartWDT_FW
0xff034440,stat
0xff40f8b0,StopAdjAFInteg_FW
0xff40f67c,StopAdjAFService_FW
0xff1bde20,StopAEIntegralService_FW
0xff415fac,StopBDrive_FW
0xff415fcc,StopBPanDrive_FW
0xff0bf52c,StopCameraLog_FW
0xff40c0f4,StopCaptureDrive_FW
0xff412624,StopContinuousVRAMData_FW
0xff410000,StopCustomScan_FW
0xff35f530,StopCZ_FW
0xff411e50,StopEVFDrive_FW
0xff416568,StopISAdjustMacro_FW
0xff415fac,StopISAdjustmentDrive_FW
0xff415fac,StopISDrive_FW
0xff415fcc,StopISPanDrive_FW
0xff362404,StopISPWMFreqChangeTest_FW
0xff1bf48c,StopLogOut_FW
0xff361d60,StopLoopGainCalc_FW
0xff36205c,StopMacroISAdjust_FW
0xff032744,StopPtpipServiceForFAWLAN_FW
0xff00aa40,StopRedirectUART_FW
0xff4111b8,StopStrobeChargeForFA_FW
0xff31efd4,StopTestRecLog_FW
0xff0c1298,StopWDT_FW
0xff31dbe0,StopZoomEmergency_FW
0xff0d8dec,strcat
0xff002d64,strchr
0xff00ae48,strcmp
0xff00ae70,strcmp_FW
0xff00ad34,strcpy
0xff00ad34,strcpy_FW
0xff0d83ac,strftime
0xff002db0,strlen
0xff002db0,strlen_FW
0xff002d18,strncmp
0xff002cdc,strncpy
0xff002d88,strrchr
0xff039804,strtol
0xff039608,strtolx
0xff411d40,SwitchOffDisplay_FW
0xff411d8c,SwitchOnDisplay_FW
0xff1f6940,System.Create_FW
0xff1f624c,System.Delete_FW
0x00677834,TakeSemaphore
0x00677834,TakeSemaphore_FW
0x00677d38,TakeSemaphoreStrictly
0xff2c9c0c,task__cntFlashTask
0xff15b3ec,task__tgTask
0xff139d48,task_AfIntSrvTask
0xff06e9dc,task_AFTask
0xff19d860,task_ASIF
0xff1a8614,task_AutoShutterMan
0xff02fc58,task_BatteryTask
0xff08e688,task_BeepTask
0xff114d1c,task_BrtMsrTask
0xff038090,task_Bye
0xff0b06bc,task_CaptSeq
0xff0b06bc,task_CaptSeqTask
0xff19e510,task_ChaseFrame
0xff1a6970,task_ChaseTask
0xff0044a8,task_ClockSave
0xff0820f0,task_CommonDrivers
0xff17d650,task_ComWireless
0xff1ae3e8,task_CorctTask
0xff309f24,task_CorrectLiveTassenTask
0xff363af4,task_CreateHeaderTask
0xff0c3524,task_CtrlSrv
0xff1c3c50,task_dccdCalcTask
0xff3403e0,task_DecJpgRd
0xff132df8,task_DetectMoveTask
0xff1354b4,task_DevelopModule
0xff1a0e14,task_DispFace
0xff1d12e8,task_DPOFTask
0xff27c7e4,task_DSITask
0xff1f9f84,task_DvlpSeqTask
0xff135ef0,task_EFChargeT
0xff0ba134,task_Epilog
0xff0c1f44,task_EvShel
0xff11d558,task_ExpDrv
0xff2b24ac,task_ExpDrvSubTask
0xff11d558,task_ExpDrvTask
0xff0d347c,task_FaceFrame
0xff1a96f0,task_FaceScoreTask
0xff1b1ee0,task_Fencing
0xff1d79a0,task_FileScheduleTask
0xff3399b0,task_FileWrite
0xff3399b0,task_FileWriteTask
0xff33f610,task_FilYuvMaker
0xff34b030,task_FocusEvent
0xff330dc0,task_FORMAT_TASK_NAME
0xff330be0,task_FORMAT_TASK_PROGRESS
0xff095260,task_FrameTask
0xff0a28f8,task_FsIoNotifyTask
0xff43af18,task_ImagePlaySysConTask
0xff43b220,task_ImageRetryConTask
0xff1e0b74,task_ImgPlayDrv
0xff34383c,task_ImgPlyLowTask
0xff343690,task_ImgPlyTask
0xff182c70,task_IMLApp
0xff0820b8,task_InitFileModules
0xff0ac310,task_ISMainTask
0xff07e5fc,task_LachesisTest
0xff19a9c4,task_LcdConTask
0xff08f874,task_LEDCon
0xff0aa1e0,task_LensController
0xff15c550,task_LiveImageTask
0xff0abd64,task_MechaAlarm
0xff1ec110,task_MechaCom
0xff1ee070,task_MechaCPUTransfer
0xff353844,task_MechaNCTask
0xff34ef50,task_MechaShutter
0xff1da088,task_MediaStatusMngr
0xff1ca2d8,task_MetaCtg
0xff1a9a0c,task_MotionVector
0xff35eca4,task_MovEdit
0xff1f49d8,task_MovieRecord
0xff356104,task_MovPlay
0xff437ce4,task_MovRead
0xff359958,task_MovWrite
0xff34fb20,task_Nd
0xff16ea2c,task_NormalThumbCache
0xff131b8c,task_OBCtrlTask
0xff0bfa34,task_OpePlay
0xff030f04,task_PhySw
0xff2e7d7c,task_PingManager
0xff152338,task_PrcssFil
0xff168fac,task_PTPtoFAPI_EventProcTask_Block
0xff168f08,task_PTPtoFAPI_EventProcTask_Try
0xff42a07c,task_ReadFileTask
0xff3bd6cc,task_ReadMultiConTask
0xff33a870,task_ReadScheduleTask
0xff0a95e4,task_RedEyeCapt
0xff1a60e0,task_SceneDetectTask
0xff0a6558,task_SD1stInit
0xff18aa04,task_SelectFuncController
0xff155ff8,task_SsgMainTask
0xff1561b8,task_SsgPeriodTask
0xff0b7964,task_SsTask
0xff07ec58,task_startRedirectUARTTask
0xff00a5a8,task_Startup
0xff02eb68,task_StartupImage
0xff163c30,task_SynchTask
0xff163ba8,task_SyncPeriod
0xff093250,task_Thermometer
0xff165974,task_TimerUtility
0xff1ee630,task_TmgGen
0xff172db4,task_TrnsCtrlTask
0xff00a788,task_UartLog
0xff06c858,task_WBCtrl
0xff10d6d0,task_WBIntegTask
0xff12eae4,task_WBLPFace
0xff0c10c8,task_WdtPrint
0xff0c1178,task_WdtReset
0xff18b4d4,task_WebServiceApp
0xff3505e0,task_ZoomActuatorSpeedCheck
0xff350780,task_ZoomEvent
0xff1f6e28,TerminateAdjustmentSystem_FW
0xff09e910,Terminatedccd_FW
0xff2c0994,TerminateDefectRec_FW
0xff09e910,TerminateDigicon_FW
0xff31ee28,TerminateFAExtendFile_FW
0xff31ee04,TerminateFAGeneralTest_FW
0xff41414c,TerminateMechaDevice_FW
0xff18a320,TerminatePTPIPTransportResponder_FW
0xff31ec88,TerminateSoundRec_FW
0xff09de58,TerminateTestRec_FW
0xff07d648,TerminateWLAN_FW
0x0067fb58,time
0x0067761c,TryPostMessageQueue
0x006774e0,TryReceiveMessageQueue
0x006777e0,TryTakeSemaphore
0xff0d4d94,TurnOffBackLight
0xff08b968,TurnOffDisplay
0xff037fe4,TurnOffE1_FW
0xff360e94,TurnOffNdFilter_FW
0xff360ef0,TurnOffNdFilterWithTiming_FW
0xff091bbc,TurnOffVideoOutMode_FW
0xff0d4d7c,TurnOnBackLight
0xff08b958,TurnOnDisplay
0xff360e70,TurnOnNdFilter_FW
0xff360eb8,TurnOnNdFilterWithTiming_FW
0xff091b84,TurnOnVideoOutMode_FW
0xff208ab4,UI.Create_FW
0xff207f54,UI.CreatePublic_FW
0xff208ab4,UI_RegistDebugEventProc_FW
0xff208aa0,UI_ShowStateOfRecMode_FW
0xff0c4c50,UiEvnt_SetLogicalEventActive_FW
0xff0c4d08,UiEvnt_StartDisguiseCradleStatus_FW
0xff0c4d18,UiEvnt_StopDisguiseCradleStatus_FW
0xff081554,UIFS_CancelStoreLensTimer_FW
0xff194a18,UIFS_Capture_FW
0xff194aec,UIFS_CaptureNoneStop_FW
0xff207b8c,UIFS_ChangeShootState_FW
0xff207a24,UIFS_ClosePopupStrobe_FW
0xff207ab4,UIFS_ConnectVideo_FW
0xff207ae4,UIFS_DisconnectVideo_FW
0xff227470,UIFS_DisplayFirmUpdateView_FW
0xff207b6c,UIFS_EndClockMode_FW
0xff207dc8,UIFS_GetAvItem_FW
0xff207c0c,UIFS_GetAvItemCount_FW
0xff207e38,UIFS_GetCurrentAvString_FW
0xff207eb8,UIFS_GetCurrentTvString_FW
0xff207bd4,UIFS_GetLastPath_FW
0xff0885e4,UIFS_GetMovieRecoadableNumber_FW
0xff242e44,UIFS_GetNumberOfDisplayedImage_FW
0xff18f9cc,UIFS_GetNumOfOptZoomPos_FW
0xff0885e0,UIFS_GetStillShotableNumber_FW
0xff207e00,UIFS_GetTvItem_FW
0xff207c7c,UIFS_GetTvItemCount_FW
0xff207820,UIFS_IsAutoPopupDownStrobe_FW
0xff207828,UIFS_IsAvailableAvTvMode_FW
0xff207808,UIFS_IsAvailableMovieRecDigZoom_FW
0xff207800,UIFS_IsAvailableMovieRecOptZoom_FW
0xff207818,UIFS_IsAvailableRecMenuAFMode_FW
0xff207810,UIFS_IsAvailableServoAF_FW
0xff0881c0,UIFS_IsAvailableShots_FW
0xff207a54,UIFS_MountExtFlash_FW
0xff18faf0,UIFS_MoveZoomTo_FW
0xff2079f4,UIFS_OpenPopupStrobe_FW
0xff3c4060,UIFS_PlayTrimExecuteAllImageSize_FW
0xff207b24,UIFS_PostModeDial_FW
0xff207b20,UIFS_RestartPostingUIEvent_FW
0xff207b7c,UIFS_SetCradleSetting_FW
0xff20799c,UIFS_SetDialMovieRec_FW
0xff2079d4,UIFS_SetDialPlay_FW
0xff20797c,UIFS_SetDialStillRec_FW
0xff207bb0,UIFS_ShootSeqToUI_FW
0xff207b5c,UIFS_StartClockMode_FW
0xff084fb8,UIFS_StartMovieRecord_FW
0xff084fdc,UIFS_StopMovieRecord_FW
0xff207b1c,UIFS_StopPostingUIEvent_FW
0xff207a84,UIFS_UnmountExtFlash_FW
0xff250618,UIFS_WirelessExecuteSendForever_FW
0xff2234b4,UIFS_WriteFirmInfoToFile
0xff2234b4,UIFS_WriteFirmInfoToFile_FW
0xff0325c0,UndisplayFactoryMode_FW
0xff0bc2c8,UnLoadScript_FW
0xff035d34,UnlockAE
0xff035a60,UnlockAF
0xff0c4e2c,UnlockMainPower
0xff0c4e2c,UnlockMainPower_FW
0xff411384,UnregistColorMatrix_FW
0x0067686c,UnregisterInterruptHandler
0xff03014c,VbattGet
0xff03014c,VbattGet_FW
0xff365d6c,VerifyByte_FW
0xff00abe4,vsprintf
0xff1f6228,Wait_FW
0x0067f0a4,WaitForAllEventFlag
0x00677de8,WaitForAllEventFlagStrictly
0x0067efc0,WaitForAnyEventFlag
0x00677dbc,WaitForAnyEventFlagStrictly
0xff361108,WaitMoveZoomLensComplete_FW
0xff034230,Write
0xff034230,write
0xff034230,Write_FW
0xff099390,WRITEADJTABLETOFROM_FW
0xff0993c8,WRITEADJUSTMENTDATATOFROM_FW
0xff416014,WriteGyroAdjustment_FW
0xff416004,WriteHallDeviceAdjustment_FW
0xff360b24,WriteMechaLogToFile_FW
0xff360b14,WriteMechaLogToRom_FW
0xff41608c,WritePWMAdjustment_FW
0xff1dbe64,WriteSDCard
0xff0bbfc0,WriteToRom_FW
0xff0993fc,WRITEUSERSETTINGDATATOFROM_FW
