0xff000dd4,memShow_FW
0xff004050,strncpy
0xff00408c,strncmp
0xff0040d8,strchr
0xff0040fc,strrchr
0xff004124,strlen
0xff004124,strlen_FW
0xff00420c,malloc
0xff004264,free
0xff005fb0,drysh_FW
0xff00602c,err_init_task
0xff00617c,task_ClockSave
0xff00a2b8,GetMemInfo
0xff00ab20,open
0xff00abd0,close
0xff00ad74,Read
0xff00ad74,read
0xff00ad74,Read_FW
0xff00ea88,RegisterInterruptHandler
0xff00eaac,UnregisterInterruptHandler
0xff00eac4,GetSRAndDisableInterrupt
0xff00eac8,SetSR
0xff00eae8,EnableInterrupt
0xff00eaf0,CreateTask
0xff00eaf0,CreateTask_FW
0xff00ed80,ExitTask
0xff00ed80,ExitTask_FW
0xff00edc8,DebugAssert
0xff00f4b4,RotateConsoleZOder_FW
0xff00f6c4,CPrintf_FW
0xff00f71c,CPutChar_FW
0xff00f744,GetCh_FW
0xff00f794,GetStringWithPrompt_FW
0xff00f834,OpenConsole_FW
0xff00f960,CloseConsole_FW
0xff00fd34,task_Startup
0xff00ff24,_uartr_req
0xff00ffb4,task_UartLog
0xff010158,StartRedirectUART_FW
0xff01026c,StopRedirectUART_FW
0xff010968,sprintf_FW
0xff0109ac,vsprintf
0xff0109ec,strcpy
0xff0109ec,strcpy_FW
0xff010a04,j_strcmp_FW
0xff010a04,strcmp
0xff010a2c,strcmp_FW
0xff010a48,memcmp
0xff010a48,memcmp_FW
0xff021cb4,task_BatteryTask
0xff022364,GetVBatVoltage_FW
0xff022364,VbattGet
0xff022364,VbattGet_FW
0xff022c60,i2c_Bl_Pwr_Ctrl_FW
0xff022f30,i2c_Hdmi_Bus_Pwr_Ctrl_FW
0xff022f7c,i2c_5V_Bus_Pwr_Ctrl_FW
0xff02308c,i2c_Sd_Pwr_Ctrl_FW
0xff0231a0,Dcdc_reg_access_FW
0xff023210,i2c_dcdc_dump_FW
0xff024290,i2c_read_proc_FW
0xff024310,i2c_write_proc_FW
0xff024600,kbd_p2_f
0xff024964,task_PhySw
0xff024d1c,GetSwitchStatus_FW
0xff024d88,GetSDDetect_FW
0xff024d90,GetSDProtect
0xff024d90,GetSDProtect_FW
0xff024db4,GetDialEventId_FW
0xff024db8,GetLcdPosition_FW
0xff024dbc,GetBatteryCoverClose_FW
0xff024dc4,IsHvSensorExist_FW
0xff024dcc,GetPopupOpen_FW
0xff024dd4,SetPopup_FW
0xff024dd8,kbd_read_keys
0xff024e28,kbd_p1_f
0xff024e34,kbd_p1_f_cont
0xff025c34,EngDrvOut
0xff025c4c,EngDrvIn
0xff025c54,EngDrvRead
0xff025c68,EngDrvBits
0xff025f34,DisplayFactoryMode_FW
0xff025f40,UndisplayFactoryMode_FW
0xff026164,SetDurianMode_FW
0xff0261a4,ClearDurianMode_FW
0xff0261a4,ClearFactoryMode_FW
0xff026268,SetFactoryMode_FW
0xff0262a8,ClearDUIDFixFlag_FW
0xff0262e0,SetDUIDFixFlag_FW
0xff0263d4,ClearFactoryMasterFlag_FW
0xff0263e0,SetFactoryMasterFlag_FW
0xff0263ec,ClearFactoryMasterROMProtection_FW
0xff026410,SetFactoryMasterROMProtection_FW
0xff026434,IsFactoryMode_FW
0xff02649c,IsDUIDFixFlag_FW
0xff0264e4,IsNormalCameraMode_FW
0xff0264fc,StartFactoryModeController_FW
0xff026e68,RenameFile_Fut
0xff026efc,DeleteFile_Fut
0xff026f70,MakeDirectory_Fut
0xff026fe0,DeleteDirectory_Fut
0xff027038,Fopen_Fut
0xff027038,Fopen_Fut_FW
0xff027078,Fclose_Fut
0xff027078,Fclose_Fut_FW
0xff027124,Fread_Fut
0xff027124,Fread_Fut_FW
0xff027178,Fwrite_Fut
0xff027178,Fwrite_Fut_FW
0xff0271cc,Fgets_Fut
0xff027218,Fseek_Fut
0xff027218,Fseek_Fut_FW
0xff027264,Feof_Fut
0xff0272a0,Fflush_Fut
0xff02751c,Open
0xff02751c,Open_FW
0xff0275e4,Close
0xff0275e4,Close_FW
0xff027638,Write
0xff027638,write
0xff027638,Write_FW
0xff02768c,j_Open_FW
0xff027690,j_Close_FW
0xff027790,j_Read_FW
0xff027794,j_Write_FW
0xff027800,Lseek
0xff027800,lseek
0xff027800,Lseek_FW
0xff027820,OpenForScrip_FW
0xff027848,stat
0xff027970,SetFileTimeStamp
0xff0279e8,SetFileAttributes
0xff027a80,mkdir
0xff027c88,j_StartCameraLog_FW
0xff027c8c,j_ShowCameraLog_FW
0xff027c90,j_ShowCameraLogInfo_FW
0xff027c94,j_StopCameraLog_FW
0xff027c98,j_PutsCameraLogEvent_FW
0xff027c9c,OpLog.Create_FW
0xff027d18,j_NewTaskShell_FW
0xff027d1c,j_ExMem.View_FW
0xff027d20,j_ExMem.AllocUncacheable_FW
0xff027d24,j_ExMem.FreeUncacheable_FW
0xff027d28,j_ExMem.AllocCacheable_FW
0xff027d2c,j_ExMem.FreeCacheable_FW
0xff027d30,ExMem_FW
0xff028ce0,PT_GetDigitalZoomPosition_FW
0xff029330,DoAFLock
0xff029368,UnlockAF
0xff029704,EnterToCompensationEVF
0xff029748,ExitFromCompensationEVF
0xff0297a8,DoAELock
0xff0297cc,UnlockAE
0xff02afe0,CreateMessageQueue
0xff02b064,DeleteMessageQueue
0xff02b0f4,ReceiveMessageQueue
0xff02b1bc,TryReceiveMessageQueue
0xff02b240,PostMessageQueue
0xff02b2f8,TryPostMessageQueue
0xff02b338,GetNumberOfPostedMessages
0xff02b3a4,CreateBinarySemaphore
0xff02b40c,CreateCountingSemaphore
0xff02b40c,CreateCountingSemaphore_FW
0xff02b464,DeleteSemaphore
0xff02b464,DeleteSemaphore_FW
0xff02b4bc,TryTakeSemaphore
0xff02b510,TakeSemaphore
0xff02b510,TakeSemaphore_FW
0xff02b5e0,GiveSemaphore
0xff02b5e0,GiveSemaphore_FW
0xff02b618,GetSemaphoreValue
0xff02b88c,SleepTask
0xff02b88c,SleepTask_FW
0xff02b92c,CreateTaskStrictly
0xff02b960,CreateMessageQueueStrictly
0xff02b984,CreateEventFlagStrictly
0xff02b9a8,CreateBinarySemaphoreStrictly
0xff02b9cc,CreateCountingSemaphoreStrictly
0xff02b9f0,CreateRecursiveLockStrictly
0xff02ba14,TakeSemaphoreStrictly
0xff02ba40,ReceiveMessageQueueStrictly
0xff02ba6c,PostMessageQueueStrictly
0xff02ba98,WaitForAnyEventFlagStrictly
0xff02bac4,WaitForAllEventFlagStrictly
0xff02baf0,AcquireRecursiveLockStrictly
0xff02be60,AllocateUncacheableMemory
0xff02bea0,FreeUncacheableMemory
0xff02c0fc,_GetSystemTime
0xff02c234,SetTimerAfter
0xff02c2b4,SetTimerWhen
0xff02c318,CancelTimer
0xff02d408,TurnOffE1_FW
0xff02d4e4,task_Bye
0xff02d6a0,Restart
0xff02e010,task_StartupImage
0xff03169c,memcpy
0xff03169c,memcpy_FW
0xff0317a0,strtolx
0xff03199c,strtol
0xff037bf0,ExpCtrlTool_StartContiAE
0xff037cd0,ExpCtrlTool_StopContiAE
0xff039ba4,task_WBCtrl
0xff03c2a4,task_FrameTask
0xff03e41c,task_AFTask
0xff03f544,GetMacroSupportZoomPoint_FW
0xff040360,ReloadAFAdjustment_FW
0xff040678,task_GapMan
0xff0477e4,LiveImageTool.GetDzoomPosition_FW
0xff0487d8,GetVRAMHPixelsSize
0xff0487d8,GetVRAMHPixelsSize_FW
0xff0487e4,GetVRAMVPixelsSize
0xff0487e4,GetVRAMVPixelsSize_FW
0xff0487f0,GetMovieJpegVRAMHPixelsSize_FW
0xff0487fc,GetMovieJpegVRAMVPixelsSize_FW
0xff0488c8,StopContinuousVRAMData_FW
0xff051334,DispCon_ShowColorBar_FW
0xff0513c0,DispCon_ShowFiveStep_FW
0xff051510,DispCon_ShowWhiteChart_FW
0xff051564,DispCon_ShowBlackChart_FW
0xff051580,DispCon_ShowBitmapColorBar
0xff051580,DispCon_ShowBitmapColorBar_FW
0xff0515f0,DispCon_ShowCustomColorBar_FW
0xff05165c,DispCon_SetDisplayType_FW
0xff05167c,DispCon_ShowColorChart_FW
0xff0516a0,DispCon_ShowWhiteLine_FW
0xff0518e8,DispCon_ShowNStepsChart_FW
0xff051a38,DispCon_TurnOnDisplay_FW
0xff051a38,TurnOnDisplay
0xff051a48,DispCon_TurnOffDisplay_FW
0xff051a48,TurnOffDisplay
0xff051a58,DispCon_TurnOnBackLight_FW
0xff051a68,DispCon_TurnOffBackLight_FW
0xff051a78,DispCon_SetMaxBackLightBrightness_FW
0xff051af8,DispCon_SetVideoAdjParameter_FW
0xff051b64,DispCon_GetVideoAdjParameter_FW
0xff051bc0,DispCon_ShowVideoAdjParameter_FW
0xff051bec,DispCon_SaveVideoAdjParameter_FW
0xff051c68,DispCon_SetLcdGainAdjParameter_FW
0xff051d2c,DispCon_GetLcdGainAdjParameter_FW
0xff051d68,DispCon_ShowLcdGainAdjParameter_FW
0xff051d78,DispCon_SaveLcdGainAdjParameter_FW
0xff051d94,DispCon_ShowHdChart_FW
0xff053628,GetAdVBattBottom_FW
0xff053630,GetAdChValue_FW
0xff05366c,_avsShowAdjTableData_FW
0xff05368c,_avsLoadAdjTableData_FW
0xff0538b8,AVS_Initialize_FW
0xff053990,j_AVS_Terminate_FW
0xff053994,AVS_Execute_FW
0xff053a38,AVS_ErrCheck_FW
0xff053a38,CheckAvs_FW
0xff053ab4,AVS_SetVoltage_FW
0xff053b6c,_avsSaveAdjTableData_FW
0xff055428,task_BeepTask
0xff0557a8,BeepDrive_FW
0xff0557c8,BeepDriveComp_FW
0xff0558a0,Dcdc_Set_Avs_Voltage_Step_FW
0xff055908,Dcdc_Get_Avs_Voltage_Step_FW
0xff055978,Dcdc_Down_Avs_Voltage_Step_FW
0xff055a18,Dcdc_Up_Avs_Voltage_Step_FW
0xff055ae4,i2c_dcdcavs_dump_FW
0xff055d20,task_HecMngTask
0xff056060,ChangePowerState_FW
0xff0560e8,HdmiHpd5VOutput_FW
0xff056a64,task_LEDCon
0xff056e40,LEDDrive
0xff056f0c,LEDDrive_FW
0xff0572f4,kbd_read_keys_r2
0xff057bec,GetKbdState
0xff057f4c,task_RotaryEncoder
0xff0597b0,TurnOnVideoOutMode_FW
0xff0597e8,TurnOffVideoOutMode_FW
0xff059cf4,SetStereoSeparation_FW
0xff05af94,task_ASIF
0xff05b964,task_Thermometer
0xff05bb5c,GetCCDTemperature
0xff05bb5c,GetCCDTemperature_FW
0xff05bbd0,GetBatteryTemperature
0xff05bbd0,GetBatteryTemperature_FW
0xff05bc44,GetOpticalTemperature
0xff05bc44,GetOpticalTemperature_FW
0xff05bcf4,IsOpticalTemperature_FW
0xff05bd28,IsCCDTemperature_FW
0xff05bd5c,IsBatteryTemperature_FW
0xff05bdac,j_GetOpticalTemperature_FW
0xff05bdb0,j_GetCCDTemperature_FW
0xff05bdb4,j_GetBatteryTemperature_FW
0xff05bdb8,j_IsOpticalTemperature_FW
0xff05bdbc,j_IsCCDTemperature_FW
0xff05bdc0,j_IsBatteryTemperature_FW
0xff05e710,EraseAdjustmentArea_FW
0xff05e73c,DumpAdjMirror_FW
0xff05e760,GetAdjTableVersion_FW
0xff05e794,GetAdjTableMapVersion_FW
0xff05e7a4,GetAdjTableValueVersion_FW
0xff05e7b8,ShowDefaultAdjTableVersion_FW
0xff05e930,LoadAdjustmentTable_FW
0xff05e968,LoadDefectAdjTable_FW
0xff05ecac,SaveAdjustmentTable_FW
0xff05ed14,SaveDefectAdjTable_FW
0xff05ed2c,SaveAdjustmentValue_FW
0xff05ed60,LoadAdjustmentValue_FW
0xff05ed84,PrintAdjTableMap_FW
0xff05f020,CreateAdjustmentTableMirror_FW
0xff05f028,RefreshAdjustmentTableMirror_FW
0xff05f030,CreateDefectTableMirror_FW
0xff05f038,RefreshDefectTableMirror_FW
0xff05f040,PrintAdjKabotanInfo_FW
0xff05f0cc,WRITEADJTABLETOFROM_FW
0xff05f100,WRITEADJUSTMENTDATATOFROM_FW
0xff05f500,GetDCPAdjOffset_FW
0xff05f80c,GetBpDBAdjustmentOffset_FW
0xff05f814,GetDccdAdjustmentOffset_FW
0xff05f90c,GetAdjustmentOffset_FW
0xff05f914,GetProductID_FW
0xff05f930,GetAdjDataAreaAddress_FW
0xff062414,GetTestRecCrawAddress_FW
0xff06346c,InitializeTestRec_FW
0xff0634d8,TerminateTestRec_FW
0xff063774,ExecuteTestRec_FW
0xff063788,ExecuteTestRecCF_FW
0xff063788,ExecuteTestRecSD_FW
0xff0637a0,ExecuteTestRecWithInteg_FW
0xff0637b8,ExecuteTestRecSw1_FW
0xff063804,ExecuteTestRecDevelopProcess_FW
0xff063f0c,CalculateTestRecYUVData_FW
0xff063f74,SetTestRecSkimmingYUV_FW
0xff064000,Initializedccd_FW
0xff064000,InitializeDigicon_FW
0xff0640b4,Terminatedccd_FW
0xff0640b4,TerminateDigicon_FW
0xff064110,ExecuteDigicon_FW
0xff064314,ResetRegistNoticeCBR_FW
0xff064818,Executedccd_FW
0xff064890,GetdccdImage_FW
0xff06492c,GetdccdFilterValue_FW
0xff064b1c,RegistFirmScanNoticeCBR_FW
0xff066fe4,task_FsIoNotifyTask
0xff06a5f4,GetDrive_ClusterSize
0xff06a624,GetDrive_TotalClusters
0xff06a64c,GetDrive_FreeClusters
0xff06a884,MakeSDCardBootable
0xff06a99c,task_SD1stInit
0xff06e274,task_ImgPlayDrv
0xff06f5e4,task_RedEyeCapt
0xff06fa08,IsLensOutside_FW
0xff06fa70,task_LensController
0xff071070,GetFocusStartZoomPosition_FW
0xff07131c,task_MechaAlarm
0xff071cc0,GetCurrentZoomLensPosition_FW
0xff071cc0,GetCurrentZoomPosition_FW
0xff071cc0,GetZoomLensCurrentPosition_FW
0xff071fe4,GetCurrentZoomLensPoint_FW
0xff071fe4,GetCurrentZoomPoint_FW
0xff071fe4,GetZoomLensCurrentPoint
0xff071fe4,GetZoomLensCurrentPoint_FW
0xff0723dc,StopZoomEmergency_FW
0xff0724fc,GetZoomLensTelePoint_FW
0xff0724fc,GetZoomTelePoint_FW
0xff072824,IsZoomLensOutSidePosition_FW
0xff072a0c,GetZoomLensMechaEdgePosition_FW
0xff072a14,GetZoomDrivingTime_FW
0xff072dac,task_ISMainTask
0xff073164,ISInitMotion_FW
0xff073950,StartBDrive_FW
0xff073950,StartISAdjustmentDrive_FW
0xff073950,StartISDrive_FW
0xff07395c,StopBDrive_FW
0xff07395c,StopISAdjustmentDrive_FW
0xff07395c,StopISDrive_FW
0xff073968,StartBPanDrive_FW
0xff073968,StartISPanDrive_FW
0xff073974,StopBPanDrive_FW
0xff073974,StopISPanDrive_FW
0xff07398c,StartISLocalAutoCenter_FW
0xff0739cc,StartISLocalHallAdjust_FW
0xff073a38,SearchBCentralPosition_FW
0xff073a38,SearchISLensCentralPosition_FW
0xff073aa0,MoveISLensToCentralPosition_FW
0xff073ae8,ChangeToISCloseControl_FW
0xff073c4c,GetISHallDevicePitchOffset_FW
0xff073c58,GetISHallDeviceYawOffset_FW
0xff073c70,GetISHallDevicePitchGain_FW
0xff073c7c,GetISHallDeviceYawGain_FW
0xff073c94,GetISGyroPitchGain_FW
0xff073ca0,GetISGyroYawGain_FW
0xff073cb8,GetISPitchPWM_FW
0xff073cc4,GetISYawPWM_FW
0xff073cd0,GetISShiftLensPitchPosition_FW
0xff073cdc,GetISShiftLensYawPosition_FW
0xff073ce8,GetGyroDataPitch_FW
0xff073ce8,GetISGyroDataPitch_FW
0xff073d04,GetGyroDataYaw_FW
0xff073d04,GetISGyroDataYaw_FW
0xff073d38,GetGyro10BitDACPitch_FW
0xff073d38,GetISGyro10BitDACPitch_FW
0xff073d44,GetGyro10BitDACYaw_FW
0xff073d44,GetISGyro10BitDACYaw_FW
0xff073d70,GetGyroHPFINOffsetPitch_FW
0xff073d70,GetISGyroHPFINOffsetPitch_FW
0xff073d8c,GetGyroHPFINOffsetYaw_FW
0xff073d8c,GetISGyroHPFINOffsetYaw_FW
0xff073da8,GetGyroHPFINPitch_FW
0xff073da8,GetISGyroHPFINPitch_FW
0xff073e04,GetGyroHPFINYaw_FW
0xff073e04,GetISGyroHPFINYaw_FW
0xff073e74,ClearISCalcZData_FW
0xff074094,CancelLoopGainCalc_FW
0xff074320,GetDISModeParameter_FW
0xff0744e8,GetFixedPWMOutA_FW
0xff0744f4,GetFixedPWMOutB_FW
0xff074a74,GetISLensDampAaxis_FW
0xff074a80,GetISLensDampBaxis_FW
0xff074aa4,GetISLensEViAaxis_FW
0xff074b20,GetISLensEViBaxis_FW
0xff074b3c,GetISLensCorrectedEViAaxis_FW
0xff074b58,GetISLensCorrectedEViBaxis_FW
0xff078534,task_MovieRecord
0xff078e84,PT_CompletePreCapt_FW
0xff078e8c,PT_RecreviewAvailable_FW
0xff078e94,PT_NextShootAvailable_FW
0xff078e9c,PT_CompleteStopZoom_FW
0xff078ea4,PT_CompleteStopDigZoom_FW
0xff078eac,PT_CompleteStoreLens_FW
0xff078eb4,PT_MovieRecordStopped_FW
0xff078ebc,PT_CompleteCaptModeChange_FW
0xff078ec4,PT_CompleteSynchroWrite_FW
0xff078ecc,PT_CompleteCharge_FW
0xff078ed4,PT_CompleteFileWrite_FW
0xff078edc,PT_ShootPicture_FW
0xff078ee4,PT_EraseAllFile_FW
0xff078f7c,PT_mod_FW
0xff078fa0,PT_SetPropertyCaseInt_FW
0xff078fc8,PT_GetPropertyCaseInt_FW
0xff079040,PT_MoveOpticalZoomToTele_FW
0xff079054,PT_MoveOpticalZoomToWide_FW
0xff079068,PT_MoveOpticalZoomAt
0xff079068,PT_MoveOpticalZoomAt_FW
0xff079080,PT_MoveDigitalZoomToTele_FW
0xff079090,PT_MoveDigitalZoomToWide
0xff079090,PT_MoveDigitalZoomToWide_FW
0xff0790a0,PT_MoveDigitalZoomAt_FW
0xff0790b4,PT_GetDigitalZoomTele_FW
0xff0790c8,j_PT_GetDigitalZoomPosition_FW
0xff0790cc,PT_ChangeZoomSpeed_FW
0xff0790e0,PT_DoAFLock_FW
0xff0790f0,PT_UnlockAF_FW
0xff079100,PT_DoAELock_FW
0xff079110,PT_UnlockAE_FW
0xff079140,PT_MFOn_FW
0xff079150,PT_MFOff_FW
0xff079160,SS.Create_FW
0xff07c454,task_CaptSeq
0xff07c454,task_CaptSeqTask
0xff07e754,task_DvlpSeqTask
0xff084c60,task_SsTask
0xff085410,PT_PlaySound
0xff088870,CreateEventFlag
0xff0888c8,DeleteEventFlag
0xff088918,CheckAnyEventFlag
0xff088960,CheckAllEventFlag
0xff0889a8,WaitForAnyEventFlag
0xff088a8c,WaitForAllEventFlag
0xff088b4c,SetEventFlag
0xff088b80,ClearEventFlag
0xff088bb8,GetEventFlagValue
0xff088d38,CreateRecursiveLock
0xff088d88,DeleteRecursiveLock
0xff088dd8,AcquireRecursiveLock
0xff088ef8,ReleaseRecursiveLock
0xff089680,ExecuteShutDownPropertyService_FW
0xff089e4c,WriteToRom_FW
0xff089edc,EraseRom_FW
0xff089f8c,GetRomID_FW
0xff08a114,UnLoadScript_FW
0xff08a200,Printf_FW
0xff08a20c,LoadScript_FW
0xff08a9a0,LocalTime
0xff08af7c,time
0xff08b02c,GetTimeOfSystem_FW
0xff08b33c,ExMem.View_FW
0xff08b818,ExMem.AllocUncacheable_FW
0xff08b94c,ExMem.FreeUncacheable_FW
0xff08b960,exmem_alloc
0xff08b9c8,ExMem.AllocCacheable_FW
0xff08b9d8,exmem_free
0xff08ba50,ExMem.FreeCacheable_FW
0xff08c5bc,SetHPTimerAfterNow
0xff08c63c,SetHPTimerAfterTimeout
0xff08c6c4,CancelHPTimer
0xff08ceb4,RegisterEventProcedure
0xff08cfdc,ExecuteEventProcedure
0xff08d054,ExecuteEventProcedure_FW
0xff08d91c,ExportToEventProcedure_FW
0xff08d928,CreateProxyOfEventProcedure_FW
0xff08d980,DeleteProxyOfEventProcedure_FW
0xff08dba0,PutsCameraLogEvent_FW
0xff08dbe4,ShowCameraLogInfo_FW
0xff08dc50,ShowCameraLog_FW
0xff08dca0,StartCameraLog_FW
0xff08de68,StopCameraLog_FW
0xff08dec8,LogCameraEvent
0xff08e360,task_OpePlay
0xff08e534,OpLog.Stop_FW
0xff08e560,OpLog.WriteToROM_FW
0xff08e590,j_OpLog.WriteToROM_FW
0xff08e5c4,OpLog.ReadFromROM_FW
0xff08e62c,OpLog.ReadFromSD_FW
0xff08ea5c,OpLog.WriteToSD_FW
0xff08efa4,OpLog.Get_FW
0xff08efc4,OpLog.GetUsrSet_FW
0xff08f084,OpLog.Play_FW
0xff08f29c,OpLog.Start_FW
0xff08f37c,OpLog.Terminate_FW
0xff08faa4,task_WdtPrint
0xff08fb58,task_WdtReset
0xff08fc18,StartWDT_FW
0xff08fc78,StopWDT_FW
0xff08fd78,GetBuildDate_FW
0xff08fd80,GetBuildTime_FW
0xff08fd88,GetFirmwareVersion_FW
0xff08fdf8,GetInternalFirmwareVersion_FW
0xff08fe90,CheckSumAll_FW
0xff090098,RomCheckSum_FW
0xff090948,task_EvShel
0xff0909fc,NewTaskShell
0xff090a5c,NewTaskShell_FW
0xff090ef4,SetPropertyCase
0xff09107c,GetPropertyCase
0xff091b24,StartPlayModeMenu_FW
0xff091b40,StartRecModeMenu
0xff091b40,StartRecModeMenu_FW
0xff091c30,ShutdownRecModeMenu_FW
0xff091e90,ShutdownPlayModeMenu_FW
0xff091fdc,ShutdownPlayModeMenuWithoutPbRedraw_FW
0xff094afc,task_CtrlSrv
0xff095390,CreateController_FW
0xff09546c,DeleteController_FW
0xff095568,MoveControllerToTopOfZOrder_FW
0xff095610,CtrlMan_ChangeZOrder_FW
0xff0956a8,GetSelfControllerHandle_FW
0xff095b70,PostLogicalEventForNotPowerType
0xff095b70,PostLogicalEventForNotPowerType_FW
0xff095bbc,PostLogicalEventToUI
0xff095bbc,PostLogicalEventToUI_FW
0xff095d7c,PostEventShootSeqToUI_FW
0xff095dd8,ShowLogicalEventName_FW
0xff097a6c,set_control_event
0xff097e58,IsControlEventActive_FW
0xff097ec8,SetLogicalEventActive
0xff097ec8,UiEvnt_SetLogicalEventActive_FW
0xff097f64,SetScriptMode
0xff097f64,SetScriptMode_FW
0xff097f98,UiEvnt_StartDisguiseCradleStatus_FW
0xff097fa8,UiEvnt_StopDisguiseCradleStatus_FW
0xff0980e0,UnlockMainPower
0xff0980e0,UnlockMainPower_FW
0xff09818c,LockMainPower
0xff09818c,LockMainPower_FW
0xff098200,SetAutoShutdownTime
0xff098200,SetAutoShutdownTime_FW
0xff0983e8,HardwareDefectWithRestart_FW
0xff098438,HardwareDefect_FW
0xff098658,PTM_AllResetToFactorySetting_FW
0xff098668,j_PTM_AllReset_FW
0xff0988f4,PTM_SetCurrentCaptureMode_FW
0xff098a20,j_PTM_GetWorkingCaptureMode_FW
0xff098a28,j_PTM_SetCurrentItem_FW
0xff098a34,PTM_GetCurrentItem_FW
0xff098aa0,j_PTM_NextItem_FW
0xff098aa4,j_PTM_PrevItem_FW
0xff098ab8,j_PTM_IsEnableItem_FW
0xff098abc,j_PTM_SetProprietyEnable_FW
0xff098ad4,j_PTM_BackupUIProperty_FW
0xff098adc,PTM_RestoreUIProperty_FW
0xff099af4,Rec2PB
0xff09b174,UIFS_CancelStoreLensTimer_FW
0xff09b384,PB2Rec
0xff09bb88,task_InitFileModules
0xff09bbc0,task_CommonDrivers
0xff0a1628,SetCurrentCaptureModeType
0xff0a1628,SetCurrentCaptureModeType_FW
0xff0a1664,GetCurrentCaptureModeType_FW
0xff0a2940,UIFS_IsAvailableShots_FW
0xff0a6d2c,UIFS_StartMovieRecord_FW
0xff0a6d50,UIFS_StopMovieRecord_FW
0xff0a78ec,task_FaceFrame
0xff0a7d44,task_DSITask
0xff0a9670,TurnOnBackLight
0xff0a9688,TurnOffBackLight
0xff0b1214,GUISrv_StartGUISystem
0xff0b1214,GUISrv_StartGUISystem_FW
0xff0b19fc,RefreshPhysicalScreen
0xff0b2c28,ScreenLock
0xff0b2c8c,ScreenUnlock
0xff0b3344,atol_FW
0xff0b3350,strcat
0xff0b3598,strftime
0xff0b3b98,mktime_ext
0xff0b74d0,GetCurrentShutterSpeed_FW
0xff0b77cc,GetCurrentExposureTime_FW
0xff0bc220,task_WBIntegTask
0xff0c13c8,Capture.CotiRegular_FW
0xff0c4198,task_BrtMsrTask
0xff0c73e0,ExpCtrlTool.SetExpMode_FW
0xff0cc408,task_ExpDrv
0xff0cc408,task_ExpDrvTask
0xff0e00e8,task_WBLPFace
0xff0e326c,ReloadWBAdjustment_FW
0xff0e3c44,task_OBCtrlTask
0xff0e4f58,task_DetectMoveTask
0xff0e6b7c,task_ChaseFrame
0xff0e94a4,task_DispFace
0xff0ebd48,task_DevelopModule
0xff0ef8c8,task_EFChargeT
0xff0efddc,EF.IsChargeFull_FW
0xff0efddc,IsStrobeChargeCompleted
0xff0f3ac0,MovieAF.Suspend_FW
0xff0f3ad4,MovieAF.Resume_FW
0xff0f53b8,task_AfIntSrvTask
0xff125ecc,CdsDrv.GetBaseSv_FW
0xff1267c0,E2LatOn_FW
0xff126acc,ActivateImager_FW
0xff126b58,ActivateImagerXOne_FW
0xff126c28,QuietImager_FW
0xff126cf8,CancelImager_FW
0xff126d1c,ChangeImagerToWholeParallel_FW
0xff126d24,ChangeImagerToWholeParallelBP_FW
0xff126d2c,ChangeImagerToWholeParallelBPOne_FW
0xff126d34,ChangeImagerToCombiParallel_FW
0xff126d3c,ChangeImagerToWideDraft_FW
0xff126d44,ChangeImagerToFocusJet_FW
0xff126d4c,ChangeImagerToMangoPudding_FW
0xff126d54,ChangeImagerToSuperWideDraft_FW
0xff126d5c,ChangeImagerToJetDraft_FW
0xff126d64,ChangeImagerToHoneyFlash_FW
0xff126d6c,ChangeImagerToMillefeAdjust_FW
0xff126d74,ChangeImagerToDigiconMode_FW
0xff126d74,ChangeImagerToOITA_XAVIER_FW
0xff126d7c,ChangeImagerToAlternateDraft_FW
0xff126d84,ChangeImagerToUltraGhostQ_FW
0xff126d8c,ChangeImagerToMontblancWhole_FW
0xff126d94,ChangeImagerToMontblancMillefe_FW
0xff126d9c,ChangeImagerToMontblancMovie_FW
0xff126da4,ChangeImagerToFastBP_FW
0xff126dac,ChangeImagerToHarleyDavidson_FW
0xff126db4,ChangeImagerToMachDashV_FW
0xff126dbc,ChangeImagerToFantaJungle_FW
0xff126dc4,ChangeImagerToHoneyFlashDark_FW
0xff126dcc,ChangeImagerToRoadKing_FW
0xff126dd8,CancelImageDrive_FW
0xff126df8,j_E2LatOn_FW
0xff127f64,ReloadCdsAdjustment_FW
0xff128984,task_SsgMainTask
0xff128b34,task_SsgPeriodTask
0xff12c5c0,task_TgTask
0xff133c94,task_LiveImageTask
0xff136490,task_SyncPeriod
0xff136524,task_SynchTask
0xff1382e0,task_TimerUtility
0xff141f68,task_NormalThumbCache
0xff145c30,task_TrnsCtrlTask
0xff150ae8,LcdCon_SetLcdType_FW
0xff150b90,LcdCon_SetLcdBackLightBrightness_FW
0xff150bbc,LcdCon_SetLcdBackLightParameter_FW
0xff150c10,LcdCon_GetLcdBackLightParameter_FW
0xff150c54,LcdCon_ShowLcdBackLightParameter_FW
0xff150c94,LcdCon_SaveLcdBackLightParameter_FW
0xff150e84,LcdCon_SetLcdDriver_FW
0xff150ee8,LcdCon_SetLcdAdjParameter_FW
0xff150f9c,LcdCon_GetLcdAdjParameter_FW
0xff150fe4,LcdCon_ShowLcdAdjParameter_FW
0xff151024,LcdCon_SaveLcdAdjParameter_FW
0xff151040,LcdCon_SetLcdParameter_FW
0xff1511bc,LcdCon_GetLcdParameter_FW
0xff151204,LcdCon_ShowLcdParameter_FW
0xff151244,LcdCon_SaveLcdParameter_FW
0xff15128c,task_LcdConTask
0xff15137c,LcdCon_StartLcdPeriodicalSetting_FW
0xff1513b0,LcdCon_StopLcdPeriodicalSetting_FW
0xff153c58,LcdCon_SetCvfBackLightBrightness_FW
0xff153c84,LcdCon_SetCvfBackLightParameter_FW
0xff153cd8,LcdCon_GetCvfBackLightParameter_FW
0xff153d1c,LcdCon_ShowCvfBackLightParameter_FW
0xff153d5c,LcdCon_SaveCvfBackLightParameter_FW
0xff153f58,LcdCon_SetCvfDriver_FW
0xff153fbc,LcdCon_SetCvfAdjParameter_FW
0xff154070,LcdCon_GetCvfAdjParameter_FW
0xff1540b8,LcdCon_ShowCvfAdjParameter_FW
0xff1540f8,LcdCon_SaveCvfAdjParameter_FW
0xff154114,LcdCon_SetCvfParameter_FW
0xff154298,LcdCon_GetCvfParameter_FW
0xff1542e0,LcdCon_ShowCvfParameter_FW
0xff154320,LcdCon_SaveCvfParameter_FW
0xff15454c,_srRegDump_FW
0xff154714,AVS_Terminate_FW
0xff156150,HdmiViewParameter_FW
0xff15aaa4,HecHdmiCecPhysicalCheckForScript_FW
0xff15ab98,HdmiSimulateModeStop_FW
0xff15abc4,HdmiSimulateModeStart_FW
0xff15ac28,LockHdmiState_FW
0xff15ac2c,EdidHoldView_FW
0xff15ac98,EdidView_FW
0xff15ad04,EdidDump_FW
0xff15ae64,CecRegDump_FW
0xff15aee8,HdmiRegDump_FW
0xff15b384,GetLatestHVPosition_FW
0xff15b5ec,task_AudioLvl
0xff15b90c,EngApp.Delete_FW
0xff15b938,EngApp.Create_FW
0xff161644,task_OhyearKiLiveAlgor
0xff1649b8,task_SceneDetectTask
0xff1652cc,task_ChaseTask
0xff165428,task_MainTargetTask
0xff16561c,Scene.ForbidContiSceneDetect_FW
0xff165648,Scene.TestSunset_FW
0xff166dac,task_AutoShutterMan
0xff167ab4,task_MotionVector
0xff187970,task_CorctTask
0xff18a874,task_Fencing
0xff18c938,PrintAllAEIntegData_FW
0xff18d1c4,AbortAEIntegralValue_FW
0xff18d214,SetAEIntegStrobeProperty_FW
0xff18d29c,SetAEIntegCorrectProperty_FW
0xff18d2f8,SetAEIntegralValueProperty_FW
0xff18d338,SetAEIntegralGetaTime_FW
0xff18d728,GetAEIntegralServiceMode_FW
0xff18d734,GetAEIntegWinData_FW
0xff18d744,j_GetAEIntegWinData_FW
0xff18d748,GetAEIntegWinDataWithMode_FW
0xff18d834,GetAEIntegralValueWithFix_FW
0xff18d958,GetAllAEIntegralAllValueWithFix_FW
0xff18da28,GetOnlyAEIntegData_FW
0xff18da98,SetWhiteCoefficient_FW
0xff18db10,SetAEIntegWindowsMode_FW
0xff18db64,SetAEIntegValueBit_FW
0xff18db80,GetAEIntegValueBit_FW
0xff18db8c,StopAEIntegralService_FW
0xff18ded0,StartAEIntegralService_FW
0xff18dedc,SetLineDefMarkThroughMode_FW
0xff18df08,SetAEIntegAverageOBData_FW
0xff18df10,SetAdjAEIntegSmearLimitter_FW
0xff18df98,SetDefaultAEIntegSmearLimitter_FW
0xff18dfa8,AttachIntegCrawData_FW
0xff18e574,LoadParamDataFromAdjTableBin_FW
0xff18e674,LoadDataFromAdjTableBin_FW
0xff18e760,DeviceUniqueIDCheckSum_FW
0xff18e8a4,SaveFactoryIDData_FW
0xff18e8c4,LoadFactoryIDData_FW
0xff18ea74,PrintFirmVersion_FW
0xff18eaa8,PrintFaexeVersioin_FW
0xff18eab8,CreateFADBGSingalID_FW
0xff18eac8,FADBGSingal_FW
0xff18eb68,FADBGPrintf_FW
0xff18ece8,FAPrintf_FW
0xff18ed38,OutputLogToFile_FW
0xff18ee44,StopLogOut_FW
0xff18f164,GetLogData_FW
0xff18f16c,GetLogDataOnlyAddMemory_FW
0xff18f174,ActivateAdjLog_FW
0xff18f188,InactivateAdjLog_FW
0xff18f19c,StartLogOut_FW
0xff18f1b4,IsLogOutType_FW
0xff18f1c0,GetCurrentMaximumLogSize_FW
0xff1912bc,SetDefaultRecParameter_FW
0xff1915e8,EnableDebugLogMode_FW
0xff1915fc,DisableDebugLogMode_FW
0xff197630,GetImageFolder
0xff199608,getImageDirName
0xff19a0cc,task_MetaCtg
0xff1a0bb4,task_DPOFTask
0xff1a2e14,File.ClearExifInfo_FW
0xff1a2f54,File.Delete_AllImg_FW
0xff1a2fbc,File.Create_FW
0xff1ab440,WriteSDCard
0xff1b2160,task_ImgEdt
0xff1b30ac,task_ImgTrim
0xff1b53c4,task_RedEyePly
0xff1bb6d8,StartCzTuning_FW
0xff1bb6e0,MoveCzPeakPositon_FW
0xff1bb6e8,CzDebugPrint_FW
0xff1bb6f0,CzDebugPrintToFile_FW
0xff1bb6f8,SetCzDebugSubjectDistance_FW
0xff1bb700,SetCzDebugFocusMode_FW
0xff1bc7e0,GetFocusLensPullInMaxSpeed_FW
0xff1bca4c,GetCurrentTargetDistance_FW
0xff1bca4c,GetFocusLensSubjectDistance
0xff1bcab4,GetCurrentFocusLensPosition_FW
0xff1bcab4,GetCurrentFocusPosition_FW
0xff1bcdb8,GetFocusLensSubjectDistanceFromLens
0xff1bcf40,IsFocusLensOutSidePosition_FW
0xff1bcf64,GetFocusResetPosition_FW
0xff1bcfdc,GetFocusDefaultResetPosition_FW
0xff1beb90,GetCurrentAvValue
0xff1beb90,GetCurrentAvValue_FW
0xff1beb90,GetIrisAv_FW
0xff1bed74,GetCurrentIrisPosition_FW
0xff1bed74,GetIrisCurrentPosition_FW
0xff1befc0,ReloadGetaAdjustment_FW
0xff1bf0e4,GetLensErrorStatus_FW
0xff1bf3c4,task_MechaCom
0xff1c0c70,GetZoomPiSensorLevel_FW
0xff1c0ca4,GetFocusPiSensorLevel_FW
0xff1c1c70,task_MechaCPUTransfer
0xff1c2030,GetMechaShutterMoveTime_FW
0xff1c2058,GetMechaShutterStatus_FW
0xff1c21c8,task_TmgGen
0xff1c2700,GetZoomActuatorCurrentICPosition_FW
0xff1c2868,GetUsmTargetFreq_FW
0xff1c2a90,GetUsmEncPhase_FW
0xff1c2ad8,GetUsmEncDuty_FW
0xff1c2c60,ActivateUsmCPU_FW
0xff1c2c70,InactivateUsmCPU_FW
0xff1c2ca4,MoveUsm_FW
0xff1c2d14,MoveUsmWithFreq_FW
0xff1c2d84,StopUsm_FW
0xff1c2d94,StopUsmEmergency_FW
0xff1c2da8,ChangeUsmSpeed_FW
0xff1c2dbc,GetUsmCurrentPosition_FW
0xff1c2dc4,SetUsmCurrentPosition_FW
0xff1c2ddc,GetUsmTargetSpeed_FW
0xff1c2de8,SetUsmTargetSpeed_FW
0xff1c2dfc,j_GetUsmTargetFreq_FW
0xff1c2e00,SetUsmTargetFreq_FW
0xff1c2e14,SetUsmFreqRange_FW
0xff1c2e30,SetUsmSweepFreq_FW
0xff1c2e64,SetUsmStopSpeed_FW
0xff1c2e80,SetUsmSweepEndMarginSpeed_FW
0xff1c2e94,SetUsmPulseWidth_FW
0xff1c2eb4,EnableUsmEncErrorDetect_FW
0xff1c2ec8,DisableUsmEncErrorDetect_FW
0xff1c2edc,SetUsmSpeedLogSampling_FW
0xff1c2ef8,EnableUsmSpeedLog_FW
0xff1c2f0c,DisableUsmSpeedLog_FW
0xff1c2f24,EnableUsmEncLed_FW
0xff1c2f38,DisableUsmEncLed_FW
0xff1c2f4c,SetUsmEncLedDuty_FW
0xff1c2f64,EnableUsmEncPhaseDetect_FW
0xff1c2f78,DisableUsmEncPhaseDetect_FW
0xff1c2f8c,j_GetUsmEncPhase_FW
0xff1c2f90,j_GetUsmEncDuty_FW
0xff1c2f94,GetUsmEncPeriodTime_FW
0xff1c2f9c,GetUsmEncMultiplyTime_FW
0xff1c2fa4,GetUsmEncHighTime_FW
0xff1c2fac,EnableUsmEncLevelDetect_FW
0xff1c2fbc,DisableUsmEncLevelDetect_FW
0xff1c3464,GetZoomActuatorCurrentPosition_FW
0xff1c3478,task_ZoomEvent
0xff1c461c,MoveZoomActuator_FW
0xff1c4660,j_GetZoomActuatorCurrentPosition_FW
0xff1c4664,j_GetZoomActuatorCurrentICPosition_FW
0xff1c4668,EnableZoomActuatorSpeedControl_FW
0xff1c467c,DisableZoomActuatorSpeedControl_FW
0xff1c4f7c,GetZoomLensCurrentPosition
0xff1c6188,GetZoomResetSensorLevel_FW
0xff1c61ac,ClearZoomDriveParam_FW
0xff1c6348,GetZoomLensEncPhase_FW
0xff1c634c,GetZoomLensEncDuty_FW
0xff1c6350,GetZoomEncPhasePeriodTime_FW
0xff1c6354,GetZoomEncPhaseDifMinTime_FW
0xff1c6358,GetZoomEncPhaseHighTime_FW
0xff1c6398,SetZoomResetState_FW
0xff1c7bf4,task_VcmMainTask
0xff1c7e60,GetVcmCurrentPosition_FW
0xff1c7e88,GetVcmTargetPosition_FW
0xff1c7eb0,GetVcmAlarm_FW
0xff1c80d0,GetVcmPiPosition_FW
0xff1c8138,GetVcmPiStatus_FW
0xff1c8184,GetVcmVdPosition_FW
0xff1c81ec,GetVcmSrAPos_FW
0xff1c8258,GetVcmSrBPos_FW
0xff1c82c4,GetVcmSrCompPos_FW
0xff1c8330,GetVcmSrSOffset_FW
0xff1c8348,GetVcmSrCOffset_FW
0xff1c8360,GetVcmSrSGain_FW
0xff1c8388,GetVcmSrCGain_FW
0xff1c83b0,GetVcmSrHGain_FW
0xff1c83c8,GetVcmSrRefV_FW
0xff1c8450,GetVcmSrSPosPeak_FW
0xff1c8468,GetVcmSrSNegPeak_FW
0xff1c8480,GetVcmSrCPosPeak_FW
0xff1c8498,GetVcmSrCNegPeak_FW
0xff1c84b0,GetVcmSrSAdValue_FW
0xff1c84c8,GetVcmSrCAdValue_FW
0xff1c84e0,GetVcmSrPositionOffset_FW
0xff1c854c,EnableVcmSrAmpCorrect_FW
0xff1c8564,DisableVcmSrAmpCorrect_FW
0xff1c85d0,GetVcmOpenDriveDuty_FW
0xff1c8648,GetVcmPGain_FW
0xff1c8660,GetVcmIGain_FW
0xff1c8678,GetVcmDGain_FW
0xff1c8690,GetVcmEViClamp_FW
0xff1c880c,GetVcmPiAdValue_FW
0xff1c8980,GetVcmTravelTime_FW
0xff1c8a8c,GetVcmLogData_FW
0xff1c8aa4,GetVcmLogSampleTime_FW
0xff1c8abc,GetVcmLogTrigger_FW
0xff1c8b20,GetVcmDacOutData_FW
0xff1cbfd4,task_MovWrite
0xff1cf704,MechaUnRegisterEventProcedure_FW
0xff1cf75c,Mecha.Create_FW
0xff1cf7cc,MechaReset_FW
0xff1cf7d8,MechaTerminate_FW
0xff1cf7e4,ShowMechaMacro_FW
0xff1cf8e4,DispDev_EnableEventProc_FW
0xff1cf928,SetSDPwrPort_FW
0xff1cf948,j_GetAdVBattBottom_FW
0xff1cf94c,j_GetAdChValue_FW
0xff1cf950,j_BeepDrive_FW
0xff1cf954,j_BeepDriveComp_FW
0xff1cf958,j_SetStereoSeparation_FW
0xff1cf95c,j_VbattGet_FW
0xff1cf960,j_LEDDrive_FW
0xff1cf964,ShowPhySwStatus_FW
0xff1cf974,SetRawSWCheckMode_FW
0xff1cf984,OnPrintPhySw_FW
0xff1cf994,OffPrintPhySw_FW
0xff1cf9a4,j_GetSwitchStatus_FW
0xff1cf9a8,ShowSDStatus_FW
0xff1cf9b8,j_GetSDDetect_FW
0xff1cf9bc,j_GetSDProtect_FW
0xff1cf9c0,SetIgnoreAVJACK_FW
0xff1cf9d0,j_GetDialEventId_FW
0xff1cf9d4,j_GetLcdPosition_FW
0xff1cf9d8,j_GetBatteryCoverClose_FW
0xff1cf9dc,j_IsHvSensorExist_FW
0xff1cf9e0,j_GetPopupOpen_FW
0xff1cf9e4,j_SetPopup_FW
0xff1cf9e8,Driver.Create_FW
0xff1cf9e8,Driver_EnableEventProc_FW
0xff1cfd54,GetDateAndTime_FW
0xff1cfdf8,j_Printf_FW
0xff1cfdfc,j_MonSelEvent_FW
0xff1cfe00,j_MemoryChecker_FW
0xff1cfe04,j_VerifyByte_FW
0xff1cfe08,EraseSignature_FW
0xff1cfe18,j_SDump_FW
0xff1cfe1c,Dump_FW
0xff1cfe2c,Dump32_FW
0xff1cfe40,Poke32_FW
0xff1cfe50,Poke16_FW
0xff1cfe60,Poke8_FW
0xff1cfe70,j_Peek32_FW
0xff1cfe74,j_Peek16_FW
0xff1cfe78,j_Peek8_FW
0xff1cfe7c,Wait_FW
0xff1cfe8c,j_exec_FW
0xff1cfe90,ShowAllTaskInfo_FW
0xff1cfea0,System.Delete_FW
0xff1d0588,System.Create_FW
0xff1d0874,UIFS_IsAvailableMovieRecOptZoom_FW
0xff1d087c,UIFS_IsAvailableMovieRecDigZoom_FW
0xff1d0884,UIFS_IsAvailableServoAF_FW
0xff1d088c,UIFS_IsAvailableRecMenuAFMode_FW
0xff1d0894,UIFS_IsAutoPopupDownStrobe_FW
0xff1d089c,UIFS_IsAvailableAvTvMode_FW
0xff1d0a2c,UIFS_SetDialStillRec_FW
0xff1d0a4c,UIFS_SetCaptureModeToP_FW
0xff1d0a8c,UIFS_SetDialMovieRec_FW
0xff1d0acc,UIFS_SetDialPlay_FW
0xff1d0aec,UIFS_OpenPopupStrobe_FW
0xff1d0b1c,UIFS_ClosePopupStrobe_FW
0xff1d0b4c,UIFS_MountExtFlash_FW
0xff1d0b7c,UIFS_UnmountExtFlash_FW
0xff1d0bac,UIFS_ConnectVideo_FW
0xff1d0bdc,UIFS_DisconnectVideo_FW
0xff1d0c0c,j_UIFS_MoveZoomTo_FW
0xff1d0c10,j_UIFS_GetNumOfOptZoomPos_FW
0xff1d0c14,UIFS_StopPostingUIEvent_FW
0xff1d0c18,UIFS_RestartPostingUIEvent_FW
0xff1d0c1c,UIFS_PostModeDial_FW
0xff1d0c44,j_UIFS_Capture_FW
0xff1d0c48,j_UIFS_CaptureNoneStop_FW
0xff1d0c4c,j_UIFS_StartMovieRecord_FW
0xff1d0c50,j_UIFS_StopMovieRecord_FW
0xff1d0c54,UIFS_StartClockMode_FW
0xff1d0c64,UIFS_EndClockMode_FW
0xff1d0c74,UIFS_SetCradleSetting_FW
0xff1d0c78,j_UIFS_WriteFirmInfoToFile_FW
0xff1d0c7c,UIFS_GetMovieRecoadableNumber_FW
0xff1d0cc4,UIFS_GetStillShotableNumber_FW
0xff1d0d44,UIFS_ChangeShootState_FW
0xff1d0d68,UIFS_ShootSeqToUI_FW
0xff1d0d8c,UIFS_GetLastPath_FW
0xff1d0dc4,UIFS_GetAvItemCount_FW
0xff1d0e34,UIFS_GetTvItemCount_FW
0xff1d0f90,UIFS_GetAvItem_FW
0xff1d0fc8,UIFS_GetTvItem_FW
0xff1d1000,UIFS_GetCurrentAvString_FW
0xff1d1080,UIFS_GetCurrentTvString_FW
0xff1d1104,j_UIFS_IsAvailableShots_FW
0xff1d1108,j_UIFS_GetNumberOfDisplayedImage_FW
0xff1d110c,j_UIFS_PlayTrimExecuteAllImageSize_FW
0xff1d1110,j_UIFS_CancelStoreLensTimer_FW
0xff1d1114,UI.CreatePublic_FW
0xff1d1c44,UI_ShowStateOfRecMode_FW
0xff1d1c58,UI.Create_FW
0xff1d1c58,UI_RegistDebugEventProc_FW
0xff1d1d58,InitializeAdjustmentSystem_FW
0xff1d1d90,TerminateAdjustmentSystem_FW
0xff1d1dc8,InitializeAdjustmentFunction_FW
0xff1d1df0,FA.Delete_FW
0xff1d1e04,FA.Create_FW
0xff1d1e28,DispDev.Create_FW
0xff1d1f94,SaveBmpVRAMData_FW
0xff1d2374,SavePaletteData
0xff1d2374,SavePaletteData_FW
0xff1d2580,Capture.Create_FW
0xff1d25c4,EngineDriver.Create_FW
0xff1d4c64,task_ShutterSoundTask
0xff1d6578,task_CreateHeaderTask
0xff1d7ea8,NR_SetLotasPonyType_FW
0xff1d7eb0,NR_SetDoubleNRType_FW
0xff1d9ac8,GetLogToFile_FW
0xff1d9af0,IsRomLogAvailable_FW
0xff1d9b04,EraseLogSector_FW
0xff1dec40,AdditionAgentRAM_FW
0xff1ded78,EFUSE_ReadData_FW
0xff1df1a8,EFUSE_GetVdlData_FW
0xff1f157c,UIFS_WriteFirmInfoToFile
0xff1f157c,UIFS_WriteFirmInfoToFile_FW
0xff1f5058,FmtMenu_ExecuteQuickFormat_FW
0xff204c40,PTM_AllReset_FW
0xff2050d0,PTM_GetWorkingCaptureMode_FW
0xff2050e8,PTM_SetCurrentItem_FW
0xff205448,PTM_NextItem_FW
0xff205450,PTM_PrevItem_FW
0xff205870,PTM_SetProprietyEnable_FW
0xff205b4c,PTM_IsEnableItem_FW
0xff205c18,PTM_BackupUIProperty_FW
0xff205c18,SetParameterData
0xff205d3c,GetParameterData
0xff206008,ExecuteResetFactoryWithRomWrite_FW
0xff206020,ExecuteResetFactory_FW
0xff206038,j_ExecuteShutDownPropertyService_FW
0xff2116bc,UIFS_Capture_FW
0xff211790,UIFS_CaptureNoneStop_FW
0xff2129a8,UIFS_GetNumOfOptZoomPos_FW
0xff212a5c,UIFS_MoveZoomTo_FW
0xff214108,task_RealTimeHist
0xff2566dc,UIFS_GetNumberOfDisplayedImage_FW
0xff28d444,IisTimer_FW
0xff295c24,memset
0xff295c24,memset_FW
0xff295ca0,realloc
0xff295d54,srand
0xff295d60,rand
0xff295d90,sscanf_FW
0xff297bec,apex2us
0xff29e358,NR_SetDarkSubType
0xff29e358,NRTBL.SetDarkSubType_FW
0xff29e3f4,NRTBL.SetDefectCorrectType_FW
0xff29e420,NR_GetDarkSubType
0xff29e420,NRTBL.GetDarkSubType_FW
0xff29e460,NRTBL.SetTassenType_FW
0xff29e480,NRTBL.GetDefectCorrectType_FW
0xff2b8d30,PointDefDetect_FW
0xff2b8f98,MergeAndConvertDefect_FW
0xff2b93cc,PointKizuCheck_FW
0xff2b9438,SensDefCrowdCheck_FW
0xff2b946c,ChangeGradeTable_FW
0xff2b9474,CrossDefDetect_FW
0xff2b9658,ChangeCrossThresholdTable_FW
0xff2b966c,GetDefectCrawInfo_FW
0xff2b96d0,SetDefectDebugInfo_FW
0xff2b96fc,GetDefectHistgramInfo_FW
0xff2b9734,GetDefectTvAdj_FW
0xff2b984c,SetDefectRecParam_FW
0xff2b9980,ChangeDefectRecParam_FW
0xff2b9990,ExecuteDefectRec_FW
0xff2b99a4,ExecuteDefectRecAndSaveImage_FW
0xff2b99f0,j_InitializeDefectRec_FW
0xff2b99f4,j_TerminateDefectRec_FW
0xff2b9a7c,DevelopTool.DevelopTest_FW
0xff2c19d4,ReloadEfAdjustment_FW
0xff2c29c0,task_CntFlashTask
0xff2c6550,EF.StartEFCharge_FW
0xff2c659c,EF.StopEFCharge_FW
0xff2c65ac,EF.SetEFChargeTimeOut_FW
0xff2c65c0,EF.StartInternalPreFlash_FW
0xff2c65f4,EF.StartInternalMainFlash_FW
0xff2c6678,EF.SetMainFlashTime_FW
0xff2c668c,j_EF.IsChargeFull_FW
0xff2c6690,EF.AdjPreFlash_FW
0xff2c66cc,EF.SetChargeMode_FW
0xff2c66e0,EF.SetFlashTime_FW
0xff2ccd7c,AFTool.GetEVal_FW
0xff2d8c20,CdsDrv.SetCdsGainForAdjustment_FW
0xff2d8c28,CdsDrv.GetCdsGainForAdjustment_FW
0xff2d8c48,CdsDrv.SetCdsGainRegForAdjustment_FW
0xff2d8c50,CdsDrv.GetCdsGainRegForAdjustment_FW
0xff2d8c70,CdsDrv.SetCdsPreGainForAdjustment_FW
0xff2d8c78,CdsDrv.GetCdsPreGainForAdjustment_FW
0xff2d8c98,CdsDrv.SetCdsAllGainRegForAdjustment_FW
0xff2d8ca8,CdsDrv.SetCdsAllGaindBForAdjustment_FW
0xff2d8cb8,CdsDrv.SetCdsOBForAdjustment_FW
0xff2d8cc0,CdsDrv.GetCdsOBForAdjustment_FW
0xff2d8ce4,CdsDrv.Reset_FW
0xff2d8d00,CdsDrv.SetCdsCalibration_FW
0xff2d8d20,CdsDrv.SetCdsGain_FW
0xff2d8d78,CdsDrv.GetCdsGain_FW
0xff2d8eac,CdsDrv.PowerMode_FW
0xff2d8ec0,CdsDrv.SelectGainCurveForFi_FW
0xff2d8ec8,CdsDrv.SelectGainCurveForFr_FW
0xff2d8ed0,CdsDrv.SelectGainCurveForMovie_FW
0xff2d8ed8,CdsDrv.ChangeGainCurve_FW
0xff2d8ee0,CdsDrv.GetCdsSpecOfADBitRate_FW
0xff2d8ee8,j_CdsDrv.GetBaseSv_FW
0xff2d8efc,CdsDrv.CorrectCdsOBBrimming_FW
0xff2d8f50,CdsDrv.SetCdsRegisterImage_FW
0xff2d8f68,CdsDrv.GetCdsRegisterImage_FW
0xff2d8f94,CdsDrv.Create_FW
0xff2d8fd4,CdsDrv.Delete_FW
0xff2dbe0c,LiveImageTool.StartEVF_FW
0xff2dbe18,LiveImageTool.StartEVFFocusJet_FW
0xff2dbe24,LiveImageTool.StartEVFMF_FW
0xff2dbf0c,LiveImageTool.StartEVFMovVGA_FW
0xff2dbf20,LiveImageTool.StartEVFMovQVGA_FW
0xff2dbf5c,LiveImageTool.StartEVFMovHD_FW
0xff2dbf70,LiveImageTool.StartEVFMovFULLHD_FW
0xff2dbf84,LiveImageTool.StopEVF_FW
0xff2dbf94,LiveImageTool.DzoomTele_FW
0xff2dbfb4,LiveImageTool.DzoomWide_FW
0xff2dbff8,LiveImageTool.StopDzoom_FW
0xff2dc008,LiveImageTool.Pause_FW
0xff2dc018,LiveImageTool.Resume_FW
0xff2dc028,LiveImageTool.ChangeDzoom_FW
0xff2dc098,j_LiveImageTool.GetDzoomPosition_FW
0xff2dc09c,LiveImageTool.Jump_FW
0xff2dc0b0,LiveImageTool.Dister_FW
0xff2df3e0,task_PTPtoFAPI_EventProcTask_Try
0xff2df484,task_PTPtoFAPI_EventProcTask_Block
0xff2dffb8,add_ptp_handler
0xff306290,task_Raw2Ss2YuvTask
0xff30e640,EngDrvOut_FW
0xff30e65c,EngDrvIn_FW
0xff30e664,EngDrvRead_FW
0xff30e66c,EngDrvBits_FW
0xff30e690,EngDrvReadDump_FW
0xff31b428,GetCurrentAdjImgDriveType_FW
0xff31b434,GetCurrentImgDrvMode_FW
0xff31b454,ConvertAEIntegDrvTypeToAdjImgDriveType_FW
0xff31b4a0,ConvertAdjImgDrvModeToAdjImgDriveType_FW
0xff31b508,ChangeAdjImgDrvMode_FW
0xff31b534,ChangeAEIntegDrvTypeToAdjImgDriveType_FW
0xff31b580,ExecuteAvs_FW
0xff31b5a4,j_CheckAvs_FW
0xff31b698,GetEFuseData_FW
0xff31b6b0,LoadAvsAdjData_FW
0xff31b6b8,GetCurrentCcdTemp_FW
0xff31b6d4,GetCurrentOptTemp_FW
0xff31b700,GetCameraInformationData_FW
0xff31b73c,j_GetCameraInformationData_FW
0xff31b788,SetFaexeEventTableActivation_FW
0xff31b860,ShowTransparentMemory_FW
0xff31b880,DumpTransparentMemoryItem_FW
0xff31b8c0,AddTransparentMemory_FW
0xff31b8f8,AttachToTransparentMemory_FW
0xff31b930,RemoveTransparentMemory_FW
0xff31b950,GetTransparentMemorySize_FW
0xff31b960,GetTransparentMemory_FW
0xff31b9a4,GetTransparentMemoryPosition_FW
0xff31bf00,StartSoundRecord_FW
0xff31bf38,StartSoundPlay_FW
0xff31bf70,InitializeSoundRec_FW
0xff31bfc0,TerminateSoundRec_FW
0xff31c0b0,InitializeFAGeneralTest_FW
0xff31c0c4,TerminateFAGeneralTest_FW
0xff31c0cc,InitializeFAExtendFile_FW
0xff31c0dc,TerminateFAExtendFile_FW
0xff3364cc,task_FileScheduleTask
0xff3374cc,task_FileWrite
0xff3374cc,task_FileWriteTask
0xff338a38,task_FORMAT_TASK_PROGRESS
0xff338c18,task_FORMAT_TASK_NAME
0xff3394f0,closedir
0xff339540,OpenFastDir
0xff339694,ReadFastDir
0xff33b75c,task_FilYuvMaker
0xff33c544,task_DecJpgRd
0xff33ede8,reboot_fw_update
0xff344728,task_FocusEvent
0xff346570,GetFocusLensCurrentPosition_FW
0xff346a0c,SetFocusResetState_FW
0xff346a54,task_IrisEvent
0xff3477b8,EnableIrisActuator_FW
0xff3477dc,DisableIrisActuator_FW
0xff347800,ResetIrisActuator_FW
0xff347be8,GetIrisSpecOpenPosition_FW
0xff347bf8,GetIrisSpecClosePosition_FW
0xff348220,task_IrisCycleEvent
0xff348c84,GetIrisDriveVoltage_FW
0xff348c94,GetIrisDriveVoltageLow_FW
0xff348cc4,GetIrisSettingWaitVoltage_FW
0xff348ce4,GetIrisHoldVoltage_FW
0xff3498fc,GetMechaDeviceComparatorHysteresis_FW
0xff349948,GetMechaDeviceComparatorThreshold_FW
0xff349a48,task_MechaShutter
0xff34a6dc,SetZoomLensICDriveData_FW
0xff34cf44,task_MovPlay
0xff350fc4,task_MovEdit
0xff352c7c,task_AviRead
0xff354224,MoveCZToPoint_FW
0xff35425c,MoveCZToWide_FW
0xff35428c,MoveCZToTele_FW
0xff3542bc,MoveCZToPointByOVF_FW
0xff3542ec,StopCZ_FW
0xff354318,GetCZStillHighSpeed_FW
0xff354320,GetCZStillLowSpeed_FW
0xff354328,GetCZMovieHighSpeed_FW
0xff354330,GetCZMovieLowSpeed_FW
0xff354338,GetCZStillDefaultSpeed_FW
0xff354340,GetCZMovieDefaultSpeed_FW
0xff3543c8,ResetFocusLens
0xff3543c8,ResetFocusLens_FW
0xff354418,SetFocusLensReseted_FW
0xff354428,EscapeFocusLens_FW
0xff3544a0,MoveFocusLensToTerminate_FW
0xff3544fc,MoveFocusLensWithDistance_FW
0xff3545fc,MoveFocusLensWithPosition_FW
0xff354708,MoveFocusLensWithPositionImmediateReturn_FW
0xff3547bc,MoveFocusLensWithPositionWithoutBacklash_FW
0xff3548bc,MoveFocusActuator_FW
0xff354964,SetFocusLensSpeed_FW
0xff35497c,SetFocusLensSpeedTable_FW
0xff354a38,SetFocusLensDefaultPullOutTable_FW
0xff354a4c,SetFocusLensCondition_FW
0xff354b40,ShowFocusLensCurrentSpeedTable_FW
0xff354c1c,SetFocusLensMaxSpeedLimit_FW
0xff354c2c,CancelFocusLensMaxSpeedLimit_FW
0xff354c3c,EnableFocusLens_FW
0xff354c88,DisableFocusLens_FW
0xff354cd4,EnableFocusLensGainLockWithVoltage_FW
0xff354d00,DisableFocusLensGainLock_FW
0xff354d10,EnableFocusLensWaveLock_FW
0xff354d2c,DisableFocusLensWaveLock_FW
0xff354d3c,j_GetFocusLensCurrentPosition_FW
0xff354d40,GetFocusLensResetPosition_FW
0xff354d48,GetFocusLensResetDefaultPosition_FW
0xff354d50,GetFocusLensSubjectDistance_FW
0xff354d6c,GetFocusLensSubjectDistanceNumber_FW
0xff354d74,GetFocusLensPositionRatio_FW
0xff354d7c,GetFocusLensLoadSubjectDistance_FW
0xff354d9c,ChangeFocusDistanceToPosition_FW
0xff354da4,GetFocusLensLoadCamTable_FW
0xff354dd4,GetFocusLensMoveMaxPosition_FW
0xff354dec,GetFocusLensMoveMinPosition_FW
0xff354e04,j_GetFocusLensPullInMaxSpeed_FW
0xff354e08,GetFocusLensMoveRangeOfTelePoint_FW
0xff354e70,EnableFocusLensPort_FW
0xff354e80,DisableFocusLensPort_FW
0xff354e9c,StartVcmLoopGainCalc_FW
0xff354ec8,GetVcmLoopGainCalcData_FW
0xff354f1c,StopVcmLoopGainCalc_FW
0xff354fc4,ResetIris_FW
0xff355014,MoveIrisToStandbyPosition_FW
0xff35503c,MoveIrisWithAv
0xff35503c,MoveIrisWithAv_FW
0xff355068,MoveIrisWithAvAndSpeed_FW
0xff35509c,MoveIrisToPositionWithBacklash_FW
0xff3550c8,MoveIrisToTerminatePosition_FW
0xff3550f0,MoveIrisToFullOpen_FW
0xff355118,MoveIrisToFullClose_FW
0xff355140,j_GetIrisAv_FW
0xff355144,j_GetIrisCurrentPosition_FW
0xff355148,MoveIrisWithAvWithoutBacklash_FW
0xff355174,MoveIrisToPositionWithoutBacklash_FW
0xff3551a0,MoveIrisWithAvAndSpeedWithoutBacklash_FW
0xff3551d4,EnableIris_FW
0xff3551f8,DisableIris_FW
0xff35521c,j_GetIrisSpecOpenPosition_FW
0xff355220,j_GetIrisSpecClosePosition_FW
0xff355224,j_GetIrisDriveVoltage_FW
0xff355228,SetIrisDriveVoltage_FW
0xff35523c,j_GetIrisDriveVoltageLow_FW
0xff355240,SetIrisDriveVoltageLow_FW
0xff355254,j_GetIrisSettingWaitVoltage_FW
0xff355258,SetIrisSettingWaitVoltage_FW
0xff35526c,j_GetIrisHoldVoltage_FW
0xff355270,SetIrisHoldVoltage_FW
0xff355284,ChangeIrisSpeed_FW
0xff3552a4,MoveIrisWithAvAndAvSpeed_FW
0xff3552d8,MoveIrisWithAvAndAvSpeedWithoutBacklash_FW
0xff355368,MoveLensToFirstPoint_FW
0xff3553b0,MoveLensToTerminatePoint_FW
0xff3553e8,j_IsLensOutside_FW
0xff3553ec,j_GetLensErrorStatus_FW
0xff3553f0,j_GetFocusStartZoomPosition_FW
0xff3553f4,EnableLensError_FW
0xff355404,DisableLensError_FW
0xff355414,SetLensOutsideFlag_FW
0xff355448,WriteMechaLogToRom_FW
0xff355468,WriteMechaLogToFile_FW
0xff35548c,EnableMechaCircuit_FW
0xff35549c,DisableMechaCircuit_FW
0xff3554ac,EnableFocusPiCircuit_FW
0xff3554bc,DisableFocusPiCircuit_FW
0xff3554cc,j_GetFocusPiSensorLevel_FW
0xff3554d0,EnableZoomPiCircuit_FW
0xff3554e0,DisableZoomPiCircuit_FW
0xff3554f0,j_GetZoomPiSensorLevel_FW
0xff3554f4,EnableZoomEncoderCircuit_FW
0xff355504,DisableZoomEncoderCircuit_FW
0xff355514,j_GetMechaDeviceComparatorThreshold_FW
0xff355518,SetMechaDeviceComparatorThreshold_FW
0xff35552c,j_GetMechaDeviceComparatorHysteresis_FW
0xff355530,SetMechaDeviceComparatorHysteresis_FW
0xff355544,SendMechaCircuitData_FW
0xff355568,ReceiveMechaCircuitDataAll_FW
0xff355618,CloseMechaShutter_FW
0xff35563c,OpenMechaShutter_FW
0xff355660,CloseMechaShutterWithTiming_FW
0xff355698,SetMechaShutterCloseDacSetting_FW
0xff3556b4,GetMechaShutterCloseDacSetting_FW
0xff3556e8,SetMechaShutterOpenDacSetting_FW
0xff355704,GetMechaShutterOpenDacSetting_FW
0xff355738,SetMechaShutterWaitTimeSetting_FW
0xff35574c,j_GetMechaShutterStatus_FW
0xff355750,j_GetMechaShutterMoveTime_FW
0xff355754,SetMechaShutterMoveTime_FW
0xff3557ec,ResetZoomLens
0xff3557ec,ResetZoomLens_FW
0xff355818,ResetZoomLensToFirst_FW
0xff355858,ResetZoomLensToTermiante_FW
0xff355898,MoveZoomLensWithPoint
0xff355898,MoveZoomLensWithPoint_FW
0xff3558dc,MoveZoomLensWithPointImmediateReturn_FW
0xff3558f8,WaitMoveZoomLensComplete_FW
0xff355924,MoveZoomLensWithPosition_FW
0xff355968,MoveZoomLensToTerminatePosition_FW
0xff3559a8,SetZoomLensSpeedMode_FW
0xff3559bc,j_GetZoomLensCurrentPoint_FW
0xff3559c0,j_GetZoomLensCurrentPosition_FW
0xff3559c4,j_GetZoomLensTelePoint_FW
0xff3559c8,j_GetZoomLensMechaEdgePosition_FW
0xff3559cc,EnableZoomLensEncoderPowerControl_FW
0xff355a0c,DisableZoomLensEncoderPowerControl_FW
0xff355a1c,EnableZoomLensResetEscapeMove_FW
0xff355a2c,DisableZoomLensResetEscapeMove_FW
0xff355a3c,ChangeZoomLensPointToMagnification_FW
0xff355a44,ChangeZoomLensMagnificationToPoint_FW
0xff355a4c,AdjustZoomEncoderPi_FW
0xff355a54,j_GetZoomLensEncPhase_FW
0xff355a58,j_GetZoomLensEncDuty_FW
0xff355a5c,SetZoomLensEncLedDuty_FW
0xff355a70,UsmMenu_FW
0xff355c28,UsmGainGet_FW
0xff355c8c,UsmGainSet_FW
0xff355ce0,UsmGainChangeSpeedGet_FW
0xff355d14,UsmGainChangeSpeedSet_FW
0xff355d48,UsmLGainGet_FW
0xff355d64,UsmLGainSet_FW
0xff355d90,UsmEncLevel_FW
0xff35618c,UsmWowFla_FW
0xff3562a8,UsmWowFlaForSD_FW
0xff356800,UsmFN_FW
0xff356930,UsmFNForSD_FW
0xff356c08,ISAutoCenter_FW
0xff356c18,StartISLocalAdjust_FW
0xff356c28,j_StartISLocalHallAdjust_FW
0xff356c2c,j_StartISLocalAutoCenter_FW
0xff356c30,ISMoveToMechaEdgeOPEN_FW
0xff356c44,ISChangeOPENtoCLOSE_FW
0xff356c54,SetISDriveAaxis_FW
0xff356c68,SetISDriveBaxis_FW
0xff356c7c,SetISHallOffsetAaxis_FW
0xff356c90,SetISHallOffsetBaxis_FW
0xff356ca4,SetISHallOffsetbyAxisType_FW
0xff356cc0,SetISHallGainAaxis_FW
0xff356cd4,SetISHallGainBaxis_FW
0xff356ce8,SetISHallGainbyAxisType_FW
0xff356d04,SetISGyroGainAaxis_FW
0xff356d18,SetISGyroGainBaxis_FW
0xff356d2c,SetISGyroGainbyAxisType_FW
0xff356d48,GetISDriveAaxis_FW
0xff356d68,GetISDriveBaxis_FW
0xff356d88,GetISPositionAaxis_FW
0xff356da8,GetISPositionBaxis_FW
0xff356dc8,GetISHallOffsetAaxis_FW
0xff356de8,GetISHallOffsetBaxis_FW
0xff356e08,GetISHallOffsetbyAxisType_FW
0xff356e34,GetISHallGainAaxis_FW
0xff356e54,GetISHallGainBaxis_FW
0xff356e74,GetISHallGainbyAxisType_FW
0xff356ea0,GetISGyroGainAaxis_FW
0xff356fc8,GetISGyroGainBaxis_FW
0xff356fe8,GetISGyroGainbyAxisType_FW
0xff357014,j_GetGyroDataPitch_FW
0xff357018,j_GetGyroDataYaw_FW
0xff35701c,SetGyro10BitDACPitch_FW
0xff357030,SetGyro10BitDACYaw_FW
0xff357044,j_GetGyro10BitDACPitch_FW
0xff357048,j_GetGyro10BitDACYaw_FW
0xff35704c,SetGyroHPFINOffsetPitch_FW
0xff357060,SetGyroHPFINOffsetYaw_FW
0xff357074,j_GetGyroHPFINOffsetPitch_FW
0xff357078,j_GetGyroHPFINOffsetYaw_FW
0xff35707c,j_GetGyroHPFINPitch_FW
0xff357080,j_GetGyroHPFINYaw_FW
0xff357084,SetISTuningFlag_FW
0xff35709c,SetGyroFilterChargeStart_FW
0xff3570b4,SetGyroFilterChargeStop_FW
0xff3570cc,GetGyroFilterCharge_FW
0xff3570ec,GetISFirmVersion_FW
0xff357114,GetMechaDSPVersion_FW
0xff35713c,GetISParamVersion_FW
0xff357164,SetZoomPosition_FW
0xff357178,ISControlStart_FW
0xff357188,ISControlStop_FW
0xff357198,ISPanModeStart_FW
0xff3571a8,ISPanModeStop_FW
0xff357258,SetISControlType_FW
0xff35726c,SetISStillStatus_FW
0xff35727c,SetISMovieStatus_FW
0xff35728c,ChangeParallelMode_FW
0xff3572a0,SetLPFParallelBest_FW
0xff3572bc,GetLPFParallelBest_FW
0xff3572ec,SelectPositionSignal_FW
0xff357300,ClearISIComponent_FW
0xff357310,SetISHPFCutoff_FW
0xff357324,ClearISZData_FW
0xff357334,GetISHallOut1Amp_FW
0xff357358,ISMDStart_FW
0xff357368,ISMDStop_FW
0xff357378,SetISLPFAaxis_FW
0xff35738c,SetISLPFBaxis_FW
0xff3573a0,EnableISDriveError_FW
0xff3573b0,DisableISDriveError_FW
0xff3573c0,EnableISAutoGyroOffset_FW
0xff3573d0,DisableISAutoGyroOffset_FW
0xff3573e0,SetISHallAmpFirstGain_FW
0xff3573f4,GetISHallAmpFirstGain_FW
0xff35741c,StartLoopGainCalc_FW
0xff357450,GetLoopGainCalcData_FW
0xff3574a4,SetLoopGainAdjValue_FW
0xff357544,GetLoopGainAdjValue_FW
0xff357568,StopLoopGainCalc_FW
0xff357578,GetISCrossTalkComp_FW
0xff3575c8,SetISCrossTalkCompA1_FW
0xff3575dc,SetISCrossTalkCompA2_FW
0xff3575f0,SetISCrossTalkCompB1_FW
0xff357604,SetISCrossTalkCompB2_FW
0xff357618,SetDISModeParam_FW
0xff35762c,GetDISModeParamType_FW
0xff35764c,DisableDISModeChange_FW
0xff35765c,EnableDISModeChange_FW
0xff35766c,SetISAdjData_FW
0xff35767c,SetISCenterShiftA_FW
0xff357690,SetISCenterShiftB_FW
0xff3576a4,GetISCenterShiftA_FW
0xff3576c0,GetISCenterShiftB_FW
0xff3576dc,EnableMacroIS_FW
0xff3576ec,DisableMacroIS_FW
0xff3576fc,StartMacroISContiMode_FW
0xff35770c,StartMacroISAdjust_FW
0xff35771c,StopMacroISAdjust_FW
0xff35772c,GetMacroISEstimRadiusA_FW
0xff3577cc,GetMacroISEstimRadiusB_FW
0xff3577e8,SetISFocusLensDistance_FW
0xff3577f8,GetMacroISGainA_FW
0xff357814,GetMacroISGainB_FW
0xff357830,SetMacroISGainA_FW
0xff357844,SetMacroISGainB_FW
0xff357858,GetMacroISAngleAndVelocityA_FW
0xff357888,GetMacroISAngleAndVelocityB_FW
0xff3578b8,SetPoweredISON_FW
0xff3578cc,SetPoweredISOFF_FW
0xff3578e0,ISFixedPWMON_FW
0xff3578f4,ISFixedPWMOFF_FW
0xff357908,SetFixedPWMOutA_FW
0xff35791c,SetFixedPWMOutB_FW
0xff357930,j_GetFixedPWMOutA_FW
0xff357934,j_GetFixedPWMOutB_FW
0xff357938,ActivateISMD_FW
0xff357950,CommunicateMechaCPU_FW
0xff35798c,MechaCPUMemoryDump_FW
0xff3579a8,MechaCPUMemoryWrite_FW
0xff357a90,StartImStEventProc_FW
0xff359200,MemoryChecker_FW
0xff359328,VerifyByte_FW
0xff359504,SDump_FW
0xff359724,FreeMemory
0xff359724,FreeMemory_FW
0xff35972c,AllocateMemory
0xff35972c,AllocateMemory_FW
0xff35974c,Peek32_FW
0xff359754,Peek16_FW
0xff35975c,Peek8_FW
0xff359784,GetSystemTime
0xff359784,GetSystemTime_FW
0xff359798,exec_FW
0xff359808,MonSelEvent_FW
0xff359c80,MakeBootDisk_FW
0xff359c94,MakeScriptDisk_FW
0xff376cac,task_ReadMultiConTask
0xff37f420,UIFS_PlayTrimExecuteAllImageSize_FW
0xff38e91c,LCDMsg_Move_FW
0xff38e95c,LCDMsg_Delete_FW
0xff38ec68,LCDMsg_Create_FW
0xff38ecfc,LCDMsg_SwDisp_FW
0xff38ed4c,LCDMsg_SetNum_FW
0xff38ed5c,LCDMsg_SetStr_FW
0xff38ee24,LCDMsg_ChangeColor_FW
0xff3ae998,qsort
0xff3b4834,InitializeDefectRec_FW
0xff3b48a0,TerminateDefectRec_FW
0xff3c6df0,Bat_Calc_FW
0xff3c6df0,CalculateBatSenseOffset_FW
0xff3d8f38,GetCdsGainValue_FW
0xff3d8f60,SetDeltaCDSGain_FW
0xff3d8fa4,j_ReloadCdsAdjustment_FW
0xff3d8fa8,GetObClampValue_FW
0xff3d8fb8,SetObClamp_FW
0xff3d8fb8,SetObClampValue_FW
0xff3d8fc0,SetCDSGain_FW
0xff3d8fc0,SetCdsGainValue_FW
0xff3d900c,SetCdsPreGainReg_FW
0xff3d9054,GetCdsPreGainReg_FW
0xff3d905c,SetSensorPreGain_FW
0xff3d906c,GetSensorPreGain_FW
0xff3d9074,GetCurrentDriveBaseSvValue_FW
0xff3d9094,j_GetCurrentDriveBaseSvValue_FW
0xff3d90b8,SetCDSGainStep_FW
0xff3d90d0,SetAdjCdsMode_FW
0xff3d90ec,CancelAdjCdsMode_FW
0xff3d91bc,IsAdjCdsMode_FW
0xff3d9200,StopCaptureDrive_FW
0xff3d9a60,j_CancelImageDrive_FW
0xff3d9a6c,StartCaptureDrive_FW
0xff3d9a74,CaptureWithParam_FW
0xff3d9a88,ChangeImageDrive_FW
0xff3d9a90,GetCrwImageInfo_FW
0xff3d9b24,ConvertTvToExposureTime_FW
0xff3d9b44,j_GetCurrentExposureTime_FW
0xff3d9b4c,j_GetCurrentShutterSpeed_FW
0xff3d9b78,SetShutterSpeedWithMecha_FW
0xff3d9bc8,SetShutterSpeed_FW
0xff3d9c14,GetUserSetShutterSPeed_FW
0xff3d9c24,GetShutterSpeedRegularMaxLimit_FW
0xff3d9c3c,GetShutterSpeedRegularMinLimit_FW
0xff3d9c78,GetFrameRateWithApex_FW
0xff3d9d50,MoveIrisToAv_FW
0xff3d9d9c,ReloadIrisAdjustment_FW
0xff3d9dfc,j_ReloadGetaAdjustment_FW
0xff3d9e00,j_GetCurrentAvValue_FW
0xff3d9e04,GetCurrentAvCoefficient_FW
0xff3d9ee4,j_GetCurrentIrisPosition_FW
0xff3d9ef0,MoveIrisFullOpen_FW
0xff3d9f24,MoveIrisFullClose_FW
0xff3d9f58,ResetIrisPosition_FW
0xff3d9f8c,GetIrisPRResetPosition_FW
0xff3d9f94,MoveIrisWithTerminatePosition_FW
0xff3d9fc8,MoveIrisMechaPositionWithBacklash_FW
0xff3da004,MoveIrisMechaPositionWithoutBacklash_FW
0xff3da040,MoveIrisToAvWithoutBacklash_FW
0xff3da08c,GetUsableMinAv_FW
0xff3da0a4,GetUsableMaxAv_FW
0xff3da100,ReloadNdFilterAdjustment_FW
0xff3da118,PutInNdFilter
0xff3da118,PutInNdFilter_FW
0xff3da150,PutOutNdFilter
0xff3da150,PutOutNdFilter_FW
0xff3da1d8,CloseMShutter_FW
0xff3da210,OpenMShutter_FW
0xff3dab2c,CalculatePeakFromLeastSquareResult_FW
0xff3dab64,CalculateLog2ToApex_FW
0xff3dab78,CalculatePow2FromApex_FW
0xff3dabc4,CalcLog10_FW
0xff3dabec,ConvertApexToApexStd_FW
0xff3dac1c,ConvertApexStdToApex_FW
0xff3dacb4,CalcSqrt_FW
0xff3dace0,SetOneShotWBParam_FW
0xff3dace0,SetOneTypeWBParam_FW
0xff3dad60,OneShotWhigeBalance_FW
0xff3dad60,OneTypeWhiteBalance_FW
0xff3dadb0,SetWBYlStandardWidth_FW
0xff3dadec,SetReferenceWBGainForCalibration_FW
0xff3dae18,SetToolCorrectCoefficient_FW
0xff3dae90,j_ReloadWBAdjustment_FW
0xff3db1b0,ConvertCxCyToWBGain_FW
0xff3db3c4,j_GetCurrentZoomLensPosition_FW
0xff3db3c4,j_GetCurrentZoomPosition_FW
0xff3db3c8,j_GetCurrentZoomLensPoint_FW
0xff3db3c8,j_GetCurrentZoomPoint_FW
0xff3db3cc,GetCurrentZoomLensDirection_FW
0xff3db3e8,ReloadZoomAdjustment_FW
0xff3db4a8,j_GetZoomTelePoint_FW
0xff3db4ac,j_GetZoomResetSensorLevel_FW
0xff3db4e8,j_GetZoomDrivingTime_FW
0xff3db52c,j_ClearZoomDriveParam_FW
0xff3db684,j_IsZoomLensOutSidePosition_FW
0xff3db68c,j_StopZoomEmergency_FW
0xff3db690,j_SetZoomResetState_FW
0xff3db6d0,ResetZoom_FW
0xff3db704,ResetZoomToFirst_FW
0xff3db704,ResetZoomToFirstPoint_FW
0xff3db738,ResetZoomToTerminate_FW
0xff3db738,ResetZoomToTerminatePoint_FW
0xff3db76c,MoveZoomLensToPosition_FW
0xff3db76c,MoveZoomPosition_FW
0xff3db7a8,MoveZoomLensToPoint_FW
0xff3db7a8,MoveZoomPoint_FW
0xff3db7e4,MoveComputerZoomToPoint_FW
0xff3db820,ResetZoomToAdjFirstPoint_FW
0xff3db8f0,ResetZoomToAdjTerminatePoint_FW
0xff3db934,SetZoomLensEncoderPowerControl_FW
0xff3db93c,SetZoomSpeedMode_FW
0xff3db944,GetZoomDefaultDriveParam_FW
0xff3db964,SetZoomDriveParam_FW
0xff3db990,GetZoomResetDriveParam_FW
0xff3db9b0,SetZoomResetDriveParam_FW
0xff3db9dc,GetZoomNormalDriveParam_FW
0xff3db9fc,SetZoomNormalDriveParam_FW
0xff3dba28,GetZoomDefaultCommonDriveParam_FW
0xff3dba38,SetZoomCommonDriveParam_FW
0xff3dba74,ClearZoomCommonDriveParam_FW
0xff3dba7c,EnableZoomEncPhaseDif_FW
0xff3dba94,DisableZoomEncPhaseDif_FW
0xff3dbaac,GetZoomEncPhaseDifMinAngle_FW
0xff3dbb58,GetZoomEncPhaseDifMinDuty_FW
0xff3dbb8c,j_GetZoomEncPhasePeriodTime_FW
0xff3dbb90,j_GetZoomEncPhaseDifMinTime_FW
0xff3dbb94,j_GetZoomEncPhaseHighTime_FW
0xff3dbb98,EnableZoomSpeedCont_FW
0xff3dbbac,DisableZoomSpeedCont_FW
0xff3dbcd0,DisableZoomDriveLog_FW
0xff3dbfa4,SetZoomEncComparatorThreshold_FW
0xff3dbfbc,GetZoomEncComparatorThreshold_FW
0xff3dbfc4,SetZoomEncComparatorHysterisis_FW
0xff3dbfdc,GetZoomEncComparatorHysterisis_FW
0xff3dbfe4,EnableZoomDriveLog_FW
0xff3dbfec,GetZoomDriveLogRange_FW
0xff3dc07c,GetZoomDriveLog_FW
0xff3dc088,SetZoomLensCounter_FW
0xff3dc0e8,SetZoomDriveLogSampling_FW
0xff3dc260,ConvertToPositionWithDistanceAndZoomPoint_FW
0xff3dc284,ConvertToPositionWithDistance_FW
0xff3dc28c,ReloadFocusLensAdjustment_FW
0xff3dc29c,j_GetFocusDefaultResetPosition_FW
0xff3dc2a0,j_GetFocusResetPosition_FW
0xff3dc2a4,j_GetCurrentTargetDistance_FW
0xff3dc2fc,j_GetCurrentFocusLensPosition_FW
0xff3dc2fc,j_GetCurrentFocusPosition_FW
0xff3dc32c,MoveFocusLensToTerminatePosition_FW
0xff3dc32c,MoveFocusToTerminate_FW
0xff3dc410,MoveFocusLensToPositionWithMaxSpeed_FW
0xff3dc454,MoveFocusLensToPositionWithSpeed_FW
0xff3dc520,MoveFocusLensToPosition_FW
0xff3dc56c,MoveFocusPosition_FW
0xff3dc634,MoveFocusDistance_FW
0xff3dc634,MoveFocusLensToDistance
0xff3dc634,MoveFocusLensToDistance_FW
0xff3dc69c,ResetFocus_FW
0xff3dc874,j_IsFocusLensOutSidePosition_FW
0xff3dc8ac,j_SetFocusResetState_FW
0xff3dcc40,GetVcmSrDAC_FW
0xff3dcc98,GetVcmSrAPosition_FW
0xff3dccb8,GetVcmSrBPosition_FW
0xff3dccf0,CancelVcmOpenDriveMode_FW
0xff3dcd10,SetVcmOpenDriveMode_FW
0xff3dcef8,j_EnableVcmSrAmpCorrect_FW
0xff3dcefc,j_DisableVcmSrAmpCorrect_FW
0xff3dcf00,SetVcmSrDigOffset_FW
0xff3dcf18,GetVcmSrDigOffset_FW
0xff3dcf20,SetVcmSrDigGain_FW
0xff3dcf38,GetVcmSrDigGain_FW
0xff3dcf40,SetVcmSrSignalPosPeak_FW
0xff3dcf58,SetVcmSrSignalNegPeak_FW
0xff3dcf70,GetVcmSrSignalPosPeak_FW
0xff3dcf78,GetVcmSrSignalNegPeak_FW
0xff3dcf80,SetVcmSrDAC_FW
0xff3dcf90,SetVcmSrAPosition_FW
0xff3dcf98,SetVcmSrBPosition_FW
0xff3dcfa0,GetVcmSrAD_FW
0xff3dcfa8,MeasureVcmDriveTimeWithPosition_FW
0xff3dcff8,DriveVcmOpenDrive_FW
0xff3dd074,SaveFocusResetPulse_FW
0xff3dd988,SetScanLensIndex_FW
0xff3dda8c,SetScanWindowMode_FW
0xff3ddcd8,SelectAdjBPFilter_FW
0xff3ddcf8,SetAdjAFWinPos_FW
0xff3ddd38,SetBPFilterForBP_FW
0xff3ddd58,CancelBPFilterForBP_FW
0xff3ddf04,StartAdjAFService_FW
0xff3de014,StopAdjAFService_FW
0xff3de1b8,GetAdjAFInteg_FW
0xff3de1d8,StopAdjAFInteg_FW
0xff3de234,StartAdjAFInteg_FW
0xff3de244,SetAdjAFIntegCrwAdd_FW
0xff3de8a0,StopCustomScan_FW
0xff3de908,StartCustomScan_FW
0xff3de978,StartCrwCustomScan_FW
0xff3df214,CalculatePeakPosByLS_FW
0xff3df274,CalculateInterpolationByLS_FW
0xff3df2c8,j_ReloadAFAdjustment_FW
0xff3df304,PrintScanTable_FW
0xff3df398,PrintMultiWinScanTable_FW
0xff3df838,GetExStrobeID_FW
0xff3df840,IsExStrobeChargeComp_FW
0xff3df848,SetExStrobeMode_FW
0xff3df84c,CancelExStrobeMode_FW
0xff3df850,j_ReloadEfAdjustment_FW
0xff3df888,ChargeStrobe_FW
0xff3df8bc,ChargeStrobeForFA_FW
0xff3df908,StopStrobeChargeForFA_FW
0xff3df928,ExecuteInternalPreFlash_FW
0xff3df9b8,ReloadColorAdjustment_FW
0xff3dfa7c,RegistColorMatrix_FW
0xff3dfab4,UnregistColorMatrix_FW
0xff3dfc20,ShowCurrentExp_FW
0xff3dfc78,SetAE_ShutterSpeed
0xff3dfc78,SetAE_ShutterSpeed_FW
0xff3dfd3c,FocusAEWithCompensation_FW
0xff3dfdb4,SetAE_CdsGainValue_FW
0xff3dfe7c,FixAEWithCompensation_FW
0xff3dfedc,SetAdj_AEMode_FW
0xff3dff08,CancelAdj_AEMode_FW
0xff3dff58,PreFixAE_FW
0xff3e00e0,AfAEWithAperturePriority_FW
0xff3e0134,AdjAEWithAperturePriority_FW
0xff3e0188,SleepAE_FW
0xff3e02dc,AfAEWithCompensation_FW
0xff3e03dc,GetVideoOutType_FW
0xff3e0438,SwitchOffDisplay_FW
0xff3e046c,SwitchOnDisplay_FW
0xff3e0504,SetVideoOutType_FW
0xff3e050c,IsEVFDrive_FW
0xff3e0534,StopEVFDrive_FW
0xff3e07e4,StartEVFDriveWithMode_FW
0xff3e0828,StartEVFDrive_FW
0xff3e0878,IsEvfDriveMode_FW
0xff3e0a40,GetSumYOfVRAMCenterLine_FW
0xff3e0aa8,j_GetVRAMHPixelsSize_FW
0xff3e0aac,j_GetVRAMVPixelsSize_FW
0xff3e0ab0,j_StopContinuousVRAMData_FW
0xff3e0b2c,GetContinuousVRAMData_FW
0xff3e1224,GetPixelsOfViewangle_FW
0xff3e12c8,GetContinuousVRAMDataWithRingBuffer_FW
0xff3e135c,j_GetMovieJpegVRAMHPixelsSize_FW
0xff3e1360,j_GetMovieJpegVRAMVPixelsSize_FW
0xff3e148c,GetContinuousMovieJpegVRAMData_FW
0xff3e1504,ChangeDistortionSetForLiveImage_FW
0xff3e1730,Bat_VIN_FW
0xff3e1730,SetInputVoltage_FW
0xff3e1744,Bat_Save_FW
0xff3e1744,SaveBatSenseOffsetAdjustmentTable_FW
0xff3e1754,SetImageMode_FW
0xff3e175c,SetDate_FW
0xff3e18a4,SetYear_FW
0xff3e1904,SetMonth_FW
0xff3e1960,SetDay_FW
0xff3e19c8,SetHour_FW
0xff3e1a2c,SetMinute_FW
0xff3e1a90,SetSecond_FW
0xff3e1af4,GetYear_FW
0xff3e1b24,GetMonth_FW
0xff3e1b50,GetDay_FW
0xff3e1b78,GetHour_FW
0xff3e1ba0,GetMinute_FW
0xff3e1bc8,GetSecond_FW
0xff3e1bf0,SetLangMenuType_FW
0xff3e1c40,SaveFromImage_FW
0xff3e1e04,SetFactorySerialNumber_FW
0xff3e1e14,LoadFactoryNumber_FW
0xff3e1f94,LoadSerialNumber_FW
0xff3e2078,GetLastVBatADLevel_FW
0xff3e2080,j_GetVBatVoltage_FW
0xff3e2084,SaveFactoryReserveData_FW
0xff3e20e0,SetProductVolume_FW
0xff3e2148,j_GetDCPAdjOffset_FW
0xff3e3120,GetUnpackCrwIntegralValue_FW
0xff3e313c,GetUnpackCrwIntegralValueForShading_FW
0xff3e33a4,GetUnpackCrwIntegralValueForColorShading_FW
0xff3e34f0,GetUnpackCrwIntegralMultiValueForShading_FW
0xff3e3548,GetCaptureInfoData_FW
0xff3e3698,ReloadShadingAdjustmentData_FW
0xff3e36a8,SetWBTemperature_FW
0xff3e36cc,ReloadDefectAdjustmentData_FW
0xff3e3710,InitializeDefectAdjustment_FW
0xff3e3720,TerminateDefectAdjustment_FW
0xff3e392c,DevelopStillPicture_FW
0xff3e3a20,InitializeMechaDevice_FW
0xff3e3a58,TerminateMechaDevice_FW
0xff3e3acc,CreateJumptable
0xff3e5208,GetISGyroYawOffset_FW
0xff3e5210,GetISGyroPitchOffset_FW
0xff3e5228,HitISLensAgainstRightEdge_FW
0xff3e523c,HitISLensAgainstLeftEdge_FW
0xff3e5250,HitISLensAgainstBottomEdge_FW
0xff3e5264,HitISLensAgainstTopEdge_FW
0xff3e5288,MoveISLensToRightLimitPosition_FW
0xff3e529c,MoveISLensToLeftLimitPosition_FW
0xff3e52b0,MoveISLensToBottomLimitPosition_FW
0xff3e52c4,MoveISLensToTopLimitPosition_FW
0xff3e52d8,j_StopBDrive_FW
0xff3e52d8,j_StopISDrive_FW
0xff3e52dc,j_StartBDrive_FW
0xff3e52dc,j_StartISDrive_FW
0xff3e52e0,j_GetISHallDeviceYawGain_FW
0xff3e52e4,j_GetISHallDevicePitchGain_FW
0xff3e52e8,j_GetISHallDeviceYawOffset_FW
0xff3e52ec,j_GetISHallDevicePitchOffset_FW
0xff3e52f4,WriteHallDeviceAdjustment_FW
0xff3e538c,j_GetISGyroYawGain_FW
0xff3e5390,j_GetISGyroPitchGain_FW
0xff3e5394,WriteGyroAdjustment_FW
0xff3e5424,j_GetISYawPWM_FW
0xff3e5428,j_GetISPitchPWM_FW
0xff3e542c,WritePWMAdjustment_FW
0xff3e5490,SetISPitchPWM_FW
0xff3e54a4,SetISYawPWM_FW
0xff3e54d8,SetISGyroYawGain_FW
0xff3e5508,SetISGyroPitchGain_FW
0xff3e5518,SetISGyroYawOffset_FW
0xff3e551c,SetISGyroPitchOffset_FW
0xff3e5544,SetISHallDeviceYawGain_FW
0xff3e5574,SetISHallDevicePitchGain_FW
0xff3e55a8,SetISHallDeviceYawOffset_FW
0xff3e55d8,SetISHallDevicePitchOffset_FW
0xff3e55e8,SetZoomPointToIS_FW
0xff3e561c,GetISHallOffsetDACValue_FW
0xff3e5624,j_StartISAdjustmentDrive_FW
0xff3e5628,j_StopISAdjustmentDrive_FW
0xff3e562c,j_StartBPanDrive_FW
0xff3e562c,j_StartISPanDrive_FW
0xff3e5630,j_StopBPanDrive_FW
0xff3e5630,j_StopISPanDrive_FW
0xff3e5634,j_SearchBCentralPosition_FW
0xff3e5634,j_SearchISLensCentralPosition_FW
0xff3e5638,j_MoveISLensToCentralPosition_FW
0xff3e563c,j_GetISShiftLensPitchPosition_FW
0xff3e5640,j_GetISShiftLensYawPosition_FW
0xff3e5644,j_GetISLensEViAaxis_FW
0xff3e5648,j_GetISLensEViBaxis_FW
0xff3e564c,j_GetISLensCorrectedEViAaxis_FW
0xff3e5650,j_GetISLensCorrectedEViBaxis_FW
0xff3e5654,j_GetISLensDampAaxis_FW
0xff3e5658,j_GetISLensDampBaxis_FW
0xff3e5664,SetISCutOffFreqIndex_FW
0xff3e5664,SetISHPFCutOffFreqIndex_FW
0xff3e5674,SetISLPFCutOffFreqAaxis_FW
0xff3e5684,SetISLPFCutOffFreqBaxis_FW
0xff3e5698,SetLPFForParallelFilter_FW
0xff3e56ac,ChangeFilterMode_FW
0xff3e56b4,j_ClearISCalcZData_FW
0xff3e56d4,HitISMechaEdgeInOpenControl_FW
0xff3e56e4,j_ChangeToISCloseControl_FW
0xff3e5810,SetISGyro10BitDACPitch_FW
0xff3e582c,SetISGyro10BitDACYaw_FW
0xff3e5848,SetISGyroHPFINOffsetPitch_FW
0xff3e5864,SetISGyroHPFINOffsetYaw_FW
0xff3e5878,j_GetISGyroDataPitch_FW
0xff3e5880,j_GetISGyroDataYaw_FW
0xff3e5888,j_GetISGyroHPFINPitch_FW
0xff3e5890,j_GetISGyroHPFINYaw_FW
0xff3e5898,j_GetISGyro10BitDACPitch_FW
0xff3e58a0,j_GetISGyro10BitDACYaw_FW
0xff3e58a8,j_GetISGyroHPFINOffsetPitch_FW
0xff3e58b0,j_GetISGyroHPFINOffsetYaw_FW
0xff3e58c0,SetISGyroFilterCharge_FW
0xff3e58e8,SetISTuningMode_FW
0xff3e591c,SetISTuningOff_FW
0xff3e593c,SetISGyroCompensationMode_FW
0xff3e59d8,j_CancelLoopGainCalc_FW
0xff3e5a0c,ReloadISAdjustment_FW
0xff3e5a4c,CalcLoopGain_FW
0xff3e5aec,SetLoopGain_FW
0xff3e5b04,GetLoopGain_FW
0xff3e5b20,SetISLensPWMMode_FW
0xff3e5b40,SetDISModeParameter_FW
0xff3e5b60,j_GetDISModeParameter_FW
0xff3e5b68,GetGyroFilterChargeStatus_FW
0xff3e5be8,SetISCrossTalkCompCoeff_FW
0xff3e5c0c,GetISCrossTalkCompCoeff_FW
0xff3e5ca4,StartISAdjustMacro_FW
0xff3e5cfc,StopISAdjustMacro_FW
0xff3e5d0c,GetMacroISGain_FW
0xff3e5d14,SetMacroISGain_FW
0xff3e5d38,GetMacroISEstimateRadius_FW
0xff3e5d40,GetMacroISEstimateVelocity_FW
0xff3e5d78,SetISMacroMode_FW
0xff3e5d8c,NotifyISMacroDistance_FW
0xff3f3d1c,task_ReadScheduleTask
0xff3faccc,task_EfctConTask
0xff3fae70,task_EfctConLowTask
0xff3fcc70,task_ImgDLight
0xff3ff7f8,StartVcmClk_FW
0xff3ff80c,StopVcmvClk_FW
0xff3ff820,VcmResetHigh_FW
0xff3ff834,VcmResetLow_FW
0xff3ff848,VcmFirmTransfer_FW
0xff3ff850,CommunicateISCPU_FW
0xff3ff88c,GetVcmCheckSum_FW
0xff3ff89c,ExecVcmFirm_FW
0xff3ff8ac,DelaySet_FW
0xff3ff8c0,StartVcmControl_FW
0xff3ff8d0,StopVcmControl_FW
0xff3ff8e0,SetVcmTargetPosition_FW
0xff3ff8f4,j_GetVcmTargetPosition_FW
0xff3ff8f8,SetVcmTargetSpeed_FW
0xff3ff90c,j_GetVcmCurrentPosition_FW
0xff3ff910,MoveVcm_FW
0xff3ff920,MoveVcmWithTrigger_FW
0xff3ff930,StopVcm_FW
0xff3ff940,StopVcmEmergency_FW
0xff3ff950,EnableVcmSettingWait_FW
0xff3ff960,DisableVcmSettingWait_FW
0xff3ff970,j_GetVcmPiPosition_FW
0xff3ff974,j_GetVcmPiStatus_FW
0xff3ff978,EnableVcmPiDetectStop_FW
0xff3ff98c,DisableVcmPiDetectStop_FW
0xff3ff99c,j_GetVcmAlarm_FW
0xff3ff9a0,j_GetVcmVdPosition_FW
0xff3ff9a4,SetVcmSrAPos_FW
0xff3ff9b8,SetVcmSrBPos_FW
0xff3ff9cc,j_GetVcmSrAPos_FW
0xff3ff9d0,j_GetVcmSrBPos_FW
0xff3ff9d4,j_GetVcmSrCompPos_FW
0xff3ffa20,SetVcmSrSOffset_FW
0xff3ffa34,SetVcmSrCOffset_FW
0xff3ffa48,j_GetVcmSrSOffset_FW
0xff3ffa4c,j_GetVcmSrCOffset_FW
0xff3ffa50,SetVcmSrSGain_FW
0xff3ffa64,SetVcmSrCGain_FW
0xff3ffa78,SetVcmSrHGain_FW
0xff3ffa8c,j_GetVcmSrSGain_FW
0xff3ffa90,j_GetVcmSrCGain_FW
0xff3ffa94,j_GetVcmSrHGain_FW
0xff3ffa98,SetVcmSrRefV_FW
0xff3ffaac,j_GetVcmSrRefV_FW
0xff3ffab0,SetVcmSrSPosPeak_FW
0xff3ffac4,SetVcmSrSNegPeak_FW
0xff3ffad8,SetVcmSrCPosPeak_FW
0xff3ffaec,SetVcmSrCNegPeak_FW
0xff3ffb00,j_GetVcmSrSPosPeak_FW
0xff3ffb04,j_GetVcmSrSNegPeak_FW
0xff3ffb08,j_GetVcmSrCPosPeak_FW
0xff3ffb0c,j_GetVcmSrCNegPeak_FW
0xff3ffb10,j_GetVcmSrSAdValue_FW
0xff3ffb14,j_GetVcmSrCAdValue_FW
0xff3ffb18,j_GetVcmSrPositionOffset_FW
0xff3ffb1c,EnableVcmSrAmplitudeComp_FW
0xff3ffb2c,DisableVcmSrAmplitudeComp_FW
0xff3ffb3c,SetVcmPwmFrequency_FW
0xff3ffb50,EnableVcmOpenDrive_FW
0xff3ffb60,DisableVcmOpenDrive_FW
0xff3ffb70,SetVcmOpenDriveDuty_FW
0xff3ffb84,j_GetVcmOpenDriveDuty_FW
0xff3ffb88,SetVcmOpenDriveVoltageToNear_FW
0xff3ffb9c,SetVcmOpenDriveVoltageToInf_FW
0xff3ffbb0,SetVcmPGain_FW
0xff3ffbc4,SetVcmIGain_FW
0xff3ffbd8,SetVcmDGain_FW
0xff3ffbec,j_GetVcmPGain_FW
0xff3ffbf0,j_GetVcmIGain_FW
0xff3ffbf4,j_GetVcmDGain_FW
0xff3ffbf8,SetVcmEViClamp_FW
0xff3ffc0c,j_GetVcmEViClamp_FW
0xff3ffc10,SetVcmParamLPF2_FW
0xff3ffc2c,GetVcmParamLPF2_FW
0xff3ffc3c,SetVcmParamPLF_FW
0xff3ffc58,GetVcmParamPLF_FW
0xff3ffc68,SetVcmPiDefaultPosition_FW
0xff3ffc7c,SetVcmPiRiseThresholdLevel_FW
0xff3ffc90,SetVcmPiFallThresholdLevel_FW
0xff3ffca4,SetVcmPiOverrunPulse_FW
0xff3ffcb8,j_GetVcmPiAdValue_FW
0xff3ffcbc,EnableVcmTravelTimeMeasure_FW
0xff3ffccc,DisableVcmTravelTimeMeasure_FW
0xff3ffcdc,SetVcmTravelTimeMeasurePosition_FW
0xff3ffcf8,j_GetVcmTravelTime_FW
0xff3ffcfc,GetVcmFirmVersion_FW
0xff3ffd28,GetVcmSrAd_FW
0xff3ffd5c,GotoPi_FW
0xff3ffdf4,GetVcmLog_FW
0xff3ffe04,SetVcmLogData_FW
0xff3ffe18,SetVcmLogSampleTime_FW
0xff3ffe34,SetVcmLogTrigger_FW
0xff3ffe48,j_GetVcmLogData_FW
0xff3ffe4c,j_GetVcmLogSampleTime_FW
0xff3ffe50,j_GetVcmLogTrigger_FW
0xff3ffe54,EnableVcmDacOut_FW
0xff3ffe64,DisableVcmDacOut_FW
0xff3ffe74,SetVcmDacOutData_FW
0xff3ffe88,j_GetVcmDacOutData_FW
0xff401314,task_MovRead
0xff426d0c,task_ReadFileTask
0xff430308,_log
0xff430848,_log10
0xff4309c0,_pow
0xff4325e4,_sqrt
