0xff02bf14,_GetSystemTime
0xff3b6f78,_log
0xff3b74b8,_log10
0xff3b7630,_pow
0xff3b9514,_sqrt
0xff00fe0c,_uartr_req
0xff155628,AbortAEIntegralValue_FW
0xff083f1c,AcquireRecursiveLock
0xff02bb80,AcquireRecursiveLockStrictly
0xff157468,ActivateAdjLog_FW
0xff100cd8,ActivateImager_FW
0xff100d64,ActivateImagerXOne_FW
0xff30f16c,ActivateISMD_FW
0xff291e00,add_ptp_handler
0xff19c870,AdditionAgentRAM_FW
0xff2c25c8,AddTransparentMemory_FW
0xff37bc14,AdjAEWithAperturePriority_FW
0xff37bbc0,AfAEWithAperturePriority_FW
0xff37bdbc,AfAEWithCompensation_FW
0xff2809fc,AFTool.GetEVal_FW
0xff311a64,AllocateMemory
0xff311a64,AllocateMemory_FW
0xff02bc78,AllocateUncacheableMemory
0xff24dfd0,apex2us
0xff0ad8b8,atol_FW
0xff1563cc,AttachIntegCrawData_FW
0xff2c2600,AttachToTransparentMemory_FW
0xff36b6e8,Bat_Calc_FW
0xff37d224,Bat_Save_FW
0xff37d210,Bat_VIN_FW
0xff054860,BeepDrive_FW
0xff054880,BeepDriveComp_FW
0xff376fd4,CalcLog10_FW
0xff381908,CalcLoopGain_FW
0xff3770c4,CalcSqrt_FW
0xff36b6e8,CalculateBatSenseOffset_FW
0xff37ad5c,CalculateInterpolationByLS_FW
0xff376f74,CalculateLog2ToApex_FW
0xff376f3c,CalculatePeakFromLeastSquareResult_FW
0xff37acfc,CalculatePeakPosByLS_FW
0xff376f88,CalculatePow2FromApex_FW
0xff065c28,CalculateTestRecYUVData_FW
0xff37b9e8,CancelAdj_AEMode_FW
0xff375b50,CancelAdjCdsMode_FW
0xff379844,CancelBPFilterForBP_FW
0xff37b338,CancelExStrobeMode_FW
0xff30d6e4,CancelFocusLensMaxSpeedLimit_FW
0xff087890,CancelHPTimer
0xff101014,CancelImageDrive_FW
0xff100f04,CancelImager_FW
0xff074e4c,CancelLoopGainCalc_FW
0xff02c130,CancelTimer
0xff190cb4,Capture.Create_FW
0xff375dd8,CaptureWithParam_FW
0xff056298,CecRegDump_FW
0xff2c1ffc,ChangeAdjImgDrvMode_FW
0xff2c2028,ChangeAEIntegDrvTypeToAdjImgDriveType_FW
0xff26dbfc,ChangeCrossThresholdTable_FW
0xff26dec0,ChangeDefectRecParam_FW
0xff37cfe4,ChangeDistortionSetForLiveImage_FW
0xff381568,ChangeFilterMode_FW
0xff30d84c,ChangeFocusDistanceToPosition_FW
0xff26dacc,ChangeGradeTable_FW
0xff375dec,ChangeImageDrive_FW
0xff100f90,ChangeImagerToAlternateDraft_FW
0xff100f40,ChangeImagerToCombiParallel_FW
0xff100f88,ChangeImagerToDigiconMode_FW
0xff100fd0,ChangeImagerToFantaJungle_FW
0xff100fb8,ChangeImagerToFastBP_FW
0xff100f50,ChangeImagerToFocusJet_FW
0xff100fe0,ChangeImagerToFocusJetHD_FW
0xff100fc0,ChangeImagerToHarleyDavidson_FW
0xff100f78,ChangeImagerToHoneyFlash_FW
0xff100ff8,ChangeImagerToHoneyFlashDark_FW
0xff100ff0,ChangeImagerToHoneyFlashHD_FW
0xff101000,ChangeImagerToHoneyHDFlashDark_FW
0xff100f68,ChangeImagerToJetDraft_FW
0xff100f70,ChangeImagerToJumboDraft_FW
0xff100fc8,ChangeImagerToMachDashV_FW
0xff100f58,ChangeImagerToMangoPudding_FW
0xff100fe8,ChangeImagerToMangoPuddingHD_FW
0xff100f80,ChangeImagerToMillefeAdjust_FW
0xff100fa8,ChangeImagerToMontblancMillefe_FW
0xff100fb0,ChangeImagerToMontblancMovie_FW
0xff100fa0,ChangeImagerToMontblancWhole_FW
0xff100f88,ChangeImagerToOITA_XAVIER_FW
0xff101008,ChangeImagerToRoadKing_FW
0xff100f60,ChangeImagerToSuperWideDraft_FW
0xff100f98,ChangeImagerToUltraGhostQ_FW
0xff100f28,ChangeImagerToWholeParallel_FW
0xff100f30,ChangeImagerToWholeParallelBP_FW
0xff100f38,ChangeImagerToWholeParallelBPOne_FW
0xff100f48,ChangeImagerToWideDraft_FW
0xff100fd8,ChangeImagerToWideDraftHD_FW
0xff30dd14,ChangeIrisSpeed_FW
0xff30eb1c,ChangeParallelMode_FW
0xff055f00,ChangePowerState_FW
0xff07489c,ChangeToISCloseControl_FW
0xff30e490,ChangeZoomLensMagnificationToPoint_FW
0xff30e488,ChangeZoomLensPointToMagnification_FW
0xff37b374,ChargeStrobe_FW
0xff37b3a8,ChargeStrobeForFA_FW
0xff083aa4,CheckAllEventFlag
0xff083a5c,CheckAnyEventFlag
0xff08ae10,CheckSumAll_FW
0xff02629c,ClearDUIDFixFlag_FW
0xff0261a8,ClearDurianMode_FW
0xff083cc4,ClearEventFlag
0xff0261a8,ClearFactoryMode_FW
0xff074c2c,ClearISCalcZData_FW
0xff30eb90,ClearISIComponent_FW
0xff30ebb4,ClearISZData_FW
0xff39a970,ClearPMByFs_FW
0xff39a948,ClearPMByGpio_FW
0xff37822c,ClearZoomCommonDriveParam_FW
0xff2fcb70,ClearZoomDriveParam_FW
0xff0274b8,Close
0xff00abb4,close
0xff0274b8,Close_FW
0xff00f820,CloseConsole_FW
0xff2e6f38,closedir
0xff30dff0,CloseMechaShutter_FW
0xff30e038,CloseMechaShutterWithTiming_FW
0xff3765e8,CloseMShutter_FW
0xff30f184,CommunicateMechaCPU_FW
0xff2c1f94,ConvertAdjImgDrvModeToAdjImgDriveType_FW
0xff2c1f48,ConvertAEIntegDrvTypeToAdjImgDriveType_FW
0xff37702c,ConvertApexStdToApex_FW
0xff376ffc,ConvertApexToApexStd_FW
0xff3775c0,ConvertCxCyToWBGain_FW
0xff378530,ConvertToPositionWithDistance_FW
0xff37850c,ConvertToPositionWithDistanceAndZoomPoint_FW
0xff375f4c,ConvertTvToExposureTime_FW
0xff00f584,CPrintf_FW
0xff00f5dc,CPutChar_FW
0xff061448,CreateAdjustmentTableMirror_FW
0xff02b434,CreateBinarySemaphore
0xff02ba38,CreateBinarySemaphoreStrictly
0xff090434,CreateController_FW
0xff02b49c,CreateCountingSemaphore
0xff02b49c,CreateCountingSemaphore_FW
0xff02ba5c,CreateCountingSemaphoreStrictly
0xff061458,CreateDefectTableMirror_FW
0xff0839b4,CreateEventFlag
0xff02ba14,CreateEventFlagStrictly
0xff156dac,CreateFADBGSingalID_FW
0xff37fcc0,CreateJumptable
0xff02b070,CreateMessageQueue
0xff02b9f0,CreateMessageQueueStrictly
0xff088af4,CreateProxyOfEventProcedure_FW
0xff083e7c,CreateRecursiveLock
0xff02ba80,CreateRecursiveLockStrictly
0xff00e9b0,CreateTask
0xff00e9b0,CreateTask_FW
0xff02b9bc,CreateTaskStrictly
0xff26dae0,CrossDefDetect_FW
0xff1819b0,CzDebugPrint_FW
0xff1819b8,CzDebugPrintToFile_FW
0xff00ec88,DebugAssert
0xff0904f0,DeleteController_FW
0xff026eb4,DeleteDirectory_Fut
0xff083a0c,DeleteEventFlag
0xff026dd0,DeleteFile_Fut
0xff02b0f4,DeleteMessageQueue
0xff088b4c,DeleteProxyOfEventProcedure_FW
0xff083ecc,DeleteRecursiveLock
0xff02b4f4,DeleteSemaphore
0xff02b4f4,DeleteSemaphore_FW
0xff37fb1c,DevelopStillPicture_FW
0xff26dfbc,DevelopTool.DevelopTest_FW
0xff156b10,DeviceUniqueIDCheckSum_FW
0xff159560,DisableDebugLogMode_FW
0xff30eedc,DisableDISModeChange_FW
0xff30d740,DisableFocusLens_FW
0xff30d7b8,DisableFocusLensGainLock_FW
0xff30d7e4,DisableFocusLensWaveLock_FW
0xff30dec4,DisableFocusPiCircuit_FW
0xff30dc88,DisableIris_FW
0xff2f6678,DisableIrisActuator_FW
0xff30ec60,DisableISAutoGyroOffset_FW
0xff30ec40,DisableISDriveError_FW
0xff30de2c,DisableLensError_FW
0xff30dea4,DisableMechaCircuit_FW
0xff30df0c,DisableZoomEncoderCircuit_FW
0xff30e464,DisableZoomLensElectricControl_FW
0xff30e170,DisableZoomLensEncoderPowerControl_FW
0xff30e43c,DisableZoomLensSpeedControl_FW
0xff30dee8,DisableZoomPiCircuit_FW
0xff051ce8,DispCon_GetLcdGainAdjParameter_FW
0xff051acc,DispCon_GetVideoAdjParameter_FW
0xff051d34,DispCon_SaveLcdGainAdjParameter_FW
0xff051ba8,DispCon_SaveVideoAdjParameter_FW
0xff0515b0,DispCon_SetDisplayType_FW
0xff051c98,DispCon_SetLcdGainAdjParameter_FW
0xff0519b8,DispCon_SetMaxBackLightBrightness_FW
0xff051a38,DispCon_SetVideoAdjParameter_FW
0xff051488,DispCon_ShowBitmapColorBar
0xff051488,DispCon_ShowBitmapColorBar_FW
0xff05146c,DispCon_ShowBlackChart_FW
0xff0511bc,DispCon_ShowColorBar_FW
0xff0515d0,DispCon_ShowColorChart_FW
0xff05152c,DispCon_ShowCustomColorBar_FW
0xff05127c,DispCon_ShowFiveStep_FW
0xff051d50,DispCon_ShowHdChart_FW
0xff051d24,DispCon_ShowLcdGainAdjParameter_FW
0xff051828,DispCon_ShowNStepsChart_FW
0xff051b50,DispCon_ShowVideoAdjParameter_FW
0xff051418,DispCon_ShowWhiteChart_FW
0xff0515f4,DispCon_ShowWhiteLine_FW
0xff0519a8,DispCon_TurnOffBackLight_FW
0xff051988,DispCon_TurnOffDisplay_FW
0xff051998,DispCon_TurnOnBackLight_FW
0xff051978,DispCon_TurnOnDisplay_FW
0xff190c38,DispDev.Create_FW
0xff18e824,DispDev_EnableEventProc_FW
0xff025f3c,DisplayFactoryMode_FW
0xff0293b8,DoAELock
0xff02900c,DoAFLock
0xff18e92c,Driver.Create_FW
0xff18e92c,Driver_EnableEventProc_FW
0xff005f58,drysh_FW
0xff18ed38,Dump32_FW
0xff18ed28,Dump_FW
0xff060b50,DumpAdjMirror_FW
0xff2c2588,DumpTransparentMemoryItem_FW
0xff1009d8,E2LatOn_FW
0xff0561b0,EdidDump_FW
0xff0560d8,EdidHoldView_FW
0xff056144,EdidView_FW
0xff27a934,EF.AdjPreFlash_FW
0xff0e2d14,EF.IsChargeFull_FW
0xff27a970,EF.SetChargeMode_FW
0xff27a850,EF.SetEFChargeTimeOut_FW
0xff27a984,EF.SetFlashTime_FW
0xff27a91c,EF.SetMainFlashTime_FW
0xff27a7f4,EF.StartEFCharge_FW
0xff27a898,EF.StartInternalMainFlash_FW
0xff27a864,EF.StartInternalPreFlash_FW
0xff27a840,EF.StopEFCharge_FW
0xff15954c,EnableDebugLogMode_FW
0xff30eeec,EnableDISModeChange_FW
0xff30d6f4,EnableFocusLens_FW
0xff30d78c,EnableFocusLensGainLockWithVoltage_FW
0xff30d7c8,EnableFocusLensWaveLock_FW
0xff30deb4,EnableFocusPiCircuit_FW
0xff00e9a8,EnableInterrupt
0xff30dc64,EnableIris_FW
0xff2f6654,EnableIrisActuator_FW
0xff30ec50,EnableISAutoGyroOffset_FW
0xff30ec30,EnableISDriveError_FW
0xff30de1c,EnableLensError_FW
0xff30de94,EnableMechaCircuit_FW
0xff30defc,EnableZoomEncoderCircuit_FW
0xff30e450,EnableZoomLensElectricControl_FW
0xff30e160,EnableZoomLensEncoderPowerControl_FW
0xff30e428,EnableZoomLensSpeedControl_FW
0xff30ded8,EnableZoomPiCircuit_FW
0xff133aec,EngApp.Create_FW
0xff133ac0,EngApp.Delete_FW
0xff025c70,EngDrvBits
0xff2b7b38,EngDrvBits_FW
0xff025c54,EngDrvIn
0xff2b7b28,EngDrvIn_FW
0xff025c3c,EngDrvOut
0xff2b7b0c,EngDrvOut_FW
0xff025c5c,EngDrvRead
0xff2b7b30,EngDrvRead_FW
0xff2b7b5c,EngDrvReadDump_FW
0xff190cf8,EngineDriver.Create_FW
0xff0292a8,EnterToCompensationEVF
0xff060b44,EraseAdjustmentArea_FW
0xff197a64,EraseLogSector_FW
0xff085004,EraseSectorOfRom_FW
0xff18ed14,EraseSignature_FW
0xff005fd4,err_init_task
0xff30cdd4,EscapeFocusLens_FW
0xff311ad0,exec_FW
0xff066530,Executedccd_FW
0xff26ded0,ExecuteDefectRec_FW
0xff26dee4,ExecuteDefectRecAndSaveImage_FW
0xff065e28,ExecuteDigicon_FW
0xff0881a8,ExecuteEventProcedure
0xff088220,ExecuteEventProcedure_FW
0xff37b414,ExecuteInternalPreFlash_FW
0xff1b97b0,ExecuteResetFactory_FW
0xff1b9798,ExecuteResetFactoryWithRomWrite_FW
0xff0847a4,ExecuteShutDownPropertyService_FW
0xff065490,ExecuteTestRec_FW
0xff0654a4,ExecuteTestRecCF_FW
0xff065520,ExecuteTestRecDevelopProcess_FW
0xff0654a4,ExecuteTestRecSD_FW
0xff0654d4,ExecuteTestRecSw1_FW
0xff0654bc,ExecuteTestRecWithInteg_FW
0xff0292ec,ExitFromCompensationEVF
0xff00ec40,ExitTask
0xff00ec40,ExitTask_FW
0xff086a68,ExMem.AllocCacheable_FW
0xff0868b0,ExMem.AllocUncacheable_FW
0xff086af0,ExMem.FreeCacheable_FW
0xff0869ec,ExMem.FreeUncacheable_FW
0xff0863d4,ExMem.View_FW
0xff086a00,exmem_alloc
0xff086a78,exmem_free
0xff027bf8,ExMem_FW
0xff0c10c0,ExpCtrlTool.SetExpMode_FW
0xff038584,ExpCtrlTool_StartContiAE
0xff03865c,ExpCtrlTool_StopContiAE
0xff088ae8,ExportToEventProcedure_FW
0xff190c14,FA.Create_FW
0xff190c00,FA.Delete_FW
0xff156e5c,FADBGPrintf_FW
0xff156dbc,FADBGSingal_FW
0xff156fdc,FAPrintf_FW
0xff026f4c,Fclose_Fut
0xff026f4c,Fclose_Fut_FW
0xff027138,Feof_Fut
0xff027174,Fflush_Fut
0xff0270a0,Fgets_Fut
0xff37b95c,FixAEWithCompensation_FW
0xff1ad688,FmtMenu_ExecuteQuickFormat_FW
0xff37b81c,FocusAEWithCompensation_FW
0xff026f0c,Fopen_Fut
0xff026f0c,Fopen_Fut_FW
0xff026ff8,Fread_Fut
0xff026ff8,Fread_Fut_FW
0xff004244,free
0xff311a5c,FreeMemory
0xff311a5c,FreeMemory_FW
0xff02bcb8,FreeUncacheableMemory
0xff0270ec,Fseek_Fut
0xff0270ec,Fseek_Fut_FW
0xff02704c,Fwrite_Fut
0xff02704c,Fwrite_Fut_FW
0xff052f8c,GetAdChValue_FW
0xff379ca4,GetAdjAFInteg_FW
0xff061c24,GetAdjDataAreaAddress_FW
0xff060ba8,GetAdjTableMapVersion_FW
0xff060bb8,GetAdjTableValueVersion_FW
0xff060b74,GetAdjTableVersion_FW
0xff052f84,GetAdVBattBottom_FW
0xff155b64,GetAEIntegralServiceMode_FW
0xff155c70,GetAEIntegralValueWithFix_FW
0xff155fbc,GetAEIntegValueBit_FW
0xff155b70,GetAEIntegWinData_FW
0xff155b84,GetAEIntegWinDataWithMode_FW
0xff155d94,GetAllAEIntegralAllValueWithFix_FW
0xff024d08,GetBatteryCoverClose_FW
0xff05e568,GetBatteryTemperature
0xff05e568,GetBatteryTemperature_FW
0xff061bc8,GetBpDBAdjustmentOffset_FW
0xff08acf8,GetBuildDate_FW
0xff08ad00,GetBuildTime_FW
0xff2c20bc,GetCameraInformationData_FW
0xff37f738,GetCaptureInfoData_FW
0xff05e4f4,GetCCDTemperature
0xff05e4f4,GetCCDTemperature_FW
0xff3759a8,GetCdsGainValue_FW
0xff375a7c,GetCdsPreGain_FW
0xff375ad4,GetCdsPreGainReg_FW
0xff00f604,GetCh_FW
0xff37cf6c,GetContinuousMovieJpegVRAMData_FW
0xff37c60c,GetContinuousVRAMData_FW
0xff37cda8,GetContinuousVRAMDataWithRingBuffer_FW
0xff375df4,GetCrwImageInfo_FW
0xff2c1f1c,GetCurrentAdjImgDriveType_FW
0xff184838,GetCurrentAvValue
0xff184838,GetCurrentAvValue_FW
0xff09ce84,GetCurrentCaptureModeType_FW
0xff2c2074,GetCurrentCcdTemp_FW
0xff0b28f0,GetCurrentExposureTime_FW
0xff182b30,GetCurrentFocusLensPosition_FW
0xff182b30,GetCurrentFocusPosition_FW
0xff2c1f28,GetCurrentImgDrvMode_FW
0xff1849f8,GetCurrentIrisPosition_FW
0xff1574b4,GetCurrentMaximumLogSize_FW
0xff2c2090,GetCurrentOptTemp_FW
0xff0b2618,GetCurrentShutterSpeed_FW
0xff182ac8,GetCurrentTargetDistance_FW
0xff377904,GetCurrentZoomLensDirection_FW
0xff187d3c,GetCurrentZoomLensPoint_FW
0xff187c8c,GetCurrentZoomLensPosition_FW
0xff187d3c,GetCurrentZoomPoint_FW
0xff187c8c,GetCurrentZoomPosition_FW
0xff30cc98,GetCZMovieDefaultSpeed_FW
0xff30cc80,GetCZMovieHighSpeed_FW
0xff30cc88,GetCZMovieLowSpeed_FW
0xff30cc90,GetCZStillDefaultSpeed_FW
0xff30cc70,GetCZStillHighSpeed_FW
0xff30cc78,GetCZStillLowSpeed_FW
0xff18ec60,GetDateAndTime_FW
0xff37d630,GetDay_FW
0xff061bd0,GetDccdAdjustmentOffset_FW
0xff066638,GetdccdFilterValue_FW
0xff0665a8,GetdccdImage_FW
0xff06192c,GetDCPAdjOffset_FW
0xff26dc10,GetDefectCrawInfo_FW
0xff26dc74,GetDefectTvAdj_FW
0xff024cfc,GetDialEventId_FW
0xff075180,GetDISModeParameter_FW
0xff30eebc,GetDISModeParamType_FW
0xff06c38c,GetDrive_ClusterSize
0xff06c3e4,GetDrive_FreeClusters
0xff06c3bc,GetDrive_TotalClusters
0xff083cfc,GetEventFlagValue
0xff37b324,GetExStrobeID_FW
0xff08ad08,GetFirmwareVersion_FW
0xff0751cc,GetFixedPWMOutA_FW
0xff0751d8,GetFixedPWMOutB_FW
0xff183010,GetFocusDefaultResetPosition_FW
0xff2f5784,GetFocusLensCurrentPosition_FW
0xff2f57b0,GetFocusLensDriveVoltage_FW
0xff2f5888,GetFocusLensHoldVoltage_FW
0xff30d8a8,GetFocusLensLoadCamTable_FW
0xff30d82c,GetFocusLensLoadSubjectDistance_FW
0xff30d98c,GetFocusLensMoveMaxPosition_FW
0xff30d9a4,GetFocusLensMoveMinPosition_FW
0xff30d9c0,GetFocusLensMoveRangeOfTelePoint_FW
0xff30d824,GetFocusLensPositionRatio_FW
0xff1827a8,GetFocusLensPullInMaxSpeed_FW
0xff2f4f64,GetFocusLensResetDefaultPosition_FW
0xff2f4f54,GetFocusLensResetPosition_FW
0xff39ba40,GetFocusLensResetVoltage_FW
0xff2f583c,GetFocusLensSettingWaitVoltage_FW
0xff182ac8,GetFocusLensSubjectDistance
0xff30d800,GetFocusLensSubjectDistance_FW
0xff182f28,GetFocusLensSubjectDistanceFromLens
0xff30d81c,GetFocusLensSubjectDistanceNumber_FW
0xff186258,GetFocusPiSensorLevel_FW
0xff182fa4,GetFocusResetPosition_FW
0xff0739a8,GetFocusStartZoomPosition_FW
0xff3760a0,GetFrameRateWithApex_FW
0xff074af0,GetGyro10BitDACPitch_FW
0xff074afc,GetGyro10BitDACYaw_FW
0xff074aa0,GetGyroDataPitch_FW
0xff074abc,GetGyroDataYaw_FW
0xff30e95c,GetGyroFilterCharge_FW
0xff381a24,GetGyroFilterChargeStatus_FW
0xff074b28,GetGyroHPFINOffsetPitch_FW
0xff074b44,GetGyroHPFINOffsetYaw_FW
0xff074b60,GetGyroHPFINPitch_FW
0xff074bbc,GetGyroHPFINYaw_FW
0xff30ef7c,GetGyroNoiseData_FW
0xff37d658,GetHour_FW
0xff15f07c,getImageDirName
0xff15d3f0,GetImageFolder
0xff05c6a0,GetInputAverageLevel_FW
0xff184838,GetIrisAv_FW
0xff1849f8,GetIrisCurrentPosition_FW
0xff2f770c,GetIrisDriveVoltage_FW
0xff2f771c,GetIrisDriveVoltageLow_FW
0xff2f776c,GetIrisHoldVoltage_FW
0xff37639c,GetIrisPRResetPosition_FW
0xff2f774c,GetIrisSettingWaitVoltage_FW
0xff2f6aac,GetIrisSpecClosePosition_FW
0xff2f6a9c,GetIrisSpecOpenPosition_FW
0xff30ef34,GetISCenterShiftA_FW
0xff30ef50,GetISCenterShiftB_FW
0xff30ee08,GetISCrossTalkComp_FW
0xff381ac8,GetISCrossTalkCompCoeff_FW
0xff30e5d8,GetISDriveAaxis_FW
0xff30e5f8,GetISDriveBaxis_FW
0xff30e97c,GetISFirmVersion_FW
0xff074af0,GetISGyro10BitDACPitch_FW
0xff074afc,GetISGyro10BitDACYaw_FW
0xff074aa0,GetISGyroDataPitch_FW
0xff074abc,GetISGyroDataYaw_FW
0xff30e730,GetISGyroGainAaxis_FW
0xff30e858,GetISGyroGainBaxis_FW
0xff30e878,GetISGyroGainbyAxisType_FW
0xff074b28,GetISGyroHPFINOffsetPitch_FW
0xff074b44,GetISGyroHPFINOffsetYaw_FW
0xff074b60,GetISGyroHPFINPitch_FW
0xff074bbc,GetISGyroHPFINYaw_FW
0xff074a4c,GetISGyroPitchGain_FW
0xff3810e0,GetISGyroPitchOffset_FW
0xff074a58,GetISGyroYawGain_FW
0xff3810d8,GetISGyroYawOffset_FW
0xff30ec84,GetISHallAmpFirstGain_FW
0xff074a28,GetISHallDevicePitchGain_FW
0xff074a04,GetISHallDevicePitchOffset_FW
0xff074a34,GetISHallDeviceYawGain_FW
0xff074a10,GetISHallDeviceYawOffset_FW
0xff30e6c4,GetISHallGainAaxis_FW
0xff30e6e4,GetISHallGainBaxis_FW
0xff30e704,GetISHallGainbyAxisType_FW
0xff30e658,GetISHallOffsetAaxis_FW
0xff30e678,GetISHallOffsetBaxis_FW
0xff30e698,GetISHallOffsetbyAxisType_FW
0xff30ebc4,GetISHallOut1Amp_FW
0xff075a28,GetISLensCorrectedEViAaxis_FW
0xff075a44,GetISLensCorrectedEViBaxis_FW
0xff075968,GetISLensDampAaxis_FW
0xff075974,GetISLensDampBaxis_FW
0xff075998,GetISLensEViAaxis_FW
0xff0759b4,GetISLensEViBaxis_FW
0xff30e9cc,GetISParamVersion_FW
0xff074a70,GetISPitchPWM_FW
0xff30e618,GetISPositionAaxis_FW
0xff30e638,GetISPositionBaxis_FW
0xff074a88,GetISShiftLensPitchPosition_FW
0xff074a94,GetISShiftLensYawPosition_FW
0xff074a7c,GetISYawPWM_FW
0xff057704,GetKbdState
0xff37e0cc,GetLastVBatADLevel_FW
0xff13347c,GetLatestHVPosition_FW
0xff024d00,GetLcdPosition_FW
0xff184d40,GetLensErrorStatus_FW
0xff157458,GetLogData_FW
0xff157460,GetLogDataOnlyAddMemory_FW
0xff197a28,GetLogToFile_FW
0xff3819c0,GetLoopGain_FW
0xff30edd4,GetLoopGainAdjValue_FW
0xff30ece0,GetLoopGainCalcData_FW
0xff30eb4c,GetLPFParallelBest_FW
0xff03f01c,GetMacroSupportZoomPoint_FW
0xff30e9a4,GetMechaDSPVersion_FW
0xff30e08c,GetMechaShutterCloseDacSetting_FW
0xff18745c,GetMechaShutterMoveTime_FW
0xff30e0dc,GetMechaShutterOpenDacSetting_FW
0xff187484,GetMechaShutterStatus_FW
0xff00a29c,GetMemInfo
0xff37d680,GetMinute_FW
0xff37d604,GetMonth_FW
0xff0465c8,GetMovieJpegVRAMHPixelsSize_FW
0xff0465d4,GetMovieJpegVRAMVPixelsSize_FW
0xff02b3c8,GetNumberOfPostedMessages
0xff375a18,GetObClampValue_FW
0xff155e64,GetOnlyAEIntegData_FW
0xff05e5dc,GetOpticalTemperature
0xff05e5dc,GetOpticalTemperature_FW
0xff1b9468,GetParameterData
0xff37cd04,GetPixelsOfViewangle_FW
0xff061c08,GetProductID_FW
0xff08bf50,GetPropertyCase
0xff024cd4,GetSDDetect_FW
0xff024cdc,GetSDProtect
0xff024cdc,GetSDProtect_FW
0xff37d6a8,GetSecond_FW
0xff0907b4,GetSelfControllerHandle_FW
0xff02b6a8,GetSemaphoreValue
0xff37604c,GetShutterSpeedRegularMaxLimit_FW
0xff376064,GetShutterSpeedRegularMinLimit_FW
0xff00e984,GetSRAndDisableInterrupt
0xff00f654,GetStringWithPrompt_FW
0xff37c520,GetSumYOfVRAMCenterLine_FW
0xff024c68,GetSwitchStatus_FW
0xff311abc,GetSystemTime
0xff311abc,GetSystemTime_FW
0xff0641ac,GetTestRecCrawAddress_FW
0xff0860c4,GetTimeOfSystem_FW
0xff2c2668,GetTransparentMemory_FW
0xff2c26ac,GetTransparentMemoryPosition_FW
0xff2c2658,GetTransparentMemorySize_FW
0xff37f6c0,GetUnpackCrwIntegralMultiValueForShading_FW
0xff37f2f0,GetUnpackCrwIntegralValue_FW
0xff37f574,GetUnpackCrwIntegralValueForColorShading_FW
0xff37f30c,GetUnpackCrwIntegralValueForShading_FW
0xff3764b4,GetUsableMaxAv_FW
0xff37649c,GetUsableMinAv_FW
0xff37603c,GetUserSetShutterSPeed_FW
0xff02307c,GetVBatVoltage_FW
0xff37bebc,GetVideoOutType_FW
0xff0465b0,GetVRAMHPixelsSize
0xff0465b0,GetVRAMHPixelsSize_FW
0xff0465bc,GetVRAMVPixelsSize
0xff0465bc,GetVRAMVPixelsSize_FW
0xff37d5d4,GetYear_FW
0xff2fa2e0,GetZoomActuatorCurrentPosition_FW
0xff2fa2b4,GetZoomActuatorSpeedPPS_FW
0xff37808c,GetZoomDefaultCommonDriveParam_FW
0xff377fa8,GetZoomDefaultDriveParam_FW
0xff1888b4,GetZoomDrivingTime_FW
0xff187d3c,GetZoomLensCurrentPoint
0xff187d3c,GetZoomLensCurrentPoint_FW
0xff2fb1a4,GetZoomLensCurrentPosition
0xff187c8c,GetZoomLensCurrentPosition_FW
0xff30e408,GetZoomLensDriveAmpereDac_FW
0xff1888b0,GetZoomLensMechaEdgePosition_FW
0xff377728,GetZoomLensResetPlus_FW
0xff188198,GetZoomLensTelePoint_FW
0xff378040,GetZoomNormalDriveParam_FW
0xff186210,GetZoomPiSensorLevel_FW
0xff377ff4,GetZoomResetDriveParam_FW
0xff2fcb64,GetZoomResetSensorLevel_FW
0xff188198,GetZoomTelePoint_FW
0xff02b670,GiveSemaphore
0xff02b670,GiveSemaphore_FW
0xff055470,GPS_COLD_START_FW
0xff12e6f4,GPS_GET_WAKEUP_FW
0xff055414,GPS_HIBERNATE_FW
0xff055404,GPS_HOT_START_FW
0xff12e0dc,GPS_LOGGING_HIATUS_FW
0xff055424,GPS_LOGGING_START_FW
0xff05543c,GPS_LOGGING_STOP_FW
0xff12eb7c,GPS_ON_OFF_FW
0xff12e6b8,GPS_PATCH_FW
0xff12e130,GPS_REDIRECT_MON_FW
0xff12eba4,GPS_RESET_HIGH_FW
0xff12ebb8,GPS_RESET_LOW_FW
0xff12e6ec,GPS_SEND_COMMAND_FW
0xff12db90,GPS_SEND_FILE_FW
0xff0552c8,GPS_START_FOR_ADJ_FW
0xff055404,GPS_START_FW
0xff0553a8,GPS_STOP_FOR_ADJ_FW
0xff055414,GPS_STOP_FW
0xff12e718,GPS_TRY_FOR_ADJ_FW
0xff12dcd4,GPS_WAIT_ACK_FW
0xff0ab8b4,GUISrv_StartGUISystem
0xff0ab8b4,GUISrv_StartGUISystem_FW
0xff093424,HardwareDefect_FW
0xff0933d4,HardwareDefectWithRestart_FW
0xff0560d0,HdmiHpd5VOutput_FW
0xff056388,HdmiRegDump_FW
0xff056008,HdmiSimulateModeStart_FW
0xff055fdc,HdmiSimulateModeStop_FW
0xff130fc0,HdmiViewParameter_FW
0xff055f34,HecHdmiCecPhysicalCheckForScript_FW
0xff381120,HitISLensAgainstBottomEdge_FW
0xff38110c,HitISLensAgainstLeftEdge_FW
0xff3810f8,HitISLensAgainstRightEdge_FW
0xff381134,HitISLensAgainstTopEdge_FW
0xff381590,HitISMechaEdgeInOpenControl_FW
0xff0238cc,i2c_Bl_Pwr_Ctrl_FW
0xff023b28,i2c_dcdc_dump_FW
0xff0560b4,i2c_read_event_FW
0xff05606c,i2c_write_event_FW
0xff15747c,InactivateAdjLog_FW
0xff190bd8,InitializeAdjustmentFunction_FW
0xff190b68,InitializeAdjustmentSystem_FW
0xff065d20,Initializedccd_FW
0xff37f8fc,InitializeDefectAdjustment_FW
0xff368bd4,InitializeDefectRec_FW
0xff065d20,InitializeDigicon_FW
0xff37fc14,InitializeMechaDevice_FW
0xff2c2c78,InitializeSoundRec_FW
0xff065190,InitializeTestRec_FW
0xff375b68,IsAdjCdsMode_FW
0xff30e498,ISAutoCenter_FW
0xff05e6f4,IsBatteryTemperature_FW
0xff05e6c0,IsCCDTemperature_FW
0xff30e4d4,ISChangeOPENtoCLOSE_FW
0xff092e3c,IsControlEventActive_FW
0xff30ea08,ISControlStart_FW
0xff30ea18,ISControlStop_FW
0xff026378,IsDUIDFixFlag_FW
0xff37bfec,IsEVFDrive_FW
0xff37c358,IsEvfDriveMode_FW
0xff37b32c,IsExStrobeChargeComp_FW
0xff026310,IsFactoryMode_FW
0xff30f128,ISFixedPWMOFF_FW
0xff30f114,ISFixedPWMON_FW
0xff182f80,IsFocusLensOutSidePosition_FW
0xff024d10,IsHvSensorExist_FW
0xff074054,ISInitMotion_FW
0xff072498,IsLensOutside_FW
0xff1574a8,IsLogOutType_FW
0xff30ebe8,ISMDStart_FW
0xff30ebf8,ISMDStop_FW
0xff30e4c0,ISMoveToMechaEdgeOPEN_FW
0xff0263c0,IsNormalCameraMode_FW
0xff05e68c,IsOpticalTemperature_FW
0xff30ea28,ISPanModeStart_FW
0xff30ea38,ISPanModeStop_FW
0xff197a50,IsRomLogAvailable_FW
0xff0e2d14,IsStrobeChargeCompleted
0xff2f9af8,IsZoomActuatorResetSensorPlusSide_FW
0xff188554,IsZoomLensOutSidePosition_FW
0xff18e89c,j_BeepDrive_FW
0xff18e8a0,j_BeepDriveComp_FW
0xff375c9c,j_CancelImageDrive_FW
0xff381894,j_CancelLoopGainCalc_FW
0xff3815a0,j_ChangeToISCloseControl_FW
0xff381570,j_ClearISCalcZData_FW
0xff377b20,j_ClearZoomDriveParam_FW
0xff027564,j_Close_FW
0xff101034,j_E2LatOn_FW
0xff27a930,j_EF.IsChargeFull_FW
0xff18ed98,j_exec_FW
0xff1b97c8,j_ExecuteShutDownPropertyService_FW
0xff027bf0,j_ExMem.AllocCacheable_FW
0xff027be8,j_ExMem.AllocUncacheable_FW
0xff027bf4,j_ExMem.FreeCacheable_FW
0xff027bec,j_ExMem.FreeUncacheable_FW
0xff027be4,j_ExMem.View_FW
0xff18e898,j_GetAdChValue_FW
0xff18e894,j_GetAdVBattBottom_FW
0xff155b80,j_GetAEIntegWinData_FW
0xff18e924,j_GetBatteryCoverClose_FW
0xff05e74c,j_GetBatteryTemperature_FW
0xff2c20f8,j_GetCameraInformationData_FW
0xff05e748,j_GetCCDTemperature_FW
0xff375aa4,j_GetCdsPreGain_FW
0xff375afc,j_GetCdsPreGainReg_FW
0xff376228,j_GetCurrentAvValue_FW
0xff375f6c,j_GetCurrentExposureTime_FW
0xff37859c,j_GetCurrentFocusLensPosition_FW
0xff37859c,j_GetCurrentFocusPosition_FW
0xff3762f4,j_GetCurrentIrisPosition_FW
0xff375f74,j_GetCurrentShutterSpeed_FW
0xff378544,j_GetCurrentTargetDistance_FW
0xff377900,j_GetCurrentZoomLensPoint_FW
0xff3778fc,j_GetCurrentZoomLensPosition_FW
0xff377900,j_GetCurrentZoomPoint_FW
0xff3778fc,j_GetCurrentZoomPosition_FW
0xff37e24c,j_GetDCPAdjOffset_FW
0xff18e91c,j_GetDialEventId_FW
0xff381a1c,j_GetDISModeParameter_FW
0xff30f164,j_GetFixedPWMOutA_FW
0xff30f168,j_GetFixedPWMOutB_FW
0xff37853c,j_GetFocusDefaultResetPosition_FW
0xff30d7f4,j_GetFocusLensCurrentPosition_FW
0xff30d8d4,j_GetFocusLensDriveVoltage_FW
0xff30d94c,j_GetFocusLensHoldVoltage_FW
0xff30d9bc,j_GetFocusLensPullInMaxSpeed_FW
0xff30d7fc,j_GetFocusLensResetDefaultPosition_FW
0xff30d7f8,j_GetFocusLensResetPosition_FW
0xff30d988,j_GetFocusLensResetVoltage_FW
0xff30d910,j_GetFocusLensSettingWaitVoltage_FW
0xff30ded4,j_GetFocusPiSensorLevel_FW
0xff378540,j_GetFocusResetPosition_FW
0xff30de18,j_GetFocusStartZoomPosition_FW
0xff30e8d4,j_GetGyro10BitDACPitch_FW
0xff30e8d8,j_GetGyro10BitDACYaw_FW
0xff30e8a4,j_GetGyroDataPitch_FW
0xff30e8a8,j_GetGyroDataYaw_FW
0xff30e904,j_GetGyroHPFINOffsetPitch_FW
0xff30e908,j_GetGyroHPFINOffsetYaw_FW
0xff30e90c,j_GetGyroHPFINPitch_FW
0xff30e910,j_GetGyroHPFINYaw_FW
0xff30dbd0,j_GetIrisAv_FW
0xff30dbd4,j_GetIrisCurrentPosition_FW
0xff30dcb4,j_GetIrisDriveVoltage_FW
0xff30dccc,j_GetIrisDriveVoltageLow_FW
0xff30dcfc,j_GetIrisHoldVoltage_FW
0xff30dce4,j_GetIrisSettingWaitVoltage_FW
0xff30dcb0,j_GetIrisSpecClosePosition_FW
0xff30dcac,j_GetIrisSpecOpenPosition_FW
0xff381754,j_GetISGyro10BitDACPitch_FW
0xff38175c,j_GetISGyro10BitDACYaw_FW
0xff381734,j_GetISGyroDataPitch_FW
0xff38173c,j_GetISGyroDataYaw_FW
0xff381764,j_GetISGyroHPFINOffsetPitch_FW
0xff38176c,j_GetISGyroHPFINOffsetYaw_FW
0xff381744,j_GetISGyroHPFINPitch_FW
0xff38174c,j_GetISGyroHPFINYaw_FW
0xff381260,j_GetISGyroPitchGain_FW
0xff38125c,j_GetISGyroYawGain_FW
0xff3811b4,j_GetISHallDevicePitchGain_FW
0xff3811bc,j_GetISHallDevicePitchOffset_FW
0xff3811b0,j_GetISHallDeviceYawGain_FW
0xff3811b8,j_GetISHallDeviceYawOffset_FW
0xff381508,j_GetISLensCorrectedEViAaxis_FW
0xff38150c,j_GetISLensCorrectedEViBaxis_FW
0xff381510,j_GetISLensDampAaxis_FW
0xff381514,j_GetISLensDampBaxis_FW
0xff381500,j_GetISLensEViAaxis_FW
0xff381504,j_GetISLensEViBaxis_FW
0xff3812f8,j_GetISPitchPWM_FW
0xff3814f8,j_GetISShiftLensPitchPosition_FW
0xff3814fc,j_GetISShiftLensYawPosition_FW
0xff3812f4,j_GetISYawPWM_FW
0xff18e920,j_GetLcdPosition_FW
0xff30de14,j_GetLensErrorStatus_FW
0xff30e128,j_GetMechaShutterMoveTime_FW
0xff30e124,j_GetMechaShutterStatus_FW
0xff37ce3c,j_GetMovieJpegVRAMHPixelsSize_FW
0xff37ce40,j_GetMovieJpegVRAMVPixelsSize_FW
0xff05e744,j_GetOpticalTemperature_FW
0xff18e904,j_GetSDDetect_FW
0xff18e908,j_GetSDProtect_FW
0xff18e8f0,j_GetSwitchStatus_FW
0xff37e0d4,j_GetVBatVoltage_FW
0xff37c588,j_GetVRAMHPixelsSize_FW
0xff37c58c,j_GetVRAMVPixelsSize_FW
0xff2fa2c0,j_GetZoomActuatorCurrentPosition_FW
0xff377aac,j_GetZoomDrivingTime_FW
0xff30e478,j_GetZoomLensCurrentPoint_FW
0xff30e47c,j_GetZoomLensCurrentPosition_FW
0xff30e484,j_GetZoomLensMechaEdgePosition_FW
0xff30e480,j_GetZoomLensTelePoint_FW
0xff30def8,j_GetZoomPiSensorLevel_FW
0xff377a70,j_GetZoomResetSensorLevel_FW
0xff377a6c,j_GetZoomTelePoint_FW
0xff26df30,j_InitializeDefectRec_FW
0xff05e758,j_IsBatteryTemperature_FW
0xff05e754,j_IsCCDTemperature_FW
0xff378b14,j_IsFocusLensOutSidePosition_FW
0xff18e928,j_IsHvSensorExist_FW
0xff30de10,j_IsLensOutside_FW
0xff05e750,j_IsOpticalTemperature_FW
0xff2fa2c4,j_IsZoomActuatorResetSensorPlusSide_FW
0xff377c98,j_IsZoomLensOutSidePosition_FW
0xff18e8ac,j_LEDDrive_FW
0xff2863bc,j_LiveImageTool.GetDzoomPosition_FW
0xff18ed0c,j_MemoryChecker_FW
0xff18ed08,j_MonSelEvent_FW
0xff3814f4,j_MoveISLensToCentralPosition_FW
0xff027be0,j_NewTaskShell_FW
0xff027560,j_Open_FW
0xff0896d8,j_OpLog.WriteToROM_FW
0xff18ed80,j_Peek16_FW
0xff18ed7c,j_Peek32_FW
0xff18ed84,j_Peek8_FW
0xff18ed04,j_Printf_FW
0xff075ce8,j_PT_GetDigitalZoomPosition_FW
0xff093654,j_PTM_AllReset_FW
0xff093b38,j_PTM_BackupUIProperty_FW
0xff093a8c,j_PTM_GetWorkingCaptureMode_FW
0xff093b1c,j_PTM_IsEnableItem_FW
0xff093b08,j_PTM_NextItem_FW
0xff093b0c,j_PTM_PrevItem_FW
0xff093a90,j_PTM_SetCurrentItem_FW
0xff093b20,j_PTM_SetProprietyEnable_FW
0xff027b6c,j_PutsCameraLogEvent_FW
0xff027664,j_Read_FW
0xff37adb0,j_ReloadAFAdjustment_FW
0xff375a14,j_ReloadCdsAdjustment_FW
0xff37b4a4,j_ReloadColorAdjustment_FW
0xff37b33c,j_ReloadEfAdjustment_FW
0xff378538,j_ReloadFocusLensAdjustment_FW
0xff376224,j_ReloadGetaAdjustment_FW
0xff3772a0,j_ReloadWBAdjustment_FW
0xff3779b8,j_ReloadZoomAdjustment_FW
0xff18ed24,j_SDump_FW
0xff3814f0,j_SearchBCentralPosition_FW
0xff3814f0,j_SearchISLensCentralPosition_FW
0xff378b4c,j_SetFocusResetState_FW
0xff18e8a4,j_SetStereoSeparation_FW
0xff377ca4,j_SetZoomResetState_FW
0xff027b60,j_ShowCameraLog_FW
0xff027b64,j_ShowCameraLogInfo_FW
0xff3811ac,j_StartBDrive_FW
0xff3814e8,j_StartBPanDrive_FW
0xff027b5c,j_StartCameraLog_FW
0xff3814e0,j_StartISAdjustmentDrive_FW
0xff3811ac,j_StartISDrive_FW
0xff30e4bc,j_StartISLocalAutoCenter_FW
0xff30e4b8,j_StartISLocalHallAdjust_FW
0xff3814e8,j_StartISPanDrive_FW
0xff3811a8,j_StopBDrive_FW
0xff3814ec,j_StopBPanDrive_FW
0xff027b68,j_StopCameraLog_FW
0xff37c590,j_StopContinuousVRAMData_FW
0xff3814e4,j_StopISAdjustmentDrive_FW
0xff3811a8,j_StopISDrive_FW
0xff3814ec,j_StopISPanDrive_FW
0xff0108ec,j_strcmp_FW
0xff26df34,j_TerminateDefectRec_FW
0xff18fb0c,j_UIFS_Capture_FW
0xff18fb10,j_UIFS_CaptureNoneStop_FW
0xff18ff98,j_UIFS_GetNumberOfDisplayedImage_FW
0xff18ff94,j_UIFS_IsAvailableShots_FW
0xff18fad8,j_UIFS_MoveZoomTo_FW
0xff18ff9c,j_UIFS_PlayTrimExecuteAllImageSize_FW
0xff18fb14,j_UIFS_StartMovieRecord_FW
0xff18fb18,j_UIFS_StopMovieRecord_FW
0xff18fb40,j_UIFS_WriteFirmInfoToFile_FW
0xff18e8a8,j_VbattGet_FW
0xff18ed10,j_VerifyByte_FW
0xff027668,j_Write_FW
0xff024d94,kbd_p1_f
0xff024da0,kbd_p1_f_cont
0xff02457c,kbd_p2_f
0xff024d18,kbd_read_keys
0xff056f04,kbd_read_keys_r2
0xff12aa4c,LcdCon_GetLcdAdjParameter_FW
0xff12a6c8,LcdCon_GetLcdBackLightParameter_FW
0xff12ac58,LcdCon_GetLcdParameter_FW
0xff12aad4,LcdCon_SaveLcdAdjParameter_FW
0xff12a74c,LcdCon_SaveLcdBackLightParameter_FW
0xff12ace0,LcdCon_SaveLcdParameter_FW
0xff12a9b0,LcdCon_SetLcdAdjParameter_FW
0xff12a648,LcdCon_SetLcdBackLightBrightness_FW
0xff12a674,LcdCon_SetLcdBackLightParameter_FW
0xff12a964,LcdCon_SetLcdDriver_FW
0xff12aaf0,LcdCon_SetLcdParameter_FW
0xff12aa94,LcdCon_ShowLcdAdjParameter_FW
0xff12a70c,LcdCon_ShowLcdBackLightParameter_FW
0xff12aca0,LcdCon_ShowLcdParameter_FW
0xff12ae8c,LcdCon_StartLcdPeriodicalSetting_FW
0xff12aec0,LcdCon_StopLcdPeriodicalSetting_FW
0xff34145c,LCDMsg_ChangeColor_FW
0xff3412a0,LCDMsg_Create_FW
0xff340f94,LCDMsg_Delete_FW
0xff340f54,LCDMsg_Move_FW
0xff341384,LCDMsg_SetNum_FW
0xff341394,LCDMsg_SetStr_FW
0xff341334,LCDMsg_SwDisp_FW
0xff056a38,LEDDrive
0xff056b04,LEDDrive_FW
0xff28634c,LiveImageTool.ChangeDzoom_FW
0xff2863d4,LiveImageTool.Dister_FW
0xff2862dc,LiveImageTool.DzoomTele_FW
0xff2862fc,LiveImageTool.DzoomWide_FW
0xff045924,LiveImageTool.GetDzoomPosition_FW
0xff2863c0,LiveImageTool.Jump_FW
0xff28632c,LiveImageTool.Pause_FW
0xff28633c,LiveImageTool.Resume_FW
0xff286060,LiveImageTool.StartEVF_FW
0xff28606c,LiveImageTool.StartEVFFocusJet_FW
0xff286078,LiveImageTool.StartEVFMF_FW
0xff286268,LiveImageTool.StartEVFMovHD_FW
0xff2862a4,LiveImageTool.StartEVFMovQQVGA_FW
0xff286290,LiveImageTool.StartEVFMovQVGA60_FW
0xff286204,LiveImageTool.StartEVFMovQVGA_FW
0xff2861f0,LiveImageTool.StartEVFMovVGA_FW
0xff2862b8,LiveImageTool.StartEVFMovXGA_FW
0xff28631c,LiveImageTool.StopDzoom_FW
0xff2862cc,LiveImageTool.StopEVF_FW
0xff060c6c,LoadAdjustmentTable_FW
0xff061154,LoadAdjustmentValue_FW
0xff156a24,LoadDataFromAdjTableBin_FW
0xff060ca4,LoadDefectAdjTable_FW
0xff37df08,LoadFactoryNumber_FW
0xff156924,LoadParamDataFromAdjTableBin_FW
0xff0852a4,LoadScript_FW
0xff37dfe8,LoadSerialNumber_FW
0xff085a38,LocalTime
0xff0560d4,LockHdmiState_FW
0xff093170,LockMainPower
0xff093170,LockMainPower_FW
0xff089094,LogCameraEvent
0xff0276d4,Lseek
0xff0276d4,lseek
0xff0276d4,Lseek_FW
0xff312014,MakeBootDisk_FW
0xff026e44,MakeDirectory_Fut
0xff312028,MakeScriptDisk_FW
0xff06c60c,MakeSDCardBootable
0xff0041ec,malloc
0xff18e6b8,Mecha.Create_FW
0xff30f1c0,MechaCPUMemoryDump_FW
0xff30f1dc,MechaCPUMemoryWrite_FW
0xff18e710,MechaReset_FW
0xff18e71c,MechaTerminate_FW
0xff18e67c,MechaUnRegisterEventProcedure_FW
0xff010930,memcmp
0xff010930,memcmp_FW
0xff03158c,memcpy
0xff03158c,memcpy_FW
0xff3115e0,MemoryChecker_FW
0xff24cfd0,memset
0xff24cfd0,memset_FW
0xff000dcc,memShow_FW
0xff26d65c,MergeAndConvertDefect_FW
0xff027954,mkdir
0xff0ae10c,mktime_ext
0xff311b40,MonSelEvent_FW
0xff377df8,MoveComputerZoomToPoint_FW
0xff090674,MoveControllerToTopOfZOrder_FW
0xff1819a8,MoveCzPeakPositon_FW
0xff30cb7c,MoveCZToPoint_FW
0xff30cc14,MoveCZToPointByOVF_FW
0xff30cbe4,MoveCZToTele_FW
0xff30cbb4,MoveCZToWide_FW
0xff39aa08,MoveDCMotorCCW_FW
0xff39a980,MoveDCMotorCW_FW
0xff30d1c8,MoveFocusActuator_FW
0xff3788dc,MoveFocusDistance_FW
0xff3788dc,MoveFocusLensToDistance
0xff3788dc,MoveFocusLensToDistance_FW
0xff3787c8,MoveFocusLensToPosition_FW
0xff3786b0,MoveFocusLensToPositionWithMaxSpeed_FW
0xff3786f4,MoveFocusLensToPositionWithSpeed_FW
0xff30ce4c,MoveFocusLensToTerminate_FW
0xff3785cc,MoveFocusLensToTerminatePosition_FW
0xff30cea8,MoveFocusLensWithDistance_FW
0xff30cfb0,MoveFocusLensWithPosition_FW
0xff30d0bc,MoveFocusLensWithPositionWithoutBacklash_FW
0xff378814,MoveFocusPosition_FW
0xff3785cc,MoveFocusToTerminate_FW
0xff376334,MoveIrisFullClose_FW
0xff376300,MoveIrisFullOpen_FW
0xff3763d8,MoveIrisMechaPositionWithBacklash_FW
0xff376414,MoveIrisMechaPositionWithoutBacklash_FW
0xff376178,MoveIrisToAv_FW
0xff376450,MoveIrisToAvWithoutBacklash_FW
0xff30dba8,MoveIrisToFullClose_FW
0xff30db80,MoveIrisToFullOpen_FW
0xff30db2c,MoveIrisToPositionWithBacklash_FW
0xff30dc04,MoveIrisToPositionWithoutBacklash_FW
0xff30daa4,MoveIrisToStandbyPosition_FW
0xff30db58,MoveIrisToTerminatePosition_FW
0xff30dacc,MoveIrisWithAv
0xff30dacc,MoveIrisWithAv_FW
0xff30daf8,MoveIrisWithAvAndSpeed_FW
0xff30dc30,MoveIrisWithAvAndSpeedWithoutBacklash_FW
0xff30dbd8,MoveIrisWithAvWithoutBacklash_FW
0xff3763a4,MoveIrisWithTerminatePosition_FW
0xff381180,MoveISLensToBottomLimitPosition_FW
0xff074854,MoveISLensToCentralPosition_FW
0xff38116c,MoveISLensToLeftLimitPosition_FW
0xff381158,MoveISLensToRightLimitPosition_FW
0xff381194,MoveISLensToTopLimitPosition_FW
0xff30dd90,MoveLensToFirstPoint_FW
0xff30ddd8,MoveLensToTerminatePoint_FW
0xff2fa258,MoveZoomActuator_FW
0xff30e358,MoveZoomLensToMechaEdge_FW
0xff378338,MoveZoomLensToMechaEnd_FW
0xff377dbc,MoveZoomLensToPoint_FW
0xff377d80,MoveZoomLensToPosition_FW
0xff3783cc,MoveZoomLensToPositionByManual_FW
0xff30e318,MoveZoomLensToTerminatePosition_FW
0xff30e290,MoveZoomLensWithPoint
0xff30e290,MoveZoomLensWithPoint_FW
0xff30e2d4,MoveZoomLensWithPosition_FW
0xff377dbc,MoveZoomPoint_FW
0xff377d80,MoveZoomPosition_FW
0xff0e4e44,MovieAF.Resume_FW
0xff0e4e30,MovieAF.Suspend_FW
0xff08b958,NewTaskShell
0xff08b9b8,NewTaskShell_FW
0xff195ccc,NR_GetDarkSubType
0xff195ccc,NR_GetDarkSubType_FW
0xff195d2c,NR_GetDefectCorrectType_FW
0xff195c04,NR_SetDarkSubType
0xff195c04,NR_SetDarkSubType_FW
0xff195ca0,NR_SetDefectCorrectType_FW
0xff195d80,NR_SetDoubleNRType_FW
0xff195d6c,NR_SetLotasPonyType_FW
0xff195d0c,NR_SetTassenType_FW
0xff18e8e0,OffPrintPhySw_FW
0xff377170,OneShotWhigeBalance_FW
0xff377170,OneTypeWhiteBalance_FW
0xff18e8d0,OnPrintPhySw_FW
0xff0273f0,Open
0xff00ab04,open
0xff0273f0,Open_FW
0xff00f6f4,OpenConsole_FW
0xff2e6f88,OpenFastDir
0xff0276f4,OpenForScrip_FW
0xff30e014,OpenMechaShutter_FW
0xff376620,OpenMShutter_FW
0xff027b70,OpLog.Create_FW
0xff08a0c0,OpLog.Get_FW
0xff08a0e0,OpLog.Play_FW
0xff08970c,OpLog.ReadFromROM_FW
0xff089774,OpLog.ReadFromSD_FW
0xff08a224,OpLog.Start_FW
0xff08967c,OpLog.Stop_FW
0xff08a300,OpLog.Terminate_FW
0xff0896a8,OpLog.WriteToROM_FW
0xff089bb4,OpLog.WriteToSD_FW
0xff15702c,OutputLogToFile_FW
0xff096634,PB2Rec
0xff311a8c,Peek16_FW
0xff311a84,Peek32_FW
0xff311a94,Peek8_FW
0xff26d430,PointDefDetect_FW
0xff26da3c,PointKizuCheck_FW
0xff18ed5c,Poke16_FW
0xff18ed4c,Poke32_FW
0xff18ed6c,Poke8_FW
0xff090d4c,PostEventShootSeqToUI_FW
0xff090c88,PostLogicalEventForNotPowerType
0xff090c88,PostLogicalEventForNotPowerType_FW
0xff090cd4,PostLogicalEventToUI
0xff090cd4,PostLogicalEventToUI_FW
0xff02b2d0,PostMessageQueue
0xff02bafc,PostMessageQueueStrictly
0xff37ba38,PreFixAE_FW
0xff061468,PrintAdjKabotanInfo_FW
0xff061178,PrintAdjTableMap_FW
0xff154d9c,PrintAllAEIntegData_FW
0xff085298,Printf_FW
0xff156d9c,PrintFaexeVersioin_FW
0xff156d68,PrintFirmVersion_FW
0xff37ae80,PrintMultiWinScanTable_FW
0xff37adec,PrintScanTable_FW
0xff075cec,PT_ChangeZoomSpeed_FW
0xff075b48,PT_CompleteCaptModeChange_FW
0xff075b58,PT_CompleteCharge_FW
0xff075b60,PT_CompleteFileWrite_FW
0xff075b10,PT_CompletePreCapt_FW
0xff075b30,PT_CompleteStopDigZoom_FW
0xff075b28,PT_CompleteStopZoom_FW
0xff075b38,PT_CompleteStoreLens_FW
0xff075b50,PT_CompleteSynchroWrite_FW
0xff075d20,PT_DoAELock_FW
0xff075d00,PT_DoAFLock_FW
0xff075b70,PT_EraseAllFile_FW
0xff028a8c,PT_GetDigitalZoomPosition_FW
0xff075cd4,PT_GetDigitalZoomTele_FW
0xff075be8,PT_GetPropertyCaseInt_FW
0xff075d50,PT_MFOff_FW
0xff075d40,PT_MFOn_FW
0xff075b9c,PT_mod_FW
0xff075cc0,PT_MoveDigitalZoomAt_FW
0xff075ca0,PT_MoveDigitalZoomToTele_FW
0xff075cb0,PT_MoveDigitalZoomToWide
0xff075cb0,PT_MoveDigitalZoomToWide_FW
0xff075c88,PT_MoveOpticalZoomAt
0xff075c88,PT_MoveOpticalZoomAt_FW
0xff075c60,PT_MoveOpticalZoomToTele_FW
0xff075c74,PT_MoveOpticalZoomToWide_FW
0xff075b40,PT_MovieRecordStopped_FW
0xff075b20,PT_NextShootAvailable_FW
0xff080e14,PT_PlaySound
0xff075b18,PT_RecreviewAvailable_FW
0xff075bc0,PT_SetPropertyCaseInt_FW
0xff075b68,PT_ShootPicture_FW
0xff075d30,PT_UnlockAE_FW
0xff075d10,PT_UnlockAF_FW
0xff1b8730,PTM_AllReset_FW
0xff093644,PTM_AllResetToFactorySetting_FW
0xff1b93d8,PTM_BackupUIProperty_FW
0xff093a9c,PTM_GetCurrentItem_FW
0xff1b8a90,PTM_GetWorkingCaptureMode_FW
0xff1b930c,PTM_IsEnableItem_FW
0xff1b8dc0,PTM_NextItem_FW
0xff1b8dc8,PTM_PrevItem_FW
0xff093b3c,PTM_RestoreUIProperty_FW
0xff093958,PTM_SetCurrentCaptureMode_FW
0xff1b8aa8,PTM_SetCurrentItem_FW
0xff1b90c4,PTM_SetProprietyEnable_FW
0xff376528,PutInNdFilter
0xff376528,PutInNdFilter_FW
0xff376560,PutOutNdFilter
0xff376560,PutOutNdFilter_FW
0xff088d6c,PutsCameraLogEvent_FW
0xff3639f0,qsort
0xff100e34,QuietImager_FW
0xff24d110,rand
0xff00ad58,Read
0xff00ad58,read
0xff00ad58,Read_FW
0xff2e70dc,ReadFastDir
0xff24d04c,realloc
0xff2ec578,reboot_fw_update
0xff094d40,Rec2PB
0xff30df40,ReceiveMechaCircuitDataAll_FW
0xff02b184,ReceiveMessageQueue
0xff02bad0,ReceiveMessageQueueStrictly
0xff061450,RefreshAdjustmentTableMirror_FW
0xff061460,RefreshDefectTableMirror_FW
0xff0ac09c,RefreshPhysicalScreen
0xff37b55c,RegistColorMatrix_FW
0xff088080,RegisterEventProcedure
0xff00e948,RegisterInterruptHandler
0xff066828,RegistFirmScanNoticeCBR_FW
0xff08403c,ReleaseRecursiveLock
0xff04016c,ReloadAFAdjustment_FW
0xff1003d0,ReloadCdsAdjustment_FW
0xff112c6c,ReloadColorAdjustment_FW
0xff37f8b8,ReloadDefectAdjustmentData_FW
0xff2782d8,ReloadEfAdjustment_FW
0xff18307c,ReloadFocusLensAdjustment_FW
0xff184c44,ReloadGetaAdjustment_FW
0xff3761c4,ReloadIrisAdjustment_FW
0xff3818c8,ReloadISAdjustment_FW
0xff376510,ReloadNdFilterAdjustment_FW
0xff37f894,ReloadShadingAdjustmentData_FW
0xff0d97d8,ReloadWBAdjustment_FW
0xff188688,ReloadZoomAdjustment_FW
0xff2c2638,RemoveTransparentMemory_FW
0xff026d3c,RenameFile_Fut
0xff378944,ResetFocus_FW
0xff30cd78,ResetFocusLens
0xff30cd78,ResetFocusLens_FW
0xff30da7c,ResetIris_FW
0xff2f669c,ResetIrisActuator_FW
0xff376368,ResetIrisPosition_FW
0xff06602c,ResetRegistNoticeCBR_FW
0xff377ce4,ResetZoom_FW
0xff30e1e4,ResetZoomLens
0xff30e1e4,ResetZoomLens_FW
0xff30e210,ResetZoomLensToFirst_FW
0xff30e250,ResetZoomLensToTermiante_FW
0xff377e34,ResetZoomToAdjFirstPoint_FW
0xff377e78,ResetZoomToAdjTerminatePoint_FW
0xff377d18,ResetZoomToFirst_FW
0xff377d18,ResetZoomToFirstPoint_FW
0xff377d4c,ResetZoomToTerminate_FW
0xff377d4c,ResetZoomToTerminatePoint_FW
0xff02d3d8,Restart,(stubs_entry_2.s)
0xff08aff8,RomCheckSum_FW
0xff00f374,RotateConsoleZOder_FW
0xff0610a0,SaveAdjustmentTable_FW
0xff061120,SaveAdjustmentValue_FW
0xff37d224,SaveBatSenseOffsetAdjustmentTable_FW
0xff37d85c,SaveBmpVRAMData_FW
0xff061108,SaveDefectAdjTable_FW
0xff37e0d8,SaveFactoryReserveData_FW
0xff37dc9c,SaveFromImage_FW
0xff37dc04,SavePaletteData
0xff37dc04,SavePaletteData_FW
0xff13a0e0,Scene.ForbidContiSceneDetect_FW
0xff13a10c,Scene.TestSunset_FW
0xff0ad294,ScreenLock
0xff0ad2f8,ScreenUnlock
0xff31183c,SDump_FW
0xff0747ec,SearchBCentralPosition_FW
0xff0747ec,SearchISLensCentralPosition_FW
0xff3797c4,SelectAdjBPFilter_FW
0xff30eb7c,SelectPositionSignal_FW
0xff30df1c,SendMechaCircuitData_FW
0xff26da98,SensDefCrowdCheck_FW
0xff092aa4,set_control_event
0xff37b9bc,SetAdj_AEMode_FW
0xff156330,SetAdjAEIntegSmearLimitter_FW
0xff379d30,SetAdjAFIntegCrwAdd_FW
0xff3797e4,SetAdjAFWinPos_FW
0xff375b38,SetAdjCdsMode_FW
0xff37b894,SetAE_CdsGainValue_FW
0xff37b758,SetAE_ShutterSpeed
0xff37b758,SetAE_ShutterSpeed_FW
0xff156328,SetAEIntegAverageOBData_FW
0xff155700,SetAEIntegCorrectProperty_FW
0xff15579c,SetAEIntegralGetaTime_FW
0xff15575c,SetAEIntegralValueProperty_FW
0xff155678,SetAEIntegStrobeProperty_FW
0xff155fa0,SetAEIntegValueBit_FW
0xff155f4c,SetAEIntegWindowsMode_FW
0xff0931e4,SetAutoShutdownTime
0xff0931e4,SetAutoShutdownTime_FW
0xff379824,SetBPFilterForBP_FW
0xff375a48,SetCDSGain_FW
0xff375b20,SetCDSGainStep_FW
0xff375a48,SetCdsGainValue_FW
0xff375a74,SetCdsPreGain_FW
0xff375acc,SetCdsPreGainReg_FW
0xff09ce48,SetCurrentCaptureModeType
0xff09ce48,SetCurrentCaptureModeType_FW
0xff37d23c,SetDate_FW
0xff37d440,SetDay_FW
0xff39aa90,SetDCMotorWaitTime_FW
0xff156340,SetDefaultAEIntegSmearLimitter_FW
0xff15934c,SetDefaultRecParameter_FW
0xff26dd8c,SetDefectRecParam_FW
0xff3759d0,SetDeltaCDSGain_FW
0xff30eea8,SetDISModeParam_FW
0xff3819fc,SetDISModeParameter_FW
0xff0262d4,SetDUIDFixFlag_FW
0xff026170,SetDurianMode_FW
0xff083c90,SetEventFlag
0xff37b334,SetExStrobeMode_FW
0xff026264,SetFactoryMode_FW
0xff37def8,SetFactorySerialNumber_FW
0xff2c2144,SetFaexeEventTableActivation_FW
0xff0278bc,SetFileAttributes
0xff027844,SetFileTimeStamp
0xff30f13c,SetFixedPWMOutA_FW
0xff30f150,SetFixedPWMOutB_FW
0xff30d3f8,SetFocusLensAccelerationTable_FW
0xff30d580,SetFocusLensCondition_FW
0xff30d56c,SetFocusLensDefaultPullOutTable_FW
0xff30d8d8,SetFocusLensDriveVoltage_FW
0xff30d950,SetFocusLensHoldVoltage_FW
0xff30d6d4,SetFocusLensMaxSpeedLimit_FW
0xff30d914,SetFocusLensSettingWaitVoltage_FW
0xff30d4f8,SetFocusLensSlowdownTable_FW
0xff30d2c8,SetFocusLensSpeed_FW
0xff30d344,SetFocusLensSpeedTable_FW
0xff2f5780,SetFocusResetState_FW
0xff30e8ac,SetGyro10BitDACPitch_FW
0xff30e8c0,SetGyro10BitDACYaw_FW
0xff30e92c,SetGyroFilterChargeStart_FW
0xff30e944,SetGyroFilterChargeStop_FW
0xff30e8dc,SetGyroHPFINOffsetPitch_FW
0xff30e8f0,SetGyroHPFINOffsetYaw_FW
0xff37d4a8,SetHour_FW
0xff087788,SetHPTimerAfterNow
0xff087808,SetHPTimerAfterTimeout
0xff18e90c,SetIgnoreAVJACK_FW
0xff37d234,SetImageMode_FW
0xff37d210,SetInputVoltage_FW
0xff30dcb8,SetIrisDriveVoltage_FW
0xff30dcd0,SetIrisDriveVoltageLow_FW
0xff30dd00,SetIrisHoldVoltage_FW
0xff30dce8,SetIrisSettingWaitVoltage_FW
0xff30eefc,SetISAdjData_FW
0xff30ef0c,SetISCenterShiftA_FW
0xff30ef20,SetISCenterShiftB_FW
0xff30eae8,SetISControlType_FW
0xff30ee58,SetISCrossTalkCompA1_FW
0xff30ee6c,SetISCrossTalkCompA2_FW
0xff30ee80,SetISCrossTalkCompB1_FW
0xff30ee94,SetISCrossTalkCompB2_FW
0xff381aa4,SetISCrossTalkCompCoeff_FW
0xff381520,SetISCutOffFreqIndex_FW
0xff30e4e4,SetISDriveAaxis_FW
0xff30e4f8,SetISDriveBaxis_FW
0xff3816cc,SetISGyro10BitDACPitch_FW
0xff3816e8,SetISGyro10BitDACYaw_FW
0xff3817f8,SetISGyroCompensationMode_FW
0xff38177c,SetISGyroFilterCharge_FW
0xff30e594,SetISGyroGainAaxis_FW
0xff30e5a8,SetISGyroGainBaxis_FW
0xff30e5bc,SetISGyroGainbyAxisType_FW
0xff381704,SetISGyroHPFINOffsetPitch_FW
0xff381720,SetISGyroHPFINOffsetYaw_FW
0xff3813d8,SetISGyroPitchGain_FW
0xff3813ec,SetISGyroPitchOffset_FW
0xff3813a8,SetISGyroYawGain_FW
0xff3813e8,SetISGyroYawOffset_FW
0xff30ec70,SetISHallAmpFirstGain_FW
0xff381444,SetISHallDevicePitchGain_FW
0xff3814a8,SetISHallDevicePitchOffset_FW
0xff381414,SetISHallDeviceYawGain_FW
0xff381478,SetISHallDeviceYawOffset_FW
0xff30e550,SetISHallGainAaxis_FW
0xff30e564,SetISHallGainBaxis_FW
0xff30e578,SetISHallGainbyAxisType_FW
0xff30e50c,SetISHallOffsetAaxis_FW
0xff30e520,SetISHallOffsetBaxis_FW
0xff30e534,SetISHallOffsetbyAxisType_FW
0xff30eba0,SetISHPFCutoff_FW
0xff381520,SetISHPFCutOffFreqIndex_FW
0xff3819dc,SetISLensPWMMode_FW
0xff30ec08,SetISLPFAaxis_FW
0xff30ec1c,SetISLPFBaxis_FW
0xff381530,SetISLPFCutOffFreqAaxis_FW
0xff381540,SetISLPFCutOffFreqBaxis_FW
0xff30eb0c,SetISMovieStatus_FW
0xff381360,SetISPitchPWM_FW
0xff30eafc,SetISStillStatus_FW
0xff30e914,SetISTuningFlag_FW
0xff3817a4,SetISTuningMode_FW
0xff3817d8,SetISTuningOff_FW
0xff381374,SetISYawPWM_FW
0xff37d6d0,SetLangMenuType_FW
0xff30de3c,SetLensOutsideFlag_FW
0xff1562fc,SetLineDefMarkThroughMode_FW
0xff092eac,SetLogicalEventActive
0xff3819a8,SetLoopGain_FW
0xff30ed34,SetLoopGainAdjValue_FW
0xff381554,SetLPFForParallelFilter_FW
0xff30eb30,SetLPFParallelBest_FW
0xff30e070,SetMechaShutterCloseDacSetting_FW
0xff30e12c,SetMechaShutterMoveTime_FW
0xff30e0c0,SetMechaShutterOpenDacSetting_FW
0xff30e110,SetMechaShutterWaitTimeSetting_FW
0xff37d50c,SetMinute_FW
0xff37d3e4,SetMonth_FW
0xff375a40,SetObClamp_FW
0xff375a40,SetObClampValue_FW
0xff3770f0,SetOneShotWBParam_FW
0xff3770f0,SetOneTypeWBParam_FW
0xff1b93d8,SetParameterData
0xff39a938,SetPMByGpio_FW
0xff37e1e4,SetProductVolume_FW
0xff08be24,SetPropertyCase
0xff18e8c0,SetRawSWCheckMode_FW
0xff3771fc,SetReferenceWBGainForCalibration_FW
0xff3794e8,SetScanLensIndex_FW
0xff3795ec,SetScanWindowMode_FW
0xff092efc,SetScriptMode
0xff092efc,SetScriptMode_FW
0xff18e868,SetSDPwrPort_FW
0xff37d570,SetSecond_FW
0xff375ff0,SetShutterSpeed_FW
0xff375fa0,SetShutterSpeedWithMecha_FW
0xff00e988,SetSR
0xff05c6b8,SetStereoSeparation_FW
0xff065c90,SetTestRecSkimmingYUV_FW
0xff02c04c,SetTimerAfter
0xff02c0cc,SetTimerWhen
0xff377228,SetToolCorrectCoefficient_FW
0xff37bfe4,SetVideoOutType_FW
0xff3771c0,SetWBYlStandardWidth_FW
0xff155ed4,SetWhiteCoefficient_FW
0xff37d384,SetYear_FW
0xff2fa298,SetZoomActuatorSpeedPPS_FW
0xff3780b4,SetZoomCommonDriveParam_FW
0xff377fc0,SetZoomDriveParam_FW
0xff30e410,SetZoomLensDriveAmpereDac_FW
0xff377f5c,SetZoomLensEncoderPowerControl_FW
0xff30e3c0,SetZoomLensSpeedMode_FW
0xff378058,SetZoomNormalDriveParam_FW
0xff3814b8,SetZoomPointToIS_FW
0xff30e9f4,SetZoomPosition_FW
0xff37800c,SetZoomResetDriveParam_FW
0xff2fccb0,SetZoomResetState_FW
0xff377f64,SetZoomSpeedMode_FW
0xff18ed9c,ShowAllTaskInfo_FW
0xff088e1c,ShowCameraLog_FW
0xff088db0,ShowCameraLogInfo_FW
0xff37b700,ShowCurrentExp_FW
0xff060bcc,ShowDefaultAdjTableVersion_FW
0xff30d670,ShowFocusLensCurrentSpeedTable_FW
0xff090da8,ShowLogicalEventName_FW
0xff18e728,ShowMechaMacro_FW
0xff18e8b0,ShowPhySwStatus_FW
0xff18e8f4,ShowSDStatus_FW
0xff2c2568,ShowTransparentMemory_FW
0xff08cd4c,ShutdownPlayModeMenu_FW
0xff08ce98,ShutdownPlayModeMenuWithoutPbRedraw_FW
0xff08cafc,ShutdownRecModeMenu_FW
0xff37bc68,SleepAE_FW
0xff02b91c,SleepTask
0xff02b91c,SleepTask_FW
0xff010850,sprintf_FW
0xff24d104,srand
0xff075d60,SS.Create_FW
0xff24d140,sscanf_FW
0xff379d20,StartAdjAFInteg_FW
0xff3799f0,StartAdjAFService_FW
0xff1562f0,StartAEIntegralService_FW
0xff074704,StartBDrive_FW
0xff07471c,StartBPanDrive_FW
0xff088e6c,StartCameraLog_FW
0xff375dd0,StartCaptureDrive_FW
0xff37a464,StartCrwCustomScan_FW
0xff37a3f4,StartCustomScan_FW
0xff1819a0,StartCzTuning_FW
0xff37c308,StartEVFDrive_FW
0xff37c2c4,StartEVFDriveWithMode_FW
0xff0263d8,StartFactoryModeController_FW
0xff0552c8,StartGPSforAdjustment_FW
0xff30ef6c,StartGyroNoiseChk_FW
0xff30f200,StartImStEventProc_FW
0xff074704,StartISAdjustmentDrive_FW
0xff074704,StartISDrive_FW
0xff30e4a8,StartISLocalAdjust_FW
0xff074740,StartISLocalAutoCenter_FW
0xff074780,StartISLocalHallAdjust_FW
0xff07471c,StartISPanDrive_FW
0xff157490,StartLogOut_FW
0xff30ecac,StartLoopGainCalc_FW
0xff08ca5c,StartPlayModeMenu_FW
0xff08ca78,StartRecModeMenu
0xff08ca78,StartRecModeMenu_FW
0xff010040,StartRedirectUART_FW
0xff2c2c40,StartSoundPlay_FW
0xff2c2c08,StartSoundRecord_FW
0xff08ab98,StartWDT_FW
0xff02771c,stat
0xff379cc4,StopAdjAFInteg_FW
0xff379b00,StopAdjAFService_FW
0xff155fc8,StopAEIntegralService_FW
0xff074710,StopBDrive_FW
0xff074728,StopBPanDrive_FW
0xff089034,StopCameraLog_FW
0xff375c68,StopCaptureDrive_FW
0xff0466a0,StopContinuousVRAMData_FW
0xff37a38c,StopCustomScan_FW
0xff30cc44,StopCZ_FW
0xff37c014,StopEVFDrive_FW
0xff0553a8,StopGPSforAdjustment_FW
0xff074710,StopISAdjustmentDrive_FW
0xff074710,StopISDrive_FW
0xff074728,StopISPanDrive_FW
0xff157138,StopLogOut_FW
0xff30edf8,StopLoopGainCalc_FW
0xff010154,StopRedirectUART_FW
0xff37b3f4,StopStrobeChargeForFA_FW
0xff08abf8,StopWDT_FW
0xff377ca0,StopZoomEmergency_FW
0xff0ad8c4,strcat
0xff0040b8,strchr
0xff0108ec,strcmp
0xff010914,strcmp_FW
0xff0108d4,strcpy
0xff0108d4,strcpy_FW
0xff0adb0c,strftime
0xff004104,strlen
0xff004104,strlen_FW
0xff00406c,strncmp
0xff004030,strncpy
0xff0040dc,strrchr
0xff03188c,strtol
0xff031690,strtolx
0xff37bf18,SwitchOffDisplay_FW
0xff37bf4c,SwitchOnDisplay_FW
0xff18f48c,System.Create_FW
0xff18edac,System.Delete_FW
0xff02b5a0,TakeSemaphore
0xff02b5a0,TakeSemaphore_FW
0xff02baa4,TakeSemaphoreStrictly
0xff0e659c,task_AfIntSrvTask
0xff03e19c,task_AFTask
0xff05d9b0,task_ASIF
0xff1337b8,task_AudioLvl
0xff058c5c,task_AudioTsk
0xff13bc40,task_AutoShutterMan
0xff30b5cc,task_AviRead
0xff02299c,task_BatteryTask
0xff0544e0,task_BeepTask
0xff00fc6c,task_Booting
0xff0bdefc,task_BrtMsrTask
0xff02d2d4,task_Bye
0xff078bf0,task_CaptSeq
0xff078bf0,task_CaptSeqTask
0xff1324a0,task_CecTask
0xff0dccc4,task_ChaseFrame
0xff139db4,task_ChaseTask
0xff006124,task_ClockSave
0xff278cf8,task_CntFlashTask
0xff097004,task_CommonDrivers
0xff193efc,task_CreateHeaderTask
0xff08fc38,task_CtrlSrv
0xff2e9cd4,task_DecJpgRd
0xff0db970,task_DetectMoveTask
0xff0e1840,task_DevelopModule
0xff0de4ec,task_DispFace
0xff165a44,task_DPOFTask
0xff0a2834,task_DSITask
0xff07ac4c,task_DvlpSeqTask
0xff0e29bc,task_EFChargeT
0xff398560,task_EfctConLowTask
0xff3983bc,task_EfctConTask
0xff08b8a4,task_EvShel
0xff0c5e98,task_ExpDrv
0xff0c5e98,task_ExpDrvTask
0xff0a2428,task_FaceFrame
0xff152e20,task_Fencing
0xff2e3f74,task_FileScheduleTask
0xff2e50b0,task_FileWrite
0xff2e50b0,task_FileWriteTask
0xff2e8eec,task_FilYuvMaker
0xff2f2e0c,task_FocusEvent
0xff2e66a4,task_FORMAT_TASK_NAME
0xff2e64c4,task_FORMAT_TASK_PROGRESS
0xff068d64,task_FsIoNotifyTask
0xff054dbc,task_GPStask
0xff1303f8,task_HdmiTask
0xff055bbc,task_HecMngTask
0xff2f12d8,task_ImgDLight
0xff178504,task_ImgEdt
0xff070b64,task_ImgPlayDrv
0xff17944c,task_ImgTrim
0xff096fcc,task_InitFileModules
0xff2f58f0,task_IrisEvent
0xff073d98,task_ISMainTask
0xff12ad58,task_LcdConTask
0xff05665c,task_LEDCon
0xff0724bc,task_LensController
0xff10d5c8,task_LiveImageTask
0xff139f10,task_MainTargetTask
0xff184e18,task_MechaAlarm
0xff185260,task_MechaCom
0xff2fce00,task_MechaNCTask
0xff2f83b4,task_MechaShutter
0xff15fb28,task_MetaCtg
0xff1360ec,task_MotionVector
0xff30a3ec,task_MovEdit
0xff18d9cc,task_MovieRecord
0xff3013f0,task_MovPlay
0xff2feda4,task_MovRead
0xff3054ac,task_MovWrite
0xff1209d4,task_NormalThumbCache
0xff0da0c8,task_OBCtrlTask
0xff0894d4,task_OpePlay
0xff0248a8,task_PhySw
0xff046804,task_PrcssFil
0xff2913c0,task_PTPtoFAPI_EventProcTask
0xff3adce4,task_ReadFileTask
0xff32dd60,task_ReadMultiConTask
0xff391438,task_ReadScheduleTask
0xff071ed4,task_RedEyeCapt
0xff17b718,task_RedEyePly
0xff0579ac,task_RotaryEncoder
0xff13923c,task_SceneDetectTask
0xff06c71c,task_SD1stInit
0xff192d4c,task_ShutterSoundTask
0xff101f50,task_SsgMainTask
0xff102100,task_SsgPeriodTask
0xff080664,task_SsTask
0xff00fbf4,task_Startup
0xff02dec4,task_StartupImage
0xff114af0,task_SynchTask
0xff114a5c,task_SyncPeriod
0xff106650,task_TgTask
0xff05e2fc,task_Thermometer
0xff116d60,task_TimerUtility
0xff18b148,task_TmgGen
0xff124844,task_TrnsCtrlTask
0xff00fe9c,task_UartLog
0xff03a3e0,task_WBCtrl
0xff0b6d98,task_WBIntegTask
0xff0d6acc,task_WBLPFace
0xff08aa24,task_WdtPrint
0xff08aad8,task_WdtReset
0xff2f8fd8,task_ZoomActuatorSpeedCheck
0xff2f9178,task_ZoomEvent
0xff190ba0,TerminateAdjustmentSystem_FW
0xff065dd0,Terminatedccd_FW
0xff37f90c,TerminateDefectAdjustment_FW
0xff368c40,TerminateDefectRec_FW
0xff065dd0,TerminateDigicon_FW
0xff37fc4c,TerminateMechaDevice_FW
0xff2c2cc8,TerminateSoundRec_FW
0xff0651f8,TerminateTestRec_FW
0xff086014,time
0xff12e718,TryGPSforAdjustment_FW
0xff02b388,TryPostMessageQueue
0xff02b24c,TryReceiveMessageQueue
0xff02b54c,TryTakeSemaphore
0xff0a41f8,TurnOffBackLight
0xff051988,TurnOffDisplay
0xff02d220,TurnOffE1_FW
0xff05b9ac,TurnOffVideoOutMode_FW
0xff0a41e0,TurnOnBackLight
0xff051978,TurnOnDisplay
0xff05b97c,TurnOnVideoOutMode_FW
0xff190a68,UI.Create_FW
0xff18ffa0,UI.CreatePublic_FW
0xff190a68,UI_RegistDebugEventProc_FW
0xff190a54,UI_ShowStateOfRecMode_FW
0xff092eac,UiEvnt_SetLogicalEventActive_FW
0xff092f6c,UiEvnt_StartDisguiseCradleStatus_FW
0xff092f7c,UiEvnt_StopDisguiseCradleStatus_FW
0xff1c0ca8,UIFS_Capture_FW
0xff1c0d7c,UIFS_CaptureNoneStop_FW
0xff18fbd4,UIFS_ChangeShootState_FW
0xff18f9e8,UIFS_ClosePopupStrobe_FW
0xff18fa78,UIFS_ConnectVideo_FW
0xff18faa8,UIFS_DisconnectVideo_FW
0xff18fb2c,UIFS_EndClockMode_FW
0xff18fe20,UIFS_GetAvItem_FW
0xff18fc54,UIFS_GetAvItemCount_FW
0xff18fe90,UIFS_GetCurrentAvString_FW
0xff18ff10,UIFS_GetCurrentTvString_FW
0xff18fc1c,UIFS_GetLastPath_FW
0xff18fb44,UIFS_GetMovieRecoadableNumber_FW
0xff20058c,UIFS_GetNumberOfDisplayedImage_FW
0xff18fb8c,UIFS_GetStillShotableNumber_FW
0xff18fe58,UIFS_GetTvItem_FW
0xff18fcc4,UIFS_GetTvItemCount_FW
0xff18f760,UIFS_IsAutoPopupDownStrobe_FW
0xff18f768,UIFS_IsAvailableAvTvMode_FW
0xff18f748,UIFS_IsAvailableMovieRecDigZoom_FW
0xff18f740,UIFS_IsAvailableMovieRecOptZoom_FW
0xff18f758,UIFS_IsAvailableRecMenuAFMode_FW
0xff18f750,UIFS_IsAvailableServoAF_FW
0xff09fe80,UIFS_IsAvailableShots_FW
0xff18fa18,UIFS_MountExtFlash_FW
0xff1c1fe8,UIFS_MoveZoomTo_FW
0xff18f9b8,UIFS_OpenPopupStrobe_FW
0xff33599c,UIFS_PlayTrimExecuteAllImageSize_FW
0xff18fae4,UIFS_PostModeDial_FW
0xff18fae0,UIFS_RestartPostingUIEvent_FW
0xff18f918,UIFS_SetCaptureModeToP_FW
0xff18fb3c,UIFS_SetCradleSetting_FW
0xff18f958,UIFS_SetDialMovieRec_FW
0xff18f998,UIFS_SetDialPlay_FW
0xff18f8f8,UIFS_SetDialStillRec_FW
0xff18fbf8,UIFS_ShootSeqToUI_FW
0xff18fb1c,UIFS_StartClockMode_FW
0xff0a1798,UIFS_StartMovieRecord_FW
0xff0a17bc,UIFS_StopMovieRecord_FW
0xff18fadc,UIFS_StopPostingUIEvent_FW
0xff18fa48,UIFS_UnmountExtFlash_FW
0xff1a9b08,UIFS_WriteFirmInfoToFile
0xff1a9b08,UIFS_WriteFirmInfoToFile_FW
0xff025f48,UndisplayFactoryMode_FW
0xff0851ac,UnLoadScript_FW
0xff0293dc,UnlockAE
0xff029044,UnlockAF
0xff0930c4,UnlockMainPower
0xff0930c4,UnlockMainPower_FW
0xff37b594,UnregistColorMatrix_FW
0xff00e96c,UnregisterInterruptHandler
0xff02307c,VbattGet
0xff02307c,VbattGet_FW
0xff311660,VerifyByte_FW
0xff010894,vsprintf
0xff18ed88,Wait_FW
0xff083bd0,WaitForAllEventFlag
0xff02bb54,WaitForAllEventFlagStrictly
0xff083aec,WaitForAnyEventFlag
0xff02bb28,WaitForAnyEventFlagStrictly
0xff02750c,Write
0xff02750c,write
0xff02750c,Write_FW
0xff0614f4,WRITEADJTABLETOFROM_FW
0xff061518,WRITEADJUSTMENTDATATOFROM_FW
0xff381264,WriteGyroAdjustment_FW
0xff3811c4,WriteHallDeviceAdjustment_FW
0xff30de78,WriteMechaLogToFile_FW
0xff30de70,WriteMechaLogToRom_FW
0xff3812fc,WritePWMAdjustment_FW
0xff171f04,WriteSDCard
0xff084f74,WriteToRom_FW
