0xff834578,_GetSystemTime
0x003fcce0,_log
0x003fd220,_log10
0x003fd398,_pow
0x003fefbc,_sqrt
0xff81a7e0,_uartr_req
0xff92d550,AbortAEIntegralValue_FW
0x003faef8,AcquireRecursiveLock
0x003f7c14,AcquireRecursiveLockStrictly
0xff92f5c4,ActivateAdjLog_FW
0xff8e399c,ActivateImager_FW
0xff8e3a34,ActivateImagerXOne_FW
0xffa174bc,add_ptp_handler
0xff969fe4,AdditionAgentRAM_FW
0xffa41308,AddTransparentMemory_FW
0xffade980,AdjAEWithAperturePriority_FW
0xffade92c,AfAEWithAperturePriority_FW
0xffadeb28,AfAEWithCompensation_FW
0xffa097d0,AFTool.GetEVal_FW
0xffa722c8,AllocateMemory
0xffa722c8,AllocateMemory_FW
0xff8342dc,AllocateUncacheableMemory
0xff9d8dc0,apex2us
0xff896c68,atol_FW
0xff92e368,AttachIntegCrawData_FW
0xffa41340,AttachToTransparentMemory_FW
0xffacba18,Bat_Calc_FW
0xffadff30,Bat_Save_FW
0xffadff1c,Bat_VIN_FW
0xff855acc,BeepDrive_FW
0xff855aec,BeepDriveComp_FW
0xffad9964,CalcLog10_FW
0xffad9a54,CalcSqrt_FW
0xffacba18,CalculateBatSenseOffset_FW
0xffadd9a0,CalculateInterpolationByLS_FW
0xffad9904,CalculateLog2ToApex_FW
0xffad98cc,CalculatePeakFromLeastSquareResult_FW
0xffadd940,CalculatePeakPosByLS_FW
0xffad9918,CalculatePow2FromApex_FW
0xff8609d8,CalculateTestRecYUVData_FW
0xffade754,CancelAdj_AEMode_FW
0xffad81c0,CancelAdjCdsMode_FW
0xffadc414,CancelBPFilterForBP_FW
0xffade0a4,CancelExStrobeMode_FW
0xffa6de6c,CancelFocusLensMaxSpeedLimit_FW
0xff87a324,CancelHPTimer
0xff8e3ce4,CancelImageDrive_FW
0xff8e3c0c,CancelImager_FW
0xff834794,CancelTimer
0xff95f060,Capture.Create_FW
0xffad8a00,CaptureWithParam_FW
0xffa40fa0,ChangeAdjImgDrvMode_FW
0xffa40fcc,ChangeAEIntegDrvTypeToAdjImgDriveType_FW
0xff9f8e1c,ChangeCrossThresholdTable_FW
0xff9f946c,ChangeDefectRecParam_FW
0xffadfcf0,ChangeDistortionSetForLiveImage_FW
0xffa6dfd8,ChangeFocusDistanceToPosition_FW
0xff9f8c5c,ChangeGradeTable_FW
0xffad8a48,ChangeImageDrive_FW
0xff8e3c88,ChangeImagerToAlternateDraft_FW
0xff8e3c48,ChangeImagerToCombiParallel_FW
0xff8e3c80,ChangeImagerToDigiconMode_FW
0xff8e3cc0,ChangeImagerToFantaJungle_FW
0xff8e3c58,ChangeImagerToFocusJet_FW
0xff8e3cb0,ChangeImagerToHarleyDavidson_FW
0xff8e3c70,ChangeImagerToHoneyFlash_FW
0xff8e3cc8,ChangeImagerToHoneyFlashDark_FW
0xff8e3cb8,ChangeImagerToMachDashV_FW
0xff8e3c60,ChangeImagerToMangoPudding_FW
0xff8e3c78,ChangeImagerToMillefeAdjust_FW
0xff8e3ca0,ChangeImagerToMontblancMillefe_FW
0xff8e3ca8,ChangeImagerToMontblancMovie_FW
0xff8e3c98,ChangeImagerToMontblancWhole_FW
0xff8e3c80,ChangeImagerToOITA_XAVIER_FW
0xff8e3cd0,ChangeImagerToRoadKing_FW
0xff8e3c68,ChangeImagerToSuperWideDraft_FW
0xff8e3c90,ChangeImagerToUltraGhostQ_FW
0xff8e3c30,ChangeImagerToWholeParallel_FW
0xff8e3c38,ChangeImagerToWholeParallelBP_FW
0xff8e3c40,ChangeImagerToWholeParallelBPOne_FW
0xff8e3c50,ChangeImagerToWideDraft_FW
0xffa6e284,ChangeIrisSpeed_FW
0xffa6eba4,ChangeZoomLensMagnificationToPoint_FW
0xffa6eb9c,ChangeZoomLensPointToMagnification_FW
0xffade0e0,ChargeStrobe_FW
0xffade114,ChargeStrobeForFA_FW
0x003faa80,CheckAllEventFlag
0x003faa38,CheckAnyEventFlag
0xff87daec,CheckSumAll_FW
0xff83047c,ClearDUIDFixFlag_FW
0xff8303fc,ClearDurianMode_FW
0x003faca0,ClearEventFlag
0xff8305a8,ClearFactoryMasterFlag_FW
0xff8305c0,ClearFactoryMasterROMProtection_FW
0xff8303fc,ClearFactoryMode_FW
0xffaf5730,ClearPMByFs_FW
0xffaf5708,ClearPMByGpio_FW
0xffadac70,ClearZoomCommonDriveParam_FW
0xff9585f0,ClearZoomDriveParam_FW
0xff831628,Close
0xff8159b4,close
0xff831628,Close_FW
0xff81a264,CloseConsole_FW
0xffa5434c,closedir
0xffa6e564,CloseMechaShutter_FW
0xffa6e5ac,CloseMechaShutterWithTiming_FW
0xffad8f78,CloseMShutter_FW
0xffa40f38,ConvertAdjImgDrvModeToAdjImgDriveType_FW
0xffa40eec,ConvertAEIntegDrvTypeToAdjImgDriveType_FW
0xffad99bc,ConvertApexStdToApex_FW
0xffad998c,ConvertApexToApexStd_FW
0xffad9f50,ConvertCxCyToWBGain_FW
0xffadaff8,ConvertToPositionWithDistance_FW
0xffadafd4,ConvertToPositionWithDistanceAndZoomPoint_FW
0xffad8af4,ConvertTvToExposureTime_FW
0xff819fc8,CPrintf_FW
0xff81a020,CPutChar_FW
0xff85b90c,CreateAdjustmentTableMirror_FW
0x003f74c8,CreateBinarySemaphore
0x003f7acc,CreateBinarySemaphoreStrictly
0xff88245c,CreateController_FW
0x003f7530,CreateCountingSemaphore
0x003f7530,CreateCountingSemaphore_FW
0x003f7af0,CreateCountingSemaphoreStrictly
0xff85b91c,CreateDefectTableMirror_FW
0x003fa990,CreateEventFlag
0x003f7aa8,CreateEventFlagStrictly
0xff92ef08,CreateFADBGSingalID_FW
0xffae22ec,CreateJumptable
0x003f7104,CreateMessageQueue
0x003f7a84,CreateMessageQueueStrictly
0xff87b588,CreateProxyOfEventProcedure_FW
0x003fae58,CreateRecursiveLock
0x003f7b14,CreateRecursiveLockStrictly
0x003f6824,CreateTask
0x003f6824,CreateTask_FW
0x003f7a50,CreateTaskStrictly
0xff9f8c70,CrossDefDetect_FW
0xff9f8fa0,CrowdLineDetect_FW
0xff9f9164,CrowdLineKizuCheck_FW
0xff8826dc,CtrlMan_ChangeZOrder_FW
0xff9530a8,CzDebugPrint_FW
0xff9530bc,CzDebugPrintToFile_FW
0xff82d8c4,Dcdc_Bl_Pwr_Ctrl_FW
0xff82dd98,Dcdc_reg_read_FW
0xff82dd40,Dcdc_reg_write_FW
0x003f6afc,DebugAssert
0xff882538,DeleteController_FW
0xff831028,DeleteDirectory_Fut
0x003fa9e8,DeleteEventFlag
0xff830fb4,DeleteFile_Fut,(stubs_entry_2.s)
0x003f7188,DeleteMessageQueue
0xff87b5e0,DeleteProxyOfEventProcedure_FW
0x003faea8,DeleteRecursiveLock
0x003f7588,DeleteSemaphore
0x003f7588,DeleteSemaphore_FW
0xffae2148,DevelopStillPicture_FW
0xff9f9568,DevelopTool.DevelopTest_FW
0xff92eba4,DeviceUniqueIDCheckSum_FW
0xff931a34,DisableDebugLogMode_FW
0xffa6dec8,DisableFocusLens_FW
0xffa6df44,DisableFocusLensGainLock_FW
0xffa6df70,DisableFocusLensWaveLock_FW
0xffa6e434,DisableFocusPiCircuit_FW
0xffa6e394,DisableLensError_FW
0xffa6e414,DisableMechaCircuit_FW
0xffa6e47c,DisableZoomEncoderCircuit_FW
0xffa6eb78,DisableZoomLensElectricControl_FW
0xffa6e838,DisableZoomLensEncoderPowerControl_FW
0xffa6eb50,DisableZoomLensSpeedControl_FW
0xffa6e458,DisableZoomPiCircuit_FW
0xff8535a0,DispCon_GetLcdGainAdjParameter_FW
0xff8533d8,DispCon_GetVideoAdjParameter_FW
0xff8535ec,DispCon_SaveLcdGainAdjParameter_FW
0xff853460,DispCon_SaveVideoAdjParameter_FW
0xff852f3c,DispCon_SetDisplayType_FW
0xff8534dc,DispCon_SetLcdGainAdjParameter_FW
0xff8532ec,DispCon_SetMaxBackLightBrightness_FW
0xff85336c,DispCon_SetVideoAdjParameter_FW
0xff852e8c,DispCon_ShowBitmapColorBar
0xff852e8c,DispCon_ShowBitmapColorBar_FW
0xff852e70,DispCon_ShowBlackChart_FW
0xff852d00,DispCon_ShowColorBar_FW
0xff852f5c,DispCon_ShowColorChart_FW
0xff852ee8,DispCon_ShowCustomColorBar_FW
0xff852d58,DispCon_ShowFiveStep_FW
0xff8535dc,DispCon_ShowLcdGainAdjParameter_FW
0xff85313c,DispCon_ShowNStepsChart_FW
0xff853434,DispCon_ShowVideoAdjParameter_FW
0xff852e38,DispCon_ShowWhiteChart_FW
0xff852f80,DispCon_ShowWhiteLine_FW
0xff8532dc,DispCon_TurnOffBackLight_FW
0xff8532bc,DispCon_TurnOffDisplay_FW
0xff8532cc,DispCon_TurnOnBackLight_FW
0xff8532ac,DispCon_TurnOnDisplay_FW
0xff95e928,DispDev.Create_FW
0xff95c3d0,DispDev_EnableEventProc_FW
0xff82ffe8,DisplayFactoryMode_FW
0xff833164,DoAELock
0xff832e70,DoAFLock
0xff95c528,Driver.Create_FW
0xff95c528,Driver_EnableEventProc_FW
0xff814300,drysh_FW
0xff95c970,Dump32_FW
0xff95c960,Dump_FW
0xff85b038,DumpAdjMirror_FW
0xffa412c8,DumpTransparentMemoryItem_FW
0xff8e3758,E2LatOn_FW
0xffa0606c,EF.AdjPreFlash_FW
0xff8ca0f4,EF.IsChargeFull_FW
0xffa060a8,EF.SetChargeMode_FW
0xffa05f88,EF.SetEFChargeTimeOut_FW
0xffa060bc,EF.SetFlashTime_FW
0xffa06054,EF.SetMainFlashTime_FW
0xffa05f2c,EF.StartEFCharge_FW
0xffa05fd0,EF.StartInternalMainFlash_FW
0xffa05f9c,EF.StartInternalPreFlash_FW
0xffa05f78,EF.StopEFCharge_FW
0xff931a20,EnableDebugLogMode_FW
0xffa6de7c,EnableFocusLens_FW
0xffa6df18,EnableFocusLensGainLockWithVoltage_FW
0xffa6df54,EnableFocusLensWaveLock_FW
0xffa6e424,EnableFocusPiCircuit_FW
0x003f681c,EnableInterrupt
0xffa6e38c,EnableLensError_FW
0xffa6e404,EnableMechaCircuit_FW
0xffa6e46c,EnableZoomEncoderCircuit_FW
0xffa6eb64,EnableZoomLensElectricControl_FW
0xffa6e828,EnableZoomLensEncoderPowerControl_FW
0xffa6eb3c,EnableZoomLensSpeedControl_FW
0xffa6e448,EnableZoomPiCircuit_FW
0xff90d120,EngApp.Create_FW
0xff95f0ec,EngApp.CreatePub_FW
0xff90d0cc,EngApp.Delete_FW
0xff82fdc4,EngDrvBits
0xffa368b8,EngDrvBits_FW
0xff82fda8,EngDrvIn
0xffa368a8,EngDrvIn_FW
0xff82fd90,EngDrvOut
0xffa3688c,EngDrvOut_FW
0xff82fdb0,EngDrvRead
0xffa368b0,EngDrvRead_FW
0xffa368dc,EngDrvReadDump_FW
0xff95f0a4,EngineDriver.Create_FW
0xff8330cc,EnterToCompensationEVF
0xff85b00c,EraseAdjustmentArea_FW
0xff963d74,EraseLogSector_FW
0xff87861c,EraseRom_FW
0xff95c94c,EraseSignature_FW
0xff81437c,err_init_task
0xffa6d490,EscapeFocusLens_FW
0xffa72334,exec_FW
0xff861328,Executedccd_FW
0xff9f947c,ExecuteDefectRec_FW
0xff9f9490,ExecuteDefectRecAndSaveImage_FW
0xff860c00,ExecuteDigicon_FW
0xff87ac3c,ExecuteEventProcedure
0xff87acb4,ExecuteEventProcedure_FW
0xffade180,ExecuteInternalPreFlash_FW
0xff985d58,ExecuteResetFactory_FW
0xff985d40,ExecuteResetFactoryWithRomWrite_FW
0xff87824c,ExecuteShutDownPropertyService_FW
0xff86023c,ExecuteTestRec_FW
0xff860250,ExecuteTestRecCF_FW
0xff8602cc,ExecuteTestRecDevelopProcess_FW
0xff860250,ExecuteTestRecSD_FW
0xff860280,ExecuteTestRecSw1_FW
0xff860268,ExecuteTestRecWithInteg_FW
0xff833110,ExitFromCompensationEVF
0x003f6ab4,ExitTask
0x003f6ab4,ExitTask_FW
0xff879678,ExMem.AllocCacheable_FW
0xff8794c4,ExMem.AllocUncacheable_FW
0xff879700,ExMem.FreeCacheable_FW
0xff8795fc,ExMem.FreeUncacheable_FW
0xff878fe8,ExMem.View_FW
0xff879610,exmem_alloc
0xff879688,exmem_free
0xff831d74,ExMem_FW
0xff8aa754,ExpCtrlTool.SetExpMode_FW
0xff83d768,ExpCtrlTool_StartContiAE
0xff83d8c4,ExpCtrlTool_StopContiAE
0xff87b57c,ExportToEventProcedure_FW
0xff95e904,FA.Create_FW
0xff95e8f0,FA.Delete_FW
0xff92efb8,FADBGPrintf_FW
0xff92ef18,FADBGSingal_FW
0xff92f138,FAPrintf_FW
0xff8310c0,Fclose_Fut
0xff8310c0,Fclose_Fut_FW
0xff8312ac,Feof_Fut
0xff8312e8,Fflush_Fut
0xff831214,Fgets_Fut
0xff94081c,File.ClearExifInfo_FW
0xff940990,File.Create_FW
0xff94092c,File.Delete_AllImg_FW
0xffade6c8,FixAEWithCompensation_FW
0xff97b8d4,FmtMenu_ExecuteQuickFormat_FW
0xffade588,FocusAEWithCompensation_FW
0xff831080,Fopen_Fut
0xff831080,Fopen_Fut_FW
0xff83116c,Fread_Fut
0xff83116c,Fread_Fut_FW
0xff812f78,free
0xffa722c0,FreeMemory
0xffa722c0,FreeMemory_FW
0xff83431c,FreeUncacheableMemory
0xff831260,Fseek_Fut
0xff831260,Fseek_Fut_FW
0xff8311c0,Fwrite_Fut
0xff8311c0,Fwrite_Fut_FW
0xff85476c,GetAdChValue_FW
0xffadc8a4,GetAdjAFInteg_FW
0xff85c250,GetAdjDataAreaAddress_FW
0xff85b090,GetAdjTableMapVersion_FW
0xff85b0a0,GetAdjTableValueVersion_FW
0xff85b05c,GetAdjTableVersion_FW
0xff85c22c,GetAdjustmentOffset_FW
0xff854764,GetAdVBattBottom_FW
0xff92dae4,GetAEIntegralServiceMode_FW
0xff92dbf0,GetAEIntegralValueWithFix_FW
0xff92df3c,GetAEIntegValueBit_FW
0xff92daf0,GetAEIntegWinData_FW
0xff92db04,GetAEIntegWinDataWithMode_FW
0xff92dd14,GetAllAEIntegralAllValueWithFix_FW
0xff82eda8,GetBatteryCoverClose_FW
0xff858d28,GetBatteryTemperature
0xff858d28,GetBatteryTemperature_FW
0xff85c114,GetBpDBAdjustmentOffset_FW
0xff87d9d4,GetBuildDate_FW
0xff87d9dc,GetBuildTime_FW
0xffa41060,GetCameraInformationData_FW
0xffae1d50,GetCaptureInfoData_FW
0xff858cb4,GetCCDTemperature
0xff858cb4,GetCCDTemperature_FW
0xffad7f08,GetCdsGainValue_FW
0xffad8058,GetCdsPreGainReg_FW
0xff81a048,GetCh_FW
0xffadfc78,GetContinuousMovieJpegVRAMData_FW
0xffadf318,GetContinuousVRAMData_FW
0xffadfab4,GetContinuousVRAMDataWithRingBuffer_FW
0xffad8a50,GetCrwImageInfo_FW
0xffa40ec0,GetCurrentAdjImgDriveType_FW
0xffad8d2c,GetCurrentAvCoefficient_FW
0xff9551ac,GetCurrentAvValue
0xff9551ac,GetCurrentAvValue_FW
0xff88a69c,GetCurrentCaptureModeType_FW
0xffa41018,GetCurrentCcdTemp_FW
0xffad8078,GetCurrentDriveBaseSvValue_FW
0xff89a878,GetCurrentExposureTime_FW
0xff95446c,GetCurrentFocusLensPosition_FW
0xff95446c,GetCurrentFocusPosition_FW
0xffa40ecc,GetCurrentImgDrvMode_FW
0xff92f610,GetCurrentMaximumLogSize_FW
0xffa41034,GetCurrentOptTemp_FW
0xff89a57c,GetCurrentShutterSpeed_FW
0xff954404,GetCurrentTargetDistance_FW
0xffada270,GetCurrentZoomLensDirection_FW
0xff9569ec,GetCurrentZoomLensPoint_FW
0xff95693c,GetCurrentZoomLensPosition_FW
0xff9569ec,GetCurrentZoomPoint_FW
0xff95693c,GetCurrentZoomPosition_FW
0xffa6d354,GetCZMovieDefaultSpeed_FW
0xffa6d33c,GetCZMovieHighSpeed_FW
0xffa6d344,GetCZMovieLowSpeed_FW
0xffa6d34c,GetCZStillDefaultSpeed_FW
0xffa6d32c,GetCZStillHighSpeed_FW
0xffa6d334,GetCZStillLowSpeed_FW
0xff95c898,GetDateAndTime_FW
0xffae033c,GetDay_FW
0xff85c11c,GetDccdAdjustmentOffset_FW
0xff86153c,GetdccdFilterValue_FW
0xff8613a0,GetdccdImage_FW
0xffaf5884,GetDCMDriveTimeCounter_FW
0xff85bdf4,GetDCPAdjOffset_FW
0xff9f919c,GetDefectCrawInfo_FW
0xff9f9208,GetDefectTvAdj_FW
0xff82ed98,GetDialEventId_FW
0xff866814,GetDrive_ClusterSize
0xff86686c,GetDrive_FreeClusters
0xff866844,GetDrive_TotalClusters
0xff90cdf8,GetDriverInfoEvent_FW
0x003facd8,GetEventFlagValue
0xffade090,GetExStrobeID_FW
0xffa31c48,GetFaceAuthBinAddr_FW
0xffa31c50,GetFaceAuthBinSize_FW
0xff87d9e4,GetFirmwareVersion_FW
0xff954950,GetFocusDefaultResetPosition_FW
0xffa5f9f8,GetFocusLensCurrentPosition_FW
0xffa5f9fc,GetFocusLensDriveVoltage_FW
0xffa5fad4,GetFocusLensHoldVoltage_FW
0xffa6e034,GetFocusLensLoadCamTable_FW
0xffa6dfb8,GetFocusLensLoadSubjectDistance_FW
0xffa6e11c,GetFocusLensMoveMaxPosition_FW
0xffa6e134,GetFocusLensMoveMinPosition_FW
0xffa6e150,GetFocusLensMoveRangeOfTelePoint_FW
0xffa6dfb0,GetFocusLensPositionRatio_FW
0xff9540e4,GetFocusLensPullInMaxSpeed_FW
0xffa5f1b0,GetFocusLensResetDefaultPosition_FW
0xffa5f1a0,GetFocusLensResetPosition_FW
0xffaf6838,GetFocusLensResetVoltage_FW
0xffa5fa88,GetFocusLensSettingWaitVoltage_FW
0xff954404,GetFocusLensSubjectDistance
0xffa6df8c,GetFocusLensSubjectDistance_FW
0xff954854,GetFocusLensSubjectDistanceFromLens
0xffa6dfa8,GetFocusLensSubjectDistanceNumber_FW
0xff955944,GetFocusPiSensorLevel_FW
0xff9548e4,GetFocusResetPosition_FW
0xff86c3dc,GetFocusStartZoomPosition_FW
0xffad8c48,GetFrameRateWithApex_FW
0xffae0364,GetHour_FW
0xffa479d0,getImageDirName
0xff937960,GetImageFolder
0xff87da54,GetInternalFirmwareVersion_FW
0xff9551ac,GetIrisAv_FW
0xff856acc,GetKbdState
0xffae0864,GetLastVBatADLevel_FW
0xff90d054,GetLatestHVPosition_FW
0xff82eda0,GetLcdPosition_FW
0xff955410,GetLensErrorStatus_FW
0xff92f5b4,GetLogData_FW
0xff92f5bc,GetLogDataOnlyAddMemory_FW
0xff963d38,GetLogToFile_FW
0xff844f04,GetMacroSupportZoomPoint_FW
0xffa6e600,GetMechaShutterCloseDacSetting_FW
0xff956304,GetMechaShutterMoveTime_FW
0xffa6e650,GetMechaShutterOpenDacSetting_FW
0xff95632c,GetMechaShutterStatus_FW
0xff81509c,GetMemInfo
0xffae038c,GetMinute_FW
0xff848970,GetMontblancVSize_FW
0xffae0310,GetMonth_FW
0xff84be60,GetMovieJpegVRAMHPixelsSize_FW
0xff84be6c,GetMovieJpegVRAMVPixelsSize_FW
0xffa61dd8,GetNdMoveTime_FW
0x003f745c,GetNumberOfPostedMessages
0xffad7f78,GetObClampValue_FW
0xff92dde4,GetOnlyAEIntegData_FW
0xff858d9c,GetOpticalTemperature
0xff858d9c,GetOpticalTemperature_FW
0xff985a20,GetParameterData
0xffadfa10,GetPixelsOfViewangle_FW
0xff85c234,GetProductID_FW
0xff87ecb4,GetPropertyCase
0xff8786d0,GetRomID_FW
0xff82ed6c,GetSDDetect_FW
0xff82ed74,GetSDProtect
0xff82ed74,GetSDProtect_FW
0xffae03b4,GetSecond_FW
0xff882774,GetSelfControllerHandle_FW
0x003f773c,GetSemaphoreValue
0xffad8070,GetSensorPreGain_FW
0xffad8bf4,GetShutterSpeedRegularMaxLimit_FW
0xffad8c0c,GetShutterSpeedRegularMinLimit_FW
0x003f67f8,GetSRAndDisableInterrupt
0xff81a098,GetStringWithPrompt_FW
0xffadf22c,GetSumYOfVRAMCenterLine_FW
0xff82ed00,GetSwitchStatus_FW
0xffa72320,GetSystemTime
0xffa72320,GetSystemTime_FW
0xff85eec0,GetTestRecCrawAddress_FW
0x003fb844,GetTimeOfSystem_FW
0xffa413a8,GetTransparentMemory_FW
0xffa413ec,GetTransparentMemoryPosition_FW
0xffa41398,GetTransparentMemorySize_FW
0xffae1cd8,GetUnpackCrwIntegralMultiValueForShading_FW
0xffae1908,GetUnpackCrwIntegralValue_FW
0xffae1b8c,GetUnpackCrwIntegralValueForColorShading_FW
0xffae1924,GetUnpackCrwIntegralValueForShading_FW
0xffad8be4,GetUserSetShutterSPeed_FW
0xff82c3d0,GetVBatVoltage_FW
0xffadec28,GetVideoOutType_FW
0xff84be48,GetVRAMHPixelsSize
0xff84be48,GetVRAMHPixelsSize_FW
0xff84be54,GetVRAMVPixelsSize
0xff84be54,GetVRAMVPixelsSize_FW
0xffae02e0,GetYear_FW
0xffa6320c,GetZoomActuatorCurrentPosition_FW
0xffa631e0,GetZoomActuatorSpeedPPS_FW
0xffadaab0,GetZoomDefaultCommonDriveParam_FW
0xffada9cc,GetZoomDefaultDriveParam_FW
0xff9575d4,GetZoomDrivingTime_FW
0xff9569ec,GetZoomLensCurrentPoint
0xff9569ec,GetZoomLensCurrentPoint_FW
0xffa63fc0,GetZoomLensCurrentPosition
0xff95693c,GetZoomLensCurrentPosition_FW
0xffa6eb1c,GetZoomLensDriveAmpereDac_FW
0xff9575d0,GetZoomLensMechaEdgePosition_FW
0xffada0b8,GetZoomLensResetPlus_FW
0xff956e4c,GetZoomLensTelePoint_FW
0xffadaa64,GetZoomNormalDriveParam_FW
0xff9558fc,GetZoomPiSensorLevel_FW
0xffadaa18,GetZoomResetDriveParam_FW
0xff9585e4,GetZoomResetSensorLevel_FW
0xff956e4c,GetZoomTelePoint_FW
0x003f7704,GiveSemaphore
0x003f7704,GiveSemaphore_FW
0xff894958,GUISrv_StartGUISystem
0xff894958,GUISrv_StartGUISystem_FW
0xff836004,HardwareDefect_FW
0xff835fb0,HardwareDefectWithRestart_FW
0xff92f5d8,InactivateAdjLog_FW
0xff95e8c8,InitializeAdjustmentFunction_FW
0xff95e858,InitializeAdjustmentSystem_FW
0xff860acc,Initializedccd_FW
0xffae1f28,InitializeDefectAdjustment_FW
0xffabeb8c,InitializeDefectRec_FW
0xff860acc,InitializeDigicon_FW
0xffa41b14,InitializeFAExtendFile_FW
0xffa41af8,InitializeFAGeneralTest_FW
0xffae2240,InitializeMechaDevice_FW
0xffa419b8,InitializeSoundRec_FW
0xff85ff34,InitializeTestRec_FW
0xffad81dc,IsAdjCdsMode_FW
0xff858eb4,IsBatteryTemperature_FW
0xff858e80,IsCCDTemperature_FW
0xff88326c,IsControlEventActive_FW
0xff830670,IsDUIDFixFlag_FW
0xffadecf8,IsEVFDrive_FW
0xffadf064,IsEvfDriveMode_FW
0xffade098,IsExStrobeChargeComp_FW
0xff830608,IsFactoryMode_FW
0xff9548c0,IsFocusLensOutSidePosition_FW
0xff82edb0,IsHvSensorExist_FW
0xff86c3b8,IsLensOutside_FW
0xff92f604,IsLogOutType_FW
0xff8306b8,IsNormalCameraMode_FW
0xffa31c58,IsOKFaceAuthBinFile_FW
0xff858e4c,IsOpticalTemperature_FW
0xff963d60,IsRomLogAvailable_FW
0xff8ca0f4,IsStrobeChargeCompleted
0xffa629c8,IsZoomActuatorResetSensorPlusSide_FW
0xff957210,IsZoomLensOutSidePosition_FW
0xff95c43c,j_BeepDrive_FW
0xff95c440,j_BeepDriveComp_FW
0xffad89ec,j_CancelImageDrive_FW
0xffada4d0,j_ClearZoomDriveParam_FW
0xff8316d4,j_Close_FW
0xff8e3d04,j_E2LatOn_FW
0xffa06068,j_EF.IsChargeFull_FW
0xff95c9d0,j_exec_FW
0xff985d70,j_ExecuteShutDownPropertyService_FW
0xff831d6c,j_ExMem.AllocCacheable_FW
0xff831d64,j_ExMem.AllocUncacheable_FW
0xff831d70,j_ExMem.FreeCacheable_FW
0xff831d68,j_ExMem.FreeUncacheable_FW
0xff831d60,j_ExMem.View_FW
0xff95c438,j_GetAdChValue_FW
0xff95c434,j_GetAdVBattBottom_FW
0xff92db00,j_GetAEIntegWinData_FW
0xff95c51c,j_GetBatteryCoverClose_FW
0xff858f0c,j_GetBatteryTemperature_FW
0xffa4109c,j_GetCameraInformationData_FW
0xff858f08,j_GetCCDTemperature_FW
0xffad8d28,j_GetCurrentAvValue_FW
0xffad8098,j_GetCurrentDriveBaseSvValue_FW
0xffad8b14,j_GetCurrentExposureTime_FW
0xffadb064,j_GetCurrentFocusLensPosition_FW
0xffadb064,j_GetCurrentFocusPosition_FW
0xffad8b1c,j_GetCurrentShutterSpeed_FW
0xffadb00c,j_GetCurrentTargetDistance_FW
0xffada26c,j_GetCurrentZoomLensPoint_FW
0xffada268,j_GetCurrentZoomLensPosition_FW
0xffada26c,j_GetCurrentZoomPoint_FW
0xffada268,j_GetCurrentZoomPosition_FW
0xffae0934,j_GetDCPAdjOffset_FW
0xff95c514,j_GetDialEventId_FW
0xff95c524,j_GetDriverInfoEvent_FW
0xffadb004,j_GetFocusDefaultResetPosition_FW
0xffa6df80,j_GetFocusLensCurrentPosition_FW
0xffa6e064,j_GetFocusLensDriveVoltage_FW
0xffa6e0dc,j_GetFocusLensHoldVoltage_FW
0xffa6e14c,j_GetFocusLensPullInMaxSpeed_FW
0xffa6df88,j_GetFocusLensResetDefaultPosition_FW
0xffa6df84,j_GetFocusLensResetPosition_FW
0xffa6e118,j_GetFocusLensResetVoltage_FW
0xffa6e0a0,j_GetFocusLensSettingWaitVoltage_FW
0xffa6e444,j_GetFocusPiSensorLevel_FW
0xffadb008,j_GetFocusResetPosition_FW
0xffa6e388,j_GetFocusStartZoomPosition_FW
0xffa6e280,j_GetIrisAv_FW
0xff95c518,j_GetLcdPosition_FW
0xffa6e384,j_GetLensErrorStatus_FW
0xffa6e69c,j_GetMechaShutterMoveTime_FW
0xffa6e698,j_GetMechaShutterStatus_FW
0xffadfb48,j_GetMovieJpegVRAMHPixelsSize_FW
0xffadfb4c,j_GetMovieJpegVRAMVPixelsSize_FW
0xffa6e7e8,j_GetNdMoveTime_FW
0xff858f04,j_GetOpticalTemperature_FW
0xff95c4fc,j_GetSDDetect_FW
0xff95c500,j_GetSDProtect_FW
0xff95c4e8,j_GetSwitchStatus_FW
0xffae086c,j_GetVBatVoltage_FW
0xffadf294,j_GetVRAMHPixelsSize_FW
0xffadf298,j_GetVRAMVPixelsSize_FW
0xffa631ec,j_GetZoomActuatorCurrentPosition_FW
0xffada42c,j_GetZoomDrivingTime_FW
0xffa6eb8c,j_GetZoomLensCurrentPoint_FW
0xffa6eb90,j_GetZoomLensCurrentPosition_FW
0xffa6eb98,j_GetZoomLensMechaEdgePosition_FW
0xffa6eb94,j_GetZoomLensTelePoint_FW
0xffa6e468,j_GetZoomPiSensorLevel_FW
0xffada3f0,j_GetZoomResetSensorLevel_FW
0xffada3ec,j_GetZoomTelePoint_FW
0xff9f94dc,j_InitializeDefectRec_FW
0xff858f18,j_IsBatteryTemperature_FW
0xff858f14,j_IsCCDTemperature_FW
0xffadb5dc,j_IsFocusLensOutSidePosition_FW
0xff95c520,j_IsHvSensorExist_FW
0xffa6e380,j_IsLensOutside_FW
0xff858f10,j_IsOpticalTemperature_FW
0xffa631f0,j_IsZoomActuatorResetSensorPlusSide_FW
0xffada6a8,j_IsZoomLensOutSidePosition_FW
0xffa0ec48,j_LiveImageTool.GetDzoomPosition_FW
0xff95c944,j_MemoryChecker_FW
0xff95c940,j_MonSelEvent_FW
0xff831d5c,j_NewTaskShell_FW
0xff8316d0,j_Open_FW
0xff87c1f0,j_OpLog.WriteToROM_FW
0xff95c9b8,j_Peek16_FW
0xff95c9b4,j_Peek32_FW
0xff95c9bc,j_Peek8_FW
0xff95c93c,j_Printf_FW
0xff86c8b8,j_PT_GetDigitalZoomPosition_FW
0xff8838f8,j_PTM_AllReset_FW
0xff883ec0,j_PTM_BackupUIProperty_FW
0xff883d74,j_PTM_GetWorkingCaptureMode_FW
0xff883e08,j_PTM_IsEnableItem_FW
0xff883df0,j_PTM_NextItem_FW
0xff883df4,j_PTM_PrevItem_FW
0xff883d78,j_PTM_SetCurrentItem_FW
0xff831cdc,j_PutsCameraLogEvent_FW
0xff8317d4,j_Read_FW
0xffadd9f4,j_ReloadAFAdjustment_FW
0xffad7f74,j_ReloadCdsAdjustment_FW
0xffade210,j_ReloadColorAdjustment_FW
0xffade0a8,j_ReloadEfAdjustment_FW
0xffadb000,j_ReloadFocusLensAdjustment_FW
0xffad8d24,j_ReloadGetaAdjustment_FW
0xffad8d20,j_ReloadIrisAdjustment_FW
0xffad8ea0,j_ReloadNdFilterAdjustment_FW
0xffad9c30,j_ReloadWBAdjustment_FW
0xffada28c,j_ReloadZoomAdjustment_FW
0xff95c95c,j_SDump_FW
0xffadb614,j_SetFocusResetState_FW
0xffada6b4,j_SetZoomResetState_FW
0xff831cd0,j_ShowCameraLog_FW
0xff831cd4,j_ShowCameraLogInfo_FW
0xff831ccc,j_StartCameraLog_FW
0xff831cd8,j_StopCameraLog_FW
0xffadf29c,j_StopContinuousVRAMData_FW
0xff81af30,j_strcmp_FW
0xff9f94e0,j_TerminateDefectRec_FW
0xff95dc0c,j_UIFS_CancelStoreLensTimer_FW
0xff95d740,j_UIFS_Capture_FW
0xff95d744,j_UIFS_CaptureNoneStop_FW
0xff95dbf8,j_UIFS_GetNumberOfDisplayedImage_FW
0xff95d70c,j_UIFS_GetNumOfOptZoomPos_FW
0xff95dbf4,j_UIFS_IsAvailableShots_FW
0xff95d708,j_UIFS_MoveZoomTo_FW
0xff95d748,j_UIFS_StartMovieRecord_FW
0xff95d74c,j_UIFS_StopMovieRecord_FW
0xff95d764,j_UIFS_WriteFirmInfoToFile_FW
0xff95c450,j_VbattGet_FW
0xff95c948,j_VerifyByte_FW
0xff8317d8,j_Write_FW
0xff82ee08,kbd_p1_f
0xff82ee14,kbd_p1_f_cont
0xff82e600,kbd_p2_f
0xff82edb8,kbd_read_keys
0xff8565e8,kbd_read_keys_r2
0xff90a93c,LcdCon_GetLcdAdjParameter_FW
0xff90a5b0,LcdCon_GetLcdBackLightParameter_FW
0xff90ab5c,LcdCon_GetLcdParameter_FW
0xff90a9c4,LcdCon_SaveLcdAdjParameter_FW
0xff90a634,LcdCon_SaveLcdBackLightParameter_FW
0xff90abe4,LcdCon_SaveLcdParameter_FW
0xff90a88c,LcdCon_SetLcdAdjParameter_FW
0xff90a530,LcdCon_SetLcdBackLightBrightness_FW
0xff90a55c,LcdCon_SetLcdBackLightParameter_FW
0xff90a82c,LcdCon_SetLcdDriver_FW
0xff90a9e0,LcdCon_SetLcdParameter_FW
0xff90a984,LcdCon_ShowLcdAdjParameter_FW
0xff90a5f4,LcdCon_ShowLcdBackLightParameter_FW
0xff90aba4,LcdCon_ShowLcdParameter_FW
0xff90ad1c,LcdCon_StartLcdPeriodicalSetting_FW
0xff90ad50,LcdCon_StopLcdPeriodicalSetting_FW
0xffa9cde8,LCDMsg_ChangeColor_FW
0xffa9cc2c,LCDMsg_Create_FW
0xffa9c920,LCDMsg_Delete_FW
0xffa9c8e0,LCDMsg_Move_FW
0xffa9cd10,LCDMsg_SetNum_FW
0xffa9cd20,LCDMsg_SetStr_FW
0xffa9ccc0,LCDMsg_SwDisp_FW
0xff95c454,LEDDrive
0xff95c454,LEDDrive_FW
0xff9f8e30,LineDefDetect_FW
0xff9f8f68,LineKizuCheck_FW
0xffa0ebd8,LiveImageTool.ChangeDzoom_FW
0xffa0ec60,LiveImageTool.Dister_FW
0xffa0eb48,LiveImageTool.DzoomTele_FW
0xffa0eb68,LiveImageTool.DzoomWide_FW
0xff84b4f8,LiveImageTool.GetDzoomPosition_FW
0xffa0ec4c,LiveImageTool.Jump_FW
0xffa0ebb8,LiveImageTool.Pause_FW
0xffa0ebc8,LiveImageTool.Resume_FW
0xffa0e9e4,LiveImageTool.StartEVF_FW
0xffa0e9f0,LiveImageTool.StartEVFFocusJet_FW
0xffa0e9fc,LiveImageTool.StartEVFMF_FW
0xffa0eb30,LiveImageTool.StartEVFMovFULLHD_FW
0xffa0eb1c,LiveImageTool.StartEVFMovHD_FW
0xffa0eaf8,LiveImageTool.StartEVFMovQVGA_FW
0xffa0eb14,LiveImageTool.StartEVFMovQVGA_HS_FW
0xffa0eae4,LiveImageTool.StartEVFMovVGA_FW
0xffa0eb0c,LiveImageTool.StartEVFMovVGA_HS_FW
0xffa0eb88,LiveImageTool.StopDzoom_FW
0xffa0eb38,LiveImageTool.StopEVF_FW
0xff85b218,LoadAdjustmentTable_FW
0xff85b64c,LoadAdjustmentValue_FW
0xff92eab8,LoadDataFromAdjTableBin_FW
0xff85b250,LoadDefectAdjTable_FW
0xff92ed14,LoadFactoryIDData_FW
0xffae0600,LoadFactoryNumber_FW
0xff92e9b8,LoadParamDataFromAdjTableBin_FW
0xff87896c,LoadScript_FW
0xffae0780,LoadSerialNumber_FW
0x003fb1b8,LocalTime
0xff883560,LockMainPower
0xff883560,LockMainPower_FW
0xff87bb28,LogCameraEvent
0xff831844,Lseek
0xff831844,lseek
0xff831844,Lseek_FW
0xffa7281c,MakeBootDisk_FW
0xffa72830,MakeScriptDisk_FW
0xff866aa4,MakeSDCardBootable
0xff812f20,malloc
0xff95c24c,Mecha.Create_FW
0xff95c2bc,MechaReset_FW
0xff95c2c8,MechaTerminate_FW
0xff95c1f4,MechaUnRegisterEventProcedure_FW
0xff81ae34,memcmp
0xff81ae34,memcmp_FW
0xff83725c,memcpy
0xff83725c,memcpy_FW
0xffa71e40,MemoryChecker_FW
0xff9d7050,memset
0xff9d7050,memset_FW
0xff810df4,memShow_FW
0xff9f8604,MergeAndConvertDefect_FW
0xff9f89a4,MergeSensAndEightDefect_FW
0xff831ac4,mkdir
0xff8965f4,mktime_ext
0xffa723a4,MonSelEvent_FW
0xffada810,MoveComputerZoomToPoint_FW
0xff882634,MoveControllerToTopOfZOrder_FW
0xff9530a0,MoveCzPeakPositon_FW
0xffa6d238,MoveCZToPoint_FW
0xffa6d2d0,MoveCZToPointByOVF_FW
0xffa6d2a0,MoveCZToTele_FW
0xffa6d270,MoveCZToWide_FW
0xffaf57c8,MoveDCMotorCCW_FW
0xffaf5740,MoveDCMotorCW_FW
0xffa6d94c,MoveFocusActuator_FW
0xffadb3a4,MoveFocusDistance_FW
0xffadb3a4,MoveFocusLensToDistance
0xffadb3a4,MoveFocusLensToDistance_FW
0xffadb290,MoveFocusLensToPosition_FW
0xffadb178,MoveFocusLensToPositionWithMaxSpeed_FW
0xffadb1bc,MoveFocusLensToPositionWithSpeed_FW
0xffa6d508,MoveFocusLensToTerminate_FW
0xffadb094,MoveFocusLensToTerminatePosition_FW
0xffa6d564,MoveFocusLensWithDistance_FW
0xffa6d66c,MoveFocusLensWithPosition_FW
0xffa6d784,MoveFocusLensWithPositionImmediateReturn_FW
0xffa6d840,MoveFocusLensWithPositionWithoutBacklash_FW
0xffadb2dc,MoveFocusPosition_FW
0xffadb094,MoveFocusToTerminate_FW
0xffad8e2c,MoveIrisFullClose_FW
0xffad8df8,MoveIrisFullOpen_FW
0xffad8cd4,MoveIrisToAv_FW
0xffa6e228,MoveIrisToTerminatePosition_FW
0xffa6e230,MoveIrisWithAv
0xffa6e230,MoveIrisWithAv_FW
0xffa6e258,MoveIrisWithAvWithoutBacklash_FW
0xffa6e300,MoveLensToFirstPoint_FW
0xffa6e348,MoveLensToTerminatePoint_FW
0xffa63184,MoveZoomActuator_FW
0xffa6ea68,MoveZoomLensToMechaEdge_FW
0xffadad88,MoveZoomLensToMechaEnd_FW
0xffada7d4,MoveZoomLensToPoint_FW
0xffada798,MoveZoomLensToPosition_FW
0xffadae64,MoveZoomLensToPositionByManual_FW
0xffa6ea28,MoveZoomLensToTerminatePosition_FW
0xffa6e958,MoveZoomLensWithPoint
0xffa6e958,MoveZoomLensWithPoint_FW
0xffa6e99c,MoveZoomLensWithPointImmediateReturn_FW
0xffa6e9e4,MoveZoomLensWithPosition_FW
0xffada7d4,MoveZoomPoint_FW
0xffada798,MoveZoomPosition_FW
0xff87e634,NewTaskShell
0xff87e694,NewTaskShell_FW
0xff9df674,NR_GetDarkSubType
0xff9df5ac,NR_SetDarkSubType
0xff962120,NR_SetDoubleNRType_FW
0xff96210c,NR_SetLotasPonyType_FW
0xff9df674,NRTBL.GetDarkSubType_FW
0xff9df6d4,NRTBL.GetDefectCorrectType_FW
0xff9df5ac,NRTBL.SetDarkSubType_FW
0xff9df648,NRTBL.SetDefectCorrectType_FW
0xff9df6b4,NRTBL.SetTassenType_FW
0xff95c4d8,OffPrintPhySw_FW
0xffad9b00,OneShotWhigeBalance_FW
0xffad9b00,OneTypeWhiteBalance_FW
0xff95c4c8,OnPrintPhySw_FW
0xff831560,Open
0xff815904,open
0xff831560,Open_FW
0xff81a138,OpenConsole_FW
0xffa5439c,OpenFastDir
0xff831864,OpenForScrip_FW
0xffa6e588,OpenMechaShutter_FW
0xffad8fb0,OpenMShutter_FW
0xff831ce0,OpLog.Create_FW
0xff87cc04,OpLog.Get_FW
0xff87cc24,OpLog.GetUsrSet_FW
0xff87cce4,OpLog.Play_FW
0xff87c224,OpLog.ReadFromROM_FW
0xff87c28c,OpLog.ReadFromSD_FW
0xff87cefc,OpLog.Start_FW
0xff87c194,OpLog.Stop_FW
0xff87cfdc,OpLog.Terminate_FW
0xff87c1c0,OpLog.WriteToROM_FW
0xff87c6bc,OpLog.WriteToSD_FW
0xff92f188,OutputLogToFile_FW
0xff8863c8,PB2Rec
0xffa722f0,Peek16_FW
0xffa722e8,Peek32_FW
0xffa722f8,Peek8_FW
0xff9f8364,PointDefDetect_FW
0xff9f8bcc,PointKizuCheck_FW
0xff95c994,Poke16_FW
0xff95c984,Poke32_FW
0xff95c9a4,Poke8_FW
0xff882e60,PostEventShootSeqToUI_FW
0xff882c54,PostLogicalEventForNotPowerType
0xff882c54,PostLogicalEventForNotPowerType_FW
0xff882ca0,PostLogicalEventToUI
0xff882ca0,PostLogicalEventToUI_FW
0x003f7364,PostMessageQueue
0x003f7b90,PostMessageQueueStrictly
0xffade7a4,PreFixAE_FW
0xff85b92c,PrintAdjKabotanInfo_FW
0xff85b670,PrintAdjTableMap_FW
0xff92ca40,PrintAllAEIntegData_FW
0xff878960,Printf_FW
0xff92eef8,PrintFaexeVersioin_FW
0xff92eec4,PrintFirmVersion_FW
0xffaddac4,PrintMultiWinScanTable_FW
0xffadda30,PrintScanTable_FW
0xff86c8bc,PT_ChangeZoomSpeed_FW
0xff86c6ac,PT_CompleteCaptModeChange_FW
0xff86c6bc,PT_CompleteCharge_FW
0xff86c6c4,PT_CompleteFileWrite_FW
0xff86c674,PT_CompletePreCapt_FW
0xff86c694,PT_CompleteStopDigZoom_FW
0xff86c68c,PT_CompleteStopZoom_FW
0xff86c69c,PT_CompleteStoreLens_FW
0xff86c6b4,PT_CompleteSynchroWrite_FW
0xff86c8f0,PT_DoAELock_FW
0xff86c8d0,PT_DoAFLock_FW
0xff86c6d4,PT_EraseAllFile_FW
0xff832bf4,PT_GetDigitalZoomPosition_FW
0xff86c8a4,PT_GetDigitalZoomTele_FW
0xff86c7b8,PT_GetPropertyCaseInt_FW
0xff86c940,PT_MFOff_FW
0xff86c930,PT_MFOn_FW
0xff86c76c,PT_mod_FW
0xff86c890,PT_MoveDigitalZoomAt_FW
0xff86c870,PT_MoveDigitalZoomToTele_FW
0xff86c880,PT_MoveDigitalZoomToWide
0xff86c880,PT_MoveDigitalZoomToWide_FW
0xff86c858,PT_MoveOpticalZoomAt
0xff86c858,PT_MoveOpticalZoomAt_FW
0xff86c830,PT_MoveOpticalZoomToTele_FW
0xff86c844,PT_MoveOpticalZoomToWide_FW
0xff86c6a4,PT_MovieRecordStopped_FW
0xff86c684,PT_NextShootAvailable_FW
0xff875478,PT_PlaySound
0xff86c67c,PT_RecreviewAvailable_FW
0xff86c950,PT_SetLtKids_FW
0xff86c790,PT_SetPropertyCaseInt_FW
0xff86c6cc,PT_ShootPicture_FW
0xff86c900,PT_UnlockAE_FW
0xff86c8e0,PT_UnlockAF_FW
0xff984cd4,PTM_AllReset_FW
0xff8838e8,PTM_AllResetToFactorySetting_FW
0xff985990,PTM_BackupUIProperty_FW
0xff883d84,PTM_GetCurrentItem_FW
0xff985034,PTM_GetWorkingCaptureMode_FW
0xff9858c4,PTM_IsEnableItem_FW
0xff985364,PTM_NextItem_FW
0xff98536c,PTM_PrevItem_FW
0xff883ec4,PTM_RestoreUIProperty_FW
0xff883c20,PTM_SetCurrentCaptureMode_FW
0xff98504c,PTM_SetCurrentItem_FW
0xff883e0c,PTM_SetProprietyEnable_FW
0xffa6e730,PutInNdFilter
0xffad8eb8,PutInNdFilter_FW
0xffa6e754,PutOutNdFilter
0xffad8ef0,PutOutNdFilter_FW
0xff87b800,PutsCameraLogEvent_FW
0xff9d6ff0,qsort
0xff8e3b1c,QuietImager_FW
0xff815b58,Read
0xff815b58,read
0xff815b58,Read_FW
0xffa544f0,ReadFastDir
0xff9d70cc,realloc
0xffa598cc,reboot_fw_update
0xff886408,Rec2PB
0xffa6e4b0,ReceiveMechaCircuitDataAll_FW
0x003f7218,ReceiveMessageQueue
0x003f7b64,ReceiveMessageQueueStrictly
0xff85b914,RefreshAdjustmentTableMirror_FW
0xff85b924,RefreshDefectTableMirror_FW
0xff8950a4,RefreshPhysicalScreen
0xffade2c8,RegistColorMatrix_FW
0xff87ab14,RegisterEventProcedure
0x003f67bc,RegisterInterruptHandler
0xff861610,RegistFirmScanNoticeCBR_FW
0x003fb018,ReleaseRecursiveLock
0xff845fc0,ReloadAFAdjustment_FW
0xff8e4f0c,ReloadCdsAdjustment_FW
0xffa11bec,ReloadColorAdjustment_FW
0xffae1ee4,ReloadDefectAdjustmentData_FW
0xffa03a50,ReloadEfAdjustment_FW
0xff9549bc,ReloadFocusLensAdjustment_FW
0xff955398,ReloadGetaAdjustment_FW
0xff955384,ReloadIrisAdjustment_FW
0xff9564bc,ReloadNdFilterAdjustment_FW
0xffae1eac,ReloadShadingAdjustmentData_FW
0xff8c1c24,ReloadWBAdjustment_FW
0xff9573e4,ReloadZoomAdjustment_FW
0xffa41378,RemoveTransparentMemory_FW
0xff830f20,RenameFile_Fut
0xffadb40c,ResetFocus_FW
0xffa6d434,ResetFocusLens
0xffa6d434,ResetFocusLens_FW
0xffa6e204,ResetIris_FW
0xff860e0c,ResetRegistNoticeCBR_FW
0xffada6f4,ResetZoom_FW
0xffa6e8ac,ResetZoomLens
0xffa6e8ac,ResetZoomLens_FW
0xffa6e8d8,ResetZoomLensToFirst_FW
0xffa6e918,ResetZoomLensToTermiante_FW
0xffada84c,ResetZoomToAdjFirstPoint_FW
0xffada890,ResetZoomToAdjTerminatePoint_FW
0xffada728,ResetZoomToFirst_FW
0xffada728,ResetZoomToFirstPoint_FW
0xffada75c,ResetZoomToTerminate_FW
0xffada75c,ResetZoomToTerminatePoint_FW
0xff835af0,Restart
0xff87dcd4,RomCheckSum_FW
0xff819db8,RotateConsoleZOder_FW
0xff85b598,SaveAdjustmentTable_FW
0xff85b618,SaveAdjustmentValue_FW
0xffadff30,SaveBatSenseOffsetAdjustmentTable_FW
0xff95ea94,SaveBmpVRAMData_FW
0xff85b600,SaveDefectAdjTable_FW
0xff92ecf4,SaveFactoryIDData_FW
0xffae0870,SaveFactoryReserveData_FW
0xffadb6a8,SaveFocusResetPulse_FW
0xffae042c,SaveFromImage_FW
0xff95ee54,SavePaletteData
0xff95ee54,SavePaletteData_FW
0xff912bc4,Scene.ForbidContiSceneDetect_FW
0xff912c4c,Scene.TestBabySleep_FW
0xff912c1c,Scene.TestBabySmile_FW
0xff912cac,Scene.TestHumanSleep_FW
0xff912c7c,Scene.TestHumanSmile_FW
0xff912cdc,Scene.TestKidMove_FW
0xff912bf0,Scene.TestSunset_FW
0xff8960c4,ScreenLock
0xff896128,ScreenUnlock
0xffa720a0,SDump_FW
0xffadc384,SelectAdjBPFilter_FW
0xffa6e48c,SendMechaCircuitData_FW
0xff9f8c28,SensDefCrowdCheck_FW
0xff882f9c,set_control_event
0xffade728,SetAdj_AEMode_FW
0xff92e348,SetAdjAEIntegSmearLimitter_FW
0xffadc93c,SetAdjAFIntegCrwAdd_FW
0xffadc3a4,SetAdjAFWinPos_FW
0xffad81a4,SetAdjCdsMode_FW
0xffade600,SetAE_CdsGainValue_FW
0xffade4c4,SetAE_ShutterSpeed
0xffade4c4,SetAE_ShutterSpeed_FW
0xff92e2cc,SetAEIntegAverageOBData_FW
0xff92d628,SetAEIntegCorrectProperty_FW
0xff92d6c4,SetAEIntegralGetaTime_FW
0xff92d684,SetAEIntegralValueProperty_FW
0xff92d5a0,SetAEIntegStrobeProperty_FW
0xff92df20,SetAEIntegValueBit_FW
0xff92decc,SetAEIntegWindowsMode_FW
0xff8835d4,SetAutoShutdownTime
0xff8835d4,SetAutoShutdownTime_FW
0xffadc3e4,SetBPFilterForBP_FW
0xffad7fc4,SetCDSGain_FW
0xffad80bc,SetCDSGainStep_FW
0xffad7fc4,SetCdsGainValue_FW
0xffad8010,SetCdsPreGainReg_FW
0xff88a60c,SetCurrentCaptureModeType
0xff88a60c,SetCurrentCaptureModeType_FW
0xff9530a8,SetCzDebugFocusMode_FW
0xff9530a8,SetCzDebugSubjectDistance_FW
0xffadff48,SetDate_FW
0xffae014c,SetDay_FW
0xffaf5850,SetDCMotorWaitTime_FW
0xff92e358,SetDefaultAEIntegSmearLimitter_FW
0xff9316f4,SetDefaultRecParameter_FW
0xff9f9320,SetDefectRecParam_FW
0xffad7f30,SetDeltaCDSGain_FW
0xff8304b4,SetDUIDFixFlag_FW
0xff8303bc,SetDurianMode_FW
0x003fac6c,SetEventFlag
0xffade0a0,SetExStrobeMode_FW
0xff8305b4,SetFactoryMasterFlag_FW
0xff8305e4,SetFactoryMasterROMProtection_FW
0xff83043c,SetFactoryMode_FW
0xffae05f0,SetFactorySerialNumber_FW
0xffa411d0,SetFaexeEventTableActivation_FW
0xff831a2c,SetFileAttributes
0xff8319b4,SetFileTimeStamp
0xffa6db7c,SetFocusLensAccelerationTable_FW
0xffa6dd08,SetFocusLensCondition_FW
0xffa6dcf4,SetFocusLensDefaultPullOutTable_FW
0xffa6e068,SetFocusLensDriveVoltage_FW
0xffa6e0e0,SetFocusLensHoldVoltage_FW
0xffa6de5c,SetFocusLensMaxSpeedLimit_FW
0xffa6e0a4,SetFocusLensSettingWaitVoltage_FW
0xffa6dc80,SetFocusLensSlowdownTable_FW
0xffa6da4c,SetFocusLensSpeed_FW
0xffa6dac8,SetFocusLensSpeedTable_FW
0xffa5f9f4,SetFocusResetState_FW
0xffae01b4,SetHour_FW
0xff87a21c,SetHPTimerAfterNow
0xff87a29c,SetHPTimerAfterTimeout
0xff95c504,SetIgnoreAVJACK_FW
0xffadff40,SetImageMode_FW
0xffadff1c,SetInputVoltage_FW
0xffae03dc,SetLangMenuType_FW
0xffa6e39c,SetLensOutsideFlag_FW
0xff92e2a0,SetLineDefMarkThroughMode_FW
0xff8832dc,SetLogicalEventActive
0xffa6e5e4,SetMechaShutterCloseDacSetting_FW
0xffa6e6a0,SetMechaShutterMoveTime_FW
0xffa6e634,SetMechaShutterOpenDacSetting_FW
0xffa6e684,SetMechaShutterWaitTimeSetting_FW
0xffae0218,SetMinute_FW
0xff84895c,SetMontblancVSize_FW
0xffae00f0,SetMonth_FW
0xffa6e800,SetNdDriveVoltageSetting_FW
0xffa6e7ec,SetNdMoveTime_FW
0xffad7fbc,SetObClamp_FW
0xffad7fbc,SetObClampValue_FW
0xffad9a80,SetOneShotWBParam_FW
0xffad9a80,SetOneTypeWBParam_FW
0xff985990,SetParameterData
0xffaf56f8,SetPMByGpio_FW
0xffae08cc,SetProductVolume_FW
0xff87eb2c,SetPropertyCase
0xffa0c51c,SetPTGDefaultData_FW
0xff95c4b8,SetRawSWCheckMode_FW
0xffad9b8c,SetReferenceWBGainForCalibration_FW
0xffadc034,SetScanLensIndex_FW
0xffadc138,SetScanWindowMode_FW
0xff88332c,SetScriptMode
0xff88332c,SetScriptMode_FW
0xff95c414,SetSDPwrPort_FW
0xffae027c,SetSecond_FW
0xffad8060,SetSensorPreGain_FW
0xffad8b98,SetShutterSpeed_FW
0xffad8b48,SetShutterSpeedWithMecha_FW
0x003f67fc,SetSR
0xff95c444,SetStereoSeparation_FW
0xffa0c530,SetTassenAdjSGMode_FW
0xff860a40,SetTestRecSkimmingYUV_FW
0xff8346b0,SetTimerAfter
0xff834730,SetTimerWhen
0xffad9bb8,SetToolCorrectCoefficient_FW
0xffadecf0,SetVideoOutType_FW
0xffae1ec0,SetWBTemperature_FW
0xffad9b50,SetWBYlStandardWidth_FW
0xff92de54,SetWhiteCoefficient_FW
0xffae0090,SetYear_FW
0xffa631c4,SetZoomActuatorSpeedPPS_FW
0xffadaad8,SetZoomCommonDriveParam_FW
0xffada9e4,SetZoomDriveParam_FW
0xffa6eb24,SetZoomLensDriveAmpereDac_FW
0xffada968,SetZoomLensEncoderPowerControl_FW
0xffa6eb08,SetZoomLensSpeedMode_FW
0xffadaa7c,SetZoomNormalDriveParam_FW
0xffadaa30,SetZoomResetDriveParam_FW
0xff958710,SetZoomResetState_FW
0xffada970,SetZoomSpeedMode_FW
0xff95c9d4,ShowAllTaskInfo_FW
0xff87b8b0,ShowCameraLog_FW
0xff87b844,ShowCameraLogInfo_FW
0xffade46c,ShowCurrentExp_FW
0xff85b0b4,ShowDefaultAdjTableVersion_FW
0xffa6ddf8,ShowFocusLensCurrentSpeedTable_FW
0xff882ebc,ShowLogicalEventName_FW
0xff95c2d4,ShowMechaMacro_FW
0xff95c4a8,ShowPhySwStatus_FW
0xff95c4ec,ShowSDStatus_FW
0xffa412a8,ShowTransparentMemory_FW
0xff87f970,ShutdownPlayModeMenu_FW
0xff87fa44,ShutdownPlayModeMenuWithoutPbRedraw_FW
0xff87f7c8,ShutdownRecModeMenu_FW
0xffade9d4,SleepAE_FW
0x003f79b0,SleepTask
0x003f79b0,SleepTask_FW
0xff81ac88,sprintf_FW
0xff86c958,SS.Create_FW
0xff9d6ac8,sscanf_FW
0xffadc92c,StartAdjAFInteg_FW
0xffadc620,StartAdjAFService_FW
0xff92e294,StartAEIntegralService_FW
0xff87b900,StartCameraLog_FW
0xffad89f8,StartCaptureDrive_FW
0xffadd098,StartCrwCustomScan_FW
0xffadd028,StartCustomScan_FW
0xff953098,StartCzTuning_FW
0xffaf5864,StartDCMDriveTimeCounter_FW
0xffadf014,StartEVFDrive_FW
0xffadefd0,StartEVFDriveWithMode_FW
0xff8306d0,StartFactoryModeController_FW
0xff92f5ec,StartLogOut_FW
0xff87f6f4,StartPlayModeMenu_FW
0xff87f710,StartRecModeMenu
0xff87f710,StartRecModeMenu_FW
0xff81aa14,StartRedirectUART_FW
0xffa41980,StartSoundPlay_FW
0xffa41948,StartSoundRecord_FW
0xff87d874,StartWDT_FW
0xff83188c,stat
0xffadc8b0,StopAdjAFInteg_FW
0xffadc748,StopAdjAFService_FW
0xff92df48,StopAEIntegralService_FW
0xff87bac8,StopCameraLog_FW
0xffad8220,StopCaptureDrive_FW
0xff84bf38,StopContinuousVRAMData_FW
0xffadcfbc,StopCustomScan_FW
0xffa6d300,StopCZ_FW
0xffaf5874,StopDCMDriveTimeCounter_FW
0xffaded20,StopEVFDrive_FW
0xff92f294,StopLogOut_FW
0xff81ab28,StopRedirectUART_FW
0xffade160,StopStrobeChargeForFA_FW
0xff87d8d4,StopWDT_FW
0xffada6b0,StopZoomEmergency_FW
0xff896c74,strcat
0xff812dec,strchr
0xff81af30,strcmp
0xff81af58,strcmp_FW
0xff81ae1c,strcpy
0xff81ae1c,strcpy_FW
0xff896640,strftime
0xff812e38,strlen
0xff812e38,strlen_FW
0xff812da0,strncmp
0xff812d64,strncpy
0xff812e10,strrchr
0xff837248,strtol
0xff83704c,strtolx
0xffadec44,SwitchOffDisplay_FW
0xffadec78,SwitchOnDisplay_FW
0xff95d0cc,System.Create_FW
0xff95c9e4,System.Delete_FW
0x003f7634,TakeSemaphore
0x003f7634,TakeSemaphore_FW
0x003f7b38,TakeSemaphoreStrictly
0xff8cc37c,task_AfIntSrvTask
0xff8443ac,task_AFTask
0xff856df4,task_AudioTsk
0xff82bef0,task_BatteryTask
0xff85574c,task_BeepTask
0xff8a73a8,task_BrtMsrTask
0xff835934,task_Bye
0xff86f0f0,task_CaptSeq
0xff86f0f0,task_CaptSeqTask
0xff8c4c98,task_ChaseFrame
0xff9128bc,task_ChaseTask
0xff8144d8,task_ClockSave
0xffa0423c,task_CntFlashTask
0xff886c64,task_CommonDrivers
0xff928528,task_CorctTask
0xffa3c948,task_CorrectLiveTassenTask
0xffa6fc38,task_CreateHeaderTask
0xff881bec,task_CtrlSrv
0xff933a48,task_dccdCalcTask
0xffa55d58,task_DecJpgRd
0xff8c3944,task_DetectMoveTask
0xff8c9014,task_DevelopModule
0xff8c72e8,task_DispFace
0xff93e948,task_DPOFTask
0xff88f6b0,task_DSITask
0xff961dac,task_DvlpSeqTask
0xff8c9da8,task_EFChargeT
0xff87e580,task_EvShel
0xff8aee90,task_ExpDrv
0xff8aee90,task_ExpDrvTask
0xff88f2bc,task_FaceFrame
0xff92b47c,task_Fencing
0xffa51c08,task_FileScheduleTask
0xffa52d50,task_FileWrite
0xffa52d50,task_FileWriteTask
0xffa570ac,task_FilYuvMaker
0xffa5cf34,task_FocusEvent
0xffa4db04,task_FORMAT_TASK_NAME
0xffa4d924,task_FORMAT_TASK_PROGRESS
0xff842098,task_FrameTask
0xff863688,task_FsIoNotifyTask
0xff858290,task_FWDDATA
0xff86953c,task_ImgPlayDrv
0xffa59e48,task_ImgPlyLowTask
0xffa59c9c,task_ImgPlyTask
0xff886c2c,task_InitFileModules
0xff90ac2c,task_LcdConTask
0xff855d6c,task_LEDCon
0xff86ac40,task_LensController
0xff8efea0,task_LiveImageTask
0xffa609ac,task_MechaShutter
0xff9143f4,task_MotionVector
0xff95b70c,task_MovieRecord
0xffa66cb8,task_MovPlay
0xffaf9330,task_MovRead
0xffa6a0a0,task_MovWrite
0xffa613f8,task_Nd
0xff8fc740,task_NormalThumbCache
0xff8c2404,task_OBCtrlTask
0xff87bfc0,task_OpePlay
0xff82e964,task_PhySw
0xff8f0d64,task_PrcssFil
0xffa16a14,task_PTPtoFAPI_EventProcTask_Block
0xffa16970,task_PTPtoFAPI_EventProcTask_Try
0xffb0bca4,task_ReadFileTask
0xffa8b6d4,task_ReadMultiConTask
0xffaee35c,task_ReadScheduleTask
0xff86a67c,task_RedEyeCapt
0xff911fc0,task_SceneDetectTask
0xff866bbc,task_SD1stInit
0xff960e14,task_ShutterSoundTask
0xff8e5718,task_SsgMainTask
0xff8e58d0,task_SsgPeriodTask
0xff874e50,task_SsTask
0xff81a638,task_Startup
0xff836514,task_StartupImage
0xff8f2108,task_SynchTask
0xff8f2080,task_SyncPeriod
0xff8e9468,task_TgTask
0xff858abc,task_Thermometer
0xff8f3e64,task_TimerUtility
0xff959910,task_TmgGen
0xff900410,task_TrnsCtrlTask
0xff81a870,task_UartLog
0xff83f83c,task_WBCtrl
0xff89f0c4,task_WBIntegTask
0xff8bf46c,task_WBLPFace
0xff87d700,task_WdtPrint
0xff87d7b4,task_WdtReset
0xffa61e9c,task_ZoomActuatorSpeedCheck
0xffa6203c,task_ZoomEvent
0xff95e890,TerminateAdjustmentSystem_FW
0xff860b94,Terminatedccd_FW
0xffae1f38,TerminateDefectAdjustment_FW
0xffabebf8,TerminateDefectRec_FW
0xff860b94,TerminateDigicon_FW
0xffa41b24,TerminateFAExtendFile_FW
0xffa41b0c,TerminateFAGeneralTest_FW
0xffae2278,TerminateMechaDevice_FW
0xffa41a08,TerminateSoundRec_FW
0xff85ffa0,TerminateTestRec_FW
0x003fb794,time
0x003f741c,TryPostMessageQueue
0x003f72e0,TryReceiveMessageQueue
0x003f75e0,TryTakeSemaphore
0xff8902c0,TurnOffBackLight
0xff8532bc,TurnOffDisplay
0xff835884,TurnOffE1_FW
0xffa6e754,TurnOffNdFilter_FW
0xffa6e7b0,TurnOffNdFilterWithTiming_FW
0xff85747c,TurnOffVideoOutMode_FW
0xff8902a8,TurnOnBackLight
0xff8532ac,TurnOnDisplay
0xffa6e730,TurnOnNdFilter_FW
0xffa6e778,TurnOnNdFilterWithTiming_FW
0xff857418,TurnOnVideoOutMode_FW
0xff95e760,UI.Create_FW
0xff95dc10,UI.CreatePublic_FW
0xff95e760,UI_RegistDebugEventProc_FW
0xff95e74c,UI_ShowStateOfRecMode_FW
0xff8832dc,UiEvnt_SetLogicalEventActive_FW
0xff883390,UiEvnt_StartDisguiseCradleStatus_FW
0xff8833a0,UiEvnt_StopDisguiseCradleStatus_FW
0xff8861fc,UIFS_CancelStoreLensTimer_FW
0xff98b184,UIFS_Capture_FW
0xff98b258,UIFS_CaptureNoneStop_FW
0xff95d830,UIFS_ChangeShootState_FW
0xff95d618,UIFS_ClosePopupStrobe_FW
0xff95d6a8,UIFS_ConnectVideo_FW
0xff95d6d8,UIFS_DisconnectVideo_FW
0xff95d758,UIFS_EndClockMode_FW
0xff95da80,UIFS_GetAvItem_FW
0xff95d8b0,UIFS_GetAvItemCount_FW
0xff95daf0,UIFS_GetCurrentAvString_FW
0xff95db70,UIFS_GetCurrentTvString_FW
0xff95d878,UIFS_GetLastPath_FW
0xff95d768,UIFS_GetMovieRecoadableNumber_FW
0xff9b8c28,UIFS_GetNumberOfDisplayedImage_FW
0xff98c5dc,UIFS_GetNumOfOptZoomPos_FW
0xff95d7b0,UIFS_GetStillShotableNumber_FW
0xff95dab8,UIFS_GetTvItem_FW
0xff95d920,UIFS_GetTvItemCount_FW
0xff95d3d8,UIFS_IsAutoPopupDownStrobe_FW
0xff95d3e0,UIFS_IsAvailableAvTvMode_FW
0xff95d3c0,UIFS_IsAvailableMovieRecDigZoom_FW
0xff95d3b8,UIFS_IsAvailableMovieRecOptZoom_FW
0xff95d3d0,UIFS_IsAvailableRecMenuAFMode_FW
0xff95d3c8,UIFS_IsAvailableServoAF_FW
0xff88d02c,UIFS_IsAvailableShots_FW
0xff95d648,UIFS_MountExtFlash_FW
0xff98c6f0,UIFS_MoveZoomTo_FW
0xff95d5e8,UIFS_OpenPopupStrobe_FW
0xff95dbfc,UIFS_PlayTrimExecuteAllImageSize_FW
0xff95d718,UIFS_PostModeDial_FW
0xff95d714,UIFS_RestartPostingUIEvent_FW
0xff95d760,UIFS_SetCradleSetting_FW
0xff95d590,UIFS_SetDialMovieRec_FW
0xff95d5c8,UIFS_SetDialPlay_FW
0xff95d570,UIFS_SetDialStillRec_FW
0xff95d854,UIFS_ShootSeqToUI_FW
0xff95d750,UIFS_StartClockMode_FW
0xff88e668,UIFS_StartMovieRecord_FW
0xff88e68c,UIFS_StopMovieRecord_FW
0xff95d710,UIFS_StopPostingUIEvent_FW
0xff95d678,UIFS_UnmountExtFlash_FW
0xff95dc04,UIFS_WirelessExecuteSendForever_FW
0xff977f80,UIFS_WriteFirmInfoToFile
0xff977f80,UIFS_WriteFirmInfoToFile_FW
0xff82fff4,UndisplayFactoryMode_FW
0xff878874,UnLoadScript_FW
0xff833188,UnlockAE
0xff832ea8,UnlockAF
0xff8834b4,UnlockMainPower
0xff8834b4,UnlockMainPower_FW
0xffade300,UnregistColorMatrix_FW
0x003f67e0,UnregisterInterruptHandler
0xff98c15c,UnsetZoomForMovie
0xff82c3d0,VbattGet
0xff82c3d0,VbattGet_FW
0xffa71ec0,VerifyByte_FW
0xff81accc,vsprintf
0xff95c9c0,Wait_FW
0x003fabac,WaitForAllEventFlag
0x003f7be8,WaitForAllEventFlagStrictly
0x003faac8,WaitForAnyEventFlag
0x003f7bbc,WaitForAnyEventFlagStrictly
0xffa6e9b8,WaitMoveZoomLensComplete_FW
0xff83167c,Write
0xff83167c,write
0xff83167c,Write_FW
0xff85b9b8,WRITEADJTABLETOFROM_FW
0xff85b9ec,WRITEADJUSTMENTDATATOFROM_FW
0xffa6e3e0,WriteMechaLogToFile_FW
0xffa6e3d0,WriteMechaLogToRom_FW
0xff9476c4,WriteSDCard
0xff87858c,WriteToRom_FW
