0xff810bd0,memShow_FW
0xff8139c4,malloc
0xff813a98,free
0xff813b78,realloc
0xff813c40,GetMemInfo
0xff814e1c,drysh_FW
0xff814e98,err_init_task
0xff8150b4,task_ClockSave
0xff819dfc,open
0xff819eac,close
0xff81a094,Read
0xff81a094,read
0xff81a094,Read_FW
0xff81b4d8,RegisterInterruptHandler
0xff81b4fc,UnregisterInterruptHandler
0xff81b514,GetSRAndDisableInterrupt
0xff81b518,SetSR
0xff81b538,EnableInterrupt
0xff81b540,CreateBinarySemaphore
0xff81b5a8,CreateCountingSemaphore
0xff81b5a8,CreateCountingSemaphore_FW
0xff81b600,DeleteSemaphore
0xff81b600,DeleteSemaphore_FW
0xff81b658,TryTakeSemaphore
0xff81b6ac,TakeSemaphore
0xff81b6ac,TakeSemaphore_FW
0xff81b77c,GiveSemaphore
0xff81b77c,GiveSemaphore_FW
0xff81b7b4,GetSemaphoreValue
0xff81b818,CreateTask
0xff81b818,CreateTask_FW
0xff81baa8,ExitTask
0xff81baa8,ExitTask_FW
0xff81baf0,CreateTaskStrictly
0xff81bb24,CreateMessageQueueStrictly
0xff81bb48,CreateEventFlagStrictly
0xff81bb6c,CreateBinarySemaphoreStrictly
0xff81bb90,CreateCountingSemaphoreStrictly
0xff81bbb4,CreateRecursiveLockStrictly
0xff81bbd8,TakeSemaphoreStrictly
0xff81bc04,ReceiveMessageQueueStrictly
0xff81bc30,PostMessageQueueStrictly
0xff81bc5c,WaitForAnyEventFlagStrictly
0xff81bc88,WaitForAllEventFlagStrictly
0xff81bcb4,AcquireRecursiveLockStrictly
0xff81bcf8,DebugAssert,(stubs_entry_2.s)
0xff81c3f8,RotateConsoleZOder_FW
0xff81c608,CPrintf_FW
0xff81c664,CPutChar_FW
0xff81c690,GetCh_FW
0xff81c6e0,GetStringWithPrompt_FW
0xff81c740,OpenConsole_FW
0xff81c8a4,CloseConsole_FW
0xff81cc60,task_Startup
0xff81cda0,_uartr_req
0xff81ce30,task_UartLog
0xff81cf84,StartRedirectUART_FW
0xff81d700,sprintf_FW
0xff81d744,vsprintf
0xff81d7c4,strcpy
0xff81d7c4,strcpy_FW
0xff81d7dc,j_strcmp_FW
0xff81d7dc,strcmp
0xff81d804,strcmp_FW
0xff81d820,strlen
0xff81d820,strlen_FW
0xff81d844,memcmp
0xff81d844,memcmp_FW
0xff81d940,srand
0xff81d94c,rand
0xff82071c,VbattGet
0xff82071c,VbattGet_FW
0xff820904,task_TempCheck
0xff821770,kbd_p2_f
0xff821acc,task_PhySw
0xff821ce0,GetSwitchStatus_FW
0xff821e10,GetSDDetect_FW
0xff821e18,GetSDProtect
0xff821e18,GetSDProtect_FW
0xff821e34,GetDialEventId_FW
0xff821e38,kbd_read_keys
0xff821f3c,kbd_p1_f
0xff821f48,kbd_p1_f_cont
0xff822d5c,EngDrvOut
0xff822d74,EngDrvIn
0xff822d7c,EngDrvRead
0xff822d90,EngDrvBits
0xff8235e8,RenameFile_Fut
0xff82363c,DeleteFile_Fut
0xff8236b0,MakeDirectory_Fut
0xff823720,DeleteDirectory_Fut
0xff823778,Fopen_Fut
0xff823778,Fopen_Fut_FW
0xff8237b8,Fclose_Fut
0xff8237b8,Fclose_Fut_FW
0xff823864,Fread_Fut
0xff823864,Fread_Fut_FW
0xff8238b8,Fwrite_Fut
0xff8238b8,Fwrite_Fut_FW
0xff82390c,Fgets_Fut
0xff823958,Fseek_Fut
0xff823958,Fseek_Fut_FW
0xff8239a4,Feof_Fut
0xff8239e0,Fflush_Fut
0xff823d68,Open
0xff823d68,Open_FW
0xff823d90,Close
0xff823d90,Close_FW
0xff823e38,j_Read_FW
0xff823e3c,Write
0xff823e3c,write
0xff823e3c,Write_FW
0xff823ed0,Lseek
0xff823ed0,lseek
0xff823ed0,Lseek_FW
0xff823f98,j_Lseek_FW
0xff823f9c,stat
0xff82406c,SetFileTimeStamp
0xff8240bc,SetFileAttributes
0xff824134,mkdir
0xff824460,j_StartCameraLog_FW
0xff824464,j_ShowCameraLog_FW
0xff824468,j_ShowCameraLogInfo_FW
0xff82446c,j_StopCameraLog_FW
0xff824470,j_PutsCameraLogEvent_FW
0xff824474,OpLog.Create_FW
0xff8244f0,j_NewTaskShell_FW
0xff8244f4,j_ExMem.View_FW
0xff8244f8,j_ExMem.AllocUncacheable_FW
0xff8244fc,j_ExMem.FreeUncacheable_FW
0xff824500,j_ExMem.AllocCacheable_FW
0xff824504,j_ExMem.FreeCacheable_FW
0xff824508,ExMem_FW
0xff825b88,DoAFLock
0xff825bcc,UnlockAF
0xff825e84,EnterToCompensationEVF
0xff825ed4,ExitFromCompensationEVF
0xff825f78,DoAELock
0xff825fa8,UnlockAE
0xff827868,CreateEventFlag
0xff8278c0,DeleteEventFlag
0xff827910,CheckAnyEventFlag
0xff827958,CheckAllEventFlag
0xff8279a0,WaitForAnyEventFlag
0xff827a44,WaitForAllEventFlag
0xff827b0c,SetEventFlag
0xff827b40,ClearEventFlag
0xff827b78,GetEventFlagValue
0xff827c7c,CreateMessageQueue
0xff827d00,DeleteMessageQueue
0xff827d90,ReceiveMessageQueue
0xff827e3c,TryReceiveMessageQueue
0xff827eb8,PostMessageQueue
0xff827f54,TryPostMessageQueue
0xff827f94,GetNumberOfPostedMessages
0xff828004,CreateRecursiveLock
0xff828054,DeleteRecursiveLock
0xff8280a4,AcquireRecursiveLock
0xff8281a8,ReleaseRecursiveLock
0xff8283f0,SleepTask
0xff8283f0,SleepTask_FW
0xff82856c,AllocateUncacheableMemory
0xff8285a0,FreeUncacheableMemory
0xff82880c,_GetSystemTime
0xff828944,SetTimerAfter
0xff8289c4,SetTimerWhen
0xff828a28,CancelTimer
0xff829c58,task_Bye
0xff829de4,Restart
0xff82a4d4,task_StartupImage
0xff82e200,strncpy
0xff82e23c,strtolx
0xff82e438,strtol
0xff82e518,task_AFTask
0xff832b04,ExpCtrlTool_StartContiAE
0xff832c48,ExpCtrlTool_StopContiAE
0xff834e88,task_FramePosition
0xff837938,task_ImageSensorTask
0xff838a40,SetUSBToDCPMode_FW
0xff83e6dc,DispCon_ShowColorBar_FW
0xff83e738,DispCon_ShowFiveStep_FW
0xff83e818,DispCon_ShowWhiteChart_FW
0xff83e850,DispCon_ShowBlackChart_FW
0xff83e86c,DispCon_ShowBitmapColorBar
0xff83e86c,DispCon_ShowBitmapColorBar_FW
0xff83e8cc,DispCon_ShowCustomColorBar_FW
0xff83e930,DispCon_SetDisplayType_FW
0xff83e950,DispCon_TurnOnDisplay_FW
0xff83e950,TurnOnDisplay
0xff83e960,DispCon_TurnOffDisplay_FW
0xff83e960,TurnOffDisplay
0xff83e970,DispCon_SetMaxBackLightBrightness_FW
0xff83e9fc,DispCon_SetVideoAdjParameter_FW
0xff83ea5c,DispCon_GetVideoAdjParameter_FW
0xff83eaa4,DispCon_ShowVideoAdjParameter_FW
0xff83eabc,DispCon_SaveVideoAdjParameter_FW
0xff840388,GetAdVBattBottom_FW
0xff840390,GetAdChValue_FW
0xff8416bc,task_BeepTask
0xff841aa4,BeepDrive_FW
0xff841b0c,task_LEDCon
0xff84206c,LEDDrive
0xff84206c,LEDDrive_FW
0xff842494,kbd_read_keys_r2
0xff8428e8,GetKbdState
0xff84291c,kbd_pwr_on
0xff84296c,kbd_pwr_off
0xff842a44,task_JogDial
0xff842a44,task_RotaryEncoder
0xff842cd8,task_AudioTsk
0xff8449c0,task_ASIF
0xff845118,task_Thermometer
0xff845330,GetCCDTemperature
0xff845330,GetCCDTemperature_FW
0xff8453a0,GetBatteryTemperature
0xff8453a0,GetBatteryTemperature_FW
0xff845410,GetOpticalTemperature
0xff845410,GetOpticalTemperature_FW
0xff8454c0,j_GetOpticalTemperature_FW
0xff8454c4,j_GetCCDTemperature_FW
0xff8454c8,j_GetBatteryTemperature_FW
0xff845fec,DisplayFactoryMode_FW
0xff845ff8,UndisplayFactoryMode_FW
0xff8461ac,ClearFactoryMode_FW
0xff8461d8,SetFactoryMode_FW
0xff846298,ClearDUIDFixFlag_FW
0xff8462d0,SetDUIDFixFlag_FW
0xff84630c,IsFactoryMode_FW
0xff84633c,IsDUIDFixFlag_FW
0xff84637c,StartFactoryModeController_FW
0xff84734c,EraseAdjustmentArea_FW
0xff847358,DumpAdjMirror_FW
0xff84737c,GetAdjTableVersion_FW
0xff8473b0,GetAdjTableMapVersion_FW
0xff8473c0,GetAdjTableValueVersion_FW
0xff8473d4,ShowDefaultAdjTableVersion_FW
0xff847490,LoadAdjustmentTable_FW
0xff8474a0,CreateAdjustmentTableMirror_FW
0xff847694,SaveAdjustmentTable_FW
0xff8476ac,SaveAdjustmentValue_FW
0xff8476d0,LoadAdjustmentValue_FW
0xff8476f4,PrintAdjTableMap_FW
0xff8478f0,RefreshAdjustmentTableMirror_FW
0xff8479fc,WRITEADJTABLETOFROM_FW
0xff847a18,AddAdjDataToFRom_FW
0xff84b07c,InitializeTestRec_FW
0xff84b0e4,TerminateTestRec_FW
0xff84b2c8,ExecuteTestRec_FW
0xff84b394,ExecuteTestRecCF_FW
0xff84b44c,Initializedccd_FW
0xff84b44c,InitializeDigicon_FW
0xff84b58c,Terminatedccd_FW
0xff84b58c,TerminateDigicon_FW
0xff84b5e0,ExecuteDigicon_FW
0xff84bc10,Executedccd_FW
0xff84bc88,GetdccdImage_FW
0xff84bd1c,GetdccdFilterValue_FW
0xff84f100,UpdateMBROnFlash
0xff84f2c0,GetDrive_ClusterSize
0xff84f2f4,GetDrive_TotalClusters
0xff84f328,GetDrive_FreeClusters
0xff84f6bc,task_FsIoNotifyTask
0xff85217c,task_SD1stInit
0xff854bdc,task_ImgPlayDrv
0xff855dac,task_RedEyeCapt
0xff856364,task_LensController
0xff857838,IsLensOutside_FW
0xff85785c,GetLensErrorStatus_FW
0xff857bf4,task_ISMainTask
0xff857f98,ISInitMotion_FW
0xff858474,StartISLocalAutoCenter_FW
0xff8584b4,StartISLocalHallAdjust_FW
0xff8586e4,GetGyroDataPitch_FW
0xff8586ec,GetGyroDataYaw_FW
0xff85870c,GetGyro10BitDACPitch_FW
0xff858714,GetGyro10BitDACYaw_FW
0xff85873c,GetGyroHPFINOffsetPitch_FW
0xff858754,GetGyroHPFINOffsetYaw_FW
0xff85876c,GetGyroHPFINPitch_FW
0xff8587c8,GetGyroHPFINYaw_FW
0xff85a004,task_MovieRecord
0xff85b240,PT_PlaySound
0xff85b674,PT_CompletePreCapt_FW
0xff85b67c,PT_RecreviewAvailable_FW
0xff85b684,PT_NextShootAvailable_FW
0xff85b68c,PT_CompleteStopZoom_FW
0xff85b694,PT_CompleteStopDigZoom_FW
0xff85b69c,PT_CompleteStoreLens_FW
0xff85b6a4,PT_MovieRecordStopped_FW
0xff85b6ac,PT_CompleteCaptModeChange_FW
0xff85b6b4,PT_CompleteSynchroWrite_FW
0xff85b6bc,PT_CompleteCharge_FW
0xff85b6c4,PT_CompleteFileWrite_FW
0xff85b6cc,PT_BatLvChange_PreWeak_FW
0xff85b6d4,PT_BatLvChange_Weak_FW
0xff85b6dc,PT_BatLvChange_Low_FW
0xff85b6e4,PT_BatLvChange_SysLow_FW
0xff85b6ec,task_PT_BatTestTask
0xff85b768,PT_StartBatteryTest_FW
0xff85b7a4,PT_FinishBatteryTest_FW
0xff85b7c0,PT_GetBatteryLevel_FW
0xff85b7d4,PT_GetPreWeakBatLv_FW
0xff85b82c,PT_GetWeakBatLv_FW
0xff85b884,PT_GetLowBatLv_FW
0xff85b8dc,PT_GetSysLowBatLv_FW
0xff85b9a8,PT_EraseAllFile_FW
0xff85b9d0,PT_mod_FW
0xff85b9f8,PT_GetSystemTime_FW
0xff85ba0c,PT_SetPropertyCaseInt_FW
0xff85ba38,PT_GetPropertyCaseInt_FW
0xff85bab0,PT_GetLocalDateAndTimeString_FW
0xff85baf4,PT_PlaySound_FW
0xff85bb10,PT_LCD_BkColorDef_FW
0xff85bb94,PT_MoveOpticalZoomToTele_FW
0xff85bba8,PT_MoveOpticalZoomToWide_FW
0xff85bbbc,PT_MoveOpticalZoomAt
0xff85bbbc,PT_MoveOpticalZoomAt_FW
0xff85bbd4,PT_MoveDigitalZoomToTele_FW
0xff85bbe4,PT_MoveDigitalZoomToWide
0xff85bbe4,PT_MoveDigitalZoomToWide_FW
0xff85bbf4,PT_MoveDigitalZoomAt_FW
0xff85bc08,PT_ChangeZoomSpeed_FW
0xff85bc1c,PT_DoAFLock_FW
0xff85bc2c,PT_UnlockAF_FW
0xff85bc3c,PT_DoAELock_FW
0xff85bc4c,PT_UnlockAE_FW
0xff85bc5c,PT_MFOn_FW
0xff85bc6c,PT_MFOff_FW
0xff85bc7c,SS.Create_FW
0xff85d2b0,task_SsStartupTask
0xff85e03c,task_CaptSeq
0xff85e03c,task_CaptSeqTask
0xff85f440,task_MovieCtrlTask
0xff8622f8,task_SsTask
0xff863870,GetLogToFile_FW
0xff863ab4,EraseLogSector_FW
0xff866118,UnLoadScript_FW
0xff8661c0,Printf_FW
0xff8661cc,LoadScript_FW
0xff866acc,LocalTime
0xff866fd0,time
0xff867080,GetTimeOfSystem_FW
0xff8672f4,ExMem.View_FW
0xff867a9c,ExMem.AllocUncacheable_FW
0xff867bdc,ExMem.FreeUncacheable_FW
0xff867bf0,exmem_alloc
0xff867c58,ExMem.AllocCacheable_FW
0xff867c68,exmem_free
0xff867d64,ExMem.FreeCacheable_FW
0xff86883c,SetHPTimerAfterNow
0xff8688bc,SetHPTimerAfterTimeout
0xff868944,CancelHPTimer
0xff8692dc,RegisterEventProcedure
0xff869408,ExecuteEventProcedure
0xff869480,ExecuteEventProcedure_FW
0xff869e40,ExportToEventProcedure_FW
0xff869e4c,CreateProxyOfEventProcedure_FW
0xff869ea4,DeleteProxyOfEventProcedure_FW
0xff86a0bc,PutsCameraLogEvent_FW
0xff86a100,ShowCameraLogInfo_FW
0xff86a16c,ShowCameraLog_FW
0xff86a1b4,StartCameraLog_FW
0xff86a378,StopCameraLog_FW
0xff86a3d8,LogCameraEvent
0xff86a764,task_OpePlay
0xff86a978,OpLog.Stop_FW
0xff86a9a4,OpLog.ReadFromROM_FW
0xff86aa24,OpLog.ReadFromSD_FW
0xff86adcc,OpLog.WriteToSD_FW
0xff86b1d4,OpLog.WriteToROM_FW
0xff86b1fc,OpLog.Get_FW
0xff86b21c,OpLog.Show_FW
0xff86b2b8,OpLog.Play_FW
0xff86b3ec,OpLog.Start_FW
0xff86bba0,task_WdtPrint
0xff86bc54,task_WdtReset
0xff86bd14,StartWDT_FW
0xff86bd78,StopWDT_FW
0xff86be68,GetBuildDate_FW
0xff86be70,GetBuildTime_FW
0xff86be78,GetFirmwareVersion_FW
0xff86bf84,CheckSumAll_FW
0xff86c174,RomCheckSum_FW
0xff86ca18,task_EvShel
0xff86cacc,NewTaskShell
0xff86cb2c,NewTaskShell_FW
0xff86cf08,SetPropertyCase
0xff86d008,GetPropertyCase
0xff871dd4,FmtMenu_ExecuteQuickFormat_FW
0xff872330,task_CtrlSrv
0xff872ab8,CreateController_FW
0xff872b74,DeleteController_FW
0xff872cf8,MoveControllerToTopOfZOrder_FW
0xff872e3c,GetSelfControllerHandle_FW
0xff873274,PostLogicalEventForNotPowerType
0xff873274,PostLogicalEventForNotPowerType_FW
0xff8732c0,PostLogicalEventToUI
0xff8732c0,PostLogicalEventToUI_FW
0xff873338,PostEventShootSeqToUI_FW
0xff87338c,ShowLogicalEventName_FW
0xff874e10,set_control_event
0xff875124,IsControlEventActive_FW
0xff875194,SetLogicalEventActive
0xff8751e4,SetScriptMode
0xff8751e4,SetScriptMode_FW
0xff87520c,UiEvnt_StartDisguiseCradleStatus_FW
0xff87521c,UiEvnt_StopDisguiseCradleStatus_FW
0xff875408,UnlockMainPower
0xff875408,UnlockMainPower_FW
0xff8754b4,LockMainPower
0xff8754b4,LockMainPower_FW
0xff875528,SetAutoShutdownTime
0xff875528,SetAutoShutdownTime_FW
0xff875700,HardwareDefectWithRestart_FW
0xff875750,HardwareDefect_FW
0xff875964,PTM_AllResetToFactorySetting_FW
0xff875974,j_PTM_AllReset_FW
0xff875cc0,PTM_SetCurrentCaptureMode_FW
0xff875dd8,j_PTM_GetWorkingCaptureMode_FW
0xff875ddc,j_PTM_SetCurrentItem_FW
0xff875de8,PTM_GetCurrentItem_FW
0xff875e54,j_PTM_NextItem_FW
0xff875e58,j_PTM_PrevItem_FW
0xff875e68,j_PTM_IsEnableItem_FW
0xff875e6c,j_PTM_SetProprietyEnable_FW
0xff875e84,j_PTM_BackupUIProperty_FW
0xff875e88,PTM_RestoreUIProperty_FW
0xff876ed4,Rec2PB
0xff8784d0,PB2Rec
0xff878f84,task_InitFileModules
0xff878fbc,task_CommonDrivers
0xff87c334,SetCurrentCaptureModeType
0xff87c334,SetCurrentCaptureModeType_FW
0xff87c370,GetCurrentCaptureModeType_FW
0xff87fda0,UIFS_StartMovieRecord_FW
0xff87fdd4,UIFS_StopMovieRecord_FW
0xff880800,task_FaceFrame
0xff880a64,task_DSITask
0xff881d10,TurnOnBackLight
0xff881d28,TurnOffBackLight
0xff88c314,UIFS_StartRecordSound_FW
0xff88c354,UIFS_StopRecordSound_FW
0xff88c414,UIFS_DeleteAllSound_FW
0xff894044,StartGUISystem_FW
0xff894184,atol_FW
0xff894190,strcat
0xff8941cc,strncmp
0xff894218,strchr
0xff89423c,strrchr
0xff8943a4,memcpy
0xff8943a4,memcpy_FW
0xff894618,strftime
0xff894c10,mktime_ext
0xff899048,task_WBIntegTask
0xff89dff4,task_AfIntSrvTask
0xff8ab750,task_BrtMsrTask
0xff8b323c,ExpCtrlTool.SetExpMode_FW
0xff8b6864,task_ExpDrv
0xff8b6864,task_ExpDrvTask
0xff8b97a8,task_WBCtrl
0xff8ba6c8,task_OBCtrlTask
0xff8bb674,task_DetectMoveTask
0xff8bd2a4,task_DevelopModule
0xff8bd73c,task_EFChargeT
0xff8bda04,EF.IsChargeFull_FW
0xff8bda04,IsStrobeChargeCompleted
0xff8c00f8,E2LatOn_FW
0xff8c1124,task_SsgMainTask
0xff8c1348,task_SsgPeriodTask
0xff8c4aa4,task_TgTask
0xff8c8464,LiveImageTool.GetDzoomPosition_FW
0xff8c8598,GetVRAMHPixelsSize
0xff8c85a4,GetVRAMVPixelsSize
0xff8c8b2c,task_PrcssFil
0xff8c9670,task_SyncPeriod
0xff8c96f8,task_SynchTask
0xff8cb6b8,task_SesnMngr
0xff8cc1d8,task_TimerUtility
0xff8cc8cc,COMFACHK_StartService_FW
0xff8cc91c,COMFACHK_StopService_FW
0xff8cc9bc,COMFACHK_StartSendData_FW
0xff8cc9f8,COMFACHK_StartSendLargeData_FW
0xff8cca5c,COMFACHK_GetTransferTime_FW
0xff8ccabc,COMFACHK_SetSendDataSize_FW
0xff8d5f80,task_PreLoadTask
0xff8da6b4,task_TrnsCtrlTask
0xff8dd0b4,task_RapiRevr
0xff8df3d0,j_InitializeDCPClassFunctions_FW
0xff8df710,InitializeDCPClassFunctions_FW
0xff8eb59c,LcdCon_SetLcdDriver_FW
0xff8eb5f0,LcdCon_SetLcdAdjParameter_FW
0xff8eb690,LcdCon_GetLcdAdjParameter_FW
0xff8eb6d8,LcdCon_ShowLcdAdjParameter_FW
0xff8eb718,LcdCon_SaveLcdAdjParameter_FW
0xff8eb734,LcdCon_SetLcdParameter_FW
0xff8eb8a0,LcdCon_GetLcdParameter_FW
0xff8eb8e8,LcdCon_ShowLcdParameter_FW
0xff8eb928,LcdCon_SaveLcdParameter_FW
0xff8eb9e8,LcdCon_SetLcdBackLightBrightness_FW
0xff8eba18,LcdCon_SetLcdBackLightParameter_FW
0xff8eba70,LcdCon_GetLcdBackLightParameter_FW
0xff8ebab4,LcdCon_ShowLcdBackLightParameter_FW
0xff8ebaf4,LcdCon_SaveLcdBackLightParameter_FW
0xff8f54f8,task_Fencing
0xff8fe75c,LoadParamDataFromAdjTableBin_FW
0xff8fe860,LoadDataFromAdjTableBin_FW
0xff8fe95c,DeviceUniqueIDCheckSum_FW
0xff8febb0,PrintFirmVersion_FW
0xff8febe4,PrintFaexeVersioin_FW
0xff8febf4,CreateFADBGSingalID_FW
0xff8fec04,FADBGSingal_FW
0xff8feca4,FADBGPrintf_FW
0xff8fee24,FAPrintf_FW
0xff8fee74,OutputLogToFile_FW
0xff8fef80,StopLogOut_FW
0xff8ff17c,GetLogData_FW
0xff8ff238,GetLogDataOnlyAddMemory_FW
0xff8ff2b0,ActivateAdjLog_FW
0xff8ff2c4,InactivateAdjLog_FW
0xff8ff2d8,StartLogOut_FW
0xff8ff2f0,IsLogOutType_FW
0xff9013a0,SetDefaultRecParameter_FW
0xff9016c8,SetSensitiveDefectRecParameter_FW
0xff9016d8,SetSensitiveRecParameter_FW
0xff9016e4,SetDefectRecParameter_FW
0xff901998,EnableDebugLogMode_FW
0xff9019ac,DisableDebugLogMode_FW
0xff908638,task_FolderCreateCheckTask
0xff908e80,task_MetaCtg
0xff90f72c,task_DPOFTask
0xff918080,task_FORMAT_TASK_PROGRESS
0xff918180,task_FORMAT_TASK_NAME
0xff9227e0,WriteSDCard
0xff927a5c,task_ImgEdt
0xff9283e8,task_ImgTrim
0xff92a300,task_RedEyePly
0xff92d6e0,task_CZ
0xff92ec40,GetFocusLensSubjectDistance
0xff92ef4c,GetFocusLensSubjectDistanceFromLens
0xff92fb48,GetCurrentAvValue
0xff92fb48,GetIrisAv_FW
0xff93032c,GetZoomPiSensorLevel_FW
0xff930374,GetFocusPiSensorLevel_FW
0xff930ee4,GetMechaShutterStatus_FW
0xff932dc4,GetZoomLensCurrentPosition_FW
0xff932dec,GetZoomLensCurrentPoint
0xff932dec,GetZoomLensCurrentPoint_FW
0xff9331a8,GetZoomLensTelePoint_FW
0xff933750,GetZoomLensMechaEdgePosition_FW
0xff933d1c,task_ISComTask
0xff9361cc,task_MoviePlay
0xff937f98,task_AviWrite
0xff93a168,MechaUnRegisterEventProcedure_FW
0xff93a1a8,Mecha.Create_FW
0xff93a200,MechaReset_FW
0xff93a20c,MechaTerminate_FW
0xff93a218,ShowMechaMacro_FW
0xff93a300,DispDev_EnableEventProc_FW
0xff93a340,SetSDPwrPort_FW
0xff93a36c,j_GetAdVBattBottom_FW
0xff93a370,j_GetAdChValue_FW
0xff93a374,j_BeepDrive_FW
0xff93a378,j_VbattGet_FW
0xff93a37c,j_LEDDrive_FW
0xff93a380,ShowPhySwStatus_FW
0xff93a390,SetRawSWCheckMode_FW
0xff93a3a0,OnPrintPhySw_FW
0xff93a3b0,OffPrintPhySw_FW
0xff93a3c0,j_GetSwitchStatus_FW
0xff93a3c4,ShowSDStatus_FW
0xff93a3d4,j_GetSDDetect_FW
0xff93a3d8,j_GetSDProtect_FW
0xff93a3dc,SetIgnoreAVJACK_FW
0xff93a3ec,j_GetDialEventId_FW
0xff93a3f0,Driver.Create_FW
0xff93a3f0,Driver_EnableEventProc_FW
0xff93a600,j_Printf_FW
0xff93a604,j_MonSelEvent_FW
0xff93a608,j_MemoryChecker_FW
0xff93a60c,j_VerifyByte_FW
0xff93a610,EraseSignature_FW
0xff93a620,j_SDump_FW
0xff93a624,Dump_FW
0xff93a634,Dump32_FW
0xff93a648,Poke32_FW
0xff93a658,Poke16_FW
0xff93a668,Poke8_FW
0xff93a678,j_Peek32_FW
0xff93a67c,j_Peek16_FW
0xff93a680,j_Peek8_FW
0xff93a684,Wait_FW
0xff93a694,j_exec_FW
0xff93a698,ShowAllTaskInfo_FW
0xff93a6a8,System.Delete_FW
0xff93ad38,System.Create_FW
0xff93ad38,SystemEventInit_FW
0xff93af80,UI_ShowStateOfRecMode_FW
0xff93b080,UIFS_SetDialStillRec_FW
0xff93b0c0,UIFS_SetDialMovieRec_FW
0xff93b0e8,UIFS_SetDialPlay_FW
0xff93b10c,UIFS_OpenPopupStrobe_FW
0xff93b13c,UIFS_ClosePopupStrobe_FW
0xff93b16c,UIFS_MountExtFlash_FW
0xff93b19c,UIFS_UnmountExtFlash_FW
0xff93b1cc,UIFS_PressTeleButton_FW
0xff93b208,UIFS_UnpressTeleButton_FW
0xff93b240,UIFS_PressWideButton_FW
0xff93b27c,UIFS_UnpressWideButton_FW
0xff93b2b4,UIFS_ConnectVideo_FW
0xff93b2e4,UIFS_DisconnectVideo_FW
0xff93b314,j_UIFS_MoveZoomTo_FW
0xff93b318,UIFS_StopPostingUIEvent_FW
0xff93b31c,UIFS_RestartPostingUIEvent_FW
0xff93b320,UIFS_SetCaptureModeToP_FW
0xff93b354,UIFS_SetCaptureModeToTv_FW
0xff93b388,UIFS_SetCaptureModeToM_FW
0xff93b3bc,UIFS_SetCaptureModeToMacro_FW
0xff93b3c4,UIFS_SetCaptureModeToISO3200_FW
0xff93b3e4,j_UIFS_Capture_FW
0xff93b3e8,j_UIFS_CaptureNoneStop_FW
0xff93b3ec,j_UIFS_StartMovieRecord_FW
0xff93b3f0,j_UIFS_StopMovieRecord_FW
0xff93b3f4,StartClockMode_FW
0xff93b3f4,UIFS_StartClockMode_FW
0xff93b404,EndClockMode_FW
0xff93b404,UIFS_EndClockMode_FW
0xff93b414,j_UIFS_StartRecordSound_FW
0xff93b418,j_UIFS_StopRecordSound_FW
0xff93b41c,j_UIFS_DeleteAllSound_FW
0xff93b420,UIFS_SetCradleSetting_FW
0xff93b424,j_UIFS_WriteFirmInfoToFile_FW
0xff93b428,UIFS_GetMovieRecoadableNumber_FW
0xff93b470,UIFS_GetStillShotableNumber_FW
0xff93bdf8,UI.Create_FW
0xff93bdf8,UI_RegistDebugEventProc_FW
0xff93bf04,InitializeAdjustmentSystem_FW
0xff93bf3c,TerminateAdjustmentSystem_FW
0xff93bf74,InitializeAdjustmentFunction_FW
0xff93bf9c,FA.Delete_FW
0xff93bfb0,FA.Create_FW
0xff93bfd4,DispDev.Create_FW
0xff93c044,Capture.Create_FW
0xff93c084,EngineDriver.Create_FW
0xff93e730,task_DvlpSeqTask
0xff93ecf8,NR_SetDarkSubType
0xff93ecf8,NR_SetDarkSubType_FW
0xff93ed40,NR_SetDefectCorrectType_FW
0xff93ed6c,NR_GetDarkSubType
0xff93ed6c,NR_GetDarkSubType_FW
0xff93edac,NR_GetDefectCorrectType_FW
0xff93edec,NR_SetLotasPonyType_FW
0xff94040c,task_SoundRecord
0xff940da8,task_SoundPlay
0xff9413fc,task_WavRead
0xff941dd4,task_WavWrite
0xff942b98,WriteToRom_FW
0xff942c48,EraseSectorOfRom_FW
0xff95012c,StartPlayModeMenu_FW
0xff950194,StartRecModeMenu
0xff950194,StartRecModeMenu_FW
0xff95022c,ShutdownRecModeMenu_FW
0xff9502f0,ShutdownPlayModeMenu_FW
0xff9503a8,ShutdownPlayModeMenuWithoutPbRedraw_FW
0xff9510f4,UIFS_WriteFirmInfoToFile
0xff9510f4,UIFS_WriteFirmInfoToFile_FW
0xff952a1c,ShowLanguageNameList_FW
0xff952a48,SaveLanguageNameList_FW
0xff952a4c,RegisterLanguageName_FW
0xff952b0c,DeleteLanguageMenu_FW
0xff952f80,CreateLanguageMenu_FW
0xff95cb78,PTM_AllReset_FW
0xff95cedc,PTM_GetWorkingCaptureMode_FW
0xff95cef4,PTM_SetCurrentItem_FW
0xff95d28c,PTM_NextItem_FW
0xff95d294,PTM_PrevItem_FW
0xff95d590,PTM_SetProprietyEnable_FW
0xff95d7d8,PTM_IsEnableItem_FW
0xff95d8a4,PTM_BackupUIProperty_FW
0xff95d8a4,SetParameterData
0xff95d934,GetParameterData
0xff95dcb4,ExecuteResetFactoryWithRomWrite_FW
0xff9623bc,UIFS_Capture_FW
0xff9624c4,UIFS_CaptureNoneStop_FW
0xff962ed0,UnsetZoomForMovie
0xff963488,UIFS_MoveZoomTo_FW
0xff9b12e8,RefreshPhysicalScreen
0xff9b169c,memset
0xff9b169c,memset_FW
0xff9b1ba4,qsort
0xff9b1be0,sscanf_FW
0xff9b2824,apex2us
0xff9b6d30,AFTool.GetEVal_FW
0xff9ba800,task_ExpDrvSubTask
0xff9ccd4c,ChangeGradeTable_FW
0xff9ccd60,PointDefDetect_FW
0xff9ccef4,PointKizuCheck_FW
0xff9ccf58,GetDefectCount_FW
0xff9cdb10,DevelopTool.DevelopTest_FW
0xff9d331c,task_CntFlashTask
0xff9d4788,EF.StartEFCharge_FW
0xff9d47d8,EF.StopEFCharge_FW
0xff9d47e8,EF.SetEFChargeTimeOut_FW
0xff9d47fc,EF.StartInternalPreFlash_FW
0xff9d4838,EF.StartInternalMainFlash_FW
0xff9d48c0,EF.SetMainFlashTime_FW
0xff9d48d4,j_EF.IsChargeFull_FW
0xff9d48d8,EF.AdjPreFlash_FW
0xff9d491c,EF.SetChargeMode_FW
0xff9d4930,EF.SetFlashTime_FW
0xff9d5c5c,ActivateImager_FW
0xff9d5ce8,ActivateImagerXOne_FW
0xff9d5db8,QuietImager_FW
0xff9d5e40,CancelImager_FW
0xff9d5e64,ChangeImagerToWholeParallel_FW
0xff9d5e80,ChangeImagerToWholeParallelBP_FW
0xff9d5e9c,ChangeImagerToWideDraft_FW
0xff9d5ea4,ChangeImagerToFocusJet_FW
0xff9d5eac,ChangeImagerToMangoPudding_FW
0xff9d5eb4,ChangeImagerToSuperWideDraft_FW
0xff9d5ebc,ChangeImagerToJetDraft_FW
0xff9d5ec4,ChangeImagerToJumboDraft_FW
0xff9d5ecc,ChangeImagerToHoneyFlash_FW
0xff9d5ed4,ChangeImagerToMillefeAdjust_FW
0xff9d5edc,ChangeImagerToDigiconMode_FW
0xff9d5edc,ChangeImagerToOITA_XAVIER_FW
0xff9d5ee4,ChangeImagerToAlternateDraft_FW
0xff9d5eec,ChangeImagerToUltraGhostQ_FW
0xff9d5ef4,ChangeImagerToMontblancWhole_FW
0xff9d5efc,ChangeImagerToMontblancMillefe_FW
0xff9d5f08,j_E2LatOn_FW
0xff9d9e50,LiveImageTool.StartEVF_FW
0xff9d9ecc,LiveImageTool.StartEVFFocusJet_FW
0xff9d9f48,LiveImageTool.StartEVFMF_FW
0xff9d9fdc,LiveImageTool.StartEVFMovVGA_FW
0xff9da0b0,LiveImageTool.StartEVFMovQVGA60_FW
0xff9da16c,LiveImageTool.StartEVFMovQVGA_FW
0xff9da228,LiveImageTool.StartEVFMovQQVGA_FW
0xff9da2e4,LiveImageTool.StartEVFMovXGA_FW
0xff9da39c,LiveImageTool.StartEVFMovHD_FW
0xff9da454,LiveImageTool.StopEVF_FW
0xff9da464,LiveImageTool.StartMjpegMaking_FW
0xff9da484,LiveImageTool.StopMjpegMaking_FW
0xff9da494,LiveImageTool.DzoomTele_FW
0xff9da4b4,LiveImageTool.DzoomWide_FW
0xff9da4d4,LiveImageTool.StopDzoom_FW
0xff9da4e4,LiveImageTool.Pause_FW
0xff9da4f4,LiveImageTool.Resume_FW
0xff9da504,LiveImageTool.ChangeDzoom_FW
0xff9da574,j_LiveImageTool.GetDzoomPosition_FW
0xff9da578,LiveImageTool.Jump_FW
0xff9e0c4c,task_DirectOpEventQueueMngr
0xff9e1b24,add_ptp_handler
0xff9e41c8,task_SelectThumbCache
0xff9ea444,task_DCPClassTask
0xff9f57c8,EngDrvOut_FW
0xff9f57e4,EngDrvIn_FW
0xff9f57ec,EngDrvRead_FW
0xff9f57f4,EngDrvBits_FW
0xff9f5818,EngDrvReadDump_FW
0xff9faa34,ShowTransparentMemory_FW
0xff9faa54,DumpTransparentMemoryItem_FW
0xff9faa94,AddTransparentMemory_FW
0xff9faacc,AttachToTransparentMemory_FW
0xff9fab04,RemoveTransparentMemory_FW
0xff9fab24,GetTransparentMemorySize_FW
0xff9fab38,GetTransparentMemory_FW
0xff9fab7c,GetTransparentMemoryPosition_FW
0xff9faff8,FreeBufferForSoundRec_FW
0xff9fb074,StartSoundRecord_FW
0xff9fb0ac,StartSoundPlay_FW
0xff9fb0f4,InitializeSoundRec_FW
0xff9fb128,TerminateSoundRec_FW
0xffa0f410,task_FileScheduleTask
0xffa10248,task_FileWrite
0xffa10248,task_FileWriteTask
0xffa1157c,task_ReadScheduleTask
0xffa1346c,OpenFastDir
0xffa13500,ReadFastDir
0xffa135d0,closedir
0xffa17534,task_FilYuvMaker
0xffa18594,task_DecJpgRd
0xffa1af00,reboot_fw_update
0xffa1cccc,task_FocusEvent
0xffa1ee78,GetFocusLensResetPosition_FW
0xffa1ee88,GetFocusLensResetDefaultPosition_FW
0xffa1f604,GetFocusLensCurrentPosition_FW
0xffa1fa40,GetFocusLensDriveVoltage_FW
0xffa1fabc,GetFocusLensSettingWaitVoltage_FW
0xffa1fb08,GetFocusLensHoldVoltage_FW
0xffa2109c,task_MechaShutter
0xffa21a00,task_Nd
0xffa228f8,task_ZoomEvent
0xffa230b0,IsZoomActuatorResetSensorPlusSide_FW
0xffa23644,MoveZoomActuator_FW
0xffa23684,SetZoomActuatorSpeedPPS_FW
0xffa236a0,GetZoomActuatorSpeedPPS_FW
0xffa236ac,j_GetZoomActuatorCurrentPosition_FW
0xffa236b0,j_IsZoomActuatorResetSensorPlusSide_FW
0xffa236b4,GetZoomActuatorCurrentPosition_FW
0xffa244d8,GetZoomLensCurrentPosition
0xffa25ca0,task_AviRead
0xffa28f58,task_AviEdit
0xffa29bfc,MoveCZToPoint_FW
0xffa29c34,MoveCZToWide_FW
0xffa29c64,MoveCZToTele_FW
0xffa29d18,ResetFocusLens
0xffa29d18,ResetFocusLens_FW
0xffa29d74,EscapeFocusLens_FW
0xffa29dec,MoveFocusLensToTerminate_FW
0xffa29e48,MoveFocusLensWithDistance_FW
0xffa29f54,MoveFocusLensWithPosition_FW
0xffa2a068,MoveFocusLensWithPositionWithoutBacklash_FW
0xffa2a17c,MoveFocusActuator_FW
0xffa2a238,SetFocusLensSpeed_FW
0xffa2a264,SetFocusLensSpeedTable_FW
0xffa2a320,SetFocusLensDefaultPullOutTable_FW
0xffa2a334,SetFocusLensCondition_FW
0xffa2a464,ShowFocusLensCurrentSpeedTable_FW
0xffa2a4d8,SetFocusLensMaxSpeedLimit_FW
0xffa2a4e8,CancelFocusLensMaxSpeedLimit_FW
0xffa2a4f8,EnableFocusLens_FW
0xffa2a544,DisableFocusLens_FW
0xffa2a590,EnableFocusLensGainLockWithVoltage_FW
0xffa2a5c4,DisableFocusLensGainLock_FW
0xffa2a5d4,EnableFocusLensWaveLock_FW
0xffa2a5f0,DisableFocusLensWaveLock_FW
0xffa2a600,j_GetFocusLensCurrentPosition_FW
0xffa2a604,j_GetFocusLensResetPosition_FW
0xffa2a608,j_GetFocusLensResetDefaultPosition_FW
0xffa2a60c,GetFocusLensSubjectDistance_FW
0xffa2a628,GetFocusLensSubjectDistanceNumber_FW
0xffa2a630,GetFocusLensPositionRatio_FW
0xffa2a638,GetFocusLensLoadSubjectDistance_FW
0xffa2a6a0,ChangeFocusDistanceToPosition_FW
0xffa2a6a8,GetFocusLensLoadCamTable_FW
0xffa2a6d8,j_GetFocusLensDriveVoltage_FW
0xffa2a6dc,SetFocusLensDriveVoltage_FW
0xffa2a714,j_GetFocusLensSettingWaitVoltage_FW
0xffa2a718,SetFocusLensSettingWaitVoltage_FW
0xffa2a750,j_GetFocusLensHoldVoltage_FW
0xffa2a754,SetFocusLensHoldVoltage_FW
0xffa2a78c,j_GetFocusLensResetVoltage_FW
0xffa2a790,GetFocusLensMoveMaxPosition_FW
0xffa2a7a8,GetFocusLensMoveMinPosition_FW
0xffa2a80c,ResetIris_FW
0xffa2a830,MoveIrisToTerminatePosition_FW
0xffa2a838,MoveIrisWithAv
0xffa2a838,MoveIrisWithAv_FW
0xffa2a860,MoveIrisWithAvWithoutBacklash_FW
0xffa2a888,j_GetIrisAv_FW
0xffa2a8e4,MoveLensToFirstPoint_FW
0xffa2a92c,MoveLensToTerminatePoint_FW
0xffa2a964,j_IsLensOutside_FW
0xffa2a968,j_GetLensErrorStatus_FW
0xffa2a988,EnableMechaCircuit_FW
0xffa2a998,DisableMechaCircuit_FW
0xffa2a9a8,EnableFocusPiCircuit_FW
0xffa2a9b8,DisableFocusPiCircuit_FW
0xffa2a9c8,j_GetFocusPiSensorLevel_FW
0xffa2a9cc,EnableZoomPiCircuit_FW
0xffa2a9dc,DisableZoomPiCircuit_FW
0xffa2a9ec,j_GetZoomPiSensorLevel_FW
0xffa2a9f0,EnableZoomEncoderCircuit_FW
0xffa2aa00,DisableZoomEncoderCircuit_FW
0xffa2aa10,SendMechaCircuitData_FW
0xffa2aa34,ReceiveMechaCircuitDataAll_FW
0xffa2ab2c,CloseMechaShutterWithTiming_FW
0xffa2ab9c,SetMechaShutterWaitTimeSetting_FW
0xffa2abb0,j_GetMechaShutterStatus_FW
0xffa838f8,PutInNdFilter,(stubs_entry_2.s)
0xffa8392c,PutOutNdFilter,(stubs_entry_2.s)
0xffa2ac68,SetNdDacSetting_FW
0xffa2ac8c,EnableZoomLensEncoderPowerControl_FW
0xffa2ac9c,DisableZoomLensEncoderPowerControl_FW
0xffa2ad10,ResetZoomLens
0xffa2ad10,ResetZoomLens_FW
0xffa2ad3c,ResetZoomLensToFirst_FW
0xffa2ad7c,ResetZoomLensToTermiante_FW
0xffa2adbc,MoveZoomLensWithPoint
0xffa2adbc,MoveZoomLensWithPoint_FW
0xffa2ae00,MoveZoomLensWithPosition_FW
0xffa2ae44,MoveZoomLensToTerminatePosition_FW
0xffa2ae84,MoveZoomLensToMechaEdge_FW
0xffa2aeec,SetZoomLensSpeedMode_FW
0xffa2aef4,j_GetZoomLensCurrentPoint_FW
0xffa2af1c,j_GetZoomLensCurrentPosition_FW
0xffa2af20,j_GetZoomLensTelePoint_FW
0xffa2af24,j_GetZoomLensMechaEdgePosition_FW
0xffa2af28,ISAutoCenter_FW
0xffa2af38,StartISLocalAdjust_FW
0xffa2af48,j_StartISLocalHallAdjust_FW
0xffa2af4c,j_StartISLocalAutoCenter_FW
0xffa2af50,ISMoveToMechaEdgeOPEN_FW
0xffa2af64,ISChangeOPENtoCLOSE_FW
0xffa2af74,SetISDriveAaxis_FW
0xffa2af88,SetISDriveBaxis_FW
0xffa2af9c,SetISHallOffsetAaxis_FW
0xffa2afb0,SetISHallOffsetBaxis_FW
0xffa2afc4,SetISHallGainAaxis_FW
0xffa2afd8,SetISHallGainBaxis_FW
0xffa2afec,SetISGyroGainAaxis_FW
0xffa2b000,SetISGyroGainBaxis_FW
0xffa2b014,GetISDriveAaxis_FW
0xffa2b034,GetISDriveBaxis_FW
0xffa2b054,GetISPositionAaxis_FW
0xffa2b074,GetISPositionBaxis_FW
0xffa2b094,GetISHallOffsetAaxis_FW
0xffa2b0b4,GetISHallOffsetBaxis_FW
0xffa2b0d4,GetISHallGainAaxis_FW
0xffa2b0f4,GetISHallGainBaxis_FW
0xffa2b114,GetISGyroGainAaxis_FW
0xffa2b134,GetISGyroGainBaxis_FW
0xffa2b154,j_GetGyroDataPitch_FW
0xffa2b158,j_GetGyroDataYaw_FW
0xffa2b15c,SetGyro10BitDACPitch_FW
0xffa2b170,SetGyro10BitDACYaw_FW
0xffa2b184,j_GetGyro10BitDACPitch_FW
0xffa2b188,j_GetGyro10BitDACYaw_FW
0xffa2b18c,SetGyroHPFINOffsetPitch_FW
0xffa2b1a0,SetGyroHPFINOffsetYaw_FW
0xffa2b1b4,j_GetGyroHPFINOffsetPitch_FW
0xffa2b1b8,j_GetGyroHPFINOffsetYaw_FW
0xffa2b1bc,j_GetGyroHPFINPitch_FW
0xffa2b1c0,j_GetGyroHPFINYaw_FW
0xffa2b1c4,SetISTuningFlag_FW
0xffa2b1e0,SetGyroFilterChargeStart_FW
0xffa2b1f4,SetGyroFilterChargeStop_FW
0xffa2b2f8,GetISFirmVersion_FW
0xffa2b320,GetISParamVersion_FW
0xffa2b348,SetZoomPosition_FW
0xffa2b35c,ISControlStart_FW
0xffa2b36c,ISControlStop_FW
0xffa2b37c,ISPanModeStart_FW
0xffa2b38c,ISPanModeStop_FW
0xffa2b39c,SelectPositionSignal_FW
0xffa2b3b0,ClearISIComponent_FW
0xffa2b3c0,SetISHPFCutoff_FW
0xffa2b3d4,ClearISZData_FW
0xffa2b3e4,GetISHallOut1Amp_FW
0xffa2b408,ISMDStart_FW
0xffa2b418,ISMDStop_FW
0xffa2b428,StartImStEventProc_FW
0xffa2c108,task_CreateHeaderTask
0xffa2dbd4,MemoryChecker_FW
0xffa2dc68,VerifyByte_FW
0xffa2e208,SDump_FW
0xffa2e428,FreeMemory
0xffa2e428,FreeMemory_FW
0xffa2e430,AllocateMemory
0xffa2e430,AllocateMemory_FW
0xffa2e450,Peek32_FW
0xffa2e458,Peek16_FW
0xffa2e460,Peek8_FW
0xffa2e488,GetSystemTime
0xffa2e488,GetSystemTime_FW
0xffa2e49c,exec_FW
0xffa2e510,MonSelEvent_FW
0xffa2eba4,MakeBootDisk_FW
0xffa2ebb8,MakeScriptDisk_FW
0xffa2ebcc,AdditionAgentRAM_FW
0xffa32398,StartTransferOrderMenu_FW
0xffa4b098,StartDirectTransferManager_FW
0xffa4bc4c,StoptDtConfirmMenu_FW
0xffa4bd94,StartDtConfirmMenu_FW
0xffa61d50,LCDMsg_Move_FW
0xffa61d90,LCDMsg_Delete_FW
0xffa62094,LCDMsg_Create_FW
0xffa62144,LCDMsg_SwDisp_FW
0xffa62194,LCDMsg_SetNum_FW
0xffa621a4,LCDMsg_SetStr_FW
0xffa62278,LCDMsg_ChangeColor_FW
0xffa85638,MoveFocusLensToDistance
0xffa87d0c,SetAE_ShutterSpeed
0xffa89d68,SavePaletteData
0xffa8b418,CreateJumptable
0xffa984e0,task_ReadFileTask
0xffa9b154,task_EffctDrv
0xffa9cb64,MoveDCMotorCW_FW
0xffa9cbd4,MoveDCMotorCCW_FW
0xffa9d75c,GetFocusLensResetVoltage_FW
0xffaa28b8,StartDtExecuteMenu_FW
0xffaadbd0,_log10
0xffaadd40,_pow
0xffaaec8c,_log
0xffab00ac,_sqrt
