0x0068a7bc,RegisterInterruptHandler
0x0068a7e0,UnregisterInterruptHandler
0x0068a7f8,GetSRAndDisableInterrupt
0x0068a7fc,SetSR
0x0068a81c,EnableInterrupt
0x0068a824,CreateBinarySemaphore
0x0068a88c,CreateCountingSemaphore
0x0068a88c,CreateCountingSemaphore_FW
0x0068a8e4,DeleteSemaphore
0x0068a8e4,DeleteSemaphore_FW
0x0068a93c,TryTakeSemaphore
0x0068a990,TakeSemaphore
0x0068a990,TakeSemaphore_FW
0x0068aa60,GiveSemaphore
0x0068aa60,GiveSemaphore_FW
0x0068aa98,GetSemaphoreValue
0x0068ab00,CreateTask
0x0068ab00,CreateTask_FW
0x0068ad90,ExitTask
0x0068ad90,ExitTask_FW
0x0068add8,CreateTaskStrictly
0x0068ae0c,CreateMessageQueueStrictly
0x0068ae30,CreateEventFlagStrictly
0x0068ae54,CreateBinarySemaphoreStrictly
0x0068ae78,CreateCountingSemaphoreStrictly
0x0068ae9c,CreateRecursiveLockStrictly
0x0068aec0,TakeSemaphoreStrictly
0x0068aeec,ReceiveMessageQueueStrictly
0x0068af18,PostMessageQueueStrictly
0x0068af44,WaitForAnyEventFlagStrictly
0x0068af70,WaitForAllEventFlagStrictly
0x0068af9c,AcquireRecursiveLockStrictly
0x0068afd8,DebugAssert
0x0068b678,CreateEventFlag
0x0068b6d0,DeleteEventFlag
0x0068b720,CheckAnyEventFlag
0x0068b768,CheckAllEventFlag
0x0068b7b0,WaitForAnyEventFlag
0x0068b894,WaitForAllEventFlag
0x0068b954,SetEventFlag
0x0068b988,ClearEventFlag
0x0068b9c0,GetEventFlagValue
0x0068bad0,CreateMessageQueue
0x0068bb54,DeleteMessageQueue
0x0068bbe4,ReceiveMessageQueue
0x0068bcac,TryReceiveMessageQueue
0x0068bd30,PostMessageQueue
0x0068bde8,TryPostMessageQueue
0x0068be28,GetNumberOfPostedMessages
0x0068be94,CreateRecursiveLock
0x0068bee4,DeleteRecursiveLock
0x0068bf34,AcquireRecursiveLock
0x0068c054,ReleaseRecursiveLock
0x0068c2e8,SleepTask
0x0068c2e8,SleepTask_FW
0x0068f2f4,LocalTime
0x0068f8d0,time
0x0068f980,GetTimeOfSystem_FW
0x00690ce0,_log
0x00691220,_log10
0x00691398,_pow
0x00693038,_sqrt
0xff000dfc,memShow_FW
0xff002d60,strncpy
0xff002d9c,strncmp
0xff002de8,strchr
0xff002e0c,strrchr
0xff002e34,strlen
0xff002e34,strlen_FW
0xff002f1c,malloc
0xff002f74,free
0xff0042fc,drysh_FW
0xff004378,err_init_task
0xff0044c8,task_ClockSave
0xff0052d0,GetMemInfo
0xff005b38,open
0xff005be8,close
0xff005d8c,Read
0xff005d8c,read
0xff005d8c,Read_FW
0xff00a8b0,RotateConsoleZOder_FW
0xff00aac0,CPrintf_FW
0xff00ab18,CPutChar_FW
0xff00ab40,GetCh_FW
0xff00ab90,GetStringWithPrompt_FW
0xff00ac30,OpenConsole_FW
0xff00ad5c,CloseConsole_FW
0xff00b130,task_Startup
0xff00b2ec,_uartr_req
0xff00b37c,task_UartLog
0xff00b520,StartRedirectUART_FW
0xff00b634,StopRedirectUART_FW
0xff00b794,sprintf_FW
0xff00b7d8,vsprintf
0xff00b928,strcpy
0xff00b928,strcpy_FW
0xff00b940,memcmp
0xff00b940,memcmp_FW
0xff00ba3c,j_strcmp_FW
0xff00ba3c,strcmp
0xff00ba64,strcmp_FW
0xff01c9fc,task_BatteryTask
0xff01d094,GetVBatVoltage_FW
0xff01d094,VbattGet
0xff01d094,VbattGet_FW
0xff01e0a0,kbd_p2_f
0xff01e404,task_PhySw
0xff01e798,GetSwitchStatus_FW
0xff01e804,GetSDDetect_FW
0xff01e80c,GetSDProtect
0xff01e80c,GetSDProtect_FW
0xff01e830,GetDialEventId_FW
0xff01e834,GetLcdPosition_FW
0xff01e83c,GetBatteryCoverClose_FW
0xff01e844,IsHvSensorExist_FW
0xff01e84c,kbd_read_keys
0xff01e89c,kbd_p1_f
0xff01e8a8,kbd_p1_f_cont
0xff01f6b8,EngDrvOut
0xff01f6d0,EngDrvIn
0xff01f6d8,EngDrvRead
0xff01f6ec,EngDrvBits
0xff01f910,DisplayFactoryMode_FW
0xff01f91c,UndisplayFactoryMode_FW
0xff01fce4,SetDurianMode_FW
0xff01fd24,ClearDurianMode_FW
0xff01fd24,ClearFactoryMode_FW
0xff01fd64,SetFactoryMode_FW
0xff01fda4,ClearDUIDFixFlag_FW
0xff01fddc,SetDUIDFixFlag_FW
0xff01fed0,ClearFactoryMasterFlag_FW
0xff01fedc,SetFactoryMasterFlag_FW
0xff01fee8,ClearFactoryMasterROMProtection_FW
0xff01ff0c,SetFactoryMasterROMProtection_FW
0xff01ff30,IsFactoryMode_FW
0xff01ff98,IsDUIDFixFlag_FW
0xff01ffe0,IsNormalCameraMode_FW
0xff01fff8,StartFactoryModeController_FW
0xff020848,RenameFile_Fut
0xff0208dc,DeleteFile_Fut,(stubs_entry_2.s)
0xff020950,DeleteDirectory_Fut
0xff0209a8,Fopen_Fut
0xff0209a8,Fopen_Fut_FW
0xff0209e8,Fclose_Fut
0xff0209e8,Fclose_Fut_FW
0xff020a94,Fread_Fut
0xff020a94,Fread_Fut_FW
0xff020ae8,Fwrite_Fut
0xff020ae8,Fwrite_Fut_FW
0xff020b3c,Fgets_Fut
0xff020b88,Fseek_Fut
0xff020b88,Fseek_Fut_FW
0xff020bd4,Feof_Fut
0xff020c10,Fflush_Fut
0xff020e88,Open
0xff020e88,Open_FW
0xff020f50,Close
0xff020f50,Close_FW
0xff020fa4,Write
0xff020fa4,write
0xff020fa4,Write_FW
0xff021030,j_Open_FW
0xff021034,j_Close_FW
0xff021168,j_Read_FW
0xff02116c,j_Write_FW
0xff0211cc,Lseek
0xff0211cc,lseek
0xff0211cc,Lseek_FW
0xff0211ec,OpenForScrip_FW
0xff021214,stat
0xff021370,SetFileTimeStamp
0xff0213e8,SetFileAttributes
0xff021480,mkdir
0xff02174c,j_StartCameraLog_FW
0xff021750,j_ShowCameraLog_FW
0xff021754,j_ShowCameraLogInfo_FW
0xff021758,j_StopCameraLog_FW
0xff02175c,j_PutsCameraLogEvent_FW
0xff021760,OpLog.Create_FW
0xff0217dc,j_NewTaskShell_FW
0xff0217e0,j_ExMem.View_FW
0xff0217e4,j_ExMem.AllocUncacheable_FW
0xff0217e8,j_ExMem.FreeUncacheable_FW
0xff0217ec,j_ExMem.AllocCacheable_FW
0xff0217f0,j_ExMem.FreeCacheable_FW
0xff0217f4,ExMem_FW
0xff022754,PT_GetDigitalZoomPosition_FW
0xff0229e8,DoAFLock
0xff022a20,UnlockAF
0xff022c4c,EnterToCompensationEVF
0xff022c90,ExitFromCompensationEVF
0xff022ce4,DoAELock
0xff022d08,UnlockAE
0xff02463c,AllocateUncacheableMemory
0xff02467c,FreeUncacheableMemory
0xff0248d8,_GetSystemTime
0xff024a10,SetTimerAfter
0xff024a90,SetTimerWhen
0xff024af4,CancelTimer
0xff025be4,TurnOffE1_FW
0xff025c98,task_Bye
0xff025e54,Restart
0xff026300,HardwareDefectWithRestart_FW
0xff026354,HardwareDefect_FW
0xff0268c4,task_StartupImage
0xff0274d4,strtolx
0xff0276d0,strtol
0xff0276e4,memcpy
0xff0276e4,memcpy_FW
0xff02e398,ExpCtrlTool_StartContiAE
0xff02e4e8,ExpCtrlTool_StopContiAE
0xff0303c4,task_WBCtrl
0xff032ec0,task_FrameTask
0xff035820,task_AFTask
0xff03641c,GetMacroSupportZoomPoint_FW
0xff037504,ReloadAFAdjustment_FW
0xff03cd38,LiveImageTool.GetDzoomPosition_FW
0xff03d5a0,GetVRAMHPixelsSize
0xff03d5a0,GetVRAMHPixelsSize_FW
0xff03d5ac,GetVRAMVPixelsSize
0xff03d5ac,GetVRAMVPixelsSize_FW
0xff03d5b8,GetMovieJpegVRAMHPixelsSize_FW
0xff03d5c4,GetMovieJpegVRAMVPixelsSize_FW
0xff03d690,StopContinuousVRAMData_FW
0xff044628,DispCon_ShowColorBar_FW
0xff0446b4,DispCon_ShowFiveStep_FW
0xff044804,DispCon_ShowWhiteChart_FW
0xff044858,DispCon_ShowBlackChart_FW
0xff044874,DispCon_ShowBitmapColorBar
0xff044874,DispCon_ShowBitmapColorBar_FW
0xff0448e4,DispCon_ShowCustomColorBar_FW
0xff044950,DispCon_SetDisplayType_FW
0xff044970,DispCon_ShowColorChart_FW
0xff044994,DispCon_ShowWhiteLine_FW
0xff044b50,DispCon_ShowNStepsChart_FW
0xff044ccc,DispCon_TurnOnDisplay_FW
0xff044ccc,TurnOnDisplay
0xff044cdc,DispCon_TurnOffDisplay_FW
0xff044cdc,TurnOffDisplay
0xff044cec,DispCon_TurnOnBackLight_FW
0xff044cfc,DispCon_TurnOffBackLight_FW
0xff044d0c,DispCon_SetMaxBackLightBrightness_FW
0xff044d8c,DispCon_SetVideoAdjParameter_FW
0xff044e04,DispCon_GetVideoAdjParameter_FW
0xff044e6c,DispCon_ShowVideoAdjParameter_FW
0xff044ea4,DispCon_SaveVideoAdjParameter_FW
0xff044f20,DispCon_SetLcdGainAdjParameter_FW
0xff044fe0,DispCon_GetLcdGainAdjParameter_FW
0xff04501c,DispCon_ShowLcdGainAdjParameter_FW
0xff04502c,DispCon_SaveLcdGainAdjParameter_FW
0xff045048,DispCon_ShowHdChart_FW
0xff046104,GetAdVBattBottom_FW
0xff04610c,GetAdChValue_FW
0xff046144,_avsShowAdjData_FW
0xff046338,_avsInit_FW
0xff046410,_avsExec_FW
0xff046480,task_AvsTask
0xff046660,CheckAvs_FW
0xff046754,_avsLoadParamData_FW
0xff046790,_avsSaveAdjData_FW
0xff0467d0,_avsChk_FW
0xff047e18,task_BeepTask
0xff048198,BeepDrive_FW
0xff0481b8,BeepDriveComp_FW
0xff0482e0,Dcdc_Bl_Pwr_Ctrl_FW
0xff04851c,Dcdc_Rtc_Set_Timer_Reg_FW
0xff0486d4,Dcdc_Set_Avs_Voltage_Step_FW
0xff048760,Dcdc_Get_Avs_Voltage_Step_FW
0xff0487cc,Dcdc_Down_Avs_Voltage_Step_FW
0xff048880,Dcdc_Up_Avs_Voltage_Step_FW
0xff048b00,task_HecMngTask
0xff048e30,ChangePowerState_FW
0xff048eb8,HdmiHpd5VOutput_FW
0xff0493d0,task_LEDCon
0xff049d58,kbd_read_keys_r2
0xff04a378,GetKbdState
0xff04b654,TurnOnVideoOutMode_FW
0xff04b68c,TurnOffVideoOutMode_FW
0xff04cdb8,task_ASIF
0xff04d710,task_Thermometer
0xff04d908,GetCCDTemperature
0xff04d908,GetCCDTemperature_FW
0xff04d97c,GetBatteryTemperature
0xff04d97c,GetBatteryTemperature_FW
0xff04d9f0,GetOpticalTemperature
0xff04d9f0,GetOpticalTemperature_FW
0xff04daa0,IsOpticalTemperature_FW
0xff04dad4,IsCCDTemperature_FW
0xff04db08,IsBatteryTemperature_FW
0xff04db58,j_GetOpticalTemperature_FW
0xff04db5c,j_GetCCDTemperature_FW
0xff04db60,j_GetBatteryTemperature_FW
0xff04db64,j_IsOpticalTemperature_FW
0xff04db68,j_IsCCDTemperature_FW
0xff04db6c,j_IsBatteryTemperature_FW
0xff0502e8,EraseAdjustmentArea_FW
0xff050314,DumpAdjMirror_FW
0xff050338,GetAdjTableVersion_FW
0xff05036c,GetAdjTableMapVersion_FW
0xff05037c,GetAdjTableValueVersion_FW
0xff050444,ShowDefaultAdjTableVersion_FW
0xff0504e4,LoadAdjustmentTable_FW
0xff05051c,LoadDefectAdjTable_FW
0xff050890,SaveAdjustmentTable_FW
0xff0508f8,SaveDefectAdjTable_FW
0xff050910,SaveAdjustmentValue_FW
0xff050944,LoadAdjustmentValue_FW
0xff050968,PrintAdjTableMap_FW
0xff050c38,CreateAdjustmentTableMirror_FW
0xff050c40,RefreshAdjustmentTableMirror_FW
0xff050c48,CreateDefectTableMirror_FW
0xff050c50,RefreshDefectTableMirror_FW
0xff050c58,PrintAdjKabotanInfo_FW
0xff050ce4,WRITEADJTABLETOFROM_FW
0xff050d18,WRITEADJUSTMENTDATATOFROM_FW
0xff051144,GetDCPAdjOffset_FW
0xff05144c,GetBpDBAdjustmentOffset_FW
0xff051454,GetDccdAdjustmentOffset_FW
0xff051570,GetAdjustmentOffset_FW
0xff051578,GetProductID_FW
0xff051594,GetAdjDataAreaAddress_FW
0xff054200,GetTestRecCrawAddress_FW
0xff055290,InitializeTestRec_FW
0xff0552fc,TerminateTestRec_FW
0xff055598,ExecuteTestRec_FW
0xff0555ac,ExecuteTestRecCF_FW
0xff0555ac,ExecuteTestRecSD_FW
0xff0555c4,ExecuteTestRecWithInteg_FW
0xff0555dc,ExecuteTestRecSw1_FW
0xff055628,ExecuteTestRecDevelopProcess_FW
0xff055d34,CalculateTestRecYUVData_FW
0xff055d9c,SetTestRecSkimmingYUV_FW
0xff055e28,Initializedccd_FW
0xff055e28,InitializeDigicon_FW
0xff055edc,Terminatedccd_FW
0xff055edc,TerminateDigicon_FW
0xff055f38,ExecuteDigicon_FW
0xff056134,ResetRegistNoticeCBR_FW
0xff05666c,Executedccd_FW
0xff0566e4,GetdccdImage_FW
0xff056780,GetdccdFilterValue_FW
0xff056930,RegistFirmScanNoticeCBR_FW
0xff058a50,task_FsIoNotifyTask
0xff05c09c,GetDrive_ClusterSize
0xff05c0cc,GetDrive_TotalClusters
0xff05c0f4,GetDrive_FreeClusters
0xff05c374,MakeSDCardBootable
0xff05c49c,task_SD1stInit
0xff0604f0,task_ImgPlayDrv
0xff061650,task_RedEyeCapt
0xff061c5c,task_LensController
0xff0630dc,IsLensOutside_FW
0xff063100,GetFocusStartZoomPosition_FW
0xff06335c,task_MechaAlarm
0xff0637e0,task_ISMainTask
0xff063b3c,ISInitMotion_FW
0xff0643c8,StartBDrive_FW
0xff0643c8,StartISAdjustmentDrive_FW
0xff0643c8,StartISDrive_FW
0xff0643d4,StopBDrive_FW
0xff0643d4,StopISAdjustmentDrive_FW
0xff0643d4,StopISDrive_FW
0xff0643e0,StartBPanDrive_FW
0xff0643e0,StartISPanDrive_FW
0xff0643ec,StopBPanDrive_FW
0xff0643ec,StopISPanDrive_FW
0xff064404,StartISLocalAutoCenter_FW
0xff064444,StartISLocalHallAdjust_FW
0xff0644b0,SearchBCentralPosition_FW
0xff0644b0,SearchISLensCentralPosition_FW
0xff064518,MoveISLensToCentralPosition_FW
0xff064560,ChangeToISCloseControl_FW
0xff0646c4,GetISHallDevicePitchOffset_FW
0xff0646d0,GetISHallDeviceYawOffset_FW
0xff0646e8,GetISHallDevicePitchGain_FW
0xff0646f4,GetISHallDeviceYawGain_FW
0xff06470c,GetISGyroPitchGain_FW
0xff064718,GetISGyroYawGain_FW
0xff064730,GetISPitchPWM_FW
0xff06473c,GetISYawPWM_FW
0xff064748,GetISShiftLensPitchPosition_FW
0xff064754,GetISShiftLensYawPosition_FW
0xff064760,GetGyroDataPitch_FW
0xff064760,GetISGyroDataPitch_FW
0xff06477c,GetGyroDataYaw_FW
0xff06477c,GetISGyroDataYaw_FW
0xff0647b0,GetGyro10BitDACPitch_FW
0xff0647b0,GetISGyro10BitDACPitch_FW
0xff0647bc,GetGyro10BitDACYaw_FW
0xff0647bc,GetISGyro10BitDACYaw_FW
0xff0647e8,GetGyroHPFINOffsetPitch_FW
0xff0647e8,GetISGyroHPFINOffsetPitch_FW
0xff064804,GetGyroHPFINOffsetYaw_FW
0xff064804,GetISGyroHPFINOffsetYaw_FW
0xff064820,GetGyroHPFINPitch_FW
0xff064820,GetISGyroHPFINPitch_FW
0xff06487c,GetGyroHPFINYaw_FW
0xff06487c,GetISGyroHPFINYaw_FW
0xff0648ec,ClearISCalcZData_FW
0xff064b0c,CancelLoopGainCalc_FW
0xff064d98,GetDISModeParameter_FW
0xff064f60,GetFixedPWMOutA_FW
0xff064f6c,GetFixedPWMOutB_FW
0xff0654d0,GetISLensDampAaxis_FW
0xff0654dc,GetISLensDampBaxis_FW
0xff065500,GetISLensEViAaxis_FW
0xff06557c,GetISLensEViBaxis_FW
0xff065598,GetISLensCorrectedEViAaxis_FW
0xff0655b4,GetISLensCorrectedEViBaxis_FW
0xff0657a4,PT_CompletePreCapt_FW
0xff0657ac,PT_RecreviewAvailable_FW
0xff0657b4,PT_NextShootAvailable_FW
0xff0657bc,PT_CompleteStopZoom_FW
0xff0657c4,PT_CompleteStopDigZoom_FW
0xff0657cc,PT_CompleteStoreLens_FW
0xff0657d4,PT_MovieRecordStopped_FW
0xff0657dc,PT_CompleteCaptModeChange_FW
0xff0657e4,PT_CompleteSynchroWrite_FW
0xff0657ec,PT_CompleteCharge_FW
0xff0657f4,PT_CompleteFileWrite_FW
0xff0657fc,PT_ShootPicture_FW
0xff065804,PT_EraseAllFile_FW
0xff06589c,PT_mod_FW
0xff0658c0,PT_SetPropertyCaseInt_FW
0xff0658e8,PT_GetPropertyCaseInt_FW
0xff065960,PT_MoveOpticalZoomToTele_FW
0xff065974,PT_MoveOpticalZoomToWide_FW
0xff065988,PT_MoveOpticalZoomAt
0xff065988,PT_MoveOpticalZoomAt_FW
0xff0659a0,PT_MoveDigitalZoomToTele_FW
0xff0659b0,PT_MoveDigitalZoomToWide
0xff0659b0,PT_MoveDigitalZoomToWide_FW
0xff0659c0,PT_MoveDigitalZoomAt_FW
0xff0659d4,PT_GetDigitalZoomTele_FW
0xff0659e8,j_PT_GetDigitalZoomPosition_FW
0xff0659ec,PT_ChangeZoomSpeed_FW
0xff065a00,PT_DoAFLock_FW
0xff065a10,PT_UnlockAF_FW
0xff065a20,PT_DoAELock_FW
0xff065a30,PT_UnlockAE_FW
0xff065a60,PT_MFOn_FW
0xff065a70,PT_MFOff_FW
0xff065a80,PT_SetLtKids_FW
0xff065a98,SS.Create_FW
0xff068e64,task_CaptSeq
0xff068e64,task_CaptSeqTask
0xff0716a8,task_SsTask
0xff071d64,PT_PlaySound
0xff074920,ExecuteShutDownPropertyService_FW
0xff074c60,WriteToRom_FW
0xff074cf0,EraseRom_FW
0xff074da0,GetRomID_FW
0xff074f3c,UnLoadScript_FW
0xff075028,Printf_FW
0xff075034,LoadScript_FW
0xff0756b0,ExMem.View_FW
0xff075b8c,ExMem.AllocUncacheable_FW
0xff075cc4,ExMem.FreeUncacheable_FW
0xff075cd8,exmem_alloc
0xff075d40,ExMem.AllocCacheable_FW
0xff075d50,exmem_free
0xff075dc8,ExMem.FreeCacheable_FW
0xff0768e4,SetHPTimerAfterNow
0xff076964,SetHPTimerAfterTimeout
0xff0769ec,CancelHPTimer
0xff0771dc,RegisterEventProcedure
0xff077304,ExecuteEventProcedure
0xff07737c,ExecuteEventProcedure_FW
0xff077c44,ExportToEventProcedure_FW
0xff077c50,CreateProxyOfEventProcedure_FW
0xff077ca8,DeleteProxyOfEventProcedure_FW
0xff077ec8,PutsCameraLogEvent_FW
0xff077f0c,ShowCameraLogInfo_FW
0xff077f78,ShowCameraLog_FW
0xff077fc8,StartCameraLog_FW
0xff078190,StopCameraLog_FW
0xff0781f0,LogCameraEvent
0xff078688,task_OpePlay
0xff07885c,OpLog.Stop_FW
0xff078888,OpLog.WriteToROM_FW
0xff0788b8,j_OpLog.WriteToROM_FW
0xff0788ec,OpLog.ReadFromROM_FW
0xff078954,OpLog.ReadFromSD_FW
0xff078d84,OpLog.WriteToSD_FW
0xff0792cc,OpLog.Get_FW
0xff0792ec,OpLog.GetUsrSet_FW
0xff0793ac,OpLog.Play_FW
0xff0795c4,OpLog.Start_FW
0xff0796a4,OpLog.Terminate_FW
0xff079dc8,task_WdtPrint
0xff079e7c,task_WdtReset
0xff079f3c,StartWDT_FW
0xff079f9c,StopWDT_FW
0xff07a09c,GetBuildDate_FW
0xff07a0a4,GetBuildTime_FW
0xff07a0ac,GetFirmwareVersion_FW
0xff07a11c,GetInternalFirmwareVersion_FW
0xff07a1b4,CheckSumAll_FW
0xff07a39c,RomCheckSum_FW
0xff07ac48,task_EvShel
0xff07acfc,NewTaskShell
0xff07ad5c,NewTaskShell_FW
0xff07b1f0,SetPropertyCase
0xff07b378,GetPropertyCase
0xff07be14,StartPlayModeMenu_FW
0xff07be30,StartRecModeMenu
0xff07be30,StartRecModeMenu_FW
0xff07bf1c,ShutdownRecModeMenu_FW
0xff07c170,ShutdownPlayModeMenu_FW
0xff07c2c4,ShutdownPlayModeMenuWithoutPbRedraw_FW
0xff07ee34,task_CtrlSrv
0xff07f6a4,CreateController_FW
0xff07f780,DeleteController_FW
0xff07f87c,MoveControllerToTopOfZOrder_FW
0xff07f924,CtrlMan_ChangeZOrder_FW
0xff07f9bc,GetSelfControllerHandle_FW
0xff07fe9c,PostLogicalEventForNotPowerType
0xff07fe9c,PostLogicalEventForNotPowerType_FW
0xff07fee8,PostLogicalEventToUI
0xff07fee8,PostLogicalEventToUI_FW
0xff0800a8,PostEventShootSeqToUI_FW
0xff080104,ShowLogicalEventName_FW
0xff0801e4,set_control_event
0xff0804b4,IsControlEventActive_FW
0xff080524,SetLogicalEventActive
0xff080524,UiEvnt_SetLogicalEventActive_FW
0xff080574,SetScriptMode
0xff080574,SetScriptMode_FW
0xff0805d8,UiEvnt_StartDisguiseCradleStatus_FW
0xff0805e8,UiEvnt_StopDisguiseCradleStatus_FW
0xff0806fc,UnlockMainPower
0xff0806fc,UnlockMainPower_FW
0xff0807a8,LockMainPower
0xff0807a8,LockMainPower_FW
0xff08081c,SetAutoShutdownTime
0xff08081c,SetAutoShutdownTime_FW
0xff080b30,PTM_AllResetToFactorySetting_FW
0xff080b40,j_PTM_AllReset_FW
0xff080dc8,PTM_SetCurrentCaptureMode_FW
0xff080ef8,j_PTM_GetWorkingCaptureMode_FW
0xff080efc,j_PTM_SetCurrentItem_FW
0xff080f08,PTM_GetCurrentItem_FW
0xff080f74,j_PTM_NextItem_FW
0xff080f78,j_PTM_PrevItem_FW
0xff080f8c,j_PTM_IsEnableItem_FW
0xff080f90,j_PTM_SetProprietyEnable_FW
0xff080fa8,j_PTM_BackupUIProperty_FW
0xff080fac,PTM_RestoreUIProperty_FW
0xff0835c4,UIFS_CancelStoreLensTimer_FW
0xff0837e0,PB2Rec
0xff083820,Rec2PB
0xff084030,task_InitFileModules
0xff084068,task_CommonDrivers
0xff0872d8,SetCurrentCaptureModeType
0xff0872d8,SetCurrentCaptureModeType_FW
0xff088ec0,GetCurrentCaptureModeType_FW
0xff08be20,UIFS_IsAvailableShots_FW
0xff08d8c4,UIFS_StartMovieRecord_FW
0xff08d8e8,UIFS_StopMovieRecord_FW
0xff08e554,task_FaceFrame
0xff08e9c0,task_DSITask
0xff090140,TurnOnBackLight
0xff090158,TurnOffBackLight
0xff097878,GUISrv_StartGUISystem
0xff097878,GUISrv_StartGUISystem_FW
0xff098024,RefreshPhysicalScreen
0xff099004,ScreenLock
0xff099068,ScreenUnlock
0xff099564,mktime_ext
0xff0995b0,strftime
0xff099bd8,atol_FW
0xff099be4,strcat
0xff09d680,GetCurrentShutterSpeed_FW
0xff09d97c,GetCurrentExposureTime_FW
0xff0a24f0,task_WBIntegTask
0xff0aa6c4,task_BrtMsrTask
0xff0ad920,ExpCtrlTool.SetExpMode_FW
0xff0b2aa8,task_ExpDrv
0xff0b2aa8,task_ExpDrvTask
0xff0c6244,task_WBLPFace
0xff0c8ef0,ReloadWBAdjustment_FW
0xff0c9624,task_OBCtrlTask
0xff0cae98,task_DetectMoveTask
0xff0cc78c,task_ChaseFrame
0xff0cf064,task_DispFace
0xff0d2908,task_DevelopModule
0xff0d48e4,task_EFChargeT
0xff0d4c30,EF.IsChargeFull_FW
0xff0d4c30,IsStrobeChargeCompleted
0xff0d6b3c,MovieAF.Suspend_FW
0xff0d6b50,MovieAF.Resume_FW
0xff0d844c,task_AfIntSrvTask
0xff0efd08,task_GapMan
0xff0f1f5c,E2LatOn_FW
0xff0f2150,ActivateImager_FW
0xff0f21e8,ActivateImagerXOne_FW
0xff0f22d0,QuietImager_FW
0xff0f23c0,CancelImager_FW
0xff0f23e4,ChangeImagerToWholeParallel_FW
0xff0f23ec,ChangeImagerToWholeParallelBP_FW
0xff0f23f4,ChangeImagerToWholeParallelBPOne_FW
0xff0f23fc,ChangeImagerToCombiParallel_FW
0xff0f2404,ChangeImagerToWideDraft_FW
0xff0f240c,ChangeImagerToFocusJet_FW
0xff0f2414,ChangeImagerToMangoPudding_FW
0xff0f241c,ChangeImagerToSuperWideDraft_FW
0xff0f2424,ChangeImagerToJetDraft_FW
0xff0f242c,ChangeImagerToHoneyFlash_FW
0xff0f2434,ChangeImagerToMillefeAdjust_FW
0xff0f243c,ChangeImagerToDigiconMode_FW
0xff0f243c,ChangeImagerToOITA_XAVIER_FW
0xff0f2444,ChangeImagerToAlternateDraft_FW
0xff0f244c,ChangeImagerToUltraGhostQ_FW
0xff0f2454,ChangeImagerToMontblancWhole_FW
0xff0f245c,ChangeImagerToMontblancMillefe_FW
0xff0f2464,ChangeImagerToMontblancMovie_FW
0xff0f246c,ChangeImagerToHarleyDavidson_FW
0xff0f2474,ChangeImagerToMachDashV_FW
0xff0f247c,ChangeImagerToFantaJungle_FW
0xff0f2484,ChangeImagerToHoneyFlashDark_FW
0xff0f248c,ChangeImagerToRoadKing_FW
0xff0f24a0,CancelImageDrive_FW
0xff0f24c0,j_E2LatOn_FW
0xff0f35fc,ReloadCdsAdjustment_FW
0xff0f4034,task_SsgMainTask
0xff0f41ec,task_SsgPeriodTask
0xff0f7c68,task_TgTask
0xff0ff6b8,task_LiveImageTask
0xff101624,task_SyncPeriod
0xff1016b8,task_SynchTask
0xff10343c,task_TimerUtility
0xff10ec28,task_NormalThumbCache
0xff1128f0,task_TrnsCtrlTask
0xff11d420,LcdCon_SetLcdBackLightBrightness_FW
0xff11d44c,LcdCon_SetLcdBackLightParameter_FW
0xff11d4a0,LcdCon_GetLcdBackLightParameter_FW
0xff11d4e4,LcdCon_ShowLcdBackLightParameter_FW
0xff11d524,LcdCon_SaveLcdBackLightParameter_FW
0xff11d714,LcdCon_SetLcdDriver_FW
0xff11d778,LcdCon_SetLcdAdjParameter_FW
0xff11d82c,LcdCon_GetLcdAdjParameter_FW
0xff11d874,LcdCon_ShowLcdAdjParameter_FW
0xff11d8b4,LcdCon_SaveLcdAdjParameter_FW
0xff11d8d0,LcdCon_SetLcdParameter_FW
0xff11da4c,LcdCon_GetLcdParameter_FW
0xff11da94,LcdCon_ShowLcdParameter_FW
0xff11dad4,LcdCon_SaveLcdParameter_FW
0xff11db1c,task_LcdConTask
0xff11dc0c,LcdCon_StartLcdPeriodicalSetting_FW
0xff11dc40,LcdCon_StopLcdPeriodicalSetting_FW
0xff1207d4,_srRegDump_FW
0xff120cd4,GetDriverInfoEvent_FW
0xff121f2c,HdmiViewParameter_FW
0xff126d18,GetLatestHVPosition_FW
0xff127000,EngApp.Delete_FW
0xff127054,EngApp.Create_FW
0xff12e614,task_OhyearKiLiveAlgor
0xff131a48,task_SceneDetectTask
0xff132370,task_ChaseTask
0xff132678,Scene.ForbidContiSceneDetect_FW
0xff1326a4,Scene.TestSunset_FW
0xff1326d0,Scene.TestBabySmile_FW
0xff132700,Scene.TestBabySleep_FW
0xff132730,Scene.TestHumanSmile_FW
0xff132760,Scene.TestHumanSleep_FW
0xff132790,Scene.TestKidMove_FW
0xff133d90,task_AutoShutterMan
0xff1388a8,GetFaceAuthBinAddr_FW
0xff1388b0,GetFaceAuthBinSize_FW
0xff1388b8,IsOKFaceAuthBinFile_FW
0xff139514,task_FaceScoreTask
0xff13a130,task_MotionVector
0xff154f94,task_CorctTask
0xff1589fc,task_Fencing
0xff15b95c,PrintAllAEIntegData_FW
0xff15c46c,AbortAEIntegralValue_FW
0xff15c4bc,SetAEIntegStrobeProperty_FW
0xff15c544,SetAEIntegCorrectProperty_FW
0xff15c5a0,SetAEIntegralValueProperty_FW
0xff15c5e0,SetAEIntegralGetaTime_FW
0xff15c9fc,GetAEIntegralServiceMode_FW
0xff15ca08,GetAEIntegWinData_FW
0xff15ca18,j_GetAEIntegWinData_FW
0xff15ca1c,GetAEIntegWinDataWithMode_FW
0xff15cb08,GetAEIntegralValueWithFix_FW
0xff15cc2c,GetAllAEIntegralAllValueWithFix_FW
0xff15ccfc,GetOnlyAEIntegData_FW
0xff15cd6c,SetWhiteCoefficient_FW
0xff15cde4,SetAEIntegWindowsMode_FW
0xff15ce38,SetAEIntegValueBit_FW
0xff15ce54,GetAEIntegValueBit_FW
0xff15ce60,StopAEIntegralService_FW
0xff15d1ac,StartAEIntegralService_FW
0xff15d1b8,SetLineDefMarkThroughMode_FW
0xff15d1e4,SetAEIntegAverageOBData_FW
0xff15d260,SetAdjAEIntegSmearLimitter_FW
0xff15d270,SetDefaultAEIntegSmearLimitter_FW
0xff15d280,AttachIntegCrawData_FW
0xff15d8d4,LoadParamDataFromAdjTableBin_FW
0xff15d9d4,LoadDataFromAdjTableBin_FW
0xff15dac0,DeviceUniqueIDCheckSum_FW
0xff15dc04,SaveFactoryIDData_FW
0xff15dc24,LoadFactoryIDData_FW
0xff15ddd4,PrintFirmVersion_FW
0xff15de08,PrintFaexeVersioin_FW
0xff15de18,CreateFADBGSingalID_FW
0xff15de28,FADBGSingal_FW
0xff15dec8,FADBGPrintf_FW
0xff15e048,FAPrintf_FW
0xff15e098,OutputLogToFile_FW
0xff15e1a4,StopLogOut_FW
0xff15e4c4,GetLogData_FW
0xff15e4cc,GetLogDataOnlyAddMemory_FW
0xff15e4d4,ActivateAdjLog_FW
0xff15e4e8,InactivateAdjLog_FW
0xff15e4fc,StartLogOut_FW
0xff15e514,IsLogOutType_FW
0xff15e520,GetCurrentMaximumLogSize_FW
0xff160604,SetDefaultRecParameter_FW
0xff160930,EnableDebugLogMode_FW
0xff160944,DisableDebugLogMode_FW
0xff162958,task_dccdCalcTask
0xff1669bc,GetImageFolder
0xff1689c4,getImageDirName
0xff169758,task_MetaCtg
0xff1708b0,task_DPOFTask
0xff1727d0,File.ClearExifInfo_FW
0xff172910,File.Delete_AllImg_FW
0xff172978,File.Create_FW
0xff17b53c,WriteSDCard
0xff187b54,StartCzTuning_FW
0xff187b5c,MoveCzPeakPositon_FW
0xff187b64,CzDebugPrint_FW
0xff187b64,SetCzDebugFocusMode_FW
0xff187b64,SetCzDebugSubjectDistance_FW
0xff187b78,CzDebugPrintToFile_FW
0xff188b9c,GetFocusLensPullInMaxSpeed_FW
0xff188ebc,GetCurrentTargetDistance_FW
0xff188ebc,GetFocusLensSubjectDistance
0xff188f24,GetCurrentFocusLensPosition_FW
0xff188f24,GetCurrentFocusPosition_FW
0xff18930c,GetFocusLensSubjectDistanceFromLens
0xff1893b8,IsFocusLensOutSidePosition_FW
0xff1893dc,GetFocusResetPosition_FW
0xff189448,GetFocusDefaultResetPosition_FW
0xff1894b4,ReloadFocusLensAdjustment_FW
0xff189cac,GetCurrentAvValue
0xff189cac,GetCurrentAvValue_FW
0xff189cac,GetIrisAv_FW
0xff189ebc,ReloadIrisAdjustment_FW
0xff189ed4,ReloadGetaAdjustment_FW
0xff189f4c,GetLensErrorStatus_FW
0xff18a4e0,task_MechaCom
0xff18b5ec,GetZoomPiSensorLevel_FW
0xff18b634,GetFocusPiSensorLevel_FW
0xff18c3d8,task_MechaCPUTransfer
0xff18c748,GetMechaShutterMoveTime_FW
0xff18c770,GetMechaShutterStatus_FW
0xff18c900,ReloadNdFilterAdjustment_FW
0xff18cd78,GetCurrentZoomLensPosition_FW
0xff18cd78,GetCurrentZoomPosition_FW
0xff18cd78,GetZoomLensCurrentPosition_FW
0xff18ce28,GetCurrentZoomLensPoint_FW
0xff18ce28,GetCurrentZoomPoint_FW
0xff18ce28,GetZoomLensCurrentPoint
0xff18ce28,GetZoomLensCurrentPoint_FW
0xff18d288,GetZoomLensTelePoint_FW
0xff18d288,GetZoomTelePoint_FW
0xff18d64c,IsZoomLensOutSidePosition_FW
0xff18d820,ReloadZoomAdjustment_FW
0xff18da0c,GetZoomLensMechaEdgePosition_FW
0xff18da10,GetZoomDrivingTime_FW
0xff18e97c,GetZoomResetSensorLevel_FW
0xff18e988,ClearZoomDriveParam_FW
0xff18eaa8,SetZoomResetState_FW
0xff1910c0,task_TmgGen
0xff193ce4,task_MovieRecord
0xff194f98,MechaUnRegisterEventProcedure_FW
0xff194ff4,Mecha.Create_FW
0xff195068,MechaReset_FW
0xff195074,MechaTerminate_FW
0xff195080,ShowMechaMacro_FW
0xff195184,DispDev_EnableEventProc_FW
0xff1951c8,SetSDPwrPort_FW
0xff1951f8,j_GetAdVBattBottom_FW
0xff1951fc,j_GetAdChValue_FW
0xff195200,j_BeepDrive_FW
0xff195204,j_BeepDriveComp_FW
0xff195208,SetStereoSeparation_FW
0xff195214,j_VbattGet_FW
0xff195218,LEDDrive
0xff195218,LEDDrive_FW
0xff19526c,ShowPhySwStatus_FW
0xff19527c,SetRawSWCheckMode_FW
0xff19528c,OnPrintPhySw_FW
0xff19529c,OffPrintPhySw_FW
0xff1952ac,j_GetSwitchStatus_FW
0xff1952b0,ShowSDStatus_FW
0xff1952c0,j_GetSDDetect_FW
0xff1952c4,j_GetSDProtect_FW
0xff1952c8,SetIgnoreAVJACK_FW
0xff1952d8,j_GetDialEventId_FW
0xff1952dc,j_GetLcdPosition_FW
0xff1952e0,j_GetBatteryCoverClose_FW
0xff1952e4,j_IsHvSensorExist_FW
0xff1952e8,j_GetDriverInfoEvent_FW
0xff1952ec,Driver.Create_FW
0xff1952ec,Driver_EnableEventProc_FW
0xff195670,GetDateAndTime_FW
0xff195714,j_Printf_FW
0xff195718,j_MonSelEvent_FW
0xff19571c,j_MemoryChecker_FW
0xff195720,j_VerifyByte_FW
0xff195724,EraseSignature_FW
0xff195734,j_SDump_FW
0xff195738,Dump_FW
0xff195748,Dump32_FW
0xff19575c,Poke32_FW
0xff19576c,Poke16_FW
0xff19577c,Poke8_FW
0xff19578c,j_Peek32_FW
0xff195790,j_Peek16_FW
0xff195794,j_Peek8_FW
0xff195798,Wait_FW
0xff1957a8,j_exec_FW
0xff1957ac,ShowAllTaskInfo_FW
0xff1957bc,System.Delete_FW
0xff195ea4,System.Create_FW
0xff196190,UIFS_IsAvailableMovieRecOptZoom_FW
0xff196198,UIFS_IsAvailableMovieRecDigZoom_FW
0xff1961a0,UIFS_IsAvailableServoAF_FW
0xff1961a8,UIFS_IsAvailableRecMenuAFMode_FW
0xff1961b0,UIFS_IsAutoPopupDownStrobe_FW
0xff1961b8,UIFS_IsAvailableAvTvMode_FW
0xff196348,UIFS_SetDialStillRec_FW
0xff196368,UIFS_SetDialMovieRec_FW
0xff1963a0,UIFS_SetDialPlay_FW
0xff1963c0,UIFS_OpenPopupStrobe_FW
0xff1963f0,UIFS_ClosePopupStrobe_FW
0xff196420,UIFS_MountExtFlash_FW
0xff196450,UIFS_UnmountExtFlash_FW
0xff196480,UIFS_ConnectVideo_FW
0xff1964b0,UIFS_DisconnectVideo_FW
0xff1964e0,j_UIFS_MoveZoomTo_FW
0xff1964e4,j_UIFS_GetNumOfOptZoomPos_FW
0xff1964e8,UIFS_StopPostingUIEvent_FW
0xff1964ec,UIFS_RestartPostingUIEvent_FW
0xff1964f0,UIFS_PostModeDial_FW
0xff196518,j_UIFS_Capture_FW
0xff19651c,j_UIFS_CaptureNoneStop_FW
0xff196520,j_UIFS_StartMovieRecord_FW
0xff196524,j_UIFS_StopMovieRecord_FW
0xff196528,UIFS_StartClockMode_FW
0xff196538,UIFS_EndClockMode_FW
0xff196548,UIFS_SetCradleSetting_FW
0xff19654c,j_UIFS_WriteFirmInfoToFile_FW
0xff196550,UIFS_GetMovieRecoadableNumber_FW
0xff196598,UIFS_GetStillShotableNumber_FW
0xff196618,UIFS_ChangeShootState_FW
0xff19663c,UIFS_ShootSeqToUI_FW
0xff196660,UIFS_GetLastPath_FW
0xff196698,UIFS_GetAvItemCount_FW
0xff196708,UIFS_GetTvItemCount_FW
0xff196868,UIFS_GetAvItem_FW
0xff1968a0,UIFS_GetTvItem_FW
0xff1968d8,UIFS_GetCurrentAvString_FW
0xff196958,UIFS_GetCurrentTvString_FW
0xff1969dc,j_UIFS_IsAvailableShots_FW
0xff1969e0,j_UIFS_GetNumberOfDisplayedImage_FW
0xff1969e4,j_UIFS_PlayTrimExecuteAllImageSize_FW
0xff1969e8,UIFS_WirelessExecuteSendForever_FW
0xff1969f0,j_UIFS_CancelStoreLensTimer_FW
0xff1969f4,UI.CreatePublic_FW
0xff197530,UI_ShowStateOfRecMode_FW
0xff197544,UI.Create_FW
0xff197544,UI_RegistDebugEventProc_FW
0xff197640,InitializeAdjustmentSystem_FW
0xff197678,TerminateAdjustmentSystem_FW
0xff1976b0,InitializeAdjustmentFunction_FW
0xff1976d8,FA.Delete_FW
0xff1976ec,FA.Create_FW
0xff197710,DispDev.Create_FW
0xff19787c,SaveBmpVRAMData_FW
0xff197bd8,SavePaletteData
0xff197bd8,SavePaletteData_FW
0xff197e78,Capture.Create_FW
0xff197ebc,EngineDriver.Create_FW
0xff197f04,EngApp.CreatePub_FW
0xff199f68,task_ShutterSoundTask
0xff19b8fc,task_DvlpSeqTask
0xff19bc9c,task_CreateHeaderTask
0xff19bff8,NR_SetLotasPonyType_FW
0xff19c000,NR_SetDoubleNRType_FW
0xff19e6dc,GetLogToFile_FW
0xff19e704,IsRomLogAvailable_FW
0xff19e718,EraseLogSector_FW
0xff1a48b8,AdditionAgentRAM_FW
0xff1a49f8,EFUSE_ReadData_FW
0xff1a4e28,EFUSE_GetVdlData_FW
0xff1b0680,UIFS_WriteFirmInfoToFile
0xff1b0680,UIFS_WriteFirmInfoToFile_FW
0xff1b40e8,FmtMenu_ExecuteQuickFormat_FW
0xff1ca710,PTM_AllReset_FW
0xff1caa70,PTM_GetWorkingCaptureMode_FW
0xff1caa88,PTM_SetCurrentItem_FW
0xff1cada0,PTM_NextItem_FW
0xff1cada8,PTM_PrevItem_FW
0xff1cb0b8,PTM_SetProprietyEnable_FW
0xff1cb300,PTM_IsEnableItem_FW
0xff1cb3cc,PTM_BackupUIProperty_FW
0xff1cb3cc,SetParameterData
0xff1cb45c,GetParameterData
0xff1cb780,ExecuteResetFactoryWithRomWrite_FW
0xff1cb798,ExecuteResetFactory_FW
0xff1cb7b0,j_ExecuteShutDownPropertyService_FW
0xff1d321c,UIFS_Capture_FW
0xff1d32f0,UIFS_CaptureNoneStop_FW
0xff1d4560,UIFS_GetNumOfOptZoomPos_FW
0xff1d4674,UIFS_MoveZoomTo_FW
0xff20a870,UIFS_GetNumberOfDisplayedImage_FW
0xff2473d8,sscanf_FW
0xff247468,srand
0xff247474,rand
0xff24793c,qsort
0xff24799c,memset
0xff24799c,memset_FW
0xff247a18,realloc
0xff249874,apex2us
0xff24fa50,NR_SetDarkSubType
0xff24fa50,NRTBL.SetDarkSubType_FW
0xff24faec,NRTBL.SetDefectCorrectType_FW
0xff24fb18,NR_GetDarkSubType
0xff24fb18,NRTBL.GetDarkSubType_FW
0xff24fb58,NRTBL.SetTassenType_FW
0xff24fb78,NRTBL.GetDefectCorrectType_FW
0xff25c4c0,task_ExpDrvSubTask
0xff268d8c,PointDefDetect_FW
0xff268ff4,MergeAndConvertDefect_FW
0xff269428,PointKizuCheck_FW
0xff269494,SensDefCrowdCheck_FW
0xff2694c8,ChangeGradeTable_FW
0xff2694d0,CrossDefDetect_FW
0xff2696b4,ChangeCrossThresholdTable_FW
0xff2696c8,GetDefectCrawInfo_FW
0xff26972c,SetDefectDebugInfo_FW
0xff269758,GetDefectHistgramInfo_FW
0xff269790,GetDefectTvAdj_FW
0xff2698a0,SetDefectRecParam_FW
0xff2699cc,ChangeDefectRecParam_FW
0xff2699dc,ExecuteDefectRec_FW
0xff2699f0,ExecuteDefectRecAndSaveImage_FW
0xff269a3c,j_InitializeDefectRec_FW
0xff269a40,j_TerminateDefectRec_FW
0xff269ad0,DevelopTool.DevelopTest_FW
0xff270d60,ReloadEfAdjustment_FW
0xff27154c,task_CntFlashTask
0xff27326c,EF.StartEFCharge_FW
0xff2732b8,EF.StopEFCharge_FW
0xff2732c8,EF.SetEFChargeTimeOut_FW
0xff2732dc,EF.StartInternalPreFlash_FW
0xff273310,EF.StartInternalMainFlash_FW
0xff273394,EF.SetMainFlashTime_FW
0xff2733a8,j_EF.IsChargeFull_FW
0xff2733ac,EF.AdjPreFlash_FW
0xff2733e8,EF.SetChargeMode_FW
0xff2733fc,EF.SetFlashTime_FW
0xff27a0b0,AFTool.GetEVal_FW
0xff291948,task_GapBS
0xff295210,LiveImageTool.StartEVF_FW
0xff29521c,LiveImageTool.StartEVFFocusJet_FW
0xff295228,LiveImageTool.StartEVFMF_FW
0xff295310,LiveImageTool.StartEVFMovVGA_FW
0xff295324,LiveImageTool.StartEVFMovQVGA_FW
0xff295338,LiveImageTool.StartEVFMovVGA_HS_FW
0xff29534c,LiveImageTool.StartEVFMovQVGA_HS_FW
0xff295360,LiveImageTool.StartEVFMovHD_FW
0xff295374,LiveImageTool.StartEVFMovFULLHD_FW
0xff295388,LiveImageTool.StopEVF_FW
0xff295398,LiveImageTool.DzoomTele_FW
0xff2953b8,LiveImageTool.DzoomWide_FW
0xff2953fc,LiveImageTool.StopDzoom_FW
0xff29540c,LiveImageTool.Pause_FW
0xff29541c,LiveImageTool.Resume_FW
0xff29542c,LiveImageTool.ChangeDzoom_FW
0xff29549c,j_LiveImageTool.GetDzoomPosition_FW
0xff2954a0,LiveImageTool.Jump_FW
0xff2954b4,LiveImageTool.Dister_FW
0xff299448,task_PTPtoFAPI_EventProcTask_Try
0xff2994ec,task_PTPtoFAPI_EventProcTask_Block
0xff299f94,add_ptp_handler
0xff2a34c8,HecHdmiCecPhysicalCheckForScript_FW
0xff2a35bc,LockHdmiState_FW
0xff2a35c0,EdidView_FW
0xff2a35c4,EdidDump_FW
0xff2a35c8,CecRegDump_FW
0xff2a35cc,HdmiRegDump_FW
0xff2c4cc0,task_Raw2Ss2YuvTask
0xff2d0db4,EngDrvOut_FW
0xff2d0dd0,EngDrvIn_FW
0xff2d0dd8,EngDrvRead_FW
0xff2d0de0,EngDrvBits_FW
0xff2d0e04,EngDrvReadDump_FW
0xff2dd278,GetCurrentAdjImgDriveType_FW
0xff2dd284,GetCurrentImgDrvMode_FW
0xff2dd2a4,ConvertAEIntegDrvTypeToAdjImgDriveType_FW
0xff2dd2f0,ConvertAdjImgDrvModeToAdjImgDriveType_FW
0xff2dd358,ChangeAdjImgDrvMode_FW
0xff2dd384,ChangeAEIntegDrvTypeToAdjImgDriveType_FW
0xff2dd3d0,ExecuteAvs_FW
0xff2dd3f4,j_CheckAvs_FW
0xff2dd4e8,GetEFuseData_FW
0xff2dd500,LoadAvsAdjData_FW
0xff2dd508,GetCurrentCcdTemp_FW
0xff2dd524,GetCurrentOptTemp_FW
0xff2dd550,GetCameraInformationData_FW
0xff2dd58c,j_GetCameraInformationData_FW
0xff2dd6c0,SetFaexeEventTableActivation_FW
0xff2dd798,ShowTransparentMemory_FW
0xff2dd7b8,DumpTransparentMemoryItem_FW
0xff2dd7f8,AddTransparentMemory_FW
0xff2dd830,AttachToTransparentMemory_FW
0xff2dd868,RemoveTransparentMemory_FW
0xff2dd888,GetTransparentMemorySize_FW
0xff2dd898,GetTransparentMemory_FW
0xff2dd8dc,GetTransparentMemoryPosition_FW
0xff2dde38,StartSoundRecord_FW
0xff2dde70,StartSoundPlay_FW
0xff2ddea8,InitializeSoundRec_FW
0xff2ddef8,TerminateSoundRec_FW
0xff2ddfe8,InitializeFAGeneralTest_FW
0xff2ddffc,TerminateFAGeneralTest_FW
0xff2de004,InitializeFAExtendFile_FW
0xff2de014,TerminateFAExtendFile_FW
0xff2f39b8,task_FORMAT_TASK_PROGRESS
0xff2f3b98,task_FORMAT_TASK_NAME
0xff2fa1fc,task_FileScheduleTask
0xff2fb394,task_FileWrite
0xff2fb394,task_FileWriteTask
0xff2fc98c,closedir
0xff2fc9dc,OpenFastDir
0xff2fcb40,ReadFastDir
0xff2fe6b0,task_DecJpgRd
0xff2ffa04,task_FilYuvMaker
0xff302224,reboot_fw_update
0xff3025f4,task_ImgPlyTask
0xff3027a0,task_ImgPlyLowTask
0xff308764,task_FocusEvent
0xff30a990,GetFocusLensResetPosition_FW
0xff30a9a0,GetFocusLensResetDefaultPosition_FW
0xff30b200,SetFocusResetState_FW
0xff30b204,GetFocusLensCurrentPosition_FW
0xff30b208,GetFocusLensDriveVoltage_FW
0xff30b294,GetFocusLensSettingWaitVoltage_FW
0xff30b2e0,GetFocusLensHoldVoltage_FW
0xff30c21c,task_MechaShutter
0xff30cc5c,task_Nd
0xff30d63c,GetNdMoveTime_FW
0xff30d6fc,task_ZoomActuatorSpeedCheck
0xff30d89c,task_ZoomEvent
0xff30e228,IsZoomActuatorResetSensorPlusSide_FW
0xff30e9ac,MoveZoomActuator_FW
0xff30e9ec,SetZoomActuatorSpeedPPS_FW
0xff30ea08,GetZoomActuatorSpeedPPS_FW
0xff30ea14,j_GetZoomActuatorCurrentPosition_FW
0xff30ea18,j_IsZoomActuatorResetSensorPlusSide_FW
0xff30ea34,GetZoomActuatorCurrentPosition_FW
0xff30f7d4,GetZoomLensCurrentPosition
0xff310860,task_MechaNCTask
0xff312c48,task_MovPlay
0xff317090,task_MovWrite
0xff31c554,task_MovEdit
0xff31d894,MoveCZToPoint_FW
0xff31d8cc,MoveCZToWide_FW
0xff31d8fc,MoveCZToTele_FW
0xff31d92c,MoveCZToPointByOVF_FW
0xff31d95c,StopCZ_FW
0xff31d988,GetCZStillHighSpeed_FW
0xff31d990,GetCZStillLowSpeed_FW
0xff31d998,GetCZMovieHighSpeed_FW
0xff31d9a0,GetCZMovieLowSpeed_FW
0xff31d9a8,GetCZStillDefaultSpeed_FW
0xff31d9b0,GetCZMovieDefaultSpeed_FW
0xff31da90,ResetFocusLens
0xff31da90,ResetFocusLens_FW
0xff31daec,EscapeFocusLens_FW
0xff31db64,MoveFocusLensToTerminate_FW
0xff31dbc0,MoveFocusLensWithDistance_FW
0xff31dcc8,MoveFocusLensWithPosition_FW
0xff31dde0,MoveFocusLensWithPositionImmediateReturn_FW
0xff31de9c,MoveFocusLensWithPositionWithoutBacklash_FW
0xff31dfa8,MoveFocusActuator_FW
0xff31e0a8,SetFocusLensSpeed_FW
0xff31e124,SetFocusLensSpeedTable_FW
0xff31e1d8,SetFocusLensAccelerationTable_FW
0xff31e2dc,SetFocusLensSlowdownTable_FW
0xff31e350,SetFocusLensDefaultPullOutTable_FW
0xff31e364,SetFocusLensCondition_FW
0xff31e454,ShowFocusLensCurrentSpeedTable_FW
0xff31e4b8,SetFocusLensMaxSpeedLimit_FW
0xff31e4c8,CancelFocusLensMaxSpeedLimit_FW
0xff31e4d8,EnableFocusLens_FW
0xff31e524,DisableFocusLens_FW
0xff31e574,EnableFocusLensGainLockWithVoltage_FW
0xff31e5a0,DisableFocusLensGainLock_FW
0xff31e5b0,EnableFocusLensWaveLock_FW
0xff31e5cc,DisableFocusLensWaveLock_FW
0xff31e5dc,j_GetFocusLensCurrentPosition_FW
0xff31e5e0,j_GetFocusLensResetPosition_FW
0xff31e5e4,j_GetFocusLensResetDefaultPosition_FW
0xff31e5e8,GetFocusLensSubjectDistance_FW
0xff31e604,GetFocusLensSubjectDistanceNumber_FW
0xff31e60c,GetFocusLensPositionRatio_FW
0xff31e614,GetFocusLensLoadSubjectDistance_FW
0xff31e634,ChangeFocusDistanceToPosition_FW
0xff31e690,GetFocusLensLoadCamTable_FW
0xff31e6c0,j_GetFocusLensDriveVoltage_FW
0xff31e6c4,SetFocusLensDriveVoltage_FW
0xff31e6fc,j_GetFocusLensSettingWaitVoltage_FW
0xff31e700,SetFocusLensSettingWaitVoltage_FW
0xff31e738,j_GetFocusLensHoldVoltage_FW
0xff31e73c,SetFocusLensHoldVoltage_FW
0xff31e774,j_GetFocusLensResetVoltage_FW
0xff31e778,GetFocusLensMoveMaxPosition_FW
0xff31e790,GetFocusLensMoveMinPosition_FW
0xff31e7a8,j_GetFocusLensPullInMaxSpeed_FW
0xff31e7ac,GetFocusLensMoveRangeOfTelePoint_FW
0xff31e860,ResetIris_FW
0xff31e884,MoveIrisToTerminatePosition_FW
0xff31e88c,MoveIrisWithAv
0xff31e88c,MoveIrisWithAv_FW
0xff31e8b4,MoveIrisWithAvWithoutBacklash_FW
0xff31e8dc,j_GetIrisAv_FW
0xff31e8e0,ChangeIrisSpeed_FW
0xff31e95c,MoveLensToFirstPoint_FW
0xff31e9a4,MoveLensToTerminatePoint_FW
0xff31e9dc,j_IsLensOutside_FW
0xff31e9e0,j_GetLensErrorStatus_FW
0xff31e9e4,j_GetFocusStartZoomPosition_FW
0xff31e9e8,EnableLensError_FW
0xff31e9f8,DisableLensError_FW
0xff31ea08,SetLensOutsideFlag_FW
0xff31ea3c,WriteMechaLogToRom_FW
0xff31ea4c,WriteMechaLogToFile_FW
0xff31ea70,EnableMechaCircuit_FW
0xff31ea80,DisableMechaCircuit_FW
0xff31ea90,EnableFocusPiCircuit_FW
0xff31eaa0,DisableFocusPiCircuit_FW
0xff31eab0,j_GetFocusPiSensorLevel_FW
0xff31eab4,EnableZoomPiCircuit_FW
0xff31eac4,DisableZoomPiCircuit_FW
0xff31ead4,j_GetZoomPiSensorLevel_FW
0xff31ead8,EnableZoomEncoderCircuit_FW
0xff31eae8,DisableZoomEncoderCircuit_FW
0xff31eaf8,SendMechaCircuitData_FW
0xff31eb1c,ReceiveMechaCircuitDataAll_FW
0xff31ebcc,CloseMechaShutter_FW
0xff31ebf0,OpenMechaShutter_FW
0xff31ec14,CloseMechaShutterWithTiming_FW
0xff31ec4c,SetMechaShutterCloseDacSetting_FW
0xff31ec68,GetMechaShutterCloseDacSetting_FW
0xff31ec9c,SetMechaShutterOpenDacSetting_FW
0xff31ecb8,GetMechaShutterOpenDacSetting_FW
0xff31ecec,SetMechaShutterWaitTimeSetting_FW
0xff31ed00,j_GetMechaShutterStatus_FW
0xff31ed04,j_GetMechaShutterMoveTime_FW
0xff31ed08,SetMechaShutterMoveTime_FW
0xff31ed98,PutInNdFilter
0xff31ed98,TurnOnNdFilter_FW
0xff31edbc,PutOutNdFilter
0xff31edbc,TurnOffNdFilter_FW
0xff31ede0,TurnOnNdFilterWithTiming_FW
0xff31ee18,TurnOffNdFilterWithTiming_FW
0xff31ee50,j_GetNdMoveTime_FW
0xff31ee54,SetNdMoveTime_FW
0xff31ee68,SetNdDriveVoltageSetting_FW
0xff31ee90,EnableZoomLensEncoderPowerControl_FW
0xff31eea0,DisableZoomLensEncoderPowerControl_FW
0xff31ef14,ResetZoomLens
0xff31ef14,ResetZoomLens_FW
0xff31ef40,ResetZoomLensToFirst_FW
0xff31ef80,ResetZoomLensToTermiante_FW
0xff31efc0,MoveZoomLensWithPoint
0xff31efc0,MoveZoomLensWithPoint_FW
0xff31f004,MoveZoomLensWithPointImmediateReturn_FW
0xff31f020,WaitMoveZoomLensComplete_FW
0xff31f04c,MoveZoomLensWithPosition_FW
0xff31f090,MoveZoomLensToTerminatePosition_FW
0xff31f0d0,MoveZoomLensToMechaEdge_FW
0xff31f170,SetZoomLensSpeedMode_FW
0xff31f184,GetZoomLensDriveAmpereDac_FW
0xff31f18c,SetZoomLensDriveAmpereDac_FW
0xff31f1a4,EnableZoomLensSpeedControl_FW
0xff31f1b8,DisableZoomLensSpeedControl_FW
0xff31f1cc,EnableZoomLensElectricControl_FW
0xff31f1e0,DisableZoomLensElectricControl_FW
0xff31f1f4,j_GetZoomLensCurrentPoint_FW
0xff31f1f8,j_GetZoomLensCurrentPosition_FW
0xff31f1fc,j_GetZoomLensTelePoint_FW
0xff31f200,j_GetZoomLensMechaEdgePosition_FW
0xff31f204,ChangeZoomLensPointToMagnification_FW
0xff31f20c,ChangeZoomLensMagnificationToPoint_FW
0xff31f214,ISAutoCenter_FW
0xff31f224,StartISLocalAdjust_FW
0xff31f234,j_StartISLocalHallAdjust_FW
0xff31f238,j_StartISLocalAutoCenter_FW
0xff31f23c,ISMoveToMechaEdgeOPEN_FW
0xff31f250,ISChangeOPENtoCLOSE_FW
0xff31f260,SetISDriveAaxis_FW
0xff31f274,SetISDriveBaxis_FW
0xff31f288,SetISHallOffsetAaxis_FW
0xff31f29c,SetISHallOffsetBaxis_FW
0xff31f2b0,SetISHallOffsetbyAxisType_FW
0xff31f2cc,SetISHallGainAaxis_FW
0xff31f2e0,SetISHallGainBaxis_FW
0xff31f2f4,SetISHallGainbyAxisType_FW
0xff31f310,SetISGyroGainAaxis_FW
0xff31f324,SetISGyroGainBaxis_FW
0xff31f338,SetISGyroGainbyAxisType_FW
0xff31f354,GetISDriveAaxis_FW
0xff31f374,GetISDriveBaxis_FW
0xff31f394,GetISPositionAaxis_FW
0xff31f3b4,GetISPositionBaxis_FW
0xff31f3d4,GetISHallOffsetAaxis_FW
0xff31f3f4,GetISHallOffsetBaxis_FW
0xff31f414,GetISHallOffsetbyAxisType_FW
0xff31f440,GetISHallGainAaxis_FW
0xff31f460,GetISHallGainBaxis_FW
0xff31f480,GetISHallGainbyAxisType_FW
0xff31f4ac,GetISGyroGainAaxis_FW
0xff31f5d4,GetISGyroGainBaxis_FW
0xff31f5f4,GetISGyroGainbyAxisType_FW
0xff31f620,j_GetGyroDataPitch_FW
0xff31f624,j_GetGyroDataYaw_FW
0xff31f628,SetGyro10BitDACPitch_FW
0xff31f63c,SetGyro10BitDACYaw_FW
0xff31f650,j_GetGyro10BitDACPitch_FW
0xff31f654,j_GetGyro10BitDACYaw_FW
0xff31f658,SetGyroHPFINOffsetPitch_FW
0xff31f66c,SetGyroHPFINOffsetYaw_FW
0xff31f680,j_GetGyroHPFINOffsetPitch_FW
0xff31f684,j_GetGyroHPFINOffsetYaw_FW
0xff31f688,j_GetGyroHPFINPitch_FW
0xff31f68c,j_GetGyroHPFINYaw_FW
0xff31f690,SetISTuningFlag_FW
0xff31f6a8,SetGyroFilterChargeStart_FW
0xff31f6c0,SetGyroFilterChargeStop_FW
0xff31f6d8,GetGyroFilterCharge_FW
0xff31f6f8,GetISFirmVersion_FW
0xff31f720,GetMechaDSPVersion_FW
0xff31f748,GetISParamVersion_FW
0xff31f770,SetZoomPosition_FW
0xff31f784,ISControlStart_FW
0xff31f794,ISControlStop_FW
0xff31f7a4,ISPanModeStart_FW
0xff31f7b4,ISPanModeStop_FW
0xff31f864,SetISControlType_FW
0xff31f878,SetISStillStatus_FW
0xff31f888,SetISMovieStatus_FW
0xff31f898,ChangeParallelMode_FW
0xff31f8ac,SetLPFParallelBest_FW
0xff31f8c8,GetLPFParallelBest_FW
0xff31f8f8,SelectPositionSignal_FW
0xff31f90c,ClearISIComponent_FW
0xff31f91c,SetISHPFCutoff_FW
0xff31f930,ClearISZData_FW
0xff31f940,GetISHallOut1Amp_FW
0xff31f964,ISMDStart_FW
0xff31f974,ISMDStop_FW
0xff31f984,SetISLPFAaxis_FW
0xff31f998,SetISLPFBaxis_FW
0xff31f9ac,EnableISDriveError_FW
0xff31f9bc,DisableISDriveError_FW
0xff31f9cc,EnableISAutoGyroOffset_FW
0xff31f9dc,DisableISAutoGyroOffset_FW
0xff31f9ec,SetISHallAmpFirstGain_FW
0xff31fa00,GetISHallAmpFirstGain_FW
0xff31fa28,StartLoopGainCalc_FW
0xff31fa5c,GetLoopGainCalcData_FW
0xff31fab0,SetLoopGainAdjValue_FW
0xff31fb50,GetLoopGainAdjValue_FW
0xff31fb74,StopLoopGainCalc_FW
0xff31fb84,GetISCrossTalkComp_FW
0xff31fbd4,SetISCrossTalkCompA1_FW
0xff31fbe8,SetISCrossTalkCompA2_FW
0xff31fbfc,SetISCrossTalkCompB1_FW
0xff31fc10,SetISCrossTalkCompB2_FW
0xff31fc24,SetDISModeParam_FW
0xff31fc38,GetDISModeParamType_FW
0xff31fc58,DisableDISModeChange_FW
0xff31fc68,EnableDISModeChange_FW
0xff31fc78,SetISAdjData_FW
0xff31fc88,SetISCenterShiftA_FW
0xff31fc9c,SetISCenterShiftB_FW
0xff31fcb0,GetISCenterShiftA_FW
0xff31fccc,GetISCenterShiftB_FW
0xff31fce8,EnableMacroIS_FW
0xff31fcf8,DisableMacroIS_FW
0xff31fd08,StartMacroISContiMode_FW
0xff31fd18,StartMacroISAdjust_FW
0xff31fd28,StopMacroISAdjust_FW
0xff31fd38,GetMacroISEstimRadiusA_FW
0xff31fdd8,GetMacroISEstimRadiusB_FW
0xff31fdf4,SetISFocusLensDistance_FW
0xff31fe04,GetMacroISGainA_FW
0xff31fe20,GetMacroISGainB_FW
0xff31fe3c,SetMacroISGainA_FW
0xff31fe50,SetMacroISGainB_FW
0xff31fe64,GetMacroISAngleAndVelocityA_FW
0xff31fe94,GetMacroISAngleAndVelocityB_FW
0xff31fec4,GetAccelX_atMechaCpu_FW
0xff31fee0,GetAccelY_atMechaCpu_FW
0xff31fefc,GetAccelZ_atMechaCpu_FW
0xff31ff18,JumpToProgFirst_FW
0xff31ff28,DelaySet_FW
0xff31ff3c,SetFirmSRDYWait_FW
0xff31ff50,SetFirmEndAddress_FW
0xff31ff64,SetDspDataEndAddress_FW
0xff31ff78,SetDspProgEndAddress_FW
0xff31ff8c,FirmTranster_FW
0xff31ff9c,DspDataTranster_FW
0xff31ffac,DspProgTranster_FW
0xff31ffbc,GetCheckSum_FW
0xff3200d4,SetPoweredISON_FW
0xff3200e8,SetPoweredISOFF_FW
0xff3200fc,ISFixedPWMON_FW
0xff320110,ISFixedPWMOFF_FW
0xff320124,SetFixedPWMOutA_FW
0xff320138,SetFixedPWMOutB_FW
0xff32014c,j_GetFixedPWMOutA_FW
0xff320150,j_GetFixedPWMOutB_FW
0xff320154,ActivateISMD_FW
0xff32016c,CommunicateMechaCPU_FW
0xff3201a8,MechaCPUMemoryDump_FW
0xff3201c4,MechaCPUMemoryWrite_FW
0xff3201e8,StartImStEventProc_FW
0xff3219e8,MemoryChecker_FW
0xff321a68,VerifyByte_FW
0xff321c44,SDump_FW
0xff321e64,FreeMemory
0xff321e64,FreeMemory_FW
0xff321e6c,AllocateMemory
0xff321e6c,AllocateMemory_FW
0xff321e8c,Peek32_FW
0xff321e94,Peek16_FW
0xff321e9c,Peek8_FW
0xff321ec4,GetSystemTime
0xff321ec4,GetSystemTime_FW
0xff321ed8,exec_FW
0xff321f48,MonSelEvent_FW
0xff3223c0,MakeBootDisk_FW
0xff3223d4,MakeScriptDisk_FW
0xff340604,task_ReadMultiConTask
0xff3493b8,UIFS_PlayTrimExecuteAllImageSize_FW
0xff35ab60,LCDMsg_Move_FW
0xff35aba0,LCDMsg_Delete_FW
0xff35aeac,LCDMsg_Create_FW
0xff35af40,LCDMsg_SwDisp_FW
0xff35af90,LCDMsg_SetNum_FW
0xff35afa0,LCDMsg_SetStr_FW
0xff35b068,LCDMsg_ChangeColor_FW
0xff37ee74,InitializeDefectRec_FW
0xff37eee0,TerminateDefectRec_FW
0xff38b65c,Bat_Calc_FW
0xff38b65c,CalculateBatSenseOffset_FW
0xff3a0df0,GetCdsGainValue_FW
0xff3a0e18,SetDeltaCDSGain_FW
0xff3a0e5c,j_ReloadCdsAdjustment_FW
0xff3a0e60,GetObClampValue_FW
0xff3a0e70,SetObClamp_FW
0xff3a0e70,SetObClampValue_FW
0xff3a0e78,SetCDSGain_FW
0xff3a0e78,SetCdsGainValue_FW
0xff3a0ec4,SetCdsPreGainReg_FW
0xff3a0f0c,GetCdsPreGainReg_FW
0xff3a0f14,SetSensorPreGain_FW
0xff3a0f24,GetSensorPreGain_FW
0xff3a0f2c,GetCurrentDriveBaseSvValue_FW
0xff3a0f4c,j_GetCurrentDriveBaseSvValue_FW
0xff3a0f70,SetCDSGainStep_FW
0xff3a0f88,SetAdjCdsMode_FW
0xff3a0fa4,CancelAdjCdsMode_FW
0xff3a1074,IsAdjCdsMode_FW
0xff3a10b8,StopCaptureDrive_FW
0xff3a1918,j_CancelImageDrive_FW
0xff3a1924,StartCaptureDrive_FW
0xff3a192c,CaptureWithParam_FW
0xff3a1974,ChangeImageDrive_FW
0xff3a197c,GetCrwImageInfo_FW
0xff3a1a20,ConvertTvToExposureTime_FW
0xff3a1a40,j_GetCurrentExposureTime_FW
0xff3a1a48,j_GetCurrentShutterSpeed_FW
0xff3a1a74,SetShutterSpeedWithMecha_FW
0xff3a1ac4,SetShutterSpeed_FW
0xff3a1b10,GetUserSetShutterSPeed_FW
0xff3a1b20,GetShutterSpeedRegularMaxLimit_FW
0xff3a1b38,GetShutterSpeedRegularMinLimit_FW
0xff3a1b74,GetFrameRateWithApex_FW
0xff3a1c00,MoveIrisToAv_FW
0xff3a1c4c,j_ReloadIrisAdjustment_FW
0xff3a1c50,j_ReloadGetaAdjustment_FW
0xff3a1c54,j_GetCurrentAvValue_FW
0xff3a1c58,GetCurrentAvCoefficient_FW
0xff3a1d14,MoveIrisFullOpen_FW
0xff3a1d48,MoveIrisFullClose_FW
0xff3a1dbc,j_ReloadNdFilterAdjustment_FW
0xff3a1dd4,PutInNdFilter_FW
0xff3a1e0c,PutOutNdFilter_FW
0xff3a1e94,CloseMShutter_FW
0xff3a1ecc,OpenMShutter_FW
0xff3a27e8,CalculatePeakFromLeastSquareResult_FW
0xff3a2820,CalculateLog2ToApex_FW
0xff3a2834,CalculatePow2FromApex_FW
0xff3a2880,CalcLog10_FW
0xff3a28a8,ConvertApexToApexStd_FW
0xff3a28d8,ConvertApexStdToApex_FW
0xff3a2970,CalcSqrt_FW
0xff3a299c,SetOneShotWBParam_FW
0xff3a299c,SetOneTypeWBParam_FW
0xff3a2a1c,OneShotWhigeBalance_FW
0xff3a2a1c,OneTypeWhiteBalance_FW
0xff3a2a6c,SetWBYlStandardWidth_FW
0xff3a2aa8,SetReferenceWBGainForCalibration_FW
0xff3a2ad4,SetToolCorrectCoefficient_FW
0xff3a2b4c,j_ReloadWBAdjustment_FW
0xff3a2e6c,ConvertCxCyToWBGain_FW
0xff3a2fd4,GetZoomLensResetPlus_FW
0xff3a31a8,j_GetCurrentZoomLensPosition_FW
0xff3a31a8,j_GetCurrentZoomPosition_FW
0xff3a31ac,j_GetCurrentZoomLensPoint_FW
0xff3a31ac,j_GetCurrentZoomPoint_FW
0xff3a31b0,GetCurrentZoomLensDirection_FW
0xff3a3264,j_ReloadZoomAdjustment_FW
0xff3a3318,j_GetZoomTelePoint_FW
0xff3a331c,j_GetZoomResetSensorLevel_FW
0xff3a3358,j_GetZoomDrivingTime_FW
0xff3a33fc,j_ClearZoomDriveParam_FW
0xff3a35d4,j_IsZoomLensOutSidePosition_FW
0xff3a35dc,StopZoomEmergency_FW
0xff3a35e0,j_SetZoomResetState_FW
0xff3a3620,ResetZoom_FW
0xff3a3654,ResetZoomToFirst_FW
0xff3a3654,ResetZoomToFirstPoint_FW
0xff3a3688,ResetZoomToTerminate_FW
0xff3a3688,ResetZoomToTerminatePoint_FW
0xff3a36bc,MoveZoomLensToPosition_FW
0xff3a36bc,MoveZoomPosition_FW
0xff3a36f8,MoveZoomLensToPoint_FW
0xff3a36f8,MoveZoomPoint_FW
0xff3a3734,MoveComputerZoomToPoint_FW
0xff3a3770,ResetZoomToAdjFirstPoint_FW
0xff3a37b4,ResetZoomToAdjTerminatePoint_FW
0xff3a3894,SetZoomLensEncoderPowerControl_FW
0xff3a389c,SetZoomSpeedMode_FW
0xff3a38f8,GetZoomDefaultDriveParam_FW
0xff3a3910,SetZoomDriveParam_FW
0xff3a3944,GetZoomResetDriveParam_FW
0xff3a395c,SetZoomResetDriveParam_FW
0xff3a3990,GetZoomNormalDriveParam_FW
0xff3a39a8,SetZoomNormalDriveParam_FW
0xff3a39dc,GetZoomDefaultCommonDriveParam_FW
0xff3a3a04,SetZoomCommonDriveParam_FW
0xff3a3b9c,ClearZoomCommonDriveParam_FW
0xff3a3cb4,MoveZoomLensToMechaEnd_FW
0xff3a3d90,MoveZoomLensToPositionByManual_FW
0xff3a3f00,ConvertToPositionWithDistanceAndZoomPoint_FW
0xff3a3f24,ConvertToPositionWithDistance_FW
0xff3a3f2c,j_ReloadFocusLensAdjustment_FW
0xff3a3f30,j_GetFocusDefaultResetPosition_FW
0xff3a3f34,j_GetFocusResetPosition_FW
0xff3a3f38,j_GetCurrentTargetDistance_FW
0xff3a3f90,j_GetCurrentFocusLensPosition_FW
0xff3a3f90,j_GetCurrentFocusPosition_FW
0xff3a3fc0,MoveFocusLensToTerminatePosition_FW
0xff3a3fc0,MoveFocusToTerminate_FW
0xff3a40a4,MoveFocusLensToPositionWithMaxSpeed_FW
0xff3a40e8,MoveFocusLensToPositionWithSpeed_FW
0xff3a41bc,MoveFocusLensToPosition_FW
0xff3a4208,MoveFocusPosition_FW
0xff3a42d0,MoveFocusDistance_FW
0xff3a42d0,MoveFocusLensToDistance
0xff3a42d0,MoveFocusLensToDistance_FW
0xff3a4338,ResetFocus_FW
0xff3a4508,j_IsFocusLensOutSidePosition_FW
0xff3a4540,j_SetFocusResetState_FW
0xff3a45d4,SaveFocusResetPulse_FW
0xff3a4f5c,SetScanLensIndex_FW
0xff3a5060,SetScanWindowMode_FW
0xff3a52ac,SelectAdjBPFilter_FW
0xff3a52cc,SetAdjAFWinPos_FW
0xff3a530c,SetBPFilterForBP_FW
0xff3a533c,CancelBPFilterForBP_FW
0xff3a5528,StartAdjAFService_FW
0xff3a5648,StopAdjAFService_FW
0xff3a5794,GetAdjAFInteg_FW
0xff3a57a0,StopAdjAFInteg_FW
0xff3a5818,StartAdjAFInteg_FW
0xff3a5828,SetAdjAFIntegCrwAdd_FW
0xff3a5e98,StopCustomScan_FW
0xff3a5f00,StartCustomScan_FW
0xff3a5f70,StartCrwCustomScan_FW
0xff3a6814,CalculatePeakPosByLS_FW
0xff3a6874,CalculateInterpolationByLS_FW
0xff3a68c8,j_ReloadAFAdjustment_FW
0xff3a6904,PrintScanTable_FW
0xff3a6998,PrintMultiWinScanTable_FW
0xff3a6f64,GetExStrobeID_FW
0xff3a6f6c,IsExStrobeChargeComp_FW
0xff3a6f74,SetExStrobeMode_FW
0xff3a6f78,CancelExStrobeMode_FW
0xff3a6f7c,j_ReloadEfAdjustment_FW
0xff3a6fb4,ChargeStrobe_FW
0xff3a6fe8,ChargeStrobeForFA_FW
0xff3a7034,StopStrobeChargeForFA_FW
0xff3a7054,ExecuteInternalPreFlash_FW
0xff3a70e4,ReloadColorAdjustment_FW
0xff3a71a8,RegistColorMatrix_FW
0xff3a71e0,UnregistColorMatrix_FW
0xff3a734c,ShowCurrentExp_FW
0xff3a73a4,SetAE_ShutterSpeed
0xff3a73a4,SetAE_ShutterSpeed_FW
0xff3a7468,FocusAEWithCompensation_FW
0xff3a74e0,SetAE_CdsGainValue_FW
0xff3a75a8,FixAEWithCompensation_FW
0xff3a7608,SetAdj_AEMode_FW
0xff3a7634,CancelAdj_AEMode_FW
0xff3a7684,PreFixAE_FW
0xff3a780c,AfAEWithAperturePriority_FW
0xff3a7860,AdjAEWithAperturePriority_FW
0xff3a78b4,SleepAE_FW
0xff3a7a08,AfAEWithCompensation_FW
0xff3a7b08,GetVideoOutType_FW
0xff3a7b64,SwitchOffDisplay_FW
0xff3a7b98,SwitchOnDisplay_FW
0xff3a7c30,SetVideoOutType_FW
0xff3a7c38,IsEVFDrive_FW
0xff3a7c60,StopEVFDrive_FW
0xff3a7f10,StartEVFDriveWithMode_FW
0xff3a7f54,StartEVFDrive_FW
0xff3a7fa4,IsEvfDriveMode_FW
0xff3a816c,GetSumYOfVRAMCenterLine_FW
0xff3a81d4,j_GetVRAMHPixelsSize_FW
0xff3a81d8,j_GetVRAMVPixelsSize_FW
0xff3a81dc,j_StopContinuousVRAMData_FW
0xff3a8258,GetContinuousVRAMData_FW
0xff3a8950,GetPixelsOfViewangle_FW
0xff3a89f4,GetContinuousVRAMDataWithRingBuffer_FW
0xff3a8a88,j_GetMovieJpegVRAMHPixelsSize_FW
0xff3a8a8c,j_GetMovieJpegVRAMVPixelsSize_FW
0xff3a8bb8,GetContinuousMovieJpegVRAMData_FW
0xff3a8c30,ChangeDistortionSetForLiveImage_FW
0xff3a8e5c,Bat_VIN_FW
0xff3a8e5c,SetInputVoltage_FW
0xff3a8e70,Bat_Save_FW
0xff3a8e70,SaveBatSenseOffsetAdjustmentTable_FW
0xff3a8e80,SetImageMode_FW
0xff3a8e88,SetDate_FW
0xff3a8fd0,SetYear_FW
0xff3a9030,SetMonth_FW
0xff3a908c,SetDay_FW
0xff3a90f4,SetHour_FW
0xff3a9158,SetMinute_FW
0xff3a91bc,SetSecond_FW
0xff3a9220,GetYear_FW
0xff3a9250,GetMonth_FW
0xff3a927c,GetDay_FW
0xff3a92a4,GetHour_FW
0xff3a92cc,GetMinute_FW
0xff3a92f4,GetSecond_FW
0xff3a931c,SetLangMenuType_FW
0xff3a936c,SaveFromImage_FW
0xff3a9530,SetFactorySerialNumber_FW
0xff3a9540,LoadFactoryNumber_FW
0xff3a96c0,LoadSerialNumber_FW
0xff3a97a4,GetLastVBatADLevel_FW
0xff3a97ac,j_GetVBatVoltage_FW
0xff3a97b0,SaveFactoryReserveData_FW
0xff3a980c,SetProductVolume_FW
0xff3a9874,j_GetDCPAdjOffset_FW
0xff3aa840,GetUnpackCrwIntegralValue_FW
0xff3aa85c,GetUnpackCrwIntegralValueForShading_FW
0xff3aaac4,GetUnpackCrwIntegralValueForColorShading_FW
0xff3aac10,GetUnpackCrwIntegralMultiValueForShading_FW
0xff3aac68,GetCaptureInfoData_FW
0xff3aadc4,ReloadShadingAdjustmentData_FW
0xff3aadd8,SetWBTemperature_FW
0xff3aadfc,ReloadDefectAdjustmentData_FW
0xff3aae40,InitializeDefectAdjustment_FW
0xff3aae50,TerminateDefectAdjustment_FW
0xff3ab068,DevelopStillPicture_FW
0xff3ab15c,InitializeMechaDevice_FW
0xff3ab194,TerminateMechaDevice_FW
0xff3ab208,CreateJumptable
0xff3ac848,GetISGyroYawOffset_FW
0xff3ac850,GetISGyroPitchOffset_FW
0xff3ac868,HitISLensAgainstRightEdge_FW
0xff3ac87c,HitISLensAgainstLeftEdge_FW
0xff3ac890,HitISLensAgainstBottomEdge_FW
0xff3ac8a4,HitISLensAgainstTopEdge_FW
0xff3ac8c8,MoveISLensToRightLimitPosition_FW
0xff3ac8dc,MoveISLensToLeftLimitPosition_FW
0xff3ac8f0,MoveISLensToBottomLimitPosition_FW
0xff3ac904,MoveISLensToTopLimitPosition_FW
0xff3ac918,j_StopBDrive_FW
0xff3ac918,j_StopISDrive_FW
0xff3ac91c,j_StartBDrive_FW
0xff3ac91c,j_StartISDrive_FW
0xff3ac920,j_GetISHallDeviceYawGain_FW
0xff3ac924,j_GetISHallDevicePitchGain_FW
0xff3ac928,j_GetISHallDeviceYawOffset_FW
0xff3ac92c,j_GetISHallDevicePitchOffset_FW
0xff3ac934,WriteHallDeviceAdjustment_FW
0xff3ac9bc,j_GetISGyroYawGain_FW
0xff3ac9c0,j_GetISGyroPitchGain_FW
0xff3ac9c4,WriteGyroAdjustment_FW
0xff3aca20,j_GetISYawPWM_FW
0xff3aca24,j_GetISPitchPWM_FW
0xff3aca28,WritePWMAdjustment_FW
0xff3aca84,SetISPitchPWM_FW
0xff3aca98,SetISYawPWM_FW
0xff3acacc,SetISGyroYawGain_FW
0xff3acafc,SetISGyroPitchGain_FW
0xff3acb0c,SetISGyroYawOffset_FW
0xff3acb10,SetISGyroPitchOffset_FW
0xff3acb38,SetISHallDeviceYawGain_FW
0xff3acb68,SetISHallDevicePitchGain_FW
0xff3acb9c,SetISHallDeviceYawOffset_FW
0xff3acbcc,SetISHallDevicePitchOffset_FW
0xff3acbdc,SetZoomPointToIS_FW
0xff3acc10,GetISHallOffsetDACValue_FW
0xff3acc18,j_StartISAdjustmentDrive_FW
0xff3acc1c,j_StopISAdjustmentDrive_FW
0xff3acc20,j_StartBPanDrive_FW
0xff3acc20,j_StartISPanDrive_FW
0xff3acc24,j_StopBPanDrive_FW
0xff3acc24,j_StopISPanDrive_FW
0xff3acc28,j_SearchBCentralPosition_FW
0xff3acc28,j_SearchISLensCentralPosition_FW
0xff3acc2c,j_MoveISLensToCentralPosition_FW
0xff3acc30,j_GetISShiftLensPitchPosition_FW
0xff3acc34,j_GetISShiftLensYawPosition_FW
0xff3acc38,j_GetISLensEViAaxis_FW
0xff3acc3c,j_GetISLensEViBaxis_FW
0xff3acc40,j_GetISLensCorrectedEViAaxis_FW
0xff3acc44,j_GetISLensCorrectedEViBaxis_FW
0xff3acc48,j_GetISLensDampAaxis_FW
0xff3acc4c,j_GetISLensDampBaxis_FW
0xff3acc58,SetISCutOffFreqIndex_FW
0xff3acc58,SetISHPFCutOffFreqIndex_FW
0xff3acc68,SetISLPFCutOffFreqAaxis_FW
0xff3acc78,SetISLPFCutOffFreqBaxis_FW
0xff3acc8c,SetLPFForParallelFilter_FW
0xff3acca0,ChangeFilterMode_FW
0xff3acca8,j_ClearISCalcZData_FW
0xff3accc8,HitISMechaEdgeInOpenControl_FW
0xff3accd8,j_ChangeToISCloseControl_FW
0xff3ace04,SetISGyro10BitDACPitch_FW
0xff3ace20,SetISGyro10BitDACYaw_FW
0xff3ace3c,SetISGyroHPFINOffsetPitch_FW
0xff3ace58,SetISGyroHPFINOffsetYaw_FW
0xff3ace6c,j_GetISGyroDataPitch_FW
0xff3ace74,j_GetISGyroDataYaw_FW
0xff3ace7c,j_GetISGyroHPFINPitch_FW
0xff3ace84,j_GetISGyroHPFINYaw_FW
0xff3ace8c,j_GetISGyro10BitDACPitch_FW
0xff3ace94,j_GetISGyro10BitDACYaw_FW
0xff3ace9c,j_GetISGyroHPFINOffsetPitch_FW
0xff3acea4,j_GetISGyroHPFINOffsetYaw_FW
0xff3aceb4,SetISGyroFilterCharge_FW
0xff3acedc,SetISTuningMode_FW
0xff3acf10,SetISTuningOff_FW
0xff3acf30,SetISGyroCompensationMode_FW
0xff3acfcc,j_CancelLoopGainCalc_FW
0xff3ad000,ReloadISAdjustment_FW
0xff3ad040,CalcLoopGain_FW
0xff3ad0e0,SetLoopGain_FW
0xff3ad0f8,GetLoopGain_FW
0xff3ad114,SetISLensPWMMode_FW
0xff3ad134,SetDISModeParameter_FW
0xff3ad154,j_GetDISModeParameter_FW
0xff3ad15c,GetGyroFilterChargeStatus_FW
0xff3ad1dc,SetISCrossTalkCompCoeff_FW
0xff3ad200,GetISCrossTalkCompCoeff_FW
0xff3ad298,StartISAdjustMacro_FW
0xff3ad2f0,StopISAdjustMacro_FW
0xff3ad300,GetMacroISGain_FW
0xff3ad308,SetMacroISGain_FW
0xff3ad32c,GetMacroISEstimateRadius_FW
0xff3ad334,GetMacroISEstimateVelocity_FW
0xff3ad36c,SetISMacroMode_FW
0xff3ad380,NotifyISMacroDistance_FW
0xff3bb21c,task_ReadScheduleTask
0xff3c51b4,SetPMByGpio_FW
0xff3c51cc,ClearPMByGpio_FW
0xff3c51e4,ClearPMByFs_FW
0xff3c51f4,MoveDCMotorCW_FW
0xff3c5284,MoveDCMotorCCW_FW
0xff3c5314,SetDCMotorWaitTime_FW
0xff3c6290,GetFocusLensResetVoltage_FW
0xff3c8c60,task_MovRead
0xff402ef0,task_ReadFileTask
